/**
 * @file icon_splash.c
 * @brief Generated boot-splash image (see tools/make_icon.py).
 *
 * Do not edit by hand: re-run `python tools/make_icon.py` from the
 * repository root after replacing icon/icon.png.
 */

#include "icon_splash.h"

static const uint8_t p4_icon_splash_map[] = {
    0x62, 0x08, 0x62, 0x08, 0x62, 0x08, 0x62, 0x08, 0x82, 0x08, 0x82, 0x08, 0x82, 0x10, 0x82, 0x08,
    0x62, 0x10, 0x82, 0x10, 0x82, 0x10, 0x82, 0x10, 0x82, 0x10, 0x82, 0x10, 0x82, 0x10, 0x82, 0x10,
    0x62, 0x10, 0x82, 0x10, 0x62, 0x10, 0x82, 0x10, 0x82, 0x10, 0x82, 0x10, 0x82, 0x10, 0x82, 0x10,
    0x82, 0x10, 0x82, 0x10, 0x82, 0x10, 0x82, 0x10, 0x82, 0x10, 0x82, 0x10, 0x82, 0x10, 0x82, 0x10,
    0x82, 0x10, 0x82, 0x10, 0x82, 0x10, 0x82, 0x10, 0x82, 0x10, 0x82, 0x10, 0x82, 0x10, 0x82, 0x10,
    0x82, 0x10, 0x82, 0x10, 0x82, 0x10, 0x82, 0x10, 0x82, 0x10, 0x82, 0x10, 0x82, 0x10, 0x82, 0x10,
    0x82, 0x10, 0x82, 0x10, 0x82, 0x10, 0x82, 0x10, 0x82, 0x10, 0x82, 0x10, 0x82, 0x10, 0x82, 0x10,
    0x82, 0x10, 0x82, 0x10, 0x82, 0x10, 0x82, 0x10, 0x82, 0x10, 0x82, 0x10, 0x82, 0x10, 0x82, 0x10,
    0x82, 0x10, 0x82, 0x10, 0x82, 0x10, 0x82, 0x10, 0x82, 0x10, 0x82, 0x10, 0x82, 0x10, 0x82, 0x10,
    0x82, 0x10, 0x82, 0x10, 0x82, 0x10, 0x82, 0x10, 0x82, 0x10, 0x82, 0x10, 0x82, 0x10, 0x82, 0x10,
    0x82, 0x10, 0x82, 0x10, 0x82, 0x10, 0x82, 0x10, 0x82, 0x10, 0x82, 0x10, 0x82, 0x10, 0x82, 0x10,
    0x82, 0x10, 0x82, 0x10, 0x82, 0x10, 0x82, 0x10, 0x82, 0x10, 0x82, 0x10, 0x82, 0x10, 0x82, 0x10,
    0x82, 0x10, 0x82, 0x10, 0x82, 0x10, 0x82, 0x10, 0x82, 0x10, 0x82, 0x10, 0x82, 0x10, 0x82, 0x10,
    0x82, 0x10, 0x82, 0x10, 0x82, 0x10, 0x82, 0x10, 0x82, 0x10, 0x82, 0x10, 0x82, 0x10, 0xa2, 0x10,
    0xa2, 0x10, 0xa2, 0x10, 0xa2, 0x10, 0x82, 0x10, 0x82, 0x10, 0x82, 0x10, 0x82, 0x10, 0x82, 0x10,
    0x82, 0x10, 0x82, 0x10, 0x82, 0x10, 0x82, 0x10, 0x82, 0x10, 0x82, 0x10, 0x82, 0x10, 0x82, 0x10,
    0x82, 0x10, 0x82, 0x10, 0x82, 0x10, 0x82, 0x10, 0x82, 0x10, 0x82, 0x10, 0x82, 0x10, 0x82, 0x10,
    0x82, 0x10, 0x82, 0x10, 0x82, 0x10, 0x82, 0x10, 0x82, 0x10, 0x82, 0x10, 0x82, 0x10, 0x82, 0x10,
    0x82, 0x10, 0x82, 0x10, 0x82, 0x10, 0x82, 0x10, 0x82, 0x10, 0x82, 0x10, 0x82, 0x10, 0x82, 0x10,
    0x82, 0x10, 0x82, 0x10, 0x82, 0x10, 0x82, 0x10, 0x82, 0x10, 0x82, 0x10, 0x82, 0x10, 0x82, 0x10,
    0x82, 0x10, 0x82, 0x10, 0x82, 0x10, 0x82, 0x10, 0x82, 0x10, 0x82, 0x10, 0x82, 0x10, 0x82, 0x10,
    0x82, 0x10, 0x82, 0x10, 0x82, 0x10, 0x82, 0x08, 0x82, 0x08, 0x82, 0x08, 0x82, 0x08, 0x82, 0x10,
    0x82, 0x10, 0x82, 0x10, 0x82, 0x10, 0x82, 0x10, 0x82, 0x10, 0x82, 0x10, 0x82, 0x10, 0x82, 0x10,
    0x82, 0x10, 0x82, 0x08, 0x82, 0x08, 0x82, 0x08, 0x82, 0x08, 0x82, 0x08, 0x82, 0x08, 0x82, 0x08,
    0x62, 0x08, 0x62, 0x08, 0x62, 0x08, 0x62, 0x08, 0x62, 0x08, 0x62, 0x08, 0x62, 0x08, 0x62, 0x08,
    0x62, 0x08, 0x62, 0x08, 0x62, 0x08, 0x62, 0x08, 0x62, 0x08, 0x62, 0x08, 0x62, 0x08, 0x62, 0x08,
    0x62, 0x08, 0x62, 0x08, 0x62, 0x08, 0x62, 0x08, 0x61, 0x08, 0x62, 0x08, 0x62, 0x08, 0x62, 0x08,
    0x62, 0x08, 0x62, 0x08, 0x62, 0x08, 0x62, 0x08, 0x62, 0x08, 0x42, 0x08, 0x42, 0x08, 0x62, 0x08,
    0x61, 0x08, 0x42, 0x08, 0x41, 0x08, 0x41, 0x08, 0x41, 0x08, 0x41, 0x08, 0x61, 0x08, 0x61, 0x08,
    0x61, 0x08, 0x62, 0x08, 0x61, 0x08, 0x61, 0x08, 0x41, 0x08, 0x42, 0x08, 0x42, 0x08, 0x41, 0x08,
    0x41, 0x08, 0x61, 0x08, 0x61, 0x08, 0x41, 0x08, 0x42, 0x08, 0x41, 0x08, 0x61, 0x08, 0x41, 0x08,
    0x41, 0x08, 0x41, 0x08, 0x41, 0x08, 0x41, 0x08, 0x41, 0x08, 0x41, 0x08, 0x41, 0x08, 0x41, 0x08,
    0x62, 0x08, 0x62, 0x08, 0x62, 0x08, 0x82, 0x10, 0x82, 0x08, 0x82, 0x08, 0x82, 0x10, 0x82, 0x08,
    0x62, 0x10, 0x82, 0x10, 0x82, 0x10, 0x82, 0x10, 0x82, 0x10, 0x82, 0x10, 0x82, 0x10, 0x82, 0x10,
    0x82, 0x10, 0x82, 0x10, 0x82, 0x10, 0x82, 0x10, 0x82, 0x10, 0x82, 0x10, 0x82, 0x10, 0x82, 0x10,
    0x82, 0x10, 0x82, 0x10, 0x82, 0x10, 0x82, 0x10, 0x82, 0x10, 0x82, 0x10, 0x82, 0x10, 0x82, 0x10,
    0x82, 0x10, 0x82, 0x10, 0x82, 0x10, 0x82, 0x10, 0x82, 0x10, 0x82, 0x10, 0x82, 0x10, 0x82, 0x10,
    0x82, 0x10, 0x82, 0x10, 0x82, 0x10, 0x82, 0x10, 0x82, 0x10, 0x82, 0x10, 0x82, 0x10, 0x82, 0x10,
    0x82, 0x10, 0x82, 0x10, 0x82, 0x10, 0x82, 0x10, 0x82, 0x10, 0x82, 0x10, 0x82, 0x10, 0x82, 0x10,
    0x82, 0x10, 0x82, 0x10, 0x82, 0x10, 0x82, 0x10, 0x82, 0x10, 0x82, 0x10, 0xa2, 0x10, 0x82, 0x10,
    0x82, 0x10, 0x82, 0x10, 0x82, 0x10, 0x82, 0x10, 0xa2, 0x10, 0xa2, 0x10, 0x82, 0x10, 0x82, 0x10,
    0x82, 0x10, 0x82, 0x10, 0x82, 0x10, 0x82, 0x10, 0x82, 0x10, 0x82, 0x10, 0x82, 0x10, 0x82, 0x10,
    0x82, 0x10, 0x82, 0x10, 0x82, 0x10, 0x82, 0x10, 0x82, 0x10, 0x82, 0x10, 0x82, 0x10, 0x82, 0x10,
    0x82, 0x10, 0x82, 0x10, 0x82, 0x10, 0x82, 0x10, 0x82, 0x10, 0x82, 0x10, 0x82, 0x10, 0x82, 0x10,
    0x82, 0x10, 0x82, 0x10, 0x82, 0x10, 0x82, 0x10, 0x82, 0x10, 0x82, 0x10, 0x82, 0x10, 0x82, 0x10,
    0x82, 0x10, 0x82, 0x10, 0x82, 0x10, 0x82, 0x10, 0xa2, 0x10, 0xa2, 0x10, 0xa2, 0x10, 0xa2, 0x10,
    0xa2, 0x10, 0xa2, 0x10, 0xa2, 0x10, 0xa2, 0x10, 0xa2, 0x10, 0x82, 0x10, 0x82, 0x10, 0x82, 0x10,
    0x82, 0x10, 0x82, 0x10, 0x82, 0x10, 0xa2, 0x10, 0xa2, 0x10, 0xa2, 0x10, 0x82, 0x10, 0x82, 0x10,
    0x82, 0x10, 0x82, 0x10, 0x82, 0x10, 0x82, 0x10, 0x82, 0x10, 0x82, 0x10, 0x82, 0x10, 0x82, 0x10,
    0x82, 0x10, 0x82, 0x10, 0x82, 0x10, 0x82, 0x10, 0x82, 0x10, 0x82, 0x10, 0x82, 0x10, 0x82, 0x10,
    0x82, 0x10, 0x82, 0x10, 0x82, 0x10, 0x82, 0x10, 0x82, 0x10, 0x82, 0x10, 0x82, 0x10, 0x82, 0x10,
    0x82, 0x10, 0x82, 0x10, 0x82, 0x10, 0x82, 0x10, 0x82, 0x10, 0x82, 0x10, 0x82, 0x10, 0x82, 0x10,
    0x82, 0x10, 0x82, 0x10, 0x82, 0x10, 0x82, 0x10, 0x82, 0x10, 0x82, 0x10, 0x82, 0x10, 0x82, 0x10,
    0x82, 0x10, 0x82, 0x10, 0x82, 0x10, 0x62, 0x10, 0x62, 0x10, 0x82, 0x08, 0x62, 0x10, 0x62, 0x10,
    0x82, 0x10, 0x82, 0x10, 0x82, 0x10, 0x82, 0x10, 0x82, 0x10, 0x82, 0x10, 0x82, 0x10, 0x82, 0x10,
    0x82, 0x10, 0x82, 0x10, 0x82, 0x08, 0x82, 0x08, 0x82, 0x10, 0x82, 0x10, 0x82, 0x10, 0x82, 0x10,
    0x82, 0x10, 0x62, 0x08, 0x62, 0x08, 0x62, 0x08, 0x62, 0x08, 0x62, 0x08, 0x62, 0x08, 0x62, 0x08,
    0x62, 0x08, 0x62, 0x08, 0x61, 0x08, 0x62, 0x08, 0x62, 0x08, 0x62, 0x08, 0x62, 0x08, 0x62, 0x08,
    0x62, 0x08, 0x62, 0x08, 0x62, 0x08, 0x62, 0x08, 0x62, 0x08, 0x62, 0x08, 0x61, 0x08, 0x61, 0x08,
    0x62, 0x08, 0x62, 0x08, 0x62, 0x08, 0x62, 0x08, 0x61, 0x08, 0x61, 0x08, 0x61, 0x08, 0x61, 0x08,
    0x61, 0x08, 0x61, 0x08, 0x61, 0x08, 0x61, 0x08, 0x61, 0x08, 0x61, 0x08, 0x61, 0x08, 0x61, 0x08,
    0x61, 0x08, 0x61, 0x08, 0x61, 0x08, 0x61, 0x08, 0x61, 0x08, 0x42, 0x08, 0x41, 0x08, 0x41, 0x08,
    0x61, 0x08, 0x61, 0x08, 0x61, 0x08, 0x41, 0x08, 0x41, 0x08, 0x41, 0x08, 0x61, 0x08, 0x41, 0x08,
    0x41, 0x08, 0x41, 0x08, 0x41, 0x08, 0x41, 0x08, 0x41, 0x08, 0x41, 0x08, 0x41, 0x08, 0x41, 0x08,
    0x62, 0x08, 0x82, 0x08, 0x82, 0x08, 0x82, 0x08, 0x82, 0x10, 0x82, 0x10, 0x82, 0x10, 0x82, 0x08,
    0x82, 0x08, 0x82, 0x08, 0x82, 0x10, 0x82, 0x10, 0x82, 0x10, 0x82, 0x10, 0x82, 0x10, 0x82, 0x10,
    0x82, 0x10, 0x82, 0x10, 0x82, 0x10, 0x82, 0x10, 0x82, 0x10, 0x82, 0x10, 0x82, 0x10, 0x82, 0x10,
    0x82, 0x10, 0x82, 0x10, 0x82, 0x10, 0x82, 0x10, 0x82, 0x10, 0x82, 0x08, 0x82, 0x10, 0x82, 0x10,
    0x82, 0x10, 0x82, 0x10, 0x82, 0x10, 0x82, 0x10, 0x82, 0x10, 0x82, 0x10, 0x82, 0x10, 0x82, 0x10,
    0x82, 0x10, 0x82, 0x10, 0x82, 0x10, 0x82, 0x10, 0x82, 0x10, 0x82, 0x10, 0x82, 0x10, 0x82, 0x10,
    0x82, 0x10, 0x82, 0x10, 0x82, 0x10, 0x82, 0x10, 0x82, 0x10, 0x82, 0x10, 0x82, 0x10, 0x82, 0x10,
    0x82, 0x10, 0x82, 0x10, 0x82, 0x10, 0x82, 0x10, 0x82, 0x10, 0x82, 0x10, 0xa2, 0x10, 0xa2, 0x10,
    0x82, 0x10, 0x82, 0x10, 0x82, 0x10, 0x82, 0x10, 0x82, 0x10, 0xa2, 0x10, 0x82, 0x10, 0x82, 0x10,
    0x82, 0x10, 0x82, 0x10, 0x82, 0x10, 0x82, 0x10, 0x82, 0x10, 0x82, 0x10, 0x82, 0x10, 0x82, 0x10,
    0x82, 0x10, 0xa2, 0x10, 0x82, 0x10, 0x82, 0x10, 0x82, 0x10, 0x82, 0x10, 0x82, 0x10, 0x82, 0x10,
    0x82, 0x10, 0x82, 0x10, 0x82, 0x10, 0x82, 0x10, 0x82, 0x10, 0x82, 0x10, 0x82, 0x10, 0x82, 0x10,
    0x82, 0x10, 0x82, 0x10, 0x82, 0x10, 0x82, 0x10, 0xa2, 0x10, 0xa2, 0x10, 0xa2, 0x10, 0xa2, 0x10,
    0x82, 0x10, 0x82, 0x10, 0x82, 0x10, 0x82, 0x10, 0xa2, 0x10, 0xa2, 0x10, 0xa2, 0x10, 0xa2, 0x10,
    0xa2, 0x10, 0xa2, 0x10, 0xa2, 0x10, 0x82, 0x10, 0xa2, 0x10, 0xa2, 0x10, 0xa2, 0x10, 0x82, 0x10,
    0x82, 0x10, 0x82, 0x10, 0x82, 0x10, 0xa2, 0x10, 0xa2, 0x10, 0xa2, 0x10, 0x82, 0x10, 0xa2, 0x10,
    0x82, 0x10, 0x82, 0x10, 0x82, 0x10, 0x82, 0x10, 0x82, 0x10, 0x82, 0x10, 0x82, 0x10, 0xa2, 0x10,
    0xa2, 0x10, 0x82, 0x10, 0x82, 0x10, 0x82, 0x10, 0x82, 0x10, 0x82, 0x10, 0xa2, 0x10, 0xa2, 0x10,
    0xa2, 0x10, 0x82, 0x10, 0x82, 0x10, 0x82, 0x10, 0x82, 0x10, 0x82, 0x10, 0x82, 0x10, 0x82, 0x10,
    0x82, 0x10, 0x82, 0x10, 0x82, 0x10, 0x82, 0x10, 0x82, 0x10, 0x82, 0x10, 0x82, 0x10, 0x82, 0x10,
    0x82, 0x10, 0x82, 0x10, 0x82, 0x10, 0x82, 0x10, 0x82, 0x10, 0x82, 0x10, 0x82, 0x10, 0x82, 0x10,
    0x82, 0x10, 0x82, 0x10, 0x62, 0x10, 0x62, 0x10, 0x62, 0x10, 0x62, 0x10, 0x62, 0x10, 0x62, 0x10,
    0x82, 0x10, 0x82, 0x10, 0x82, 0x10, 0x82, 0x10, 0x82, 0x10, 0x82, 0x10, 0x82, 0x10, 0x62, 0x10,
    0x62, 0x10, 0x82, 0x08, 0x82, 0x08, 0x82, 0x08, 0x82, 0x08, 0x82, 0x10, 0x82, 0x10, 0x82, 0x10,
    0x82, 0x10, 0x82, 0x10, 0x62, 0x08, 0x62, 0x08, 0x62, 0x08, 0x62, 0x08, 0x62, 0x08, 0x81, 0x08,
    0x61, 0x08, 0x61, 0x08, 0x81, 0x08, 0x62, 0x08, 0x62, 0x08, 0x62, 0x08, 0x62, 0x08, 0x62, 0x08,
    0x62, 0x08, 0x62, 0x08, 0x62, 0x08, 0x62, 0x08, 0x61, 0x08, 0x81, 0x08, 0x61, 0x08, 0x61, 0x08,
    0x62, 0x08, 0x62, 0x08, 0x62, 0x08, 0x62, 0x08, 0x61, 0x08, 0x61, 0x08, 0x61, 0x08, 0x61, 0x08,
    0x62, 0x08, 0x61, 0x08, 0x61, 0x08, 0x61, 0x08, 0x61, 0x08, 0x61, 0x08, 0x61, 0x08, 0x61, 0x08,
    0x61, 0x08, 0x61, 0x08, 0x61, 0x08, 0x61, 0x08, 0x61, 0x08, 0x61, 0x08, 0x61, 0x08, 0x61, 0x08,
    0x61, 0x08, 0x61, 0x08, 0x61, 0x08, 0x41, 0x08, 0x41, 0x08, 0x61, 0x08, 0x61, 0x08, 0x41, 0x08,
    0x41, 0x08, 0x41, 0x08, 0x41, 0x08, 0x41, 0x08, 0x41, 0x08, 0x41, 0x08, 0x41, 0x08, 0x41, 0x08,
    0x62, 0x08, 0x82, 0x08, 0x82, 0x10, 0x82, 0x10, 0x82, 0x10, 0x82, 0x10, 0x82, 0x10, 0x82, 0x10,
    0x82, 0x08, 0x82, 0x08, 0x82, 0x10, 0x82, 0x10, 0x82, 0x10, 0x82, 0x10, 0x82, 0x10, 0x82, 0x10,
    0x82, 0x10, 0x82, 0x10, 0x82, 0x10, 0x82, 0x10, 0x82, 0x10, 0x82, 0x10, 0x82, 0x10, 0x82, 0x10,
    0x82, 0x10, 0x82, 0x10, 0x82, 0x10, 0x82, 0x10, 0x82, 0x10, 0x62, 0x10, 0x82, 0x10, 0x82, 0x10,
    0x82, 0x10, 0xa2, 0x10, 0x82, 0x10, 0x82, 0x10, 0x82, 0x10, 0x82, 0x10, 0x82, 0x10, 0x82, 0x10,
    0x82, 0x10, 0x82, 0x10, 0x82, 0x10, 0x82, 0x10, 0x82, 0x10, 0xa2, 0x10, 0x82, 0x10, 0x82, 0x10,
    0x82, 0x10, 0x82, 0x10, 0x82, 0x10, 0xa2, 0x10, 0x82, 0x10, 0x82, 0x10, 0x82, 0x10, 0x82, 0x10,
    0x82, 0x10, 0x82, 0x10, 0x82, 0x10, 0x82, 0x10, 0x82, 0x10, 0x82, 0x10, 0x82, 0x10, 0x82, 0x10,
    0x82, 0x10, 0x82, 0x10, 0x82, 0x10, 0x82, 0x10, 0x82, 0x10, 0x82, 0x10, 0x82, 0x10, 0x82, 0x10,
    0x82, 0x10, 0x82, 0x10, 0x82, 0x10, 0x82, 0x10, 0x82, 0x10, 0x82, 0x10, 0x82, 0x10, 0x82, 0x10,
    0x82, 0x10, 0xa2, 0x10, 0x82, 0x10, 0xa2, 0x10, 0xa2, 0x10, 0xa2, 0x10, 0xa2, 0x10, 0xa2, 0x10,
    0xa2, 0x10, 0x82, 0x10, 0x82, 0x10, 0x82, 0x10, 0x82, 0x10, 0x82, 0x10, 0x82, 0x10, 0x82, 0x10,
    0x82, 0x10, 0x82, 0x10, 0x82, 0x10, 0x82, 0x10, 0x82, 0x10, 0x82, 0x10, 0xa2, 0x10, 0xa2, 0x10,
    0x82, 0x10, 0x82, 0x10, 0x82, 0x10, 0xa2, 0x10, 0xa2, 0x10, 0xa2, 0x10, 0xa2, 0x10, 0xa2, 0x10,
    0xa2, 0x10, 0xa2, 0x10, 0x82, 0x10, 0x82, 0x10, 0x82, 0x10, 0xa2, 0x10, 0xa2, 0x10, 0x82, 0x10,
    0x82, 0x10, 0x82, 0x10, 0x82, 0x10, 0x82, 0x10, 0xa2, 0x10, 0xa2, 0x10, 0xa2, 0x10, 0xa2, 0x10,
    0x82, 0x10, 0x82, 0x10, 0x82, 0x10, 0xa2, 0x10, 0x82, 0x10, 0x82, 0x10, 0x82, 0x10, 0x82, 0x10,
    0x82, 0x10, 0x82, 0x10, 0x82, 0x10, 0x82, 0x10, 0x82, 0x10, 0xa2, 0x10, 0xa2, 0x10, 0xa2, 0x10,
    0x82, 0x10, 0x82, 0x10, 0x82, 0x10, 0x82, 0x10, 0x82, 0x10, 0x82, 0x10, 0x82, 0x10, 0x82, 0x10,
    0x82, 0x10, 0x82, 0x10, 0x82, 0x10, 0x82, 0x10, 0x82, 0x10, 0x82, 0x10, 0x82, 0x10, 0x82, 0x10,
    0x82, 0x10, 0x82, 0x10, 0x82, 0x10, 0x82, 0x10, 0x82, 0x10, 0x82, 0x10, 0x82, 0x10, 0x82, 0x10,
    0x82, 0x10, 0x82, 0x10, 0x82, 0x10, 0x82, 0x10, 0x82, 0x10, 0x62, 0x10, 0x62, 0x10, 0x62, 0x10,
    0x82, 0x10, 0x82, 0x10, 0x82, 0x10, 0x82, 0x10, 0x82, 0x10, 0x82, 0x10, 0x82, 0x08, 0x82, 0x08,
    0x62, 0x10, 0x82, 0x08, 0x82, 0x08, 0x82, 0x08, 0x82, 0x08, 0x82, 0x10, 0x82, 0x10, 0x82, 0x10,
    0x82, 0x10, 0x82, 0x10, 0x62, 0x08, 0x62, 0x08, 0x62, 0x08, 0x62, 0x08, 0x62, 0x08, 0x81, 0x08,
    0x61, 0x08, 0x61, 0x08, 0x62, 0x08, 0x62, 0x08, 0x62, 0x08, 0x62, 0x08, 0x62, 0x08, 0x62, 0x08,
    0x62, 0x08, 0x62, 0x08, 0x62, 0x08, 0x61, 0x08, 0x61, 0x08, 0x61, 0x08, 0x61, 0x08, 0x61, 0x08,
    0x61, 0x08, 0x61, 0x08, 0x61, 0x08, 0x62, 0x08, 0x61, 0x08, 0x61, 0x08, 0x61, 0x08, 0x61, 0x08,
    0x61, 0x08, 0x61, 0x08, 0x61, 0x08, 0x61, 0x08, 0x61, 0x08, 0x61, 0x08, 0x61, 0x08, 0x61, 0x08,
    0x61, 0x08, 0x61, 0x08, 0x61, 0x08, 0x61, 0x08, 0x61, 0x08, 0x61, 0x08, 0x61, 0x08, 0x61, 0x08,
    0x61, 0x08, 0x61, 0x08, 0x61, 0x08, 0x42, 0x08, 0x41, 0x08, 0x61, 0x08, 0x61, 0x08, 0x61, 0x08,
    0x61, 0x08, 0x41, 0x08, 0x41, 0x08, 0x41, 0x08, 0x41, 0x08, 0x41, 0x08, 0x41, 0x08, 0x41, 0x08,
    0x82, 0x08, 0x82, 0x08, 0x82, 0x10, 0x82, 0x10, 0x82, 0x10, 0x82, 0x10, 0x82, 0x08, 0x82, 0x10,
    0x82, 0x08, 0x82, 0x08, 0x82, 0x08, 0x82, 0x08, 0x82, 0x10, 0x82, 0x10, 0x82, 0x10, 0x82, 0x10,
    0x82, 0x10, 0x82, 0x10, 0x82, 0x10, 0x82, 0x10, 0x82, 0x10, 0x82, 0x10, 0x82, 0x10, 0x82, 0x10,
    0x82, 0x10, 0x82, 0x10, 0x82, 0x10, 0x82, 0x10, 0x82, 0x10, 0x82, 0x10, 0x82, 0x10, 0x82, 0x10,
    0x82, 0x10, 0x82, 0x10, 0x82, 0x10, 0x82, 0x10, 0x82, 0x10, 0x82, 0x10, 0x82, 0x10, 0x82, 0x10,
    0x82, 0x10, 0x82, 0x10, 0x82, 0x10, 0x82, 0x10, 0x82, 0x10, 0x82, 0x10, 0x82, 0x10, 0x82, 0x10,
    0x82, 0x10, 0x82, 0x10, 0xa2, 0x10, 0xa2, 0x10, 0x82, 0x10, 0x82, 0x10, 0x82, 0x10, 0x82, 0x10,
    0x82, 0x10, 0x82, 0x10, 0x82, 0x10, 0x82, 0x10, 0x82, 0x10, 0x82, 0x10, 0x82, 0x10, 0x82, 0x10,
    0x82, 0x10, 0x82, 0x10, 0x82, 0x10, 0x82, 0x10, 0x82, 0x10, 0x82, 0x10, 0x82, 0x10, 0x82, 0x10,
    0x82, 0x10, 0x82, 0x10, 0x82, 0x10, 0x82, 0x10, 0x82, 0x10, 0x82, 0x10, 0x82, 0x10, 0x82, 0x10,
    0x82, 0x10, 0x82, 0x10, 0x82, 0x10, 0x82, 0x10, 0x82, 0x10, 0x82, 0x10, 0xa2, 0x10, 0xa2, 0x10,
    0xa2, 0x10, 0xa2, 0x10, 0xa2, 0x10, 0x82, 0x10, 0x82, 0x10, 0x82, 0x10, 0x82, 0x10, 0x82, 0x10,
    0x82, 0x10, 0x82, 0x10, 0x82, 0x10, 0x82, 0x10, 0x82, 0x10, 0x82, 0x10, 0x82, 0x10, 0x82, 0x10,
    0x82, 0x10, 0xa2, 0x10, 0xa2, 0x10, 0xa2, 0x10, 0xa2, 0x10, 0xa2, 0x10, 0xa2, 0x10, 0xa2, 0x10,
    0x82, 0x10, 0x82, 0x10, 0x82, 0x10, 0xa2, 0x10, 0x82, 0x10, 0xa2, 0x10, 0xa2, 0x10, 0x82, 0x10,
    0x82, 0x10, 0x82, 0x10, 0x82, 0x10, 0x82, 0x10, 0x82, 0x10, 0xa2, 0x10, 0xa2, 0x10, 0xa2, 0x10,
    0x82, 0x10, 0x82, 0x10, 0x82, 0x10, 0xa2, 0x10, 0x82, 0x10, 0x82, 0x10, 0x82, 0x10, 0x82, 0x10,
    0x82, 0x10, 0x82, 0x10, 0x82, 0x10, 0x82, 0x10, 0x82, 0x10, 0xa2, 0x10, 0xa2, 0x10, 0x82, 0x10,
    0x82, 0x10, 0x82, 0x10, 0x82, 0x10, 0x82, 0x10, 0x82, 0x10, 0x82, 0x10, 0x82, 0x10, 0x82, 0x10,
    0x82, 0x10, 0x82, 0x10, 0x82, 0x10, 0x82, 0x10, 0x82, 0x10, 0x82, 0x10, 0x82, 0x10, 0x82, 0x10,
    0x82, 0x10, 0x82, 0x10, 0x82, 0x10, 0x82, 0x10, 0x82, 0x10, 0x82, 0x10, 0x82, 0x10, 0x82, 0x10,
    0x82, 0x10, 0x82, 0x10, 0x82, 0x10, 0x82, 0x10, 0x82, 0x10, 0x82, 0x10, 0x62, 0x10, 0x62, 0x10,
    0x82, 0x10, 0x82, 0x10, 0x82, 0x10, 0x82, 0x10, 0x82, 0x10, 0x82, 0x08, 0x82, 0x08, 0x62, 0x10,
    0x62, 0x10, 0x82, 0x08, 0x82, 0x10, 0x82, 0x10, 0x82, 0x08, 0x82, 0x08, 0x82, 0x10, 0x82, 0x10,
    0x82, 0x10, 0x82, 0x10, 0x82, 0x10, 0x62, 0x08, 0x62, 0x08, 0x62, 0x08, 0x62, 0x08, 0x61, 0x08,
    0x61, 0x08, 0x61, 0x08, 0x62, 0x08, 0x62, 0x08, 0x62, 0x08, 0x62, 0x08, 0x62, 0x08, 0x62, 0x08,
    0x62, 0x08, 0x62, 0x08, 0x62, 0x08, 0x62, 0x08, 0x61, 0x08, 0x61, 0x08, 0x61, 0x08, 0x61, 0x08,
    0x61, 0x08, 0x61, 0x08, 0x61, 0x08, 0x61, 0x08, 0x61, 0x08, 0x61, 0x08, 0x61, 0x08, 0x61, 0x08,
    0x61, 0x08, 0x61, 0x08, 0x61, 0x08, 0x61, 0x08, 0x61, 0x08, 0x61, 0x08, 0x61, 0x08, 0x61, 0x08,
    0x61, 0x08, 0x61, 0x08, 0x61, 0x08, 0x61, 0x08, 0x61, 0x08, 0x61, 0x08, 0x61, 0x08, 0x61, 0x08,
    0x61, 0x08, 0x61, 0x08, 0x41, 0x08, 0x41, 0x08, 0x61, 0x08, 0x61, 0x08, 0x61, 0x08, 0x61, 0x08,
    0x61, 0x08, 0x41, 0x08, 0x41, 0x08, 0x41, 0x08, 0x61, 0x08, 0x41, 0x08, 0x41, 0x08, 0x41, 0x08,
    0x82, 0x08, 0x82, 0x08, 0x82, 0x10, 0x82, 0x10, 0x82, 0x10, 0x82, 0x10, 0x82, 0x08, 0x82, 0x10,
    0x82, 0x08, 0x82, 0x08, 0x82, 0x08, 0x82, 0x08, 0x82, 0x08, 0x82, 0x10, 0x82, 0x10, 0x82, 0x10,
    0x82, 0x10, 0x82, 0x10, 0x82, 0x10, 0x82, 0x10, 0x82, 0x10, 0x82, 0x10, 0x82, 0x10, 0x82, 0x10,
    0x82, 0x10, 0x82, 0x10, 0x82, 0x10, 0x82, 0x10, 0x82, 0x10, 0x82, 0x10, 0x82, 0x10, 0x82, 0x10,
    0x82, 0x10, 0x82, 0x10, 0x82, 0x10, 0x82, 0x10, 0x82, 0x10, 0x82, 0x10, 0x82, 0x10, 0x82, 0x10,
    0x82, 0x10, 0x82, 0x10, 0x82, 0x10, 0x82, 0x10, 0x82, 0x10, 0x82, 0x10, 0x82, 0x10, 0x82, 0x10,
    0x82, 0x10, 0x82, 0x10, 0x82, 0x10, 0x82, 0x10, 0x82, 0x10, 0x82, 0x10, 0x82, 0x10, 0x82, 0x10,
    0x82, 0x10, 0x82, 0x10, 0x82, 0x10, 0x82, 0x10, 0x82, 0x10, 0x82, 0x10, 0x82, 0x10, 0x82, 0x10,
    0x82, 0x10, 0x82, 0x10, 0x82, 0x10, 0x82, 0x10, 0x82, 0x10, 0x82, 0x10, 0x82, 0x10, 0x82, 0x10,
    0x82, 0x10, 0x82, 0x10, 0x82, 0x10, 0x82, 0x10, 0x82, 0x10, 0x82, 0x10, 0x82, 0x10, 0x82, 0x10,
    0x82, 0x10, 0x82, 0x10, 0x82, 0x10, 0x82, 0x10, 0x82, 0x10, 0x82, 0x10, 0x82, 0x10, 0xa2, 0x10,
    0xa2, 0x10, 0xa2, 0x10, 0xa2, 0x10, 0x82, 0x10, 0x82, 0x10, 0x82, 0x10, 0x82, 0x10, 0x82, 0x10,
    0x82, 0x10, 0x82, 0x10, 0x82, 0x10, 0x82, 0x10, 0x82, 0x10, 0x82, 0x10, 0x82, 0x10, 0x82, 0x10,
    0x82, 0x10, 0xa2, 0x10, 0xa2, 0x10, 0xa2, 0x10, 0xa2, 0x10, 0xa2, 0x10, 0x82, 0x10, 0x82, 0x10,
    0x82, 0x10, 0x82, 0x10, 0xa2, 0x10, 0xa2, 0x10, 0xa2, 0x10, 0xa2, 0x10, 0xa2, 0x10, 0x82, 0x10,
    0x82, 0x10, 0x82, 0x10, 0x82, 0x10, 0x82, 0x10, 0xa2, 0x10, 0xa2, 0x10, 0xa2, 0x10, 0x82, 0x10,
    0x82, 0x10, 0x82, 0x10, 0x82, 0x10, 0x82, 0x10, 0x82, 0x10, 0x82, 0x10, 0x82, 0x10, 0x82, 0x10,
    0x82, 0x10, 0x82, 0x10, 0x82, 0x10, 0x82, 0x10, 0x82, 0x10, 0x82, 0x10, 0x82, 0x10, 0x82, 0x10,
    0x82, 0x10, 0x82, 0x10, 0x82, 0x10, 0x82, 0x10, 0x82, 0x10, 0x82, 0x10, 0x82, 0x10, 0x82, 0x10,
    0x82, 0x10, 0x82, 0x10, 0x82, 0x10, 0x82, 0x10, 0x82, 0x10, 0x82, 0x10, 0x82, 0x10, 0x82, 0x10,
    0x82, 0x10, 0x82, 0x10, 0xa2, 0x10, 0xa2, 0x10, 0x82, 0x10, 0x82, 0x10, 0x82, 0x10, 0x82, 0x10,
    0x82, 0x10, 0x82, 0x10, 0x82, 0x10, 0x82, 0x10, 0x82, 0x10, 0x82, 0x10, 0x82, 0x10, 0x82, 0x10,
    0x82, 0x10, 0x82, 0x10, 0x82, 0x10, 0x82, 0x10, 0x82, 0x10, 0x82, 0x10, 0x82, 0x10, 0x62, 0x10,
    0x62, 0x08, 0x82, 0x08, 0x82, 0x08, 0x82, 0x10, 0x82, 0x08, 0x82, 0x08, 0x82, 0x10, 0x82, 0x10,
    0x82, 0x10, 0x82, 0x10, 0x82, 0x10, 0x62, 0x08, 0x62, 0x08, 0x62, 0x08, 0x62, 0x08, 0x61, 0x08,
    0x62, 0x08, 0x62, 0x08, 0x62, 0x08, 0x62, 0x08, 0x62, 0x08, 0x82, 0x08, 0x62, 0x08, 0x62, 0x08,
    0x62, 0x08, 0x62, 0x08, 0x62, 0x08, 0x62, 0x08, 0x61, 0x08, 0x61, 0x08, 0x61, 0x08, 0x61, 0x08,
    0x61, 0x08, 0x62, 0x08, 0x62, 0x08, 0x62, 0x08, 0x61, 0x08, 0x62, 0x08, 0x61, 0x08, 0x62, 0x08,
    0x61, 0x08, 0x62, 0x08, 0x61, 0x08, 0x61, 0x08, 0x62, 0x08, 0x61, 0x08, 0x61, 0x08, 0x61, 0x08,
    0x61, 0x08, 0x61, 0x08, 0x61, 0x08, 0x61, 0x08, 0x61, 0x08, 0x61, 0x08, 0x61, 0x08, 0x61, 0x08,
    0x61, 0x08, 0x61, 0x08, 0x41, 0x08, 0x41, 0x08, 0x61, 0x08, 0x61, 0x08, 0x61, 0x08, 0x61, 0x08,
    0x61, 0x08, 0x41, 0x08, 0x41, 0x08, 0x41, 0x08, 0x41, 0x08, 0x41, 0x08, 0x41, 0x08, 0x41, 0x08,
    0x82, 0x08, 0x82, 0x08, 0x82, 0x08, 0x82, 0x10, 0x82, 0x10, 0x82, 0x10, 0x82, 0x10, 0x82, 0x10,
    0x82, 0x10, 0x82, 0x10, 0x82, 0x10, 0x82, 0x10, 0x82, 0x10, 0x82, 0x10, 0x82, 0x10, 0x82, 0x10,
    0x82, 0x10, 0x82, 0x10, 0x82, 0x10, 0x82, 0x10, 0x82, 0x10, 0x82, 0x10, 0x82, 0x10, 0x82, 0x10,
    0x82, 0x10, 0x82, 0x10, 0x82, 0x10, 0x82, 0x10, 0x82, 0x10, 0x82, 0x10, 0x82, 0x10, 0x82, 0x10,
    0x82, 0x10, 0x82, 0x10, 0x82, 0x10, 0x82, 0x10, 0x82, 0x10, 0x82, 0x10, 0x82, 0x10, 0x82, 0x10,
    0x82, 0x10, 0x82, 0x10, 0x82, 0x10, 0x82, 0x10, 0x82, 0x10, 0x82, 0x10, 0x82, 0x10, 0x82, 0x10,
    0x82, 0x10, 0x82, 0x10, 0x82, 0x10, 0x82, 0x10, 0x82, 0x10, 0x82, 0x10, 0x82, 0x10, 0x82, 0x10,
    0x82, 0x10, 0x82, 0x10, 0x82, 0x10, 0x82, 0x10, 0x82, 0x10, 0x82, 0x10, 0x82, 0x10, 0x82, 0x10,
    0x82, 0x10, 0x82, 0x10, 0x82, 0x10, 0x82, 0x10, 0x82, 0x10, 0x82, 0x10, 0x82, 0x10, 0x82, 0x10,
    0x82, 0x10, 0x82, 0x10, 0x82, 0x10, 0x82, 0x10, 0x82, 0x10, 0x82, 0x10, 0x82, 0x10, 0x82, 0x10,
    0x82, 0x10, 0x82, 0x10, 0x82, 0x10, 0x82, 0x10, 0x82, 0x10, 0x82, 0x10, 0x82, 0x10, 0xa2, 0x10,
    0xa2, 0x10, 0x82, 0x10, 0x82, 0x10, 0x82, 0x10, 0x82, 0x10, 0xa2, 0x10, 0x82, 0x10, 0x82, 0x10,
    0x82, 0x10, 0x82, 0x10, 0x82, 0x10, 0x82, 0x10, 0x82, 0x10, 0x82, 0x10, 0x82, 0x10, 0x82, 0x10,
    0x82, 0x10, 0xa2, 0x10, 0xa2, 0x10, 0xa2, 0x10, 0xa2, 0x10, 0xa2, 0x10, 0x82, 0x10, 0x82, 0x10,
    0x82, 0x10, 0x82, 0x10, 0xa2, 0x10, 0xa2, 0x10, 0xa2, 0x10, 0xa2, 0x10, 0xa2, 0x10, 0x82, 0x10,
    0x82, 0x10, 0x82, 0x10, 0x82, 0x10, 0x82, 0x10, 0x82, 0x10, 0x82, 0x10, 0x82, 0x10, 0x82, 0x10,
    0x82, 0x10, 0x82, 0x10, 0x82, 0x10, 0x82, 0x10, 0x82, 0x10, 0x82, 0x10, 0x82, 0x10, 0x82, 0x10,
    0x82, 0x10, 0x82, 0x10, 0x82, 0x10, 0x82, 0x10, 0x82, 0x10, 0x82, 0x10, 0x82, 0x10, 0x82, 0x10,
    0x82, 0x10, 0x82, 0x10, 0x82, 0x10, 0x82, 0x10, 0x82, 0x10, 0x82, 0x10, 0xa2, 0x10, 0xa2, 0x10,
    0xa2, 0x10, 0x82, 0x10, 0x82, 0x10, 0x82, 0x10, 0x82, 0x10, 0x82, 0x10, 0x82, 0x10, 0x82, 0x10,
    0x82, 0x10, 0x82, 0x10, 0x82, 0x10, 0x82, 0x10, 0x82, 0x10, 0x82, 0x10, 0x82, 0x10, 0x82, 0x10,
    0x82, 0x10, 0x82, 0x10, 0x82, 0x10, 0x82, 0x10, 0x82, 0x10, 0x82, 0x10, 0x82, 0x10, 0x82, 0x10,
    0x82, 0x10, 0x82, 0x10, 0x82, 0x10, 0x82, 0x10, 0x82, 0x10, 0x82, 0x10, 0x82, 0x10, 0x82, 0x10,
    0x82, 0x10, 0x82, 0x08, 0x82, 0x08, 0x82, 0x10, 0x82, 0x08, 0x82, 0x10, 0x82, 0x10, 0x82, 0x10,
    0x82, 0x10, 0x82, 0x10, 0x82, 0x10, 0x82, 0x08, 0x82, 0x10, 0x82, 0x10, 0x62, 0x08, 0x62, 0x08,
    0x62, 0x08, 0x62, 0x08, 0x62, 0x08, 0x62, 0x08, 0x62, 0x08, 0x62, 0x08, 0x62, 0x08, 0x62, 0x08,
    0x62, 0x08, 0x62, 0x08, 0x62, 0x08, 0x62, 0x08, 0x62, 0x08, 0x62, 0x08, 0x62, 0x08, 0x62, 0x08,
    0x62, 0x08, 0x62, 0x08, 0x62, 0x08, 0x62, 0x08, 0x62, 0x08, 0x62, 0x08, 0x61, 0x08, 0x62, 0x08,
    0x62, 0x08, 0x62, 0x08, 0x62, 0x08, 0x62, 0x08, 0x62, 0x08, 0x62, 0x08, 0x61, 0x08, 0x61, 0x08,
    0x61, 0x08, 0x61, 0x08, 0x61, 0x08, 0x61, 0x08, 0x42, 0x08, 0x61, 0x08, 0x61, 0x08, 0x61, 0x08,
    0x61, 0x08, 0x41, 0x08, 0x41, 0x08, 0x41, 0x08, 0x61, 0x08, 0x61, 0x08, 0x61, 0x08, 0x61, 0x08,
    0x61, 0x08, 0x41, 0x08, 0x41, 0x08, 0x41, 0x08, 0x41, 0x08, 0x41, 0x08, 0x41, 0x08, 0x41, 0x08,
    0x82, 0x08, 0x82, 0x08, 0x82, 0x08, 0x82, 0x08, 0x82, 0x10, 0x82, 0x10, 0x82, 0x10, 0x82, 0x10,
    0x82, 0x10, 0x82, 0x10, 0x82, 0x10, 0x82, 0x10, 0x82, 0x10, 0x82, 0x10, 0x82, 0x10, 0x82, 0x10,
    0x82, 0x10, 0x82, 0x10, 0x82, 0x10, 0x82, 0x10, 0x82, 0x10, 0x82, 0x10, 0x82, 0x10, 0x82, 0x10,
    0x82, 0x10, 0x82, 0x10, 0x82, 0x10, 0x82, 0x10, 0x82, 0x10, 0x82, 0x10, 0x82, 0x10, 0x82, 0x10,
    0x82, 0x10, 0x82, 0x10, 0x82, 0x10, 0x82, 0x10, 0x82, 0x10, 0x82, 0x10, 0x82, 0x10, 0x82, 0x10,
    0x82, 0x10, 0x82, 0x10, 0x82, 0x10, 0x82, 0x10, 0x82, 0x10, 0x82, 0x10, 0x82, 0x10, 0x82, 0x10,
    0x82, 0x10, 0x82, 0x10, 0x82, 0x10, 0x82, 0x10, 0x82, 0x10, 0x82, 0x10, 0x82, 0x10, 0x82, 0x10,
    0x82, 0x10, 0x82, 0x10, 0x82, 0x10, 0x82, 0x10, 0x82, 0x10, 0x82, 0x10, 0x82, 0x10, 0x82, 0x10,
    0x82, 0x10, 0x82, 0x10, 0x82, 0x10, 0x82, 0x10, 0x82, 0x10, 0x82, 0x10, 0x82, 0x10, 0x82, 0x10,
    0x82, 0x10, 0x82, 0x10, 0x82, 0x10, 0x82, 0x10, 0x82, 0x10, 0x82, 0x10, 0x82, 0x10, 0x82, 0x10,
    0x82, 0x10, 0x82, 0x10, 0x82, 0x10, 0x82, 0x10, 0x82, 0x10, 0x82, 0x10, 0xa2, 0x10, 0xa2, 0x10,
    0x82, 0x10, 0x82, 0x10, 0x82, 0x10, 0x82, 0x10, 0x82, 0x10, 0xa2, 0x10, 0xa2, 0x10, 0x82, 0x10,
    0x82, 0x10, 0x82, 0x10, 0x82, 0x10, 0x82, 0x10, 0x82, 0x10, 0x82, 0x10, 0x82, 0x10, 0x82, 0x10,
    0x82, 0x10, 0xa2, 0x10, 0xa2, 0x10, 0xa2, 0x10, 0xa2, 0x10, 0x82, 0x10, 0x82, 0x10, 0x82, 0x10,
    0x82, 0x10, 0x82, 0x10, 0xa2, 0x10, 0xa2, 0x10, 0xa2, 0x10, 0xa2, 0x10, 0xa2, 0x10, 0x82, 0x10,
    0x82, 0x10, 0x82, 0x10, 0x82, 0x10, 0x82, 0x10, 0x82, 0x10, 0x82, 0x10, 0x82, 0x10, 0x82, 0x10,
    0x82, 0x10, 0x82, 0x10, 0x82, 0x10, 0x82, 0x10, 0x82, 0x10, 0x82, 0x10, 0x82, 0x10, 0x82, 0x10,
    0x82, 0x10, 0x82, 0x10, 0x82, 0x10, 0x82, 0x10, 0x82, 0x10, 0x82, 0x10, 0x82, 0x10, 0x82, 0x10,
    0x82, 0x10, 0x82, 0x10, 0x82, 0x10, 0x82, 0x10, 0x82, 0x10, 0x82, 0x10, 0x82, 0x10, 0x82, 0x10,
    0x82, 0x10, 0x82, 0x10, 0x82, 0x10, 0x82, 0x10, 0x82, 0x10, 0x82, 0x10, 0x82, 0x10, 0x82, 0x10,
    0x82, 0x10, 0x82, 0x10, 0x82, 0x10, 0x82, 0x10, 0x82, 0x10, 0x82, 0x10, 0x82, 0x10, 0xa2, 0x10,
    0x82, 0x10, 0x82, 0x10, 0x82, 0x10, 0x82, 0x10, 0x82, 0x10, 0x82, 0x10, 0x82, 0x10, 0x82, 0x10,
    0x82, 0x10, 0x82, 0x10, 0x82, 0x10, 0x82, 0x10, 0x82, 0x10, 0x82, 0x10, 0x82, 0x10, 0x82, 0x10,
    0x82, 0x10, 0x82, 0x10, 0x82, 0x10, 0x82, 0x08, 0x62, 0x10, 0x82, 0x10, 0x62, 0x10, 0x62, 0x10,
    0x82, 0x10, 0x82, 0x08, 0x82, 0x10, 0x82, 0x10, 0x82, 0x10, 0x82, 0x08, 0x62, 0x08, 0x62, 0x08,
    0x62, 0x08, 0x62, 0x08, 0x62, 0x08, 0x62, 0x08, 0x62, 0x08, 0x62, 0x08, 0x62, 0x08, 0x62, 0x08,
    0x62, 0x08, 0x62, 0x08, 0x62, 0x08, 0x62, 0x08, 0x61, 0x08, 0x62, 0x08, 0x62, 0x08, 0x62, 0x08,
    0x62, 0x08, 0x62, 0x08, 0x62, 0x08, 0x62, 0x08, 0x42, 0x08, 0x42, 0x08, 0x42, 0x08, 0x62, 0x08,
    0x62, 0x08, 0x62, 0x08, 0x42, 0x08, 0x42, 0x08, 0x42, 0x08, 0x61, 0x08, 0x61, 0x08, 0x61, 0x08,
    0x61, 0x08, 0x61, 0x08, 0x61, 0x08, 0x61, 0x08, 0x42, 0x08, 0x42, 0x08, 0x61, 0x08, 0x61, 0x08,
    0x61, 0x08, 0x41, 0x08, 0x41, 0x08, 0x41, 0x08, 0x61, 0x08, 0x61, 0x08, 0x61, 0x08, 0x61, 0x08,
    0x61, 0x08, 0x41, 0x08, 0x41, 0x08, 0x41, 0x08, 0x41, 0x08, 0x41, 0x08, 0x41, 0x08, 0x41, 0x08,
    0x82, 0x08, 0x62, 0x10, 0x82, 0x10, 0x82, 0x10, 0x82, 0x10, 0x82, 0x10, 0x82, 0x10, 0x82, 0x10,
    0x82, 0x10, 0x82, 0x10, 0x82, 0x10, 0x82, 0x10, 0x82, 0x10, 0x82, 0x10, 0x82, 0x10, 0x82, 0x08,
    0x82, 0x10, 0x82, 0x10, 0x82, 0x10, 0x82, 0x10, 0x82, 0x10, 0x82, 0x10, 0x82, 0x10, 0x82, 0x10,
    0x82, 0x10, 0x82, 0x10, 0x82, 0x10, 0x82, 0x08, 0x82, 0x10, 0x82, 0x10, 0x82, 0x10, 0x82, 0x10,
    0x82, 0x10, 0x82, 0x10, 0x82, 0x10, 0x82, 0x10, 0x82, 0x10, 0x82, 0x10, 0x82, 0x10, 0x82, 0x10,
    0x82, 0x10, 0x82, 0x10, 0x82, 0x10, 0x82, 0x10, 0x82, 0x10, 0x82, 0x10, 0x82, 0x10, 0x82, 0x10,
    0x82, 0x10, 0x82, 0x10, 0x62, 0x10, 0x82, 0x10, 0x82, 0x10, 0x82, 0x10, 0x82, 0x10, 0x82, 0x10,
    0x82, 0x10, 0x82, 0x10, 0x82, 0x10, 0x82, 0x10, 0x82, 0x10, 0x82, 0x10, 0x82, 0x10, 0x82, 0x10,
    0x82, 0x10, 0x82, 0x10, 0x82, 0x10, 0x82, 0x10, 0x82, 0x10, 0x82, 0x10, 0x82, 0x10, 0x82, 0x10,
    0x82, 0x10, 0x82, 0x10, 0x82, 0x10, 0x82, 0x10, 0x82, 0x10, 0x82, 0x10, 0x82, 0x10, 0x82, 0x10,
    0x82, 0x10, 0x82, 0x10, 0x82, 0x10, 0x82, 0x10, 0x82, 0x10, 0xa2, 0x10, 0xa2, 0x10, 0xa2, 0x10,
    0x82, 0x10, 0x82, 0x10, 0x82, 0x10, 0x82, 0x10, 0x82, 0x10, 0xa2, 0x10, 0x82, 0x10, 0x82, 0x10,
    0x82, 0x10, 0x82, 0x10, 0x82, 0x10, 0x82, 0x10, 0x82, 0x10, 0x82, 0x10, 0x82, 0x10, 0x82, 0x10,
    0x82, 0x10, 0xa2, 0x10, 0xa2, 0x10, 0xa2, 0x10, 0xa2, 0x10, 0x82, 0x10, 0x82, 0x10, 0x82, 0x10,
    0x82, 0x10, 0x82, 0x10, 0xa2, 0x10, 0x82, 0x10, 0x82, 0x10, 0xa2, 0x10, 0xa2, 0x10, 0x82, 0x10,
    0x82, 0x10, 0x82, 0x10, 0x82, 0x10, 0x82, 0x10, 0x82, 0x10, 0x82, 0x10, 0x82, 0x10, 0x82, 0x10,
    0x82, 0x10, 0x82, 0x10, 0x82, 0x10, 0x82, 0x10, 0x82, 0x10, 0x82, 0x10, 0x82, 0x10, 0x82, 0x10,
    0x82, 0x10, 0x82, 0x10, 0x82, 0x10, 0x82, 0x10, 0x82, 0x10, 0x82, 0x10, 0x82, 0x10, 0x82, 0x10,
    0x82, 0x10, 0x82, 0x10, 0x82, 0x10, 0x82, 0x10, 0x82, 0x10, 0x82, 0x10, 0xa2, 0x10, 0x82, 0x10,
    0x82, 0x10, 0x82, 0x10, 0x82, 0x10, 0x82, 0x10, 0x82, 0x10, 0x82, 0x10, 0x82, 0x10, 0x82, 0x10,
    0x82, 0x10, 0x82, 0x10, 0x82, 0x10, 0x82, 0x10, 0x82, 0x10, 0x82, 0x10, 0x82, 0x10, 0x82, 0x10,
    0xa2, 0x10, 0x82, 0x10, 0x82, 0x10, 0x82, 0x10, 0x82, 0x10, 0xa2, 0x10, 0x82, 0x10, 0x82, 0x10,
    0x82, 0x10, 0x82, 0x10, 0x82, 0x10, 0x82, 0x10, 0x82, 0x10, 0x81, 0x10, 0x81, 0x10, 0x82, 0x10,
    0x82, 0x10, 0x82, 0x10, 0x82, 0x10, 0x82, 0x10, 0x82, 0x10, 0x82, 0x10, 0x62, 0x10, 0x62, 0x08,
    0x82, 0x08, 0x82, 0x08, 0x82, 0x10, 0x82, 0x08, 0x82, 0x10, 0x82, 0x10, 0x62, 0x08, 0x62, 0x08,
    0x62, 0x08, 0x62, 0x08, 0x62, 0x08, 0x61, 0x08, 0x61, 0x08, 0x61, 0x08, 0x62, 0x08, 0x61, 0x08,
    0x61, 0x08, 0x62, 0x08, 0x62, 0x08, 0x61, 0x08, 0x61, 0x08, 0x62, 0x08, 0x62, 0x08, 0x62, 0x08,
    0x62, 0x08, 0x62, 0x08, 0x62, 0x08, 0x62, 0x08, 0x62, 0x08, 0x61, 0x08, 0x42, 0x08, 0x62, 0x08,
    0x61, 0x08, 0x61, 0x08, 0x42, 0x08, 0x42, 0x08, 0x61, 0x08, 0x61, 0x08, 0x61, 0x08, 0x61, 0x08,
    0x61, 0x08, 0x61, 0x08, 0x61, 0x08, 0x61, 0x08, 0x42, 0x08, 0x42, 0x08, 0x61, 0x08, 0x61, 0x08,
    0x61, 0x08, 0x61, 0x08, 0x41, 0x08, 0x61, 0x08, 0x61, 0x08, 0x61, 0x08, 0x61, 0x08, 0x61, 0x08,
    0x61, 0x08, 0x61, 0x08, 0x41, 0x08, 0x41, 0x08, 0x41, 0x08, 0x41, 0x08, 0x41, 0x08, 0x41, 0x08,
    0x62, 0x10, 0x82, 0x08, 0x82, 0x10, 0x82, 0x10, 0x82, 0x10, 0x82, 0x10, 0x82, 0x10, 0x82, 0x10,
    0x82, 0x10, 0x82, 0x10, 0x82, 0x10, 0x82, 0x10, 0x82, 0x10, 0x82, 0x10, 0x82, 0x10, 0x62, 0x10,
    0x82, 0x10, 0x82, 0x10, 0x82, 0x10, 0x82, 0x10, 0x82, 0x10, 0x82, 0x10, 0x82, 0x10, 0x82, 0x10,
    0x82, 0x10, 0x82, 0x10, 0x82, 0x10, 0x62, 0x08, 0x62, 0x08, 0x62, 0x08, 0x62, 0x08, 0x82, 0x10,
    0x82, 0x10, 0x82, 0x10, 0x82, 0x10, 0x82, 0x10, 0x82, 0x10, 0x82, 0x10, 0x82, 0x10, 0x82, 0x10,
    0x82, 0x10, 0x82, 0x10, 0x82, 0x10, 0x82, 0x10, 0x82, 0x10, 0x82, 0x10, 0x82, 0x10, 0x82, 0x10,
    0x82, 0x10, 0x82, 0x10, 0x82, 0x10, 0x82, 0x10, 0x82, 0x10, 0x82, 0x10, 0x82, 0x10, 0x82, 0x10,
    0x82, 0x10, 0x82, 0x10, 0x82, 0x10, 0x82, 0x10, 0x82, 0x10, 0x82, 0x10, 0x82, 0x10, 0x82, 0x10,
    0x82, 0x10, 0x82, 0x10, 0x82, 0x10, 0x82, 0x10, 0x82, 0x10, 0x82, 0x10, 0xa2, 0x10, 0x82, 0x10,
    0x82, 0x10, 0x82, 0x10, 0x82, 0x10, 0x82, 0x10, 0x82, 0x10, 0x82, 0x10, 0x82, 0x10, 0x82, 0x10,
    0x82, 0x10, 0x82, 0x10, 0x82, 0x10, 0x82, 0x10, 0x82, 0x10, 0xa2, 0x10, 0xa2, 0x10, 0xa2, 0x10,
    0x82, 0x10, 0x82, 0x10, 0x82, 0x10, 0x82, 0x10, 0xa2, 0x10, 0xa2, 0x10, 0xa2, 0x10, 0xa2, 0x10,
    0x82, 0x10, 0x82, 0x10, 0x82, 0x10, 0x82, 0x10, 0x82, 0x10, 0x82, 0x10, 0x82, 0x10, 0x82, 0x10,
    0x82, 0x10, 0x82, 0x10, 0x82, 0x10, 0x82, 0x10, 0xa2, 0x10, 0xa2, 0x10, 0x82, 0x10, 0x82, 0x10,
    0x82, 0x10, 0x82, 0x10, 0x82, 0x10, 0x82, 0x10, 0x82, 0x10, 0x82, 0x10, 0x82, 0x10, 0x82, 0x10,
    0x82, 0x10, 0x82, 0x10, 0x82, 0x10, 0x82, 0x10, 0x82, 0x10, 0x82, 0x10, 0x82, 0x10, 0x82, 0x10,
    0x82, 0x10, 0x82, 0x10, 0x82, 0x10, 0x82, 0x10, 0x82, 0x10, 0x82, 0x10, 0x82, 0x10, 0x82, 0x10,
    0x82, 0x10, 0x82, 0x10, 0x82, 0x10, 0x82, 0x10, 0x82, 0x10, 0x82, 0x10, 0x82, 0x10, 0x82, 0x10,
    0x82, 0x10, 0x82, 0x10, 0x82, 0x10, 0x82, 0x10, 0x82, 0x10, 0x82, 0x10, 0x82, 0x10, 0x82, 0x10,
    0x82, 0x10, 0x82, 0x10, 0x82, 0x10, 0x82, 0x10, 0x82, 0x10, 0x82, 0x10, 0x82, 0x10, 0x82, 0x10,
    0x82, 0x10, 0x82, 0x10, 0x82, 0x10, 0x82, 0x10, 0x82, 0x10, 0x82, 0x10, 0x82, 0x10, 0x82, 0x10,
    0x82, 0x10, 0x82, 0x10, 0x82, 0x10, 0x82, 0x10, 0x82, 0x10, 0x82, 0x10, 0x82, 0x10, 0x82, 0x10,
    0x82, 0x10, 0x82, 0x08, 0x82, 0x10, 0x82, 0x10, 0x82, 0x10, 0x81, 0x10, 0x81, 0x10, 0x82, 0x10,
    0x82, 0x10, 0x82, 0x10, 0x82, 0x10, 0x82, 0x10, 0x82, 0x10, 0x82, 0x10, 0x62, 0x10, 0x62, 0x08,
    0x62, 0x08, 0x82, 0x08, 0x82, 0x08, 0x82, 0x08, 0x82, 0x10, 0x82, 0x10, 0x62, 0x08, 0x62, 0x08,
    0x62, 0x08, 0x62, 0x08, 0x62, 0x08, 0x61, 0x08, 0x61, 0x08, 0x61, 0x08, 0x62, 0x08, 0x61, 0x08,
    0x61, 0x08, 0x61, 0x08, 0x61, 0x08, 0x61, 0x08, 0x61, 0x08, 0x61, 0x08, 0x62, 0x08, 0x62, 0x08,
    0x62, 0x08, 0x62, 0x08, 0x61, 0x08, 0x61, 0x08, 0x61, 0x08, 0x61, 0x08, 0x61, 0x08, 0x61, 0x08,
    0x61, 0x08, 0x61, 0x08, 0x61, 0x08, 0x61, 0x08, 0x61, 0x08, 0x61, 0x08, 0x61, 0x08, 0x61, 0x08,
    0x61, 0x08, 0x61, 0x08, 0x61, 0x08, 0x61, 0x08, 0x61, 0x08, 0x41, 0x08, 0x61, 0x08, 0x61, 0x08,
    0x61, 0x08, 0x61, 0x08, 0x61, 0x08, 0x61, 0x08, 0x61, 0x08, 0x61, 0x08, 0x61, 0x08, 0x61, 0x08,
    0x61, 0x08, 0x61, 0x08, 0x61, 0x08, 0x61, 0x08, 0x61, 0x08, 0x41, 0x08, 0x41, 0x08, 0x41, 0x08,
    0x82, 0x08, 0x82, 0x10, 0x82, 0x10, 0x82, 0x10, 0x82, 0x10, 0x82, 0x10, 0x82, 0x10, 0x81, 0x10,
    0x81, 0x10, 0x82, 0x10, 0x82, 0x10, 0x82, 0x10, 0x82, 0x10, 0x82, 0x10, 0x82, 0x10, 0x82, 0x10,
    0x82, 0x10, 0x82, 0x10, 0x82, 0x10, 0x82, 0x10, 0x82, 0x10, 0x82, 0x10, 0x82, 0x10, 0x82, 0x10,
    0x82, 0x10, 0x82, 0x10, 0x82, 0x10, 0x82, 0x08, 0x62, 0x08, 0x62, 0x08, 0x62, 0x08, 0x82, 0x10,
    0x82, 0x10, 0x82, 0x10, 0x82, 0x10, 0x82, 0x10, 0x82, 0x10, 0x82, 0x10, 0x82, 0x10, 0x82, 0x10,
    0x82, 0x10, 0x82, 0x10, 0x82, 0x10, 0x82, 0x10, 0x82, 0x10, 0x82, 0x10, 0x82, 0x10, 0x82, 0x10,
    0x82, 0x10, 0x82, 0x10, 0x82, 0x10, 0x82, 0x10, 0xa2, 0x10, 0xa2, 0x10, 0x82, 0x10, 0x82, 0x10,
    0x82, 0x10, 0x82, 0x10, 0x82, 0x10, 0xa2, 0x10, 0xa2, 0x10, 0xa2, 0x10, 0xa2, 0x10, 0xa2, 0x10,
    0xa2, 0x10, 0x82, 0x10, 0xa2, 0x10, 0xa2, 0x10, 0x82, 0x10, 0xa2, 0x10, 0x41, 0x10, 0x61, 0x10,
    0x82, 0x10, 0x41, 0x10, 0x82, 0x10, 0x82, 0x10, 0x82, 0x10, 0x82, 0x10, 0x82, 0x10, 0x82, 0x10,
    0x82, 0x10, 0x82, 0x10, 0x82, 0x10, 0x82, 0x10, 0x82, 0x10, 0x82, 0x10, 0x82, 0x10, 0x82, 0x10,
    0x82, 0x10, 0x82, 0x10, 0x82, 0x10, 0x82, 0x10, 0xa2, 0x10, 0xa2, 0x10, 0xa2, 0x10, 0xa2, 0x10,
    0x82, 0x10, 0x82, 0x10, 0x82, 0x10, 0x82, 0x10, 0x82, 0x10, 0x82, 0x10, 0x82, 0x10, 0x82, 0x10,
    0x82, 0x10, 0xa2, 0x10, 0xa2, 0x10, 0x82, 0x10, 0xa2, 0x10, 0xa2, 0x10, 0x82, 0x10, 0x82, 0x10,
    0x82, 0x10, 0x82, 0x10, 0x82, 0x10, 0x82, 0x10, 0x82, 0x10, 0x82, 0x10, 0x82, 0x10, 0x82, 0x10,
    0x82, 0x10, 0x82, 0x10, 0x82, 0x10, 0x82, 0x10, 0x82, 0x10, 0x82, 0x10, 0x82, 0x10, 0x82, 0x10,
    0x82, 0x10, 0x82, 0x10, 0x82, 0x10, 0x82, 0x10, 0x82, 0x10, 0x82, 0x10, 0x82, 0x10, 0x82, 0x10,
    0x82, 0x10, 0x82, 0x10, 0x82, 0x10, 0x82, 0x10, 0x82, 0x10, 0x82, 0x10, 0x82, 0x10, 0x82, 0x10,
    0x82, 0x10, 0x82, 0x10, 0x82, 0x10, 0x82, 0x10, 0x82, 0x10, 0x82, 0x10, 0x82, 0x10, 0x82, 0x10,
    0x82, 0x10, 0x82, 0x10, 0x82, 0x10, 0x82, 0x10, 0x82, 0x10, 0xa2, 0x10, 0x82, 0x10, 0x82, 0x10,
    0x82, 0x10, 0x82, 0x10, 0x82, 0x10, 0x82, 0x10, 0x82, 0x10, 0x82, 0x10, 0x82, 0x10, 0x82, 0x10,
    0x82, 0x10, 0x82, 0x10, 0x82, 0x10, 0x82, 0x10, 0x82, 0x10, 0x82, 0x10, 0x82, 0x10, 0x82, 0x10,
    0x82, 0x10, 0x82, 0x08, 0x82, 0x10, 0x82, 0x10, 0x82, 0x10, 0x82, 0x10, 0x82, 0x10, 0x82, 0x10,
    0x82, 0x10, 0x82, 0x08, 0x82, 0x10, 0x82, 0x10, 0x82, 0x10, 0x82, 0x10, 0x82, 0x08, 0x82, 0x10,
    0x62, 0x08, 0x82, 0x08, 0x82, 0x08, 0x62, 0x08, 0x62, 0x08, 0x62, 0x08, 0x62, 0x08, 0x62, 0x08,
    0x62, 0x08, 0x62, 0x08, 0x61, 0x08, 0x61, 0x08, 0x61, 0x08, 0x61, 0x08, 0x62, 0x08, 0x62, 0x08,
    0x61, 0x08, 0x61, 0x08, 0x61, 0x08, 0x61, 0x08, 0x61, 0x08, 0x61, 0x08, 0x61, 0x08, 0x61, 0x08,
    0x61, 0x08, 0x61, 0x08, 0x61, 0x08, 0x61, 0x08, 0x61, 0x08, 0x61, 0x08, 0x61, 0x08, 0x61, 0x08,
    0x61, 0x08, 0x61, 0x08, 0x61, 0x08, 0x61, 0x08, 0x61, 0x08, 0x61, 0x08, 0x61, 0x08, 0x61, 0x08,
    0x61, 0x08, 0x61, 0x08, 0x61, 0x08, 0x61, 0x08, 0x61, 0x08, 0x61, 0x08, 0x61, 0x08, 0x61, 0x08,
    0x61, 0x08, 0x61, 0x08, 0x61, 0x08, 0x61, 0x08, 0x61, 0x08, 0x61, 0x08, 0x61, 0x08, 0x61, 0x08,
    0x61, 0x08, 0x61, 0x08, 0x61, 0x08, 0x61, 0x08, 0x41, 0x08, 0x41, 0x08, 0x41, 0x08, 0x41, 0x08,
    0x82, 0x08, 0x82, 0x08, 0x82, 0x08, 0x82, 0x10, 0x82, 0x10, 0x82, 0x10, 0x81, 0x10, 0x81, 0x10,
    0x82, 0x10, 0x82, 0x10, 0x81, 0x10, 0x82, 0x10, 0x82, 0x10, 0x82, 0x10, 0x82, 0x10, 0x82, 0x10,
    0x82, 0x10, 0x82, 0x10, 0x82, 0x10, 0x82, 0x10, 0x82, 0x10, 0x82, 0x10, 0x82, 0x10, 0x82, 0x10,
    0x82, 0x10, 0x82, 0x10, 0x82, 0x10, 0x82, 0x08, 0x62, 0x08, 0x62, 0x08, 0x62, 0x10, 0x82, 0x10,
    0x82, 0x10, 0x82, 0x10, 0x82, 0x10, 0x82, 0x10, 0x82, 0x10, 0x82, 0x10, 0x82, 0x10, 0x82, 0x10,
    0x82, 0x10, 0x82, 0x10, 0x82, 0x10, 0x40, 0x08, 0x20, 0x08, 0x20, 0x08, 0x20, 0x08, 0x20, 0x08,
    0x20, 0x08, 0x20, 0x08, 0x20, 0x08, 0x21, 0x08, 0x21, 0x08, 0x21, 0x08, 0x21, 0x08, 0x20, 0x08,
    0x20, 0x08, 0x20, 0x08, 0x20, 0x08, 0x20, 0x08, 0x20, 0x08, 0x40, 0x08, 0x40, 0x08, 0x40, 0x08,
    0x41, 0x08, 0x41, 0x08, 0x41, 0x08, 0x41, 0x08, 0x41, 0x08, 0x00, 0x08, 0xc3, 0x10, 0x2a, 0x2a,
    0xea, 0x21, 0x05, 0x19, 0x41, 0x10, 0xa2, 0x10, 0x82, 0x10, 0x82, 0x10, 0x82, 0x10, 0x82, 0x10,
    0x82, 0x10, 0x82, 0x10, 0x82, 0x10, 0x82, 0x10, 0x82, 0x10, 0x82, 0x10, 0x82, 0x10, 0x82, 0x10,
    0x82, 0x10, 0x82, 0x10, 0x82, 0x10, 0x82, 0x10, 0x82, 0x10, 0x82, 0x10, 0x82, 0x10, 0xa2, 0x10,
    0x82, 0x10, 0x82, 0x10, 0x82, 0x10, 0xa2, 0x10, 0xa2, 0x10, 0x82, 0x10, 0x82, 0x10, 0x82, 0x10,
    0xa2, 0x10, 0xa2, 0x10, 0xa2, 0x10, 0xa2, 0x10, 0xa2, 0x10, 0x82, 0x10, 0x82, 0x10, 0x82, 0x10,
    0x82, 0x10, 0x82, 0x10, 0x82, 0x10, 0x82, 0x10, 0x82, 0x10, 0x82, 0x10, 0xa2, 0x10, 0x82, 0x10,
    0x82, 0x10, 0x82, 0x10, 0x82, 0x10, 0x82, 0x10, 0x82, 0x10, 0x82, 0x10, 0x82, 0x10, 0x82, 0x10,
    0x82, 0x10, 0x82, 0x10, 0x82, 0x10, 0x82, 0x10, 0x82, 0x10, 0x82, 0x10, 0x82, 0x10, 0x82, 0x10,
    0x82, 0x10, 0x82, 0x10, 0x82, 0x10, 0x82, 0x10, 0x82, 0x10, 0x82, 0x10, 0x82, 0x10, 0x82, 0x10,
    0x82, 0x10, 0xa2, 0x10, 0xa2, 0x10, 0x82, 0x10, 0x82, 0x10, 0x82, 0x10, 0x82, 0x10, 0x82, 0x10,
    0x82, 0x10, 0x82, 0x10, 0x82, 0x10, 0x82, 0x10, 0x82, 0x10, 0xa2, 0x10, 0xa2, 0x10, 0x82, 0x10,
    0x82, 0x10, 0x82, 0x10, 0x82, 0x10, 0x82, 0x10, 0x82, 0x10, 0x82, 0x10, 0x82, 0x10, 0x82, 0x10,
    0x82, 0x10, 0x82, 0x10, 0x82, 0x10, 0x82, 0x10, 0x82, 0x10, 0x82, 0x10, 0x82, 0x10, 0x82, 0x08,
    0x82, 0x10, 0x82, 0x10, 0x82, 0x10, 0x82, 0x10, 0x82, 0x10, 0x82, 0x10, 0x82, 0x10, 0x82, 0x10,
    0x82, 0x10, 0x82, 0x08, 0x82, 0x10, 0x81, 0x10, 0x82, 0x10, 0x82, 0x10, 0x82, 0x08, 0x82, 0x10,
    0x82, 0x10, 0x82, 0x10, 0x82, 0x08, 0x62, 0x10, 0x62, 0x10, 0x62, 0x08, 0x62, 0x08, 0x62, 0x08,
    0x81, 0x08, 0x61, 0x08, 0x61, 0x08, 0x61, 0x08, 0x61, 0x08, 0x61, 0x08, 0x62, 0x08, 0x62, 0x08,
    0x61, 0x08, 0x61, 0x08, 0x61, 0x08, 0x61, 0x08, 0x61, 0x08, 0x61, 0x08, 0x61, 0x08, 0x61, 0x08,
    0x61, 0x08, 0x61, 0x08, 0x62, 0x08, 0x62, 0x08, 0x62, 0x08, 0x61, 0x08, 0x61, 0x08, 0x61, 0x08,
    0x61, 0x08, 0x61, 0x08, 0x61, 0x08, 0x61, 0x08, 0x61, 0x08, 0x61, 0x08, 0x61, 0x08, 0x61, 0x08,
    0x61, 0x08, 0x61, 0x08, 0x61, 0x08, 0x61, 0x08, 0x61, 0x08, 0x61, 0x08, 0x61, 0x08, 0x61, 0x08,
    0x61, 0x08, 0x61, 0x08, 0x61, 0x08, 0x61, 0x08, 0x61, 0x08, 0x61, 0x08, 0x41, 0x08, 0x61, 0x08,
    0x61, 0x08, 0x61, 0x08, 0x61, 0x08, 0x41, 0x08, 0x41, 0x08, 0x41, 0x08, 0x41, 0x08, 0x41, 0x08,
    0x82, 0x08, 0x82, 0x08, 0x82, 0x10, 0x82, 0x10, 0x82, 0x10, 0x82, 0x10, 0x82, 0x10, 0x82, 0x10,
    0x82, 0x10, 0x82, 0x10, 0x82, 0x10, 0x82, 0x10, 0x82, 0x10, 0x82, 0x10, 0x82, 0x10, 0x82, 0x10,
    0x82, 0x10, 0x82, 0x10, 0x82, 0x10, 0x82, 0x10, 0x82, 0x10, 0x82, 0x10, 0x82, 0x10, 0x82, 0x10,
    0x82, 0x10, 0x82, 0x10, 0x82, 0x10, 0x82, 0x10, 0x82, 0x10, 0x82, 0x10, 0x82, 0x10, 0x82, 0x10,
    0x82, 0x10, 0x82, 0x10, 0x82, 0x10, 0x82, 0x10, 0x82, 0x08, 0x82, 0x10, 0x82, 0x10, 0x82, 0x10,
    0x82, 0x10, 0x82, 0x10, 0x20, 0x08, 0x45, 0x21, 0x86, 0x21, 0x66, 0x21, 0x86, 0x21, 0x86, 0x21,
    0x86, 0x21, 0x86, 0x21, 0x86, 0x21, 0x86, 0x21, 0x86, 0x21, 0x86, 0x21, 0x86, 0x21, 0x66, 0x21,
    0x86, 0x21, 0x86, 0x21, 0x66, 0x21, 0x86, 0x21, 0x86, 0x21, 0x86, 0x21, 0x86, 0x21, 0x86, 0x21,
    0x86, 0x21, 0x66, 0x21, 0x86, 0x21, 0x66, 0x21, 0x86, 0x21, 0x45, 0x19, 0x4a, 0x2a, 0x41, 0x10,
    0x00, 0x08, 0x09, 0x1a, 0x41, 0x10, 0x82, 0x10, 0x82, 0x10, 0x82, 0x10, 0x82, 0x10, 0x82, 0x10,
    0x82, 0x10, 0x82, 0x10, 0x82, 0x10, 0x82, 0x10, 0x82, 0x10, 0x82, 0x10, 0x82, 0x10, 0x82, 0x10,
    0xa2, 0x10, 0xa2, 0x10, 0xa2, 0x10, 0xa2, 0x10, 0x82, 0x10, 0x82, 0x10, 0x82, 0x10, 0xa2, 0x10,
    0x82, 0x10, 0x82, 0x10, 0x82, 0x10, 0x82, 0x10, 0x82, 0x10, 0x82, 0x10, 0x82, 0x10, 0xa2, 0x10,
    0xa2, 0x10, 0x82, 0x10, 0x82, 0x10, 0x82, 0x10, 0x82, 0x10, 0x82, 0x10, 0x82, 0x10, 0x82, 0x10,
    0x82, 0x10, 0x82, 0x10, 0x82, 0x10, 0x82, 0x10, 0x82, 0x10, 0x82, 0x10, 0x82, 0x10, 0x82, 0x10,
    0x82, 0x10, 0x82, 0x10, 0x82, 0x10, 0x82, 0x10, 0x82, 0x10, 0x82, 0x10, 0x82, 0x10, 0x82, 0x10,
    0x82, 0x10, 0x82, 0x10, 0x82, 0x10, 0x82, 0x10, 0x82, 0x10, 0xa2, 0x10, 0x82, 0x10, 0x82, 0x10,
    0xa2, 0x10, 0xa2, 0x10, 0x82, 0x10, 0x82, 0x10, 0x82, 0x10, 0x82, 0x10, 0x82, 0x10, 0x82, 0x10,
    0x82, 0x10, 0x82, 0x10, 0x82, 0x10, 0x82, 0x10, 0x82, 0x10, 0x82, 0x10, 0x82, 0x10, 0x82, 0x10,
    0x82, 0x10, 0x82, 0x10, 0x82, 0x10, 0x82, 0x10, 0x82, 0x10, 0x82, 0x10, 0x82, 0x10, 0x82, 0x10,
    0x82, 0x10, 0x82, 0x10, 0x82, 0x10, 0x82, 0x10, 0x82, 0x10, 0x82, 0x10, 0xa2, 0x10, 0x82, 0x10,
    0x82, 0x10, 0x82, 0x10, 0x82, 0x10, 0x82, 0x10, 0x82, 0x10, 0x82, 0x10, 0x82, 0x10, 0x62, 0x10,
    0x82, 0x10, 0x82, 0x10, 0x82, 0x10, 0x82, 0x10, 0x82, 0x10, 0x82, 0x10, 0x82, 0x10, 0x62, 0x10,
    0x82, 0x10, 0x82, 0x10, 0x82, 0x10, 0x81, 0x10, 0x81, 0x10, 0x82, 0x10, 0x82, 0x10, 0x82, 0x10,
    0x82, 0x10, 0x82, 0x10, 0x62, 0x10, 0x62, 0x10, 0x62, 0x10, 0x62, 0x08, 0x62, 0x08, 0x62, 0x08,
    0x61, 0x08, 0x61, 0x08, 0x61, 0x08, 0x40, 0x08, 0x41, 0x08, 0x41, 0x08, 0x41, 0x08, 0x62, 0x08,
    0x62, 0x08, 0x61, 0x08, 0x61, 0x08, 0x61, 0x08, 0x61, 0x08, 0x61, 0x08, 0x62, 0x08, 0x62, 0x08,
    0x61, 0x08, 0x61, 0x08, 0x61, 0x08, 0x62, 0x08, 0x62, 0x08, 0x61, 0x08, 0x61, 0x08, 0x61, 0x08,
    0x61, 0x08, 0x61, 0x08, 0x61, 0x08, 0x61, 0x08, 0x61, 0x08, 0x61, 0x08, 0x61, 0x08, 0x61, 0x08,
    0x61, 0x08, 0x61, 0x08, 0x61, 0x08, 0x61, 0x08, 0x61, 0x08, 0x61, 0x08, 0x61, 0x08, 0x61, 0x08,
    0x61, 0x08, 0x61, 0x08, 0x61, 0x08, 0x41, 0x08, 0x41, 0x08, 0x61, 0x08, 0x41, 0x08, 0x41, 0x08,
    0x41, 0x08, 0x42, 0x08, 0x41, 0x08, 0x41, 0x08, 0x41, 0x08, 0x41, 0x08, 0x41, 0x08, 0x41, 0x08,
    0x82, 0x08, 0x82, 0x10, 0x82, 0x10, 0x82, 0x10, 0x82, 0x10, 0x82, 0x10, 0x62, 0x08, 0x82, 0x10,
    0x82, 0x10, 0x82, 0x10, 0x82, 0x10, 0x82, 0x10, 0x82, 0x10, 0x82, 0x10, 0x82, 0x10, 0x82, 0x10,
    0x82, 0x10, 0x82, 0x10, 0x82, 0x10, 0x82, 0x10, 0x82, 0x10, 0x82, 0x10, 0x82, 0x10, 0x82, 0x10,
    0x82, 0x10, 0x82, 0x10, 0x82, 0x10, 0x82, 0x10, 0x61, 0x10, 0x20, 0x08, 0x20, 0x08, 0x61, 0x10,
    0x82, 0x10, 0x82, 0x10, 0x82, 0x10, 0x82, 0x10, 0x82, 0x10, 0x82, 0x08, 0x82, 0x10, 0x82, 0x10,
    0x82, 0x10, 0x00, 0x00, 0x87, 0x21, 0xa8, 0x21, 0xa3, 0x10, 0xc3, 0x10, 0xc3, 0x10, 0xc3, 0x10,
    0xc3, 0x10, 0xc3, 0x10, 0xc3, 0x10, 0xc3, 0x10, 0xc3, 0x10, 0xc3, 0x10, 0xc3, 0x10, 0xc3, 0x10,
    0xc3, 0x10, 0xc3, 0x10, 0xc3, 0x10, 0xc3, 0x10, 0xc3, 0x10, 0xc3, 0x10, 0xc3, 0x10, 0xc3, 0x10,
    0xc3, 0x10, 0xc3, 0x10, 0xc3, 0x10, 0xc3, 0x10, 0xe3, 0x10, 0xa2, 0x10, 0x86, 0x19, 0x25, 0x19,
    0x04, 0x19, 0xe8, 0x29, 0x20, 0x08, 0x82, 0x10, 0x82, 0x10, 0x82, 0x10, 0x82, 0x10, 0x82, 0x10,
    0x82, 0x10, 0x82, 0x10, 0x82, 0x10, 0x82, 0x10, 0x82, 0x10, 0x82, 0x10, 0x82, 0x10, 0x82, 0x10,
    0xa2, 0x10, 0xa2, 0x10, 0xa2, 0x10, 0xa2, 0x10, 0x82, 0x10, 0x82, 0x10, 0x82, 0x10, 0x82, 0x10,
    0x82, 0x10, 0x82, 0x10, 0x82, 0x10, 0xa2, 0x10, 0x82, 0x10, 0x82, 0x10, 0xa2, 0x10, 0x82, 0x10,
    0x82, 0x10, 0x82, 0x10, 0x82, 0x10, 0x82, 0x10, 0x82, 0x10, 0x82, 0x10, 0x82, 0x10, 0x82, 0x10,
    0x82, 0x10, 0x82, 0x10, 0x82, 0x10, 0x82, 0x10, 0x82, 0x10, 0x82, 0x10, 0x82, 0x10, 0x82, 0x10,
    0x82, 0x10, 0x82, 0x10, 0x82, 0x10, 0x82, 0x10, 0x82, 0x10, 0x82, 0x10, 0x82, 0x10, 0x82, 0x10,
    0x82, 0x10, 0x82, 0x10, 0x82, 0x10, 0x82, 0x10, 0x82, 0x10, 0xa2, 0x10, 0xa2, 0x10, 0xa2, 0x10,
    0xa2, 0x10, 0xa2, 0x10, 0xa2, 0x10, 0x82, 0x10, 0x82, 0x10, 0x82, 0x10, 0x82, 0x10, 0x82, 0x10,
    0x82, 0x10, 0x82, 0x10, 0x82, 0x10, 0x82, 0x10, 0x82, 0x10, 0x82, 0x10, 0x82, 0x10, 0x82, 0x10,
    0x82, 0x10, 0x82, 0x10, 0x82, 0x10, 0x82, 0x10, 0x82, 0x10, 0x82, 0x10, 0x82, 0x10, 0x82, 0x10,
    0x82, 0x10, 0x82, 0x10, 0x82, 0x10, 0x82, 0x10, 0x82, 0x10, 0x82, 0x10, 0x82, 0x10, 0x82, 0x10,
    0x82, 0x10, 0x82, 0x10, 0x82, 0x10, 0x82, 0x10, 0x82, 0x10, 0x82, 0x10, 0x82, 0x10, 0x62, 0x10,
    0x82, 0x10, 0x82, 0x10, 0x82, 0x10, 0x82, 0x10, 0x82, 0x10, 0x82, 0x10, 0x82, 0x10, 0x82, 0x10,
    0x82, 0x10, 0x82, 0x10, 0x82, 0x10, 0x82, 0x10, 0x82, 0x10, 0x82, 0x10, 0x82, 0x10, 0x82, 0x08,
    0x82, 0x10, 0x82, 0x10, 0x82, 0x10, 0x82, 0x10, 0x82, 0x10, 0x82, 0x10, 0x62, 0x08, 0x62, 0x08,
    0x62, 0x08, 0x81, 0x08, 0x40, 0x08, 0xe4, 0x10, 0x87, 0x19, 0x87, 0x19, 0xa2, 0x10, 0x41, 0x08,
    0x62, 0x08, 0x62, 0x08, 0x62, 0x08, 0x62, 0x08, 0x62, 0x08, 0x62, 0x08, 0x62, 0x08, 0x62, 0x08,
    0x42, 0x08, 0x42, 0x08, 0x41, 0x08, 0x42, 0x08, 0x42, 0x08, 0x61, 0x08, 0x61, 0x08, 0x61, 0x08,
    0x62, 0x08, 0x62, 0x08, 0x61, 0x08, 0x61, 0x08, 0x61, 0x08, 0x61, 0x08, 0x61, 0x08, 0x61, 0x08,
    0x61, 0x08, 0x61, 0x08, 0x61, 0x08, 0x61, 0x08, 0x61, 0x08, 0x61, 0x08, 0x61, 0x08, 0x61, 0x08,
    0x61, 0x08, 0x61, 0x08, 0x61, 0x08, 0x41, 0x08, 0x41, 0x08, 0x41, 0x08, 0x41, 0x08, 0x41, 0x08,
    0x41, 0x08, 0x41, 0x08, 0x41, 0x08, 0x41, 0x08, 0x41, 0x08, 0x41, 0x08, 0x41, 0x08, 0x41, 0x08,
    0x82, 0x10, 0x82, 0x10, 0x82, 0x10, 0x82, 0x10, 0x82, 0x10, 0x82, 0x10, 0x62, 0x08, 0x62, 0x08,
    0x82, 0x10, 0x82, 0x10, 0x82, 0x10, 0x82, 0x10, 0x82, 0x10, 0x82, 0x10, 0x82, 0x10, 0x82, 0x10,
    0x82, 0x10, 0x82, 0x10, 0x82, 0x10, 0x82, 0x10, 0x82, 0x10, 0x82, 0x10, 0x81, 0x10, 0x82, 0x10,
    0x82, 0x10, 0x82, 0x10, 0x82, 0x10, 0x61, 0x10, 0x41, 0x10, 0x66, 0x19, 0xc8, 0x19, 0xa2, 0x10,
    0x61, 0x10, 0x82, 0x10, 0x82, 0x10, 0x82, 0x10, 0x82, 0x08, 0x82, 0x10, 0x82, 0x10, 0x82, 0x10,
    0x00, 0x00, 0x66, 0x21, 0xc7, 0x29, 0x00, 0x00, 0x61, 0x08, 0x61, 0x08, 0x61, 0x08, 0x61, 0x08,
    0x61, 0x08, 0x41, 0x08, 0x61, 0x08, 0x61, 0x08, 0x61, 0x08, 0x61, 0x08, 0x61, 0x08, 0x61, 0x08,
    0x61, 0x08, 0x61, 0x08, 0x61, 0x08, 0x61, 0x08, 0x61, 0x08, 0x61, 0x10, 0x61, 0x10, 0x61, 0x10,
    0x61, 0x08, 0x61, 0x08, 0x61, 0x08, 0x61, 0x08, 0x61, 0x08, 0x41, 0x10, 0x41, 0x10, 0x66, 0x19,
    0xa7, 0x21, 0x61, 0x10, 0x61, 0x10, 0x82, 0x10, 0x82, 0x10, 0x82, 0x10, 0x82, 0x10, 0x82, 0x10,
    0x82, 0x10, 0x82, 0x10, 0x82, 0x10, 0x82, 0x10, 0x82, 0x10, 0x82, 0x10, 0x82, 0x10, 0x82, 0x10,
    0xa2, 0x10, 0xa2, 0x10, 0xa2, 0x10, 0xa2, 0x10, 0xa2, 0x10, 0x82, 0x10, 0x82, 0x10, 0x82, 0x10,
    0xa2, 0x10, 0x82, 0x10, 0x82, 0x10, 0x82, 0x10, 0x82, 0x10, 0x82, 0x10, 0xa2, 0x10, 0xa2, 0x10,
    0x82, 0x10, 0x82, 0x10, 0x82, 0x10, 0x82, 0x10, 0x82, 0x10, 0x82, 0x10, 0x82, 0x10, 0x82, 0x10,
    0x82, 0x10, 0x82, 0x10, 0x82, 0x10, 0x82, 0x10, 0x82, 0x10, 0x82, 0x10, 0x82, 0x10, 0x82, 0x10,
    0x82, 0x10, 0x82, 0x10, 0x82, 0x10, 0x82, 0x10, 0x82, 0x10, 0x82, 0x10, 0x82, 0x10, 0x82, 0x10,
    0x82, 0x10, 0x82, 0x10, 0x82, 0x10, 0x82, 0x10, 0x82, 0x10, 0xa2, 0x10, 0xa2, 0x10, 0x82, 0x10,
    0x82, 0x10, 0x82, 0x10, 0xa2, 0x10, 0x82, 0x10, 0x82, 0x10, 0x82, 0x10, 0x82, 0x10, 0x82, 0x10,
    0x82, 0x10, 0x82, 0x10, 0x82, 0x10, 0x82, 0x10, 0x82, 0x10, 0x82, 0x10, 0x82, 0x10, 0x82, 0x10,
    0x82, 0x10, 0x82, 0x10, 0x82, 0x10, 0x82, 0x10, 0x82, 0x10, 0x82, 0x10, 0x82, 0x10, 0x82, 0x10,
    0x82, 0x10, 0x82, 0x10, 0x82, 0x10, 0x82, 0x10, 0x82, 0x10, 0x82, 0x10, 0x82, 0x10, 0x82, 0x10,
    0x82, 0x10, 0x82, 0x10, 0x82, 0x10, 0x82, 0x10, 0x82, 0x10, 0x82, 0x10, 0x82, 0x10, 0x82, 0x10,
    0x82, 0x10, 0x82, 0x10, 0x82, 0x10, 0x82, 0x10, 0x82, 0x10, 0x82, 0x10, 0x82, 0x10, 0x82, 0x10,
    0x82, 0x10, 0x82, 0x10, 0x82, 0x10, 0x82, 0x10, 0x82, 0x10, 0x82, 0x08, 0x82, 0x08, 0x82, 0x08,
    0x82, 0x10, 0x82, 0x10, 0x82, 0x10, 0x82, 0x10, 0x62, 0x08, 0x62, 0x08, 0x62, 0x08, 0x62, 0x08,
    0x62, 0x08, 0x61, 0x08, 0x61, 0x08, 0xa8, 0x19, 0x40, 0x08, 0x82, 0x10, 0x67, 0x19, 0x41, 0x08,
    0x62, 0x08, 0x62, 0x08, 0x62, 0x08, 0x62, 0x08, 0x62, 0x08, 0x62, 0x08, 0x61, 0x08, 0x42, 0x08,
    0x42, 0x08, 0x42, 0x08, 0x42, 0x08, 0x61, 0x08, 0x61, 0x08, 0x61, 0x08, 0x61, 0x08, 0x62, 0x08,
    0x61, 0x08, 0x62, 0x08, 0x61, 0x08, 0x61, 0x08, 0x61, 0x08, 0x61, 0x08, 0x41, 0x08, 0x41, 0x08,
    0x61, 0x08, 0x61, 0x08, 0x61, 0x08, 0x61, 0x08, 0x61, 0x08, 0x61, 0x08, 0x61, 0x08, 0x61, 0x08,
    0x61, 0x08, 0x61, 0x08, 0x61, 0x08, 0x41, 0x08, 0x41, 0x08, 0x61, 0x08, 0x61, 0x08, 0x61, 0x08,
    0x61, 0x08, 0x41, 0x08, 0x41, 0x08, 0x41, 0x08, 0x41, 0x08, 0x41, 0x08, 0x41, 0x08, 0x41, 0x08,
    0x82, 0x10, 0x82, 0x08, 0x82, 0x10, 0x82, 0x10, 0x82, 0x10, 0x82, 0x10, 0x62, 0x10, 0x62, 0x10,
    0x62, 0x08, 0x82, 0x10, 0x82, 0x10, 0x82, 0x10, 0x82, 0x10, 0x82, 0x10, 0x82, 0x10, 0x82, 0x10,
    0x82, 0x10, 0x82, 0x10, 0x82, 0x10, 0x82, 0x10, 0x82, 0x10, 0x82, 0x10, 0x82, 0x10, 0x81, 0x10,
    0x82, 0x10, 0x82, 0x10, 0x82, 0x10, 0x20, 0x08, 0xa7, 0x21, 0x86, 0x19, 0xc3, 0x10, 0xc8, 0x19,
    0x61, 0x10, 0x82, 0x10, 0x82, 0x10, 0x82, 0x10, 0x82, 0x08, 0x82, 0x10, 0x82, 0x10, 0x00, 0x08,
    0x66, 0x21, 0xe8, 0x29, 0x00, 0x08, 0x82, 0x10, 0x82, 0x10, 0x82, 0x10, 0x82, 0x10, 0x82, 0x10,
    0x82, 0x10, 0x82, 0x10, 0x82, 0x10, 0x82, 0x10, 0x82, 0x10, 0x82, 0x10, 0x82, 0x10, 0x82, 0x10,
    0x82, 0x10, 0x82, 0x10, 0x82, 0x10, 0x82, 0x10, 0x82, 0x10, 0x82, 0x10, 0x82, 0x10, 0x82, 0x10,
    0x82, 0x10, 0x82, 0x10, 0x82, 0x10, 0x82, 0x10, 0x82, 0x10, 0x82, 0x10, 0x82, 0x10, 0x20, 0x08,
    0x20, 0x08, 0x61, 0x10, 0x82, 0x10, 0x82, 0x10, 0x82, 0x10, 0x82, 0x10, 0x82, 0x10, 0x82, 0x10,
    0x82, 0x10, 0x82, 0x10, 0x82, 0x10, 0x82, 0x10, 0x82, 0x10, 0x82, 0x10, 0x82, 0x10, 0x82, 0x10,
    0xa2, 0x10, 0xa2, 0x10, 0xa2, 0x10, 0xa2, 0x10, 0xa2, 0x10, 0x82, 0x10, 0x82, 0x10, 0x82, 0x10,
    0x82, 0x10, 0x82, 0x10, 0x82, 0x10, 0x82, 0x10, 0x82, 0x10, 0x82, 0x10, 0xa2, 0x10, 0xa2, 0x10,
    0xa2, 0x10, 0x82, 0x10, 0x82, 0x10, 0xa2, 0x10, 0x82, 0x10, 0x82, 0x10, 0x82, 0x10, 0x82, 0x10,
    0x82, 0x10, 0x82, 0x10, 0x82, 0x10, 0x82, 0x10, 0x82, 0x10, 0x82, 0x10, 0x82, 0x10, 0x82, 0x10,
    0x82, 0x10, 0x82, 0x10, 0x82, 0x10, 0x82, 0x10, 0xa2, 0x10, 0xa2, 0x10, 0x82, 0x10, 0x82, 0x10,
    0x82, 0x10, 0xa2, 0x10, 0xa2, 0x10, 0x82, 0x10, 0x82, 0x10, 0x82, 0x10, 0x82, 0x10, 0x82, 0x10,
    0x82, 0x10, 0x82, 0x10, 0x82, 0x10, 0x82, 0x10, 0x82, 0x10, 0x82, 0x10, 0x82, 0x10, 0x82, 0x10,
    0x82, 0x10, 0x82, 0x10, 0x82, 0x10, 0x82, 0x10, 0x82, 0x10, 0x82, 0x10, 0x82, 0x10, 0x82, 0x10,
    0x82, 0x10, 0x82, 0x10, 0x82, 0x10, 0x82, 0x10, 0x82, 0x10, 0x82, 0x10, 0x82, 0x10, 0x82, 0x10,
    0x82, 0x10, 0x82, 0x10, 0x82, 0x10, 0x82, 0x10, 0x82, 0x10, 0x82, 0x10, 0x82, 0x10, 0x82, 0x10,
    0x82, 0x10, 0x82, 0x10, 0x82, 0x10, 0x82, 0x10, 0x82, 0x10, 0x82, 0x10, 0x82, 0x10, 0x82, 0x10,
    0x82, 0x10, 0x82, 0x10, 0x82, 0x10, 0x82, 0x10, 0x82, 0x10, 0x82, 0x10, 0x82, 0x10, 0x82, 0x10,
    0x82, 0x10, 0x82, 0x10, 0x82, 0x10, 0x62, 0x10, 0x62, 0x10, 0x62, 0x10, 0x82, 0x10, 0x82, 0x08,
    0x82, 0x10, 0x82, 0x10, 0x82, 0x10, 0x82, 0x08, 0x62, 0x08, 0x62, 0x08, 0x62, 0x08, 0x62, 0x08,
    0x62, 0x08, 0x62, 0x08, 0x41, 0x08, 0xa8, 0x19, 0x81, 0x10, 0xc3, 0x10, 0x45, 0x11, 0x41, 0x08,
    0x62, 0x08, 0x61, 0x08, 0x61, 0x08, 0x61, 0x08, 0x61, 0x08, 0x61, 0x08, 0x61, 0x08, 0x61, 0x08,
    0x61, 0x08, 0x61, 0x08, 0x61, 0x08, 0x61, 0x08, 0x61, 0x08, 0x61, 0x08, 0x61, 0x08, 0x61, 0x08,
    0x61, 0x08, 0x61, 0x08, 0x61, 0x08, 0x61, 0x08, 0x61, 0x08, 0x61, 0x08, 0x41, 0x08, 0x42, 0x08,
    0x42, 0x08, 0x61, 0x08, 0x61, 0x08, 0x61, 0x08, 0x61, 0x08, 0x61, 0x08, 0x61, 0x08, 0x61, 0x08,
    0x61, 0x08, 0x61, 0x08, 0x61, 0x08, 0x41, 0x08, 0x61, 0x08, 0x61, 0x08, 0x61, 0x08, 0x61, 0x08,
    0x61, 0x08, 0x61, 0x08, 0x41, 0x08, 0x41, 0x08, 0x41, 0x08, 0x41, 0x08, 0x41, 0x08, 0x41, 0x08,
    0x82, 0x08, 0x82, 0x08, 0x82, 0x10, 0x82, 0x10, 0x82, 0x10, 0x82, 0x10, 0x62, 0x10, 0x62, 0x10,
    0x62, 0x08, 0x82, 0x10, 0x81, 0x10, 0x81, 0x10, 0x81, 0x10, 0x82, 0x10, 0x82, 0x10, 0x82, 0x08,
    0x82, 0x10, 0x82, 0x10, 0x82, 0x10, 0x82, 0x08, 0x82, 0x10, 0x82, 0x08, 0x82, 0x08, 0x82, 0x10,
    0x82, 0x10, 0x82, 0x10, 0x82, 0x10, 0x20, 0x08, 0xc8, 0x19, 0x41, 0x10, 0x00, 0x08, 0xc8, 0x21,
    0xa2, 0x10, 0x61, 0x10, 0x82, 0x10, 0x82, 0x10, 0x82, 0x08, 0x82, 0x10, 0x20, 0x08, 0x45, 0x19,
    0x29, 0x2a, 0x00, 0x08, 0x82, 0x10, 0x82, 0x10, 0x82, 0x10, 0x82, 0x10, 0x82, 0x10, 0x82, 0x10,
    0x82, 0x10, 0x82, 0x10, 0x82, 0x08, 0x82, 0x08, 0x82, 0x08, 0x82, 0x10, 0x82, 0x08, 0x82, 0x10,
    0x82, 0x10, 0x82, 0x08, 0x82, 0x08, 0x82, 0x10, 0x82, 0x10, 0x82, 0x10, 0x82, 0x10, 0x82, 0x10,
    0x82, 0x10, 0x82, 0x10, 0x82, 0x10, 0x82, 0x10, 0x82, 0x10, 0x82, 0x10, 0x82, 0x10, 0x82, 0x10,
    0x82, 0x10, 0x82, 0x10, 0x82, 0x10, 0x82, 0x10, 0x82, 0x10, 0x82, 0x10, 0x82, 0x10, 0x82, 0x10,
    0x82, 0x10, 0x82, 0x10, 0x82, 0x10, 0x82, 0x10, 0x82, 0x10, 0x82, 0x10, 0x82, 0x10, 0xa2, 0x10,
    0xa2, 0x10, 0xa2, 0x10, 0x82, 0x10, 0xa2, 0x10, 0xa2, 0x10, 0xa2, 0x10, 0x82, 0x10, 0x82, 0x10,
    0x82, 0x10, 0x82, 0x10, 0x82, 0x10, 0x82, 0x10, 0x82, 0x10, 0x82, 0x10, 0xa2, 0x10, 0x82, 0x10,
    0xa2, 0x10, 0x82, 0x10, 0x82, 0x10, 0x82, 0x10, 0x82, 0x10, 0x82, 0x10, 0x82, 0x10, 0xa2, 0x10,
    0xa2, 0x10, 0xa2, 0x10, 0xa2, 0x10, 0xa2, 0x10, 0x82, 0x10, 0xa2, 0x10, 0xa2, 0x10, 0xa2, 0x10,
    0xa2, 0x10, 0x82, 0x10, 0x82, 0x10, 0xa2, 0x10, 0xa2, 0x10, 0x82, 0x10, 0x82, 0x10, 0x82, 0x10,
    0x82, 0x10, 0xa2, 0x10, 0xa2, 0x10, 0xa2, 0x10, 0xa2, 0x10, 0xa2, 0x10, 0x82, 0x10, 0xa2, 0x10,
    0x82, 0x10, 0x82, 0x10, 0x82, 0x10, 0x82, 0x10, 0x82, 0x10, 0x82, 0x10, 0x82, 0x10, 0x82, 0x10,
    0x82, 0x10, 0x82, 0x10, 0x82, 0x10, 0xa2, 0x10, 0x82, 0x10, 0x82, 0x10, 0x82, 0x10, 0xa2, 0x10,
    0x82, 0x10, 0x82, 0x10, 0x82, 0x10, 0x82, 0x10, 0x82, 0x10, 0x82, 0x10, 0x82, 0x10, 0x82, 0x10,
    0x82, 0x10, 0x82, 0x10, 0x82, 0x10, 0x82, 0x10, 0x82, 0x10, 0x82, 0x10, 0x82, 0x10, 0x82, 0x10,
    0x82, 0x10, 0x82, 0x10, 0x82, 0x10, 0x82, 0x10, 0x82, 0x10, 0x82, 0x10, 0x82, 0x10, 0x82, 0x10,
    0x82, 0x10, 0x82, 0x10, 0x82, 0x10, 0x82, 0x10, 0x82, 0x10, 0xa2, 0x10, 0xa2, 0x10, 0x82, 0x10,
    0x82, 0x10, 0x82, 0x08, 0x62, 0x10, 0x82, 0x08, 0x62, 0x08, 0x62, 0x08, 0x62, 0x10, 0x82, 0x10,
    0x82, 0x10, 0x82, 0x10, 0x82, 0x08, 0x62, 0x08, 0x62, 0x08, 0x62, 0x08, 0x62, 0x08, 0x62, 0x08,
    0x62, 0x08, 0x62, 0x08, 0x41, 0x08, 0x62, 0x08, 0xc8, 0x21, 0x66, 0x19, 0x61, 0x08, 0x61, 0x08,
    0x61, 0x08, 0x61, 0x08, 0x61, 0x08, 0x61, 0x08, 0x61, 0x08, 0x61, 0x08, 0x61, 0x08, 0x61, 0x08,
    0x61, 0x08, 0x61, 0x08, 0x61, 0x08, 0x61, 0x08, 0x61, 0x08, 0x61, 0x08, 0x61, 0x08, 0x61, 0x08,
    0x61, 0x08, 0x61, 0x08, 0x61, 0x08, 0x61, 0x08, 0x61, 0x08, 0x61, 0x08, 0x61, 0x08, 0x42, 0x08,
    0x62, 0x08, 0x61, 0x08, 0x61, 0x08, 0x61, 0x08, 0x61, 0x08, 0x61, 0x08, 0x61, 0x08, 0x61, 0x08,
    0x61, 0x08, 0x61, 0x08, 0x61, 0x08, 0x61, 0x08, 0x61, 0x08, 0x61, 0x08, 0x61, 0x08, 0x61, 0x08,
    0x61, 0x08, 0x61, 0x08, 0x61, 0x08, 0x41, 0x08, 0x41, 0x08, 0x41, 0x08, 0x41, 0x08, 0x41, 0x08,
    0x82, 0x08, 0x82, 0x10, 0x82, 0x10, 0x82, 0x10, 0x82, 0x10, 0x82, 0x10, 0x82, 0x10, 0x82, 0x10,
    0x82, 0x10, 0x82, 0x10, 0x81, 0x10, 0x81, 0x10, 0x82, 0x10, 0x82, 0x10, 0x82, 0x10, 0x82, 0x08,
    0x82, 0x08, 0x82, 0x10, 0x82, 0x10, 0x82, 0x08, 0x62, 0x08, 0x62, 0x08, 0x62, 0x08, 0x82, 0x08,
    0x82, 0x10, 0x82, 0x10, 0x82, 0x10, 0x40, 0x08, 0xe4, 0x10, 0xc9, 0x19, 0xc8, 0x21, 0xc7, 0x21,
    0x41, 0x08, 0x82, 0x10, 0x82, 0x10, 0x82, 0x08, 0x82, 0x08, 0x82, 0x10, 0x00, 0x08, 0xc8, 0x21,
    0x61, 0x08, 0x61, 0x08, 0x82, 0x10, 0x82, 0x10, 0x82, 0x10, 0x82, 0x10, 0x82, 0x10, 0x82, 0x10,
    0x82, 0x10, 0x82, 0x10, 0x82, 0x10, 0x82, 0x08, 0x82, 0x08, 0x82, 0x08, 0x82, 0x08, 0x82, 0x08,
    0x82, 0x08, 0x82, 0x08, 0x82, 0x10, 0x82, 0x10, 0x82, 0x10, 0x82, 0x10, 0x82, 0x10, 0x82, 0x10,
    0x82, 0x10, 0x82, 0x10, 0x82, 0x08, 0x82, 0x08, 0x82, 0x08, 0x82, 0x08, 0x82, 0x10, 0x82, 0x10,
    0x82, 0x10, 0x82, 0x10, 0x82, 0x10, 0x82, 0x10, 0x82, 0x10, 0x82, 0x10, 0x82, 0x10, 0x82, 0x10,
    0x82, 0x10, 0x82, 0x10, 0x82, 0x10, 0x82, 0x10, 0x82, 0x10, 0x82, 0x10, 0x82, 0x10, 0x82, 0x10,
    0xa2, 0x10, 0xa2, 0x10, 0x82, 0x10, 0xa2, 0x10, 0xa2, 0x10, 0xa2, 0x10, 0x82, 0x10, 0x82, 0x10,
    0x82, 0x10, 0x82, 0x10, 0x82, 0x10, 0x82, 0x10, 0x82, 0x10, 0x82, 0x10, 0x82, 0x10, 0xa2, 0x10,
    0xa2, 0x10, 0x82, 0x10, 0x82, 0x10, 0xa2, 0x10, 0x82, 0x10, 0x82, 0x10, 0x82, 0x10, 0x82, 0x10,
    0x82, 0x10, 0xa2, 0x10, 0xa2, 0x10, 0xa2, 0x10, 0xa2, 0x10, 0xa2, 0x10, 0xa2, 0x10, 0xa2, 0x10,
    0xa2, 0x10, 0xa2, 0x10, 0xa2, 0x10, 0xa2, 0x10, 0x82, 0x10, 0x82, 0x10, 0x82, 0x10, 0x82, 0x10,
    0x82, 0x10, 0x82, 0x10, 0xa2, 0x10, 0x82, 0x10, 0x82, 0x10, 0x82, 0x10, 0x82, 0x10, 0x82, 0x10,
    0x82, 0x10, 0x82, 0x10, 0x82, 0x10, 0x82, 0x10, 0x82, 0x10, 0xa2, 0x10, 0x82, 0x10, 0x82, 0x10,
    0x82, 0x10, 0x82, 0x10, 0x82, 0x10, 0x82, 0x10, 0x82, 0x10, 0x82, 0x10, 0x82, 0x10, 0xa2, 0x10,
    0x82, 0x10, 0x82, 0x10, 0xa2, 0x10, 0x82, 0x10, 0x82, 0x10, 0x82, 0x10, 0x82, 0x10, 0x82, 0x10,
    0x82, 0x10, 0x82, 0x10, 0x82, 0x10, 0x82, 0x10, 0x82, 0x10, 0x82, 0x10, 0x82, 0x10, 0x82, 0x10,
    0xa2, 0x10, 0x82, 0x10, 0x82, 0x10, 0x82, 0x10, 0x82, 0x10, 0x82, 0x10, 0x82, 0x10, 0x82, 0x10,
    0x82, 0x10, 0x82, 0x10, 0x82, 0x10, 0x82, 0x10, 0xa2, 0x10, 0xa2, 0x10, 0x82, 0x10, 0x82, 0x10,
    0x82, 0x10, 0x82, 0x10, 0x82, 0x08, 0x82, 0x08, 0x62, 0x08, 0x82, 0x08, 0x82, 0x08, 0x82, 0x08,
    0x82, 0x08, 0x82, 0x10, 0x82, 0x10, 0x62, 0x08, 0x62, 0x08, 0x62, 0x08, 0x62, 0x08, 0x62, 0x08,
    0x62, 0x08, 0x62, 0x08, 0x82, 0x08, 0x00, 0x08, 0x25, 0x19, 0x61, 0x10, 0x41, 0x08, 0x62, 0x08,
    0x61, 0x08, 0x41, 0x08, 0x61, 0x08, 0x61, 0x08, 0x61, 0x08, 0x61, 0x08, 0x61, 0x08, 0x61, 0x08,
    0x61, 0x08, 0x61, 0x08, 0x61, 0x08, 0x61, 0x08, 0x61, 0x08, 0x61, 0x08, 0x61, 0x08, 0x61, 0x08,
    0x61, 0x08, 0x41, 0x08, 0x41, 0x08, 0x41, 0x08, 0x41, 0x08, 0x61, 0x08, 0x61, 0x08, 0x61, 0x08,
    0x61, 0x08, 0x61, 0x08, 0x42, 0x08, 0x61, 0x08, 0x61, 0x08, 0x61, 0x08, 0x41, 0x08, 0x41, 0x08,
    0x61, 0x08, 0x61, 0x08, 0x61, 0x08, 0x61, 0x08, 0x61, 0x08, 0x61, 0x08, 0x61, 0x08, 0x61, 0x08,
    0x61, 0x08, 0x61, 0x08, 0x41, 0x08, 0x41, 0x08, 0x41, 0x08, 0x61, 0x08, 0x41, 0x08, 0x41, 0x08,
    0x62, 0x08, 0x82, 0x10, 0x82, 0x10, 0x81, 0x10, 0x82, 0x10, 0x82, 0x10, 0x82, 0x10, 0x82, 0x10,
    0x82, 0x10, 0x82, 0x10, 0x82, 0x10, 0x82, 0x10, 0x82, 0x10, 0x82, 0x10, 0x82, 0x10, 0x82, 0x08,
    0x82, 0x10, 0x82, 0x10, 0x82, 0x10, 0x82, 0x10, 0x62, 0x08, 0x62, 0x08, 0x62, 0x08, 0x62, 0x08,
    0x82, 0x08, 0x82, 0x08, 0x82, 0x10, 0x82, 0x10, 0x20, 0x08, 0xe4, 0x10, 0xa7, 0x19, 0x00, 0x08,
    0x82, 0x10, 0x82, 0x10, 0x82, 0x10, 0x82, 0x08, 0x82, 0x08, 0x82, 0x10, 0x00, 0x08, 0xa7, 0x19,
    0xa2, 0x10, 0x61, 0x10, 0x82, 0x10, 0x82, 0x10, 0x82, 0x10, 0x82, 0x10, 0x82, 0x10, 0x82, 0x10,
    0x82, 0x10, 0x82, 0x10, 0x82, 0x10, 0x62, 0x10, 0x62, 0x10, 0x62, 0x10, 0x82, 0x08, 0x82, 0x08,
    0x82, 0x08, 0x82, 0x10, 0x82, 0x10, 0x82, 0x10, 0x82, 0x10, 0x82, 0x10, 0x82, 0x10, 0x82, 0x10,
    0x82, 0x10, 0x82, 0x10, 0x82, 0x10, 0x82, 0x08, 0x82, 0x08, 0x82, 0x08, 0x82, 0x08, 0x82, 0x08,
    0x82, 0x10, 0x82, 0x10, 0x82, 0x10, 0x82, 0x10, 0x82, 0x10, 0x82, 0x10, 0x82, 0x10, 0x82, 0x10,
    0x82, 0x10, 0x82, 0x10, 0x82, 0x10, 0x82, 0x10, 0x82, 0x10, 0x82, 0x10, 0x82, 0x10, 0x82, 0x10,
    0x82, 0x10, 0x82, 0x10, 0xa2, 0x10, 0xa2, 0x10, 0x82, 0x10, 0x82, 0x10, 0x82, 0x10, 0x82, 0x10,
    0x82, 0x10, 0x82, 0x10, 0x82, 0x10, 0x82, 0x10, 0x82, 0x10, 0x82, 0x10, 0x82, 0x10, 0x82, 0x10,
    0x82, 0x10, 0x82, 0x10, 0x82, 0x10, 0x82, 0x10, 0x82, 0x10, 0x82, 0x10, 0x82, 0x10, 0x82, 0x10,
    0x82, 0x10, 0x82, 0x10, 0x82, 0x10, 0x82, 0x10, 0x82, 0x10, 0xa2, 0x10, 0xa2, 0x10, 0xa2, 0x10,
    0xa2, 0x10, 0xa2, 0x10, 0xa2, 0x10, 0x82, 0x10, 0x82, 0x10, 0x82, 0x10, 0x82, 0x10, 0x82, 0x10,
    0x82, 0x10, 0x82, 0x10, 0xa2, 0x10, 0x82, 0x10, 0x82, 0x10, 0x82, 0x10, 0x82, 0x10, 0x82, 0x10,
    0x82, 0x10, 0x82, 0x10, 0x82, 0x10, 0x82, 0x10, 0x82, 0x10, 0x82, 0x10, 0x82, 0x10, 0x82, 0x10,
    0x82, 0x10, 0x82, 0x10, 0xa2, 0x10, 0xa2, 0x10, 0x82, 0x10, 0x82, 0x10, 0x82, 0x10, 0x82, 0x10,
    0x82, 0x10, 0x82, 0x10, 0x82, 0x10, 0x82, 0x10, 0x82, 0x10, 0x82, 0x10, 0x82, 0x10, 0x82, 0x10,
    0x82, 0x10, 0x82, 0x10, 0x82, 0x10, 0x82, 0x10, 0x82, 0x10, 0x82, 0x10, 0x82, 0x10, 0x82, 0x10,
    0xa2, 0x10, 0x82, 0x10, 0x82, 0x10, 0x82, 0x10, 0x82, 0x10, 0x82, 0x10, 0x82, 0x10, 0x82, 0x10,
    0x82, 0x10, 0x82, 0x10, 0x82, 0x10, 0x82, 0x10, 0x82, 0x10, 0x82, 0x10, 0x82, 0x10, 0x82, 0x10,
    0x82, 0x10, 0x82, 0x10, 0x82, 0x08, 0x82, 0x08, 0x82, 0x08, 0x82, 0x08, 0x82, 0x08, 0x82, 0x08,
    0x82, 0x08, 0x82, 0x10, 0x62, 0x08, 0x62, 0x08, 0x62, 0x08, 0x62, 0x08, 0x62, 0x08, 0x62, 0x08,
    0x61, 0x08, 0x61, 0x08, 0x81, 0x08, 0x20, 0x08, 0x46, 0x19, 0xa2, 0x10, 0x41, 0x08, 0x61, 0x08,
    0x61, 0x08, 0x61, 0x08, 0x41, 0x08, 0x41, 0x08, 0x61, 0x08, 0x61, 0x08, 0x61, 0x08, 0x61, 0x08,
    0x61, 0x08, 0x61, 0x08, 0x61, 0x08, 0x61, 0x08, 0x61, 0x08, 0x61, 0x08, 0x61, 0x08, 0x61, 0x08,
    0x61, 0x08, 0x41, 0x08, 0xe4, 0x10, 0xe4, 0x10, 0x61, 0x08, 0x61, 0x08, 0x62, 0x08, 0x62, 0x08,
    0x61, 0x08, 0x61, 0x08, 0x61, 0x08, 0x61, 0x08, 0x61, 0x08, 0x41, 0x08, 0x42, 0x08, 0x42, 0x08,
    0x42, 0x08, 0x41, 0x08, 0x61, 0x08, 0x41, 0x08, 0x61, 0x08, 0x61, 0x08, 0x61, 0x08, 0x61, 0x08,
    0x61, 0x08, 0x61, 0x08, 0x41, 0x08, 0x41, 0x08, 0x41, 0x08, 0x41, 0x08, 0x41, 0x08, 0x41, 0x08,
    0x62, 0x08, 0x82, 0x10, 0x82, 0x10, 0x82, 0x10, 0x82, 0x10, 0x82, 0x10, 0x82, 0x10, 0x62, 0x08,
    0x62, 0x08, 0x82, 0x08, 0x82, 0x08, 0x82, 0x10, 0x82, 0x10, 0x82, 0x10, 0x82, 0x10, 0x82, 0x10,
    0x82, 0x10, 0x82, 0x10, 0x82, 0x10, 0x82, 0x10, 0x82, 0x08, 0x62, 0x08, 0x62, 0x08, 0x62, 0x08,
    0x62, 0x08, 0x82, 0x08, 0x82, 0x10, 0x82, 0x10, 0x41, 0x08, 0xe3, 0x10, 0x25, 0x19, 0x20, 0x08,
    0x82, 0x10, 0x82, 0x10, 0x82, 0x08, 0x82, 0x08, 0x82, 0x08, 0x82, 0x10, 0x20, 0x08, 0xc7, 0x19,
    0xa2, 0x10, 0x61, 0x10, 0x82, 0x10, 0x82, 0x10, 0x82, 0x10, 0x82, 0x10, 0x82, 0x10, 0x82, 0x10,
    0x82, 0x10, 0x82, 0x10, 0x82, 0x10, 0x62, 0x10, 0x62, 0x08, 0x62, 0x10, 0x82, 0x08, 0x82, 0x10,
    0x82, 0x10, 0x82, 0x10, 0x82, 0x10, 0x82, 0x10, 0x82, 0x10, 0x82, 0x10, 0x82, 0x10, 0x82, 0x10,
    0x82, 0x10, 0x82, 0x10, 0x82, 0x08, 0x82, 0x08, 0x82, 0x08, 0x82, 0x08, 0x82, 0x08, 0x82, 0x08,
    0x82, 0x10, 0x82, 0x10, 0x82, 0x10, 0x82, 0x10, 0x82, 0x10, 0x82, 0x10, 0x82, 0x10, 0x82, 0x10,
    0x82, 0x10, 0x82, 0x10, 0x82, 0x10, 0x82, 0x10, 0x82, 0x10, 0x82, 0x10, 0x82, 0x10, 0x82, 0x10,
    0x82, 0x10, 0xa2, 0x10, 0x82, 0x10, 0x82, 0x10, 0xa2, 0x10, 0x82, 0x10, 0x82, 0x10, 0x82, 0x10,
    0x82, 0x10, 0x82, 0x10, 0x82, 0x10, 0x82, 0x10, 0x82, 0x10, 0x82, 0x10, 0x82, 0x10, 0x82, 0x10,
    0x82, 0x10, 0x82, 0x10, 0x82, 0x10, 0x82, 0x10, 0x82, 0x10, 0x82, 0x10, 0x82, 0x10, 0x82, 0x10,
    0x82, 0x10, 0x82, 0x10, 0x82, 0x10, 0x82, 0x10, 0x82, 0x10, 0x82, 0x10, 0xa2, 0x10, 0x82, 0x10,
    0x82, 0x10, 0xa2, 0x10, 0xa2, 0x10, 0x82, 0x10, 0x82, 0x10, 0x82, 0x10, 0x82, 0x10, 0x82, 0x10,
    0x82, 0x10, 0x82, 0x10, 0x82, 0x10, 0x82, 0x10, 0x82, 0x10, 0x82, 0x10, 0x82, 0x10, 0x82, 0x10,
    0x82, 0x10, 0xa2, 0x10, 0x82, 0x10, 0x82, 0x10, 0x82, 0x10, 0x82, 0x10, 0x82, 0x10, 0x82, 0x10,
    0xa2, 0x10, 0x82, 0x10, 0x82, 0x10, 0x82, 0x10, 0x82, 0x10, 0x82, 0x10, 0x82, 0x10, 0xa2, 0x10,
    0xa2, 0x10, 0x82, 0x10, 0x82, 0x10, 0x82, 0x10, 0x82, 0x10, 0x82, 0x10, 0x82, 0x10, 0x82, 0x10,
    0x82, 0x10, 0x82, 0x10, 0x82, 0x10, 0x82, 0x10, 0x82, 0x10, 0x82, 0x10, 0x82, 0x10, 0x82, 0x10,
    0x82, 0x10, 0x82, 0x10, 0x82, 0x10, 0x82, 0x10, 0x82, 0x10, 0x82, 0x10, 0x82, 0x10, 0x82, 0x10,
    0x82, 0x10, 0x82, 0x10, 0x82, 0x10, 0x82, 0x10, 0x82, 0x10, 0x82, 0x08, 0x82, 0x10, 0x82, 0x10,
    0x82, 0x10, 0x82, 0x10, 0x82, 0x10, 0x82, 0x08, 0x82, 0x08, 0x82, 0x08, 0x82, 0x08, 0x82, 0x08,
    0x82, 0x08, 0x62, 0x10, 0x62, 0x08, 0x62, 0x08, 0x62, 0x08, 0x62, 0x10, 0x62, 0x08, 0x61, 0x08,
    0x61, 0x08, 0x61, 0x08, 0x62, 0x08, 0x20, 0x08, 0x46, 0x19, 0xa2, 0x10, 0x41, 0x08, 0x61, 0x08,
    0x61, 0x08, 0x41, 0x08, 0x20, 0x08, 0x62, 0x08, 0x41, 0x08, 0x61, 0x08, 0x62, 0x08, 0x61, 0x08,
    0x61, 0x08, 0x61, 0x08, 0x61, 0x08, 0x61, 0x08, 0x61, 0x08, 0x61, 0x08, 0x61, 0x08, 0x61, 0x08,
    0x41, 0x08, 0x82, 0x08, 0x25, 0x19, 0x04, 0x11, 0xc3, 0x08, 0x41, 0x08, 0x62, 0x08, 0x61, 0x08,
    0x61, 0x08, 0x61, 0x08, 0x61, 0x08, 0x61, 0x08, 0x61, 0x08, 0x42, 0x08, 0x42, 0x08, 0x42, 0x08,
    0x42, 0x08, 0x41, 0x08, 0x61, 0x08, 0x61, 0x08, 0x61, 0x08, 0x61, 0x08, 0x61, 0x08, 0x61, 0x08,
    0x61, 0x08, 0x41, 0x08, 0x41, 0x08, 0x41, 0x08, 0x41, 0x08, 0x41, 0x08, 0x41, 0x08, 0x41, 0x08,
    0x62, 0x08, 0x82, 0x08, 0x82, 0x08, 0x82, 0x10, 0x82, 0x10, 0x82, 0x08, 0x62, 0x08, 0x62, 0x08,
    0x62, 0x08, 0x62, 0x08, 0x62, 0x08, 0x82, 0x10, 0x82, 0x10, 0x82, 0x10, 0x82, 0x10, 0x82, 0x08,
    0x82, 0x10, 0x82, 0x10, 0x82, 0x10, 0x82, 0x08, 0x82, 0x08, 0x62, 0x08, 0x62, 0x08, 0x82, 0x08,
    0x82, 0x08, 0x82, 0x08, 0x82, 0x10, 0x82, 0x10, 0x40, 0x08, 0xe4, 0x10, 0x66, 0x19, 0x20, 0x08,
    0x82, 0x10, 0x82, 0x10, 0x62, 0x08, 0x62, 0x08, 0x82, 0x08, 0x82, 0x10, 0x20, 0x08, 0xc8, 0x21,
    0xa2, 0x10, 0x61, 0x08, 0x82, 0x10, 0x82, 0x10, 0x82, 0x10, 0x82, 0x10, 0x82, 0x10, 0x82, 0x10,
    0x82, 0x10, 0x82, 0x10, 0x82, 0x08, 0x82, 0x08, 0x82, 0x10, 0x82, 0x10, 0x82, 0x08, 0x82, 0x08,
    0x82, 0x08, 0x82, 0x08, 0x82, 0x08, 0x82, 0x10, 0x82, 0x10, 0x82, 0x10, 0x82, 0x10, 0x82, 0x10,
    0x82, 0x10, 0x82, 0x08, 0x82, 0x08, 0x82, 0x08, 0x82, 0x08, 0x82, 0x08, 0x82, 0x08, 0x82, 0x08,
    0x82, 0x08, 0x82, 0x08, 0x82, 0x10, 0x82, 0x10, 0x82, 0x10, 0x82, 0x10, 0x82, 0x10, 0x82, 0x10,
    0x82, 0x10, 0x82, 0x10, 0x82, 0x10, 0x82, 0x10, 0x82, 0x10, 0x82, 0x10, 0x82, 0x10, 0x82, 0x10,
    0x82, 0x10, 0x82, 0x10, 0x82, 0x10, 0x82, 0x10, 0x82, 0x10, 0x82, 0x10, 0x82, 0x10, 0x82, 0x10,
    0x82, 0x10, 0x82, 0x10, 0x82, 0x10, 0x82, 0x10, 0x82, 0x10, 0x82, 0x10, 0x82, 0x10, 0x82, 0x10,
    0x82, 0x10, 0x82, 0x10, 0x82, 0x10, 0x82, 0x10, 0x82, 0x10, 0x82, 0x10, 0x82, 0x10, 0x82, 0x10,
    0x82, 0x10, 0x82, 0x10, 0x82, 0x10, 0x82, 0x10, 0x82, 0x10, 0x82, 0x10, 0x82, 0x10, 0x82, 0x10,
    0x82, 0x10, 0xa2, 0x10, 0x82, 0x10, 0x82, 0x10, 0x82, 0x10, 0x82, 0x10, 0xa2, 0x10, 0xa2, 0x10,
    0xa2, 0x10, 0x82, 0x10, 0x82, 0x10, 0x82, 0x10, 0x82, 0x10, 0x82, 0x10, 0x82, 0x10, 0x82, 0x10,
    0x82, 0x10, 0xa2, 0x10, 0x82, 0x10, 0x82, 0x10, 0x82, 0x10, 0x82, 0x10, 0x82, 0x10, 0x82, 0x10,
    0x82, 0x10, 0x82, 0x10, 0x82, 0x10, 0x82, 0x10, 0x82, 0x10, 0x82, 0x10, 0x82, 0x10, 0xa2, 0x10,
    0xa2, 0x10, 0xa2, 0x10, 0x82, 0x10, 0x82, 0x10, 0x82, 0x10, 0x82, 0x10, 0x82, 0x10, 0x82, 0x10,
    0x82, 0x10, 0x82, 0x10, 0x82, 0x10, 0x82, 0x10, 0x82, 0x10, 0x82, 0x10, 0x82, 0x10, 0x82, 0x10,
    0x82, 0x10, 0x82, 0x10, 0x82, 0x10, 0x82, 0x10, 0x82, 0x10, 0x82, 0x10, 0x82, 0x10, 0x62, 0x10,
    0x62, 0x10, 0x62, 0x10, 0x82, 0x08, 0x82, 0x10, 0x82, 0x08, 0x82, 0x10, 0x62, 0x10, 0x62, 0x10,
    0x82, 0x10, 0x82, 0x10, 0x82, 0x10, 0x82, 0x10, 0x82, 0x08, 0x82, 0x08, 0x82, 0x08, 0x82, 0x08,
    0x82, 0x08, 0x62, 0x08, 0x62, 0x08, 0x62, 0x08, 0x62, 0x08, 0x62, 0x08, 0x62, 0x08, 0x61, 0x08,
    0x61, 0x08, 0x61, 0x08, 0x62, 0x08, 0x20, 0x08, 0x66, 0x19, 0xa2, 0x10, 0x41, 0x08, 0x61, 0x08,
    0x61, 0x08, 0x41, 0x08, 0x05, 0x11, 0x25, 0x11, 0xe4, 0x10, 0x41, 0x08, 0x61, 0x08, 0x61, 0x08,
    0x61, 0x08, 0x61, 0x08, 0x61, 0x08, 0x61, 0x08, 0x61, 0x08, 0x61, 0x08, 0x61, 0x08, 0x61, 0x08,
    0x61, 0x08, 0x41, 0x08, 0x04, 0x11, 0x25, 0x11, 0x61, 0x08, 0x41, 0x08, 0x61, 0x08, 0x61, 0x08,
    0x61, 0x08, 0x61, 0x08, 0x61, 0x08, 0x61, 0x08, 0x61, 0x08, 0x61, 0x08, 0x61, 0x08, 0x42, 0x08,
    0x41, 0x08, 0x61, 0x08, 0x61, 0x08, 0x61, 0x08, 0x61, 0x08, 0x61, 0x08, 0x61, 0x08, 0x61, 0x08,
    0x41, 0x08, 0x41, 0x08, 0x41, 0x08, 0x41, 0x08, 0x41, 0x08, 0x41, 0x08, 0x41, 0x08, 0x41, 0x08,
    0x62, 0x08, 0x62, 0x08, 0x82, 0x08, 0x82, 0x08, 0x82, 0x08, 0x82, 0x08, 0x62, 0x08, 0x62, 0x08,
    0x62, 0x08, 0x82, 0x10, 0x82, 0x10, 0x82, 0x10, 0x82, 0x10, 0x82, 0x10, 0x82, 0x10, 0x82, 0x08,
    0x82, 0x08, 0x82, 0x10, 0x82, 0x10, 0x82, 0x10, 0x82, 0x10, 0x82, 0x08, 0x82, 0x08, 0x82, 0x08,
    0x82, 0x08, 0x82, 0x08, 0x82, 0x10, 0x82, 0x10, 0x41, 0x08, 0xe4, 0x10, 0x66, 0x19, 0x20, 0x08,
    0x82, 0x10, 0x82, 0x10, 0x62, 0x08, 0x62, 0x08, 0x62, 0x08, 0x82, 0x10, 0x20, 0x08, 0xc8, 0x21,
    0xa2, 0x10, 0x61, 0x10, 0x82, 0x10, 0x82, 0x10, 0x82, 0x10, 0x82, 0x10, 0x82, 0x10, 0x82, 0x10,
    0x82, 0x10, 0x82, 0x10, 0x82, 0x10, 0x82, 0x10, 0x82, 0x10, 0x82, 0x10, 0x82, 0x08, 0x82, 0x08,
    0x82, 0x08, 0x82, 0x08, 0x82, 0x08, 0x82, 0x10, 0x82, 0x10, 0x82, 0x10, 0x82, 0x10, 0x82, 0x08,
    0x82, 0x08, 0x82, 0x08, 0x82, 0x08, 0x82, 0x08, 0x82, 0x10, 0x82, 0x08, 0x82, 0x08, 0x82, 0x08,
    0x82, 0x08, 0x82, 0x08, 0x82, 0x10, 0x82, 0x10, 0x82, 0x10, 0x82, 0x10, 0x82, 0x10, 0x82, 0x10,
    0x82, 0x10, 0x82, 0x10, 0x82, 0x10, 0x82, 0x10, 0x82, 0x10, 0x82, 0x10, 0x82, 0x10, 0x82, 0x10,
    0x82, 0x10, 0x82, 0x10, 0x82, 0x10, 0x82, 0x10, 0x82, 0x10, 0x82, 0x10, 0x82, 0x10, 0x82, 0x10,
    0x82, 0x10, 0x82, 0x10, 0x82, 0x10, 0x82, 0x10, 0x82, 0x10, 0x82, 0x10, 0x82, 0x10, 0x82, 0x10,
    0x82, 0x10, 0x82, 0x10, 0x82, 0x10, 0x82, 0x10, 0x82, 0x10, 0x82, 0x10, 0x82, 0x10, 0x82, 0x10,
    0x82, 0x10, 0x82, 0x10, 0x82, 0x10, 0x82, 0x10, 0x82, 0x10, 0x82, 0x10, 0x82, 0x10, 0x82, 0x10,
    0x82, 0x10, 0x82, 0x10, 0x82, 0x10, 0x82, 0x10, 0xa2, 0x10, 0xa2, 0x10, 0xa2, 0x10, 0xa2, 0x10,
    0xa2, 0x10, 0x82, 0x10, 0x82, 0x10, 0x82, 0x10, 0x82, 0x10, 0x82, 0x10, 0x82, 0x10, 0x82, 0x10,
    0x82, 0x10, 0xa2, 0x10, 0xa2, 0x10, 0x82, 0x10, 0x82, 0x10, 0x82, 0x10, 0x82, 0x10, 0x82, 0x10,
    0x82, 0x10, 0x82, 0x10, 0x82, 0x10, 0x82, 0x10, 0x82, 0x10, 0x82, 0x10, 0x82, 0x10, 0xa2, 0x10,
    0xa2, 0x10, 0xa2, 0x10, 0x82, 0x10, 0x82, 0x10, 0x82, 0x10, 0x82, 0x10, 0x82, 0x10, 0x82, 0x10,
    0x82, 0x10, 0x82, 0x10, 0x82, 0x10, 0x82, 0x10, 0x82, 0x10, 0x82, 0x10, 0x82, 0x10, 0x82, 0x10,
    0x82, 0x10, 0x82, 0x10, 0x82, 0x10, 0x82, 0x10, 0x82, 0x10, 0x82, 0x10, 0x62, 0x10, 0x62, 0x10,
    0x62, 0x10, 0x62, 0x10, 0x82, 0x10, 0x82, 0x10, 0x82, 0x10, 0x82, 0x10, 0x62, 0x10, 0x62, 0x10,
    0x82, 0x08, 0x82, 0x08, 0x82, 0x08, 0x82, 0x10, 0x82, 0x08, 0x82, 0x08, 0x82, 0x08, 0x82, 0x08,
    0x82, 0x08, 0x62, 0x08, 0x62, 0x08, 0x62, 0x08, 0x62, 0x08, 0x82, 0x08, 0x62, 0x08, 0x61, 0x08,
    0x61, 0x08, 0x62, 0x08, 0x62, 0x08, 0x20, 0x08, 0x46, 0x19, 0xa2, 0x10, 0x41, 0x08, 0x61, 0x08,
    0x41, 0x08, 0x61, 0x08, 0x25, 0x11, 0x82, 0x08, 0x05, 0x11, 0x82, 0x08, 0x61, 0x08, 0x62, 0x08,
    0x62, 0x08, 0x42, 0x08, 0x42, 0x08, 0x61, 0x08, 0x61, 0x08, 0x61, 0x08, 0x61, 0x08, 0x61, 0x08,
    0x61, 0x08, 0x20, 0x08, 0xe4, 0x10, 0x82, 0x08, 0x20, 0x08, 0x61, 0x08, 0x61, 0x08, 0x61, 0x08,
    0x61, 0x08, 0x61, 0x08, 0x61, 0x08, 0x61, 0x08, 0x61, 0x08, 0x61, 0x08, 0x61, 0x08, 0x61, 0x08,
    0x41, 0x08, 0x61, 0x08, 0x61, 0x08, 0x61, 0x08, 0x61, 0x08, 0x61, 0x08, 0x61, 0x08, 0x61, 0x08,
    0x41, 0x08, 0x41, 0x08, 0x41, 0x08, 0x41, 0x08, 0x41, 0x08, 0x41, 0x08, 0x41, 0x08, 0x41, 0x08,
    0x62, 0x08, 0x62, 0x08, 0x82, 0x08, 0x82, 0x08, 0x82, 0x08, 0x82, 0x08, 0x61, 0x08, 0x82, 0x08,
    0x82, 0x10, 0x82, 0x10, 0x82, 0x10, 0x82, 0x10, 0x82, 0x08, 0x82, 0x10, 0x82, 0x10, 0x82, 0x08,
    0x82, 0x08, 0x82, 0x10, 0x82, 0x10, 0x82, 0x10, 0x82, 0x10, 0x82, 0x10, 0x82, 0x08, 0x82, 0x08,
    0x82, 0x08, 0x82, 0x10, 0x82, 0x10, 0x82, 0x10, 0x40, 0x08, 0x04, 0x11, 0x66, 0x19, 0x20, 0x08,
    0x82, 0x10, 0x82, 0x10, 0x82, 0x08, 0x62, 0x10, 0x82, 0x08, 0x82, 0x10, 0x20, 0x08, 0xc8, 0x21,
    0xa2, 0x10, 0x61, 0x10, 0x82, 0x10, 0x82, 0x10, 0x82, 0x10, 0x82, 0x10, 0x82, 0x10, 0x82, 0x10,
    0x82, 0x10, 0x82, 0x10, 0x82, 0x10, 0x82, 0x10, 0x82, 0x10, 0x82, 0x10, 0x82, 0x10, 0x82, 0x08,
    0x62, 0x10, 0x82, 0x10, 0x82, 0x10, 0x82, 0x10, 0x82, 0x10, 0x82, 0x10, 0x82, 0x10, 0x82, 0x08,
    0x82, 0x08, 0x82, 0x10, 0x82, 0x10, 0x82, 0x10, 0x82, 0x10, 0x82, 0x10, 0x82, 0x10, 0x82, 0x10,
    0x82, 0x10, 0x82, 0x10, 0x82, 0x10, 0x82, 0x10, 0x82, 0x10, 0x82, 0x10, 0x82, 0x10, 0x82, 0x10,
    0x82, 0x10, 0x82, 0x10, 0x82, 0x10, 0x82, 0x10, 0x82, 0x10, 0x82, 0x10, 0x82, 0x10, 0x82, 0x10,
    0x82, 0x10, 0x82, 0x10, 0x82, 0x10, 0xa2, 0x10, 0xa2, 0x10, 0x82, 0x10, 0x82, 0x10, 0x82, 0x10,
    0x82, 0x10, 0x82, 0x10, 0x82, 0x10, 0x82, 0x10, 0x82, 0x10, 0x82, 0x10, 0x82, 0x10, 0x82, 0x10,
    0x82, 0x10, 0x82, 0x10, 0x82, 0x10, 0x82, 0x10, 0x82, 0x10, 0x82, 0x10, 0x82, 0x10, 0x82, 0x10,
    0x82, 0x10, 0x82, 0x10, 0x82, 0x10, 0x82, 0x10, 0x82, 0x10, 0x82, 0x10, 0x82, 0x10, 0x82, 0x10,
    0x82, 0x10, 0x82, 0x10, 0x82, 0x10, 0x82, 0x10, 0xa2, 0x10, 0xa2, 0x10, 0xa2, 0x10, 0xa2, 0x10,
    0x82, 0x10, 0xa2, 0x10, 0xa2, 0x10, 0x82, 0x10, 0x82, 0x10, 0x82, 0x10, 0x82, 0x10, 0x82, 0x10,
    0x82, 0x10, 0xa2, 0x10, 0xa2, 0x10, 0x82, 0x10, 0x82, 0x10, 0x82, 0x10, 0x82, 0x10, 0xa2, 0x10,
    0x82, 0x10, 0x82, 0x10, 0x82, 0x10, 0x82, 0x10, 0x82, 0x10, 0x82, 0x10, 0xa2, 0x10, 0xa2, 0x10,
    0xa2, 0x10, 0x82, 0x10, 0x82, 0x10, 0x82, 0x10, 0x82, 0x10, 0xa2, 0x10, 0x82, 0x10, 0x82, 0x10,
    0x82, 0x10, 0x82, 0x10, 0x82, 0x10, 0x82, 0x10, 0x82, 0x10, 0x82, 0x10, 0x82, 0x10, 0x82, 0x10,
    0x82, 0x10, 0x82, 0x10, 0x82, 0x10, 0x82, 0x10, 0x82, 0x10, 0x82, 0x10, 0x82, 0x10, 0x82, 0x10,
    0x82, 0x10, 0x82, 0x10, 0x82, 0x10, 0x82, 0x10, 0x82, 0x10, 0x82, 0x10, 0x82, 0x10, 0x62, 0x10,
    0x62, 0x10, 0x82, 0x10, 0x82, 0x10, 0x82, 0x08, 0x62, 0x10, 0x62, 0x08, 0x62, 0x08, 0x62, 0x08,
    0x82, 0x10, 0x82, 0x10, 0x62, 0x08, 0x62, 0x08, 0x62, 0x08, 0x62, 0x08, 0x62, 0x08, 0x62, 0x08,
    0x62, 0x08, 0x62, 0x08, 0x62, 0x08, 0x20, 0x08, 0x46, 0x19, 0xa2, 0x10, 0x41, 0x08, 0x61, 0x08,
    0x61, 0x08, 0x41, 0x08, 0xc4, 0x10, 0x05, 0x11, 0xc3, 0x10, 0x41, 0x08, 0x61, 0x08, 0x61, 0x08,
    0x42, 0x08, 0x42, 0x08, 0x41, 0x08, 0x61, 0x08, 0x61, 0x08, 0x61, 0x08, 0x61, 0x08, 0x61, 0x08,
    0x61, 0x08, 0x20, 0x08, 0xc4, 0x10, 0xa3, 0x08, 0x20, 0x08, 0x61, 0x08, 0x61, 0x08, 0x61, 0x08,
    0x61, 0x08, 0x61, 0x08, 0x61, 0x08, 0x61, 0x08, 0x61, 0x08, 0x61, 0x08, 0x61, 0x08, 0x61, 0x08,
    0x41, 0x08, 0x41, 0x08, 0x61, 0x08, 0x61, 0x08, 0x61, 0x08, 0x61, 0x08, 0x61, 0x08, 0x61, 0x08,
    0x41, 0x08, 0x41, 0x08, 0x41, 0x08, 0x41, 0x08, 0x41, 0x08, 0x41, 0x08, 0x41, 0x08, 0x41, 0x08,
    0x62, 0x08, 0x82, 0x10, 0x82, 0x10, 0x82, 0x08, 0x82, 0x08, 0x82, 0x08, 0x81, 0x08, 0x81, 0x10,
    0x81, 0x10, 0x82, 0x10, 0x82, 0x10, 0x82, 0x10, 0x82, 0x08, 0x82, 0x08, 0x82, 0x10, 0x82, 0x08,
    0x82, 0x08, 0x82, 0x08, 0x82, 0x10, 0x82, 0x10, 0x82, 0x10, 0x82, 0x10, 0x82, 0x08, 0x82, 0x08,
    0x82, 0x08, 0x82, 0x10, 0x82, 0x10, 0x82, 0x10, 0x40, 0x08, 0x04, 0x11, 0x66, 0x19, 0x20, 0x08,
    0x82, 0x10, 0x82, 0x10, 0x82, 0x10, 0x82, 0x08, 0x82, 0x10, 0x82, 0x10, 0x20, 0x08, 0xc8, 0x21,
    0xa3, 0x10, 0x61, 0x10, 0x82, 0x10, 0x82, 0x10, 0x82, 0x10, 0x82, 0x10, 0x82, 0x10, 0x82, 0x10,
    0x82, 0x10, 0x82, 0x10, 0x82, 0x10, 0x82, 0x10, 0x82, 0x10, 0x82, 0x10, 0x82, 0x10, 0x82, 0x10,
    0x82, 0x10, 0x82, 0x10, 0x82, 0x10, 0x82, 0x10, 0x82, 0x10, 0x82, 0x10, 0x82, 0x10, 0x82, 0x10,
    0x82, 0x10, 0x82, 0x10, 0x82, 0x10, 0x82, 0x10, 0x82, 0x10, 0x82, 0x10, 0x82, 0x10, 0x82, 0x10,
    0x20, 0x08, 0x20, 0x10, 0x40, 0x10, 0x82, 0x10, 0x82, 0x10, 0x82, 0x10, 0x82, 0x10, 0x82, 0x10,
    0x82, 0x10, 0x82, 0x10, 0x82, 0x10, 0x82, 0x10, 0xa2, 0x10, 0x82, 0x10, 0x82, 0x10, 0xa2, 0x10,
    0x82, 0x10, 0x82, 0x10, 0xa2, 0x10, 0xa2, 0x10, 0xa2, 0x10, 0xa2, 0x10, 0x82, 0x10, 0x82, 0x10,
    0x82, 0x10, 0x82, 0x10, 0x82, 0x10, 0x82, 0x10, 0x82, 0x10, 0x82, 0x10, 0x82, 0x10, 0x82, 0x10,
    0x82, 0x10, 0x82, 0x10, 0x82, 0x10, 0x82, 0x10, 0x82, 0x10, 0x82, 0x10, 0x82, 0x10, 0x82, 0x10,
    0x82, 0x10, 0x82, 0x10, 0x82, 0x10, 0x82, 0x10, 0x82, 0x10, 0x82, 0x10, 0x82, 0x10, 0xa2, 0x10,
    0xa2, 0x10, 0x82, 0x10, 0x82, 0x10, 0xa2, 0x10, 0x82, 0x10, 0xa2, 0x10, 0x82, 0x10, 0x82, 0x10,
    0x82, 0x10, 0x82, 0x10, 0xa2, 0x10, 0x82, 0x10, 0xa2, 0x10, 0xa2, 0x10, 0x82, 0x10, 0x82, 0x10,
    0x82, 0x10, 0x82, 0x10, 0x82, 0x10, 0x82, 0x10, 0x82, 0x10, 0x82, 0x10, 0xa2, 0x10, 0xa2, 0x10,
    0xa2, 0x10, 0x82, 0x10, 0x82, 0x10, 0x82, 0x10, 0x82, 0x10, 0x82, 0x10, 0x82, 0x10, 0x82, 0x10,
    0xa2, 0x10, 0xa2, 0x10, 0xa2, 0x10, 0x82, 0x10, 0x82, 0x10, 0x82, 0x10, 0x82, 0x10, 0x82, 0x10,
    0x82, 0x10, 0x82, 0x10, 0x82, 0x10, 0x82, 0x10, 0x82, 0x10, 0x82, 0x10, 0x82, 0x10, 0x82, 0x10,
    0x82, 0x10, 0x82, 0x10, 0x82, 0x10, 0x82, 0x10, 0x82, 0x10, 0x82, 0x10, 0x82, 0x10, 0x82, 0x10,
    0x82, 0x10, 0x82, 0x10, 0x82, 0x10, 0x82, 0x10, 0x82, 0x10, 0x82, 0x10, 0x82, 0x10, 0x62, 0x10,
    0x62, 0x10, 0x62, 0x10, 0x62, 0x10, 0x62, 0x08, 0x62, 0x08, 0x62, 0x08, 0x62, 0x08, 0x62, 0x08,
    0x82, 0x08, 0x82, 0x10, 0x62, 0x08, 0x62, 0x08, 0x62, 0x08, 0x61, 0x08, 0x61, 0x08, 0x61, 0x08,
    0x62, 0x08, 0x62, 0x08, 0x62, 0x08, 0x20, 0x08, 0x46, 0x19, 0xa2, 0x10, 0x41, 0x08, 0x61, 0x08,
    0x61, 0x08, 0x41, 0x08, 0x20, 0x08, 0x67, 0x19, 0x20, 0x08, 0x61, 0x08, 0x61, 0x08, 0x61, 0x08,
    0x41, 0x08, 0x41, 0x08, 0x41, 0x08, 0x61, 0x08, 0x61, 0x08, 0x61, 0x08, 0x61, 0x08, 0x61, 0x08,
    0x41, 0x08, 0x00, 0x08, 0x46, 0x11, 0x62, 0x08, 0x41, 0x08, 0x61, 0x08, 0x61, 0x08, 0x61, 0x08,
    0x61, 0x08, 0x61, 0x08, 0x61, 0x08, 0x61, 0x08, 0x61, 0x08, 0x61, 0x08, 0x61, 0x08, 0x42, 0x08,
    0x41, 0x08, 0x42, 0x08, 0x61, 0x08, 0x61, 0x08, 0x61, 0x08, 0x61, 0x08, 0x61, 0x08, 0x61, 0x08,
    0x61, 0x08, 0x41, 0x08, 0x41, 0x08, 0x41, 0x08, 0x41, 0x08, 0x41, 0x08, 0x41, 0x08, 0x41, 0x08,
    0x82, 0x08, 0x82, 0x08, 0x82, 0x10, 0x82, 0x10, 0x82, 0x08, 0x62, 0x08, 0x82, 0x08, 0x81, 0x10,
    0x82, 0x10, 0x82, 0x10, 0x82, 0x10, 0x82, 0x10, 0x82, 0x08, 0x82, 0x08, 0x82, 0x08, 0x82, 0x10,
    0x82, 0x10, 0x82, 0x10, 0x82, 0x10, 0x82, 0x10, 0x82, 0x08, 0x82, 0x08, 0x82, 0x08, 0x82, 0x08,
    0x82, 0x08, 0x82, 0x10, 0x81, 0x10, 0x82, 0x10, 0x20, 0x08, 0x04, 0x11, 0x66, 0x19, 0x20, 0x08,
    0x82, 0x10, 0x82, 0x10, 0x82, 0x08, 0x82, 0x08, 0x82, 0x10, 0x82, 0x10, 0x00, 0x08, 0xc8, 0x21,
    0xa3, 0x10, 0x61, 0x10, 0x82, 0x10, 0x82, 0x08, 0x82, 0x08, 0x82, 0x08, 0x82, 0x10, 0x82, 0x10,
    0x82, 0x08, 0x82, 0x10, 0x82, 0x10, 0x82, 0x10, 0x81, 0x10, 0x40, 0x08, 0x40, 0x08, 0x40, 0x08,
    0x40, 0x08, 0x40, 0x08, 0x20, 0x08, 0x40, 0x08, 0x40, 0x08, 0x40, 0x08, 0x40, 0x08, 0x40, 0x08,
    0x40, 0x08, 0x40, 0x08, 0x40, 0x08, 0x40, 0x08, 0x40, 0x08, 0x40, 0x08, 0x41, 0x08, 0x00, 0x08,
    0x66, 0x21, 0x4a, 0x22, 0x67, 0x19, 0x41, 0x10, 0x82, 0x10, 0x82, 0x10, 0x82, 0x10, 0x82, 0x10,
    0x82, 0x10, 0x82, 0x10, 0x82, 0x10, 0x82, 0x10, 0xa2, 0x10, 0x82, 0x10, 0xa2, 0x10, 0x82, 0x10,
    0x82, 0x10, 0x82, 0x10, 0x82, 0x10, 0x82, 0x10, 0xa2, 0x10, 0xa2, 0x10, 0x82, 0x10, 0x82, 0x10,
    0x82, 0x10, 0x82, 0x10, 0x82, 0x10, 0xa2, 0x10, 0xa2, 0x10, 0xa2, 0x10, 0x82, 0x10, 0x82, 0x10,
    0x82, 0x10, 0x82, 0x10, 0x82, 0x10, 0x82, 0x10, 0x82, 0x10, 0x82, 0x10, 0x82, 0x10, 0x82, 0x10,
    0x82, 0x10, 0x82, 0x10, 0x82, 0x10, 0x82, 0x10, 0x82, 0x10, 0x82, 0x10, 0x82, 0x10, 0x82, 0x10,
    0x82, 0x10, 0x82, 0x10, 0x82, 0x10, 0xa2, 0x10, 0xa2, 0x10, 0xa2, 0x10, 0x82, 0x10, 0x82, 0x10,
    0x82, 0x10, 0x82, 0x10, 0xa2, 0x10, 0x82, 0x10, 0xa2, 0x10, 0xa2, 0x10, 0x82, 0x10, 0x82, 0x10,
    0x82, 0x10, 0x82, 0x10, 0x82, 0x10, 0x82, 0x10, 0x82, 0x10, 0x82, 0x10, 0x82, 0x10, 0xa2, 0x10,
    0xa2, 0x10, 0x82, 0x10, 0x82, 0x10, 0x82, 0x10, 0x82, 0x10, 0x82, 0x10, 0x82, 0x10, 0x82, 0x10,
    0x82, 0x10, 0x82, 0x10, 0xa2, 0x10, 0x82, 0x10, 0x82, 0x10, 0x82, 0x10, 0x82, 0x10, 0x82, 0x10,
    0x82, 0x10, 0x82, 0x10, 0x82, 0x10, 0x82, 0x10, 0x82, 0x10, 0x82, 0x10, 0x82, 0x10, 0x82, 0x10,
    0x82, 0x10, 0x82, 0x10, 0x82, 0x10, 0x82, 0x10, 0x82, 0x10, 0x82, 0x10, 0x82, 0x10, 0x82, 0x10,
    0x82, 0x08, 0x82, 0x10, 0x82, 0x10, 0x81, 0x10, 0x82, 0x10, 0x82, 0x10, 0x62, 0x10, 0x62, 0x10,
    0x62, 0x10, 0x62, 0x10, 0x62, 0x08, 0x62, 0x08, 0x62, 0x10, 0x82, 0x10, 0x82, 0x10, 0x82, 0x10,
    0x82, 0x08, 0x62, 0x08, 0x62, 0x08, 0x62, 0x08, 0x62, 0x08, 0x61, 0x08, 0x61, 0x08, 0x62, 0x08,
    0x62, 0x08, 0x62, 0x08, 0x62, 0x08, 0x20, 0x08, 0x45, 0x19, 0xa2, 0x10, 0x41, 0x08, 0x61, 0x08,
    0x61, 0x08, 0x61, 0x08, 0x41, 0x08, 0x67, 0x19, 0x20, 0x08, 0x61, 0x08, 0x61, 0x08, 0x61, 0x08,
    0x61, 0x08, 0x41, 0x08, 0x41, 0x08, 0x61, 0x08, 0x61, 0x08, 0x61, 0x08, 0x61, 0x08, 0x41, 0x08,
    0x00, 0x08, 0x66, 0x19, 0xa3, 0x10, 0x20, 0x08, 0x61, 0x08, 0x61, 0x08, 0x61, 0x08, 0x61, 0x08,
    0x61, 0x08, 0x61, 0x08, 0x61, 0x08, 0x61, 0x08, 0x61, 0x08, 0x61, 0x08, 0x61, 0x08, 0x42, 0x08,
    0x42, 0x08, 0x42, 0x08, 0x61, 0x08, 0x61, 0x08, 0x61, 0x08, 0x61, 0x08, 0x61, 0x08, 0x61, 0x08,
    0x61, 0x08, 0x61, 0x08, 0x61, 0x08, 0x41, 0x08, 0x41, 0x08, 0x41, 0x08, 0x41, 0x08, 0x41, 0x08,
    0x82, 0x08, 0x82, 0x10, 0x82, 0x10, 0x82, 0x10, 0x62, 0x08, 0x62, 0x08, 0x62, 0x08, 0x82, 0x10,
    0x82, 0x10, 0x82, 0x10, 0x82, 0x10, 0x82, 0x10, 0x82, 0x08, 0x82, 0x08, 0x82, 0x08, 0x82, 0x10,
    0x82, 0x10, 0x82, 0x10, 0x82, 0x10, 0x82, 0x10, 0x82, 0x08, 0x82, 0x08, 0x82, 0x08, 0x82, 0x08,
    0x62, 0x08, 0x62, 0x08, 0x62, 0x08, 0x82, 0x10, 0x20, 0x08, 0x04, 0x11, 0x66, 0x19, 0x20, 0x08,
    0x82, 0x10, 0x82, 0x08, 0x62, 0x08, 0x62, 0x08, 0x62, 0x08, 0x82, 0x08, 0x00, 0x08, 0xc8, 0x21,
    0xa2, 0x10, 0x61, 0x10, 0x82, 0x08, 0x82, 0x10, 0x82, 0x08, 0x82, 0x08, 0x82, 0x10, 0x82, 0x08,
    0x82, 0x08, 0x82, 0x10, 0x82, 0x10, 0x82, 0x10, 0x41, 0x08, 0xe4, 0x18, 0x05, 0x19, 0x05, 0x19,
    0x25, 0x19, 0x25, 0x19, 0x04, 0x19, 0x04, 0x19, 0x04, 0x19, 0x04, 0x19, 0x04, 0x19, 0x25, 0x19,
    0x25, 0x19, 0x05, 0x19, 0x04, 0x19, 0x04, 0x19, 0x04, 0x19, 0x04, 0x19, 0xe4, 0x18, 0x45, 0x19,
    0x4a, 0x2a, 0x61, 0x10, 0x88, 0x19, 0x25, 0x19, 0x20, 0x10, 0xa2, 0x10, 0x82, 0x10, 0x82, 0x10,
    0x82, 0x10, 0x82, 0x10, 0x82, 0x10, 0x82, 0x10, 0x82, 0x10, 0x82, 0x10, 0x82, 0x10, 0x82, 0x10,
    0x82, 0x10, 0x82, 0x10, 0x82, 0x10, 0x82, 0x10, 0x82, 0x10, 0x82, 0x10, 0x82, 0x10, 0x82, 0x10,
    0x82, 0x10, 0x82, 0x10, 0x82, 0x10, 0x82, 0x10, 0xa2, 0x10, 0xa2, 0x10, 0xa2, 0x10, 0xa2, 0x10,
    0x82, 0x10, 0x82, 0x10, 0x82, 0x10, 0x82, 0x10, 0x82, 0x10, 0x82, 0x10, 0x82, 0x10, 0x82, 0x10,
    0x82, 0x10, 0x82, 0x10, 0x82, 0x10, 0x82, 0x10, 0x82, 0x10, 0x82, 0x10, 0x82, 0x10, 0x82, 0x10,
    0x82, 0x10, 0x82, 0x10, 0x82, 0x10, 0x82, 0x10, 0xa2, 0x10, 0x82, 0x10, 0x82, 0x10, 0x82, 0x10,
    0x82, 0x10, 0xa2, 0x10, 0xa2, 0x10, 0x82, 0x10, 0xa2, 0x10, 0xa2, 0x10, 0xa2, 0x10, 0x82, 0x10,
    0x82, 0x10, 0x82, 0x10, 0x82, 0x10, 0x82, 0x10, 0x82, 0x10, 0x82, 0x10, 0x82, 0x10, 0xa2, 0x10,
    0x82, 0x10, 0xa2, 0x10, 0x82, 0x10, 0x82, 0x10, 0x82, 0x10, 0x82, 0x10, 0x82, 0x10, 0x82, 0x10,
    0x82, 0x10, 0x82, 0x10, 0x82, 0x10, 0x82, 0x10, 0x82, 0x10, 0x82, 0x10, 0x82, 0x10, 0x82, 0x10,
    0x82, 0x10, 0x82, 0x10, 0x82, 0x10, 0x82, 0x10, 0x82, 0x10, 0x82, 0x10, 0x82, 0x10, 0x82, 0x10,
    0x82, 0x10, 0x82, 0x10, 0x82, 0x10, 0x82, 0x10, 0x82, 0x08, 0x82, 0x10, 0x82, 0x08, 0x82, 0x08,
    0x82, 0x08, 0x82, 0x10, 0x82, 0x10, 0x82, 0x10, 0x82, 0x10, 0x62, 0x10, 0x62, 0x10, 0x62, 0x10,
    0x82, 0x10, 0x82, 0x10, 0x62, 0x10, 0x82, 0x08, 0x82, 0x10, 0x82, 0x10, 0x82, 0x10, 0x82, 0x08,
    0x62, 0x08, 0x62, 0x08, 0x62, 0x08, 0x62, 0x08, 0x62, 0x08, 0x62, 0x08, 0x62, 0x08, 0x62, 0x08,
    0x62, 0x08, 0x62, 0x08, 0x62, 0x08, 0x20, 0x08, 0x45, 0x19, 0xa2, 0x10, 0x41, 0x08, 0x61, 0x08,
    0x61, 0x08, 0x61, 0x08, 0x41, 0x08, 0x87, 0x19, 0x20, 0x08, 0x61, 0x08, 0x61, 0x08, 0x61, 0x08,
    0x61, 0x08, 0x61, 0x08, 0x61, 0x08, 0x61, 0x08, 0x61, 0x08, 0x61, 0x08, 0x41, 0x08, 0x00, 0x00,
    0x66, 0x19, 0xc3, 0x10, 0x20, 0x08, 0x62, 0x08, 0x61, 0x08, 0x61, 0x08, 0x61, 0x08, 0x61, 0x08,
    0x62, 0x08, 0x62, 0x08, 0x62, 0x08, 0x62, 0x08, 0x61, 0x08, 0x61, 0x08, 0x61, 0x08, 0x41, 0x08,
    0x42, 0x08, 0x42, 0x08, 0x61, 0x08, 0x61, 0x08, 0x61, 0x08, 0x61, 0x08, 0x61, 0x08, 0x61, 0x08,
    0x61, 0x08, 0x61, 0x08, 0x61, 0x08, 0x41, 0x08, 0x41, 0x08, 0x41, 0x08, 0x41, 0x08, 0x41, 0x08,
    0x62, 0x08, 0x82, 0x10, 0x82, 0x10, 0x82, 0x10, 0x82, 0x10, 0x82, 0x08, 0x82, 0x10, 0x82, 0x10,
    0x82, 0x10, 0x82, 0x10, 0x82, 0x10, 0x82, 0x10, 0x82, 0x10, 0x82, 0x10, 0x82, 0x10, 0x61, 0x10,
    0x61, 0x08, 0x82, 0x10, 0x82, 0x10, 0x82, 0x10, 0x82, 0x08, 0x82, 0x08, 0x82, 0x08, 0x82, 0x08,
    0x62, 0x08, 0x62, 0x08, 0x62, 0x08, 0x82, 0x08, 0x20, 0x08, 0x04, 0x11, 0x66, 0x19, 0x20, 0x08,
    0x82, 0x10, 0x82, 0x08, 0x62, 0x08, 0x62, 0x08, 0x62, 0x08, 0x82, 0x10, 0x00, 0x08, 0xe8, 0x21,
    0xa2, 0x10, 0x41, 0x08, 0x82, 0x08, 0x82, 0x10, 0x82, 0x08, 0x82, 0x08, 0x82, 0x10, 0x82, 0x08,
    0x82, 0x08, 0x82, 0x08, 0x82, 0x10, 0x20, 0x08, 0x87, 0x21, 0xc8, 0x21, 0x05, 0x19, 0x45, 0x19,
    0x45, 0x19, 0x45, 0x19, 0x25, 0x19, 0x25, 0x19, 0x25, 0x19, 0x25, 0x19, 0x25, 0x19, 0x45, 0x19,
    0x45, 0x19, 0x45, 0x19, 0x45, 0x19, 0x45, 0x19, 0x45, 0x19, 0x45, 0x19, 0x04, 0x19, 0x66, 0x19,
    0x87, 0x19, 0x00, 0x08, 0x66, 0x21, 0x86, 0x19, 0x20, 0x08, 0xa2, 0x10, 0x82, 0x10, 0xa2, 0x10,
    0x82, 0x10, 0x82, 0x10, 0x82, 0x10, 0x82, 0x10, 0x82, 0x10, 0x82, 0x10, 0x82, 0x10, 0x82, 0x10,
    0x82, 0x10, 0x82, 0x10, 0x82, 0x10, 0x82, 0x10, 0x82, 0x10, 0x82, 0x10, 0x82, 0x10, 0x82, 0x10,
    0x82, 0x10, 0x82, 0x10, 0x82, 0x10, 0x82, 0x10, 0x82, 0x10, 0xa2, 0x10, 0xa2, 0x10, 0x82, 0x10,
    0x82, 0x10, 0x82, 0x10, 0x82, 0x10, 0x82, 0x10, 0x82, 0x10, 0x82, 0x10, 0x82, 0x10, 0x82, 0x10,
    0x82, 0x10, 0x82, 0x10, 0x82, 0x10, 0x82, 0x10, 0x82, 0x10, 0x82, 0x10, 0x82, 0x10, 0x82, 0x10,
    0xa2, 0x10, 0x82, 0x10, 0x82, 0x10, 0x82, 0x10, 0xa2, 0x10, 0xa2, 0x10, 0x82, 0x10, 0x82, 0x10,
    0x82, 0x10, 0xa2, 0x10, 0xa2, 0x10, 0xa2, 0x10, 0x82, 0x10, 0x82, 0x10, 0x82, 0x10, 0x82, 0x10,
    0x82, 0x10, 0x82, 0x10, 0x82, 0x10, 0x82, 0x10, 0x82, 0x10, 0x82, 0x10, 0x82, 0x10, 0x82, 0x10,
    0x82, 0x10, 0x82, 0x10, 0x82, 0x10, 0x82, 0x10, 0x82, 0x10, 0x82, 0x10, 0x82, 0x10, 0x82, 0x10,
    0xa2, 0x10, 0x82, 0x10, 0x82, 0x10, 0x82, 0x10, 0x82, 0x10, 0x82, 0x10, 0x82, 0x10, 0x82, 0x10,
    0x82, 0x10, 0x82, 0x10, 0x82, 0x10, 0x82, 0x10, 0x82, 0x10, 0xa2, 0x10, 0x82, 0x10, 0x82, 0x10,
    0x82, 0x10, 0x82, 0x10, 0x82, 0x10, 0x82, 0x10, 0x82, 0x08, 0x82, 0x10, 0x82, 0x10, 0x82, 0x10,
    0x82, 0x10, 0x82, 0x10, 0x82, 0x10, 0x82, 0x10, 0x82, 0x08, 0x62, 0x08, 0x82, 0x08, 0x82, 0x08,
    0x82, 0x10, 0x82, 0x10, 0x82, 0x10, 0x82, 0x10, 0x82, 0x10, 0x82, 0x10, 0x82, 0x08, 0x82, 0x08,
    0x62, 0x08, 0x62, 0x08, 0x62, 0x08, 0x62, 0x08, 0x62, 0x08, 0x62, 0x08, 0x62, 0x08, 0x62, 0x08,
    0x62, 0x08, 0x62, 0x08, 0x62, 0x08, 0x20, 0x08, 0x45, 0x19, 0xa2, 0x10, 0x41, 0x08, 0x61, 0x08,
    0x61, 0x08, 0x61, 0x08, 0x41, 0x08, 0x87, 0x19, 0x20, 0x08, 0x61, 0x08, 0x61, 0x08, 0x61, 0x08,
    0x61, 0x08, 0x61, 0x08, 0x61, 0x08, 0x61, 0x08, 0x61, 0x08, 0x41, 0x08, 0x00, 0x00, 0x66, 0x19,
    0xc3, 0x10, 0x00, 0x08, 0x62, 0x08, 0x61, 0x08, 0x61, 0x08, 0x42, 0x08, 0x42, 0x08, 0x42, 0x08,
    0x62, 0x08, 0x62, 0x08, 0x62, 0x08, 0x61, 0x08, 0x61, 0x08, 0x61, 0x08, 0x61, 0x08, 0x61, 0x08,
    0x42, 0x08, 0x42, 0x08, 0x61, 0x08, 0x61, 0x08, 0x61, 0x08, 0x61, 0x08, 0x61, 0x08, 0x61, 0x08,
    0x61, 0x08, 0x61, 0x08, 0x41, 0x08, 0x41, 0x08, 0x41, 0x08, 0x41, 0x08, 0x41, 0x08, 0x41, 0x08,
    0x82, 0x10, 0x82, 0x10, 0x82, 0x10, 0x82, 0x10, 0x82, 0x10, 0x82, 0x10, 0x82, 0x10, 0x82, 0x10,
    0x82, 0x10, 0x82, 0x10, 0x82, 0x10, 0x82, 0x10, 0x82, 0x10, 0x82, 0x10, 0x62, 0x08, 0x61, 0x08,
    0x82, 0x10, 0x82, 0x10, 0x82, 0x10, 0x82, 0x10, 0x82, 0x08, 0x82, 0x08, 0x82, 0x08, 0x82, 0x08,
    0x62, 0x08, 0x62, 0x08, 0x62, 0x08, 0x82, 0x08, 0x20, 0x08, 0x04, 0x11, 0x66, 0x19, 0x20, 0x08,
    0x82, 0x10, 0x82, 0x08, 0x82, 0x08, 0x62, 0x08, 0x62, 0x08, 0x82, 0x10, 0x00, 0x08, 0xe8, 0x21,
    0xa2, 0x10, 0x41, 0x08, 0x82, 0x10, 0x82, 0x10, 0x82, 0x10, 0x82, 0x10, 0x82, 0x10, 0x82, 0x08,
    0x82, 0x08, 0x82, 0x08, 0x82, 0x10, 0x20, 0x08, 0xc7, 0x21, 0x40, 0x08, 0x00, 0x08, 0x40, 0x08,
    0x40, 0x08, 0x40, 0x08, 0x41, 0x08, 0x41, 0x08, 0x40, 0x08, 0x20, 0x08, 0x20, 0x08, 0x40, 0x08,
    0x40, 0x08, 0x40, 0x08, 0x40, 0x08, 0x40, 0x08, 0x40, 0x08, 0x40, 0x08, 0x41, 0x08, 0x00, 0x08,
    0x66, 0x19, 0x2a, 0x22, 0x08, 0x22, 0x41, 0x10, 0x82, 0x10, 0x82, 0x10, 0x82, 0x10, 0x82, 0x10,
    0x82, 0x10, 0x82, 0x10, 0x82, 0x10, 0x82, 0x10, 0x82, 0x10, 0x82, 0x10, 0x82, 0x10, 0x82, 0x10,
    0x82, 0x10, 0x82, 0x10, 0x82, 0x10, 0x82, 0x10, 0x82, 0x10, 0x82, 0x10, 0x82, 0x10, 0x82, 0x10,
    0x82, 0x10, 0x82, 0x10, 0x82, 0x10, 0x82, 0x10, 0x82, 0x10, 0xa2, 0x10, 0x82, 0x10, 0x82, 0x10,
    0x82, 0x10, 0x82, 0x10, 0x82, 0x10, 0x82, 0x10, 0x82, 0x10, 0x82, 0x10, 0x82, 0x10, 0x82, 0x10,
    0x82, 0x10, 0xa2, 0x10, 0xa2, 0x10, 0xa2, 0x10, 0x82, 0x10, 0x82, 0x10, 0x82, 0x10, 0x82, 0x10,
    0x82, 0x10, 0x82, 0x10, 0x82, 0x10, 0x82, 0x10, 0xa2, 0x10, 0xa2, 0x10, 0x82, 0x10, 0x82, 0x10,
    0x82, 0x10, 0x82, 0x10, 0x82, 0x10, 0x82, 0x10, 0x82, 0x10, 0x82, 0x10, 0x82, 0x10, 0x82, 0x10,
    0x82, 0x10, 0x82, 0x10, 0x82, 0x10, 0x82, 0x10, 0x82, 0x10, 0x82, 0x10, 0x82, 0x10, 0x82, 0x10,
    0xa2, 0x10, 0x82, 0x10, 0x82, 0x10, 0x82, 0x10, 0xa2, 0x10, 0xa2, 0x10, 0x82, 0x10, 0x82, 0x10,
    0xa2, 0x10, 0xa2, 0x10, 0x82, 0x10, 0x82, 0x10, 0x82, 0x10, 0x82, 0x10, 0x82, 0x10, 0x82, 0x10,
    0x82, 0x10, 0x82, 0x10, 0x82, 0x10, 0x82, 0x10, 0xa2, 0x10, 0xa2, 0x10, 0x82, 0x10, 0x82, 0x10,
    0x82, 0x10, 0x82, 0x10, 0x82, 0x10, 0x82, 0x10, 0x82, 0x10, 0x82, 0x10, 0x82, 0x10, 0x82, 0x10,
    0x82, 0x10, 0x82, 0x10, 0x82, 0x10, 0x82, 0x08, 0x82, 0x08, 0x82, 0x08, 0x82, 0x08, 0x82, 0x08,
    0x82, 0x10, 0x81, 0x10, 0x82, 0x10, 0x82, 0x10, 0x82, 0x10, 0x82, 0x10, 0x82, 0x08, 0x82, 0x10,
    0x62, 0x08, 0x62, 0x08, 0x61, 0x08, 0x61, 0x08, 0x62, 0x08, 0x62, 0x08, 0x62, 0x08, 0x62, 0x08,
    0x62, 0x08, 0x62, 0x08, 0x62, 0x08, 0x20, 0x08, 0x45, 0x19, 0xa2, 0x10, 0x41, 0x08, 0x61, 0x08,
    0x62, 0x08, 0x61, 0x08, 0x41, 0x08, 0x87, 0x19, 0x20, 0x08, 0x61, 0x08, 0x61, 0x08, 0x61, 0x08,
    0x61, 0x08, 0x61, 0x08, 0x61, 0x08, 0x61, 0x08, 0x41, 0x08, 0x00, 0x00, 0x66, 0x19, 0xc3, 0x10,
    0x00, 0x00, 0x61, 0x08, 0x61, 0x08, 0x61, 0x08, 0x61, 0x08, 0x61, 0x08, 0x42, 0x08, 0x42, 0x08,
    0x62, 0x08, 0x61, 0x08, 0x61, 0x08, 0x61, 0x08, 0x61, 0x08, 0x61, 0x08, 0x61, 0x08, 0x61, 0x08,
    0x61, 0x08, 0x61, 0x08, 0x61, 0x08, 0x61, 0x08, 0x61, 0x08, 0x61, 0x08, 0x41, 0x08, 0x41, 0x08,
    0x42, 0x08, 0x61, 0x08, 0x41, 0x08, 0x41, 0x08, 0x41, 0x08, 0x41, 0x08, 0x41, 0x08, 0x41, 0x08,
    0x82, 0x10, 0x82, 0x10, 0x82, 0x10, 0x81, 0x10, 0x81, 0x10, 0x81, 0x10, 0x82, 0x10, 0x82, 0x10,
    0x82, 0x08, 0x82, 0x08, 0x82, 0x08, 0x82, 0x10, 0x62, 0x10, 0x62, 0x08, 0x62, 0x08, 0x82, 0x08,
    0x82, 0x08, 0x82, 0x10, 0x82, 0x10, 0x61, 0x08, 0x61, 0x08, 0x61, 0x08, 0x81, 0x08, 0x62, 0x08,
    0x62, 0x08, 0x62, 0x08, 0x82, 0x10, 0x82, 0x08, 0x20, 0x08, 0x04, 0x11, 0x66, 0x19, 0x20, 0x08,
    0x82, 0x10, 0x82, 0x08, 0x82, 0x08, 0x82, 0x10, 0x61, 0x08, 0x61, 0x08, 0x00, 0x08, 0xa7, 0x19,
    0xa2, 0x10, 0x61, 0x08, 0x82, 0x10, 0x82, 0x10, 0x82, 0x10, 0x82, 0x10, 0x82, 0x10, 0x82, 0x10,
    0x82, 0x08, 0x82, 0x08, 0x82, 0x10, 0x20, 0x08, 0xa7, 0x19, 0x81, 0x08, 0x62, 0x08, 0x82, 0x10,
    0x82, 0x10, 0x82, 0x10, 0x82, 0x10, 0x82, 0x10, 0x82, 0x10, 0x82, 0x10, 0x82, 0x10, 0x82, 0x10,
    0xa2, 0x10, 0xa2, 0x10, 0xa2, 0x10, 0xa2, 0x10, 0xa2, 0x10, 0xa2, 0x10, 0xa2, 0x10, 0x82, 0x10,
    0x20, 0x08, 0x61, 0x10, 0x20, 0x08, 0x61, 0x08, 0x82, 0x10, 0x82, 0x10, 0x82, 0x10, 0x82, 0x10,
    0x82, 0x10, 0x82, 0x10, 0x82, 0x10, 0x82, 0x10, 0x82, 0x10, 0x82, 0x10, 0x82, 0x10, 0x82, 0x10,
    0x82, 0x10, 0x82, 0x10, 0x82, 0x10, 0x82, 0x10, 0x82, 0x10, 0x82, 0x10, 0x82, 0x10, 0x82, 0x10,
    0x82, 0x10, 0x82, 0x10, 0x82, 0x10, 0x82, 0x10, 0x82, 0x10, 0x82, 0x10, 0x82, 0x10, 0x82, 0x10,
    0x82, 0x10, 0x82, 0x10, 0x82, 0x10, 0x82, 0x10, 0x82, 0x10, 0x82, 0x10, 0x82, 0x10, 0x82, 0x10,
    0x82, 0x10, 0xa2, 0x10, 0xa2, 0x10, 0xa2, 0x10, 0xa2, 0x10, 0xa2, 0x10, 0x82, 0x10, 0x82, 0x10,
    0x82, 0x10, 0x82, 0x10, 0xa2, 0x10, 0xa2, 0x10, 0x82, 0x10, 0x82, 0x10, 0x82, 0x10, 0x82, 0x10,
    0x82, 0x10, 0x82, 0x10, 0x82, 0x10, 0x82, 0x10, 0x82, 0x10, 0x82, 0x10, 0x82, 0x10, 0x82, 0x10,
    0x82, 0x10, 0x82, 0x10, 0x82, 0x10, 0x82, 0x10, 0x82, 0x10, 0x82, 0x10, 0x82, 0x10, 0x82, 0x10,
    0xa2, 0x10, 0x82, 0x10, 0x82, 0x10, 0x82, 0x10, 0x82, 0x10, 0x82, 0x10, 0x82, 0x10, 0x82, 0x10,
    0x82, 0x10, 0xa2, 0x10, 0x82, 0x10, 0x82, 0x10, 0x82, 0x10, 0x82, 0x10, 0x82, 0x10, 0x82, 0x10,
    0x82, 0x10, 0x82, 0x10, 0x82, 0x10, 0x82, 0x10, 0x82, 0x10, 0x82, 0x10, 0x82, 0x10, 0x82, 0x10,
    0x82, 0x10, 0x82, 0x10, 0x82, 0x10, 0x82, 0x10, 0x82, 0x10, 0x82, 0x10, 0x82, 0x10, 0x82, 0x10,
    0x82, 0x10, 0x82, 0x10, 0x82, 0x10, 0x82, 0x08, 0x82, 0x08, 0x82, 0x08, 0x82, 0x10, 0x82, 0x10,
    0x82, 0x10, 0x81, 0x10, 0x81, 0x10, 0x82, 0x10, 0x82, 0x10, 0x62, 0x08, 0x62, 0x08, 0x62, 0x08,
    0x62, 0x08, 0x41, 0x08, 0x82, 0x08, 0x62, 0x08, 0x61, 0x08, 0x62, 0x08, 0x62, 0x08, 0x62, 0x08,
    0x61, 0x08, 0x62, 0x08, 0x62, 0x08, 0x20, 0x08, 0x46, 0x19, 0xa2, 0x10, 0x41, 0x08, 0x62, 0x08,
    0x62, 0x08, 0x61, 0x08, 0x41, 0x08, 0x87, 0x19, 0x20, 0x08, 0x61, 0x08, 0x61, 0x08, 0x61, 0x08,
    0x41, 0x08, 0x61, 0x08, 0x61, 0x08, 0x61, 0x08, 0x00, 0x00, 0x66, 0x19, 0xc3, 0x10, 0x00, 0x00,
    0x61, 0x08, 0x61, 0x08, 0x61, 0x08, 0x61, 0x08, 0x61, 0x08, 0x61, 0x08, 0x61, 0x08, 0x61, 0x08,
    0x62, 0x08, 0x61, 0x08, 0x61, 0x08, 0x61, 0x08, 0x61, 0x08, 0x61, 0x08, 0x61, 0x08, 0x61, 0x08,
    0x61, 0x08, 0x61, 0x08, 0x61, 0x08, 0x61, 0x08, 0x61, 0x08, 0x41, 0x08, 0x41, 0x08, 0x41, 0x08,
    0x41, 0x08, 0x41, 0x08, 0x41, 0x08, 0x41, 0x08, 0x41, 0x08, 0x41, 0x08, 0x41, 0x08, 0x41, 0x08,
    0x82, 0x08, 0x82, 0x10, 0x82, 0x10, 0x81, 0x10, 0x81, 0x10, 0x82, 0x10, 0x82, 0x10, 0x82, 0x08,
    0x82, 0x08, 0x82, 0x08, 0x82, 0x08, 0x82, 0x08, 0x62, 0x08, 0x62, 0x08, 0x62, 0x08, 0x82, 0x08,
    0x61, 0x08, 0x61, 0x10, 0x82, 0x10, 0x61, 0x08, 0x82, 0x10, 0x61, 0x08, 0x61, 0x08, 0x61, 0x08,
    0x81, 0x08, 0x61, 0x08, 0x81, 0x08, 0x82, 0x10, 0x20, 0x08, 0x04, 0x11, 0x66, 0x19, 0x20, 0x08,
    0x82, 0x10, 0x82, 0x10, 0x82, 0x10, 0x82, 0x10, 0x61, 0x08, 0xc4, 0x10, 0xe5, 0x10, 0x09, 0x22,
    0x82, 0x10, 0x61, 0x10, 0x82, 0x10, 0x82, 0x10, 0x82, 0x10, 0x82, 0x10, 0x82, 0x08, 0x82, 0x08,
    0x82, 0x08, 0x62, 0x08, 0x82, 0x10, 0x20, 0x08, 0xc8, 0x21, 0x82, 0x08, 0x61, 0x08, 0x82, 0x08,
    0x82, 0x10, 0x82, 0x10, 0x82, 0x10, 0x82, 0x10, 0x82, 0x10, 0x82, 0x08, 0x82, 0x08, 0x82, 0x10,
    0x82, 0x10, 0x82, 0x10, 0x82, 0x10, 0x82, 0x10, 0x82, 0x10, 0x82, 0x10, 0x82, 0x10, 0x82, 0x10,
    0x82, 0x10, 0x62, 0x10, 0x82, 0x10, 0x82, 0x10, 0x82, 0x10, 0x82, 0x10, 0x82, 0x10, 0x82, 0x10,
    0x82, 0x10, 0x82, 0x10, 0x82, 0x10, 0x82, 0x10, 0x82, 0x10, 0x82, 0x10, 0x82, 0x10, 0x82, 0x10,
    0x82, 0x10, 0x82, 0x10, 0xa2, 0x10, 0xa2, 0x10, 0x82, 0x10, 0x82, 0x10, 0x82, 0x10, 0x82, 0x10,
    0x82, 0x10, 0x82, 0x10, 0x82, 0x10, 0x82, 0x10, 0x82, 0x10, 0x82, 0x10, 0x82, 0x10, 0x82, 0x10,
    0x82, 0x10, 0x82, 0x10, 0x82, 0x10, 0x82, 0x10, 0x82, 0x10, 0x82, 0x10, 0x82, 0x10, 0xa2, 0x10,
    0xa2, 0x10, 0xa2, 0x10, 0xa2, 0x10, 0xa2, 0x10, 0xa2, 0x10, 0xa2, 0x10, 0x82, 0x10, 0x82, 0x10,
    0xa2, 0x10, 0xa2, 0x10, 0xa2, 0x10, 0x82, 0x10, 0x82, 0x10, 0x82, 0x10, 0x82, 0x10, 0x82, 0x10,
    0x82, 0x10, 0x82, 0x10, 0x82, 0x10, 0x82, 0x10, 0x82, 0x10, 0x82, 0x10, 0x82, 0x10, 0x82, 0x10,
    0xa2, 0x10, 0xa2, 0x10, 0x82, 0x10, 0x82, 0x10, 0x82, 0x10, 0x82, 0x10, 0x82, 0x10, 0x82, 0x10,
    0x82, 0x10, 0x82, 0x10, 0x82, 0x10, 0x82, 0x10, 0x82, 0x10, 0x82, 0x10, 0x82, 0x10, 0x82, 0x10,
    0x82, 0x10, 0x82, 0x10, 0x82, 0x10, 0x82, 0x10, 0x82, 0x10, 0x82, 0x10, 0x82, 0x10, 0x82, 0x10,
    0x82, 0x10, 0x82, 0x10, 0x82, 0x10, 0x82, 0x10, 0x82, 0x10, 0x82, 0x10, 0x82, 0x10, 0x82, 0x10,
    0x82, 0x10, 0x82, 0x10, 0x82, 0x10, 0x82, 0x10, 0x82, 0x10, 0x82, 0x10, 0x82, 0x10, 0x82, 0x10,
    0x82, 0x10, 0x82, 0x10, 0x82, 0x10, 0x82, 0x08, 0x82, 0x08, 0x82, 0x08, 0x82, 0x10, 0x82, 0x10,
    0x82, 0x10, 0x81, 0x10, 0x82, 0x10, 0x82, 0x10, 0x82, 0x10, 0x62, 0x08, 0x62, 0x08, 0x62, 0x08,
    0x41, 0x08, 0x04, 0x19, 0x25, 0x19, 0x04, 0x11, 0x82, 0x10, 0x61, 0x08, 0x62, 0x08, 0x61, 0x08,
    0x62, 0x08, 0x62, 0x08, 0x82, 0x08, 0x20, 0x08, 0x46, 0x19, 0xa3, 0x10, 0x41, 0x08, 0x62, 0x08,
    0x62, 0x08, 0x61, 0x08, 0x41, 0x08, 0x87, 0x19, 0x20, 0x08, 0x61, 0x08, 0x61, 0x08, 0x61, 0x08,
    0x41, 0x08, 0x61, 0x08, 0x61, 0x08, 0x00, 0x00, 0x66, 0x19, 0xe4, 0x10, 0x00, 0x00, 0x61, 0x08,
    0x61, 0x08, 0x61, 0x08, 0x61, 0x08, 0x61, 0x08, 0x42, 0x08, 0x61, 0x08, 0x61, 0x08, 0x61, 0x08,
    0x61, 0x08, 0x61, 0x08, 0x61, 0x08, 0x61, 0x08, 0x61, 0x08, 0x61, 0x08, 0x61, 0x08, 0x61, 0x08,
    0x61, 0x08, 0x61, 0x08, 0x41, 0x08, 0x61, 0x08, 0x62, 0x08, 0x41, 0x08, 0x41, 0x08, 0x41, 0x08,
    0x41, 0x08, 0x41, 0x08, 0x41, 0x08, 0x61, 0x08, 0x41, 0x08, 0x61, 0x08, 0x41, 0x08, 0x41, 0x08,
    0x62, 0x10, 0x82, 0x10, 0x82, 0x10, 0x82, 0x10, 0x82, 0x10, 0x82, 0x10, 0x82, 0x08, 0x82, 0x08,
    0x82, 0x08, 0x82, 0x08, 0x82, 0x08, 0x82, 0x08, 0x82, 0x08, 0x62, 0x08, 0x61, 0x08, 0x41, 0x08,
    0x82, 0x10, 0x82, 0x10, 0x61, 0x08, 0x82, 0x10, 0x82, 0x08, 0x61, 0x08, 0x61, 0x08, 0x82, 0x08,
    0x61, 0x08, 0x61, 0x08, 0x61, 0x08, 0x82, 0x10, 0x20, 0x08, 0x04, 0x19, 0x66, 0x19, 0x20, 0x08,
    0x82, 0x10, 0x82, 0x10, 0x82, 0x08, 0x82, 0x10, 0x82, 0x10, 0x82, 0x10, 0x20, 0x08, 0xa7, 0x19,
    0x82, 0x10, 0x40, 0x08, 0x61, 0x08, 0x41, 0x08, 0x41, 0x08, 0x41, 0x08, 0x41, 0x08, 0x41, 0x08,
    0x40, 0x08, 0x40, 0x08, 0x41, 0x08, 0x00, 0x08, 0xe8, 0x21, 0x82, 0x08, 0x61, 0x08, 0x82, 0x08,
    0x82, 0x08, 0x82, 0x10, 0x82, 0x10, 0x82, 0x10, 0x82, 0x10, 0x82, 0x08, 0x82, 0x08, 0x82, 0x10,
    0x82, 0x10, 0x82, 0x10, 0x82, 0x10, 0x82, 0x10, 0x82, 0x10, 0x82, 0x10, 0x82, 0x10, 0x82, 0x08,
    0x82, 0x10, 0x82, 0x10, 0x82, 0x10, 0x82, 0x10, 0x82, 0x10, 0x82, 0x10, 0x82, 0x10, 0x82, 0x10,
    0x82, 0x10, 0x82, 0x10, 0x82, 0x10, 0x82, 0x10, 0x82, 0x10, 0x82, 0x10, 0x82, 0x10, 0x82, 0x10,
    0x82, 0x10, 0x82, 0x10, 0x82, 0x10, 0xa2, 0x10, 0x82, 0x10, 0x82, 0x10, 0x82, 0x10, 0x82, 0x10,
    0x82, 0x10, 0x82, 0x10, 0x82, 0x10, 0x82, 0x10, 0x82, 0x10, 0x82, 0x10, 0x82, 0x10, 0x82, 0x10,
    0x82, 0x10, 0xa2, 0x10, 0xa2, 0x10, 0x82, 0x10, 0x82, 0x10, 0x82, 0x10, 0x82, 0x10, 0x82, 0x10,
    0x82, 0x10, 0xa2, 0x10, 0xa2, 0x10, 0xa2, 0x10, 0xa2, 0x10, 0x82, 0x10, 0x82, 0x10, 0x82, 0x10,
    0x82, 0x10, 0xa2, 0x10, 0xa2, 0x10, 0x82, 0x10, 0x82, 0x10, 0x82, 0x10, 0x82, 0x10, 0x82, 0x10,
    0x82, 0x10, 0x82, 0x10, 0x82, 0x10, 0x82, 0x10, 0x82, 0x10, 0x82, 0x10, 0x82, 0x10, 0x82, 0x10,
    0xa2, 0x10, 0x82, 0x10, 0xa2, 0x10, 0x82, 0x10, 0x82, 0x10, 0x82, 0x10, 0x82, 0x10, 0x82, 0x10,
    0x82, 0x10, 0x82, 0x10, 0x82, 0x10, 0x82, 0x10, 0x82, 0x10, 0x82, 0x10, 0x82, 0x10, 0x82, 0x10,
    0x82, 0x10, 0x82, 0x10, 0x82, 0x10, 0x82, 0x10, 0x82, 0x10, 0x82, 0x10, 0x82, 0x10, 0x82, 0x10,
    0x82, 0x10, 0x82, 0x10, 0x82, 0x10, 0x82, 0x10, 0x82, 0x10, 0x82, 0x10, 0x82, 0x10, 0x82, 0x10,
    0x82, 0x10, 0x82, 0x10, 0x82, 0x10, 0x82, 0x10, 0x82, 0x10, 0x82, 0x10, 0x82, 0x10, 0x82, 0x10,
    0x82, 0x10, 0x82, 0x10, 0x62, 0x10, 0x62, 0x10, 0x82, 0x08, 0x82, 0x10, 0x82, 0x10, 0x82, 0x10,
    0x82, 0x10, 0x82, 0x10, 0x82, 0x10, 0x62, 0x08, 0x62, 0x08, 0x62, 0x08, 0x62, 0x08, 0x62, 0x08,
    0x41, 0x08, 0x46, 0x19, 0x61, 0x08, 0xa2, 0x10, 0xe4, 0x10, 0x41, 0x08, 0x82, 0x08, 0x62, 0x08,
    0x62, 0x08, 0x62, 0x08, 0x82, 0x08, 0x20, 0x08, 0x46, 0x19, 0xa2, 0x10, 0x41, 0x08, 0x62, 0x08,
    0x61, 0x08, 0x61, 0x08, 0x41, 0x08, 0xa8, 0x21, 0x00, 0x08, 0x41, 0x08, 0x61, 0x08, 0x61, 0x08,
    0x61, 0x08, 0x20, 0x08, 0x00, 0x08, 0x66, 0x19, 0xe4, 0x10, 0x00, 0x00, 0x61, 0x08, 0x61, 0x08,
    0x61, 0x08, 0x61, 0x08, 0x61, 0x08, 0x61, 0x08, 0x42, 0x08, 0x41, 0x08, 0x61, 0x08, 0x61, 0x08,
    0x61, 0x08, 0x61, 0x08, 0x61, 0x08, 0x61, 0x08, 0x61, 0x08, 0x61, 0x08, 0x61, 0x08, 0x61, 0x08,
    0x61, 0x08, 0x61, 0x08, 0x41, 0x08, 0x41, 0x08, 0x41, 0x08, 0x41, 0x08, 0x41, 0x08, 0x41, 0x08,
    0x41, 0x08, 0x41, 0x08, 0x41, 0x08, 0x41, 0x08, 0x41, 0x08, 0x41, 0x08, 0x41, 0x08, 0x41, 0x08,
    0x62, 0x10, 0x62, 0x10, 0x82, 0x10, 0x82, 0x10, 0x82, 0x10, 0x82, 0x10, 0x82, 0x08, 0x82, 0x08,
    0x82, 0x08, 0x82, 0x08, 0x82, 0x10, 0x82, 0x10, 0x62, 0x08, 0x82, 0x08, 0x41, 0x08, 0xe4, 0x10,
    0x25, 0x11, 0x04, 0x11, 0x82, 0x08, 0x40, 0x08, 0x41, 0x08, 0x41, 0x08, 0x41, 0x08, 0x41, 0x08,
    0x41, 0x08, 0x41, 0x08, 0x61, 0x08, 0x82, 0x08, 0x20, 0x08, 0x04, 0x11, 0x66, 0x19, 0x20, 0x08,
    0x82, 0x10, 0x82, 0x08, 0x82, 0x08, 0x82, 0x08, 0x82, 0x08, 0x82, 0x10, 0x20, 0x08, 0x66, 0x19,
    0xe9, 0x21, 0xa8, 0x21, 0xc8, 0x21, 0xa8, 0x21, 0xa8, 0x21, 0xa8, 0x21, 0xa7, 0x21, 0xa8, 0x21,
    0x87, 0x21, 0x87, 0x21, 0x87, 0x21, 0xc8, 0x21, 0x09, 0x22, 0x41, 0x08, 0x82, 0x08, 0x82, 0x08,
    0x82, 0x08, 0x82, 0x08, 0x82, 0x10, 0x82, 0x10, 0x82, 0x08, 0x82, 0x08, 0x82, 0x08, 0x82, 0x08,
    0x82, 0x10, 0x82, 0x10, 0x82, 0x10, 0x82, 0x10, 0x82, 0x10, 0x82, 0x08, 0x82, 0x08, 0x82, 0x10,
    0x82, 0x10, 0x82, 0x10, 0x82, 0x10, 0x82, 0x10, 0x82, 0x10, 0x82, 0x10, 0x82, 0x10, 0x82, 0x10,
    0x82, 0x10, 0x82, 0x10, 0x82, 0x10, 0x82, 0x10, 0x82, 0x10, 0x82, 0x10, 0x82, 0x10, 0x82, 0x10,
    0x82, 0x10, 0x82, 0x10, 0x82, 0x10, 0x82, 0x10, 0x82, 0x10, 0x82, 0x10, 0x82, 0x10, 0xa2, 0x10,
    0x82, 0x10, 0x82, 0x10, 0x82, 0x10, 0x82, 0x10, 0x82, 0x10, 0x82, 0x10, 0x82, 0x10, 0x82, 0x10,
    0x82, 0x10, 0x82, 0x10, 0x82, 0x10, 0x82, 0x10, 0x82, 0x10, 0x82, 0x10, 0x82, 0x10, 0x82, 0x10,
    0x82, 0x10, 0x82, 0x10, 0x82, 0x10, 0xa2, 0x10, 0xa2, 0x10, 0x82, 0x10, 0x82, 0x10, 0x82, 0x10,
    0x82, 0x10, 0x82, 0x10, 0x82, 0x10, 0x82, 0x10, 0x82, 0x10, 0x82, 0x10, 0x82, 0x10, 0xa2, 0x10,
    0x82, 0x10, 0xa2, 0x10, 0xa2, 0x10, 0x82, 0x10, 0x82, 0x10, 0x82, 0x10, 0x82, 0x10, 0xa2, 0x10,
    0xa2, 0x10, 0x82, 0x10, 0xa2, 0x10, 0x82, 0x10, 0x82, 0x10, 0x82, 0x10, 0x82, 0x10, 0x82, 0x10,
    0x82, 0x10, 0x82, 0x10, 0x82, 0x10, 0x82, 0x10, 0x82, 0x10, 0x82, 0x10, 0x82, 0x10, 0xa2, 0x10,
    0x82, 0x10, 0x82, 0x10, 0x82, 0x10, 0xa2, 0x10, 0x82, 0x10, 0xa2, 0x10, 0x82, 0x10, 0x82, 0x10,
    0x82, 0x10, 0x82, 0x10, 0x82, 0x10, 0x82, 0x10, 0x82, 0x10, 0x82, 0x10, 0x82, 0x10, 0x82, 0x10,
    0x82, 0x10, 0x82, 0x10, 0x82, 0x10, 0x82, 0x10, 0x82, 0x10, 0x82, 0x10, 0x82, 0x10, 0x82, 0x10,
    0x82, 0x10, 0x82, 0x10, 0x82, 0x10, 0x82, 0x10, 0x82, 0x10, 0x82, 0x10, 0x82, 0x10, 0x82, 0x10,
    0x82, 0x08, 0x82, 0x10, 0x82, 0x10, 0x62, 0x10, 0x62, 0x08, 0x62, 0x08, 0x62, 0x08, 0x62, 0x08,
    0x41, 0x08, 0xa3, 0x08, 0xe4, 0x10, 0x05, 0x11, 0xa2, 0x08, 0x41, 0x08, 0x82, 0x08, 0x62, 0x08,
    0x62, 0x08, 0x62, 0x08, 0x62, 0x08, 0x20, 0x08, 0x46, 0x19, 0xa2, 0x10, 0x41, 0x08, 0x61, 0x08,
    0x61, 0x08, 0x61, 0x08, 0x40, 0x08, 0xe4, 0x10, 0x25, 0x11, 0x41, 0x08, 0x61, 0x08, 0x61, 0x08,
    0x41, 0x08, 0xa3, 0x10, 0x67, 0x19, 0xe4, 0x10, 0x00, 0x00, 0x62, 0x08, 0x61, 0x08, 0x61, 0x08,
    0x61, 0x08, 0x61, 0x08, 0x41, 0x08, 0x41, 0x08, 0x42, 0x08, 0x41, 0x08, 0x61, 0x08, 0x61, 0x08,
    0x61, 0x08, 0x61, 0x08, 0x61, 0x08, 0x61, 0x08, 0x61, 0x08, 0x61, 0x08, 0x61, 0x08, 0x61, 0x08,
    0x61, 0x08, 0x41, 0x08, 0x41, 0x08, 0x41, 0x08, 0x41, 0x08, 0x41, 0x08, 0x61, 0x08, 0x41, 0x08,
    0x41, 0x08, 0x41, 0x08, 0x41, 0x08, 0x41, 0x08, 0x41, 0x08, 0x41, 0x08, 0x41, 0x08, 0x41, 0x08,
    0x62, 0x08, 0x62, 0x10, 0x82, 0x10, 0x82, 0x10, 0x82, 0x10, 0x82, 0x10, 0x82, 0x10, 0x82, 0x08,
    0x82, 0x10, 0x82, 0x10, 0x62, 0x08, 0x62, 0x08, 0x61, 0x08, 0x82, 0x10, 0x41, 0x08, 0x46, 0x19,
    0x61, 0x10, 0x81, 0x10, 0x25, 0x11, 0xc4, 0x10, 0xe5, 0x10, 0xe5, 0x10, 0xe5, 0x10, 0x05, 0x11,
    0x05, 0x11, 0x05, 0x11, 0x82, 0x10, 0x61, 0x08, 0x20, 0x08, 0x04, 0x11, 0x45, 0x19, 0x20, 0x08,
    0x82, 0x10, 0x82, 0x10, 0x82, 0x10, 0x82, 0x08, 0x82, 0x08, 0x82, 0x08, 0x82, 0x10, 0x41, 0x08,
    0x41, 0x08, 0x41, 0x08, 0x41, 0x08, 0x41, 0x08, 0x41, 0x08, 0x41, 0x08, 0x41, 0x08, 0x41, 0x08,
    0x41, 0x08, 0x41, 0x08, 0x41, 0x08, 0x41, 0x08, 0x41, 0x08, 0x62, 0x08, 0x82, 0x08, 0x82, 0x08,
    0x82, 0x10, 0x82, 0x10, 0x82, 0x10, 0x62, 0x10, 0x62, 0x10, 0x62, 0x08, 0x82, 0x08, 0x82, 0x08,
    0x82, 0x10, 0x82, 0x10, 0x82, 0x10, 0x82, 0x10, 0x82, 0x10, 0x82, 0x08, 0x82, 0x08, 0x82, 0x10,
    0x82, 0x10, 0x82, 0x10, 0x82, 0x10, 0x82, 0x10, 0x82, 0x10, 0x82, 0x10, 0x82, 0x10, 0x82, 0x10,
    0x82, 0x10, 0x82, 0x10, 0x82, 0x10, 0x82, 0x10, 0x82, 0x10, 0x82, 0x10, 0x82, 0x10, 0x82, 0x10,
    0x82, 0x10, 0x82, 0x10, 0x82, 0x10, 0x82, 0x10, 0x82, 0x10, 0x82, 0x10, 0x82, 0x10, 0x82, 0x10,
    0x82, 0x10, 0x82, 0x10, 0x82, 0x10, 0x82, 0x10, 0x82, 0x10, 0x82, 0x10, 0x82, 0x10, 0x82, 0x10,
    0x82, 0x10, 0x82, 0x10, 0x82, 0x10, 0x82, 0x10, 0x82, 0x10, 0x82, 0x10, 0x82, 0x10, 0x82, 0x10,
    0x82, 0x10, 0x82, 0x10, 0x82, 0x10, 0xa2, 0x10, 0xa2, 0x10, 0x82, 0x10, 0x82, 0x10, 0x82, 0x10,
    0x82, 0x10, 0x82, 0x10, 0x82, 0x10, 0x82, 0x10, 0x82, 0x10, 0x82, 0x10, 0x82, 0x10, 0xa2, 0x10,
    0x82, 0x10, 0x82, 0x10, 0xa2, 0x10, 0x82, 0x10, 0x82, 0x10, 0xa2, 0x10, 0xa2, 0x10, 0xa2, 0x10,
    0xa2, 0x10, 0xa2, 0x10, 0xa2, 0x10, 0xa2, 0x10, 0x82, 0x10, 0x82, 0x10, 0x82, 0x10, 0x82, 0x10,
    0x82, 0x10, 0x82, 0x10, 0x82, 0x10, 0x82, 0x10, 0x82, 0x10, 0x82, 0x10, 0xa2, 0x10, 0xa2, 0x10,
    0xa2, 0x10, 0x82, 0x10, 0x82, 0x10, 0x82, 0x10, 0x82, 0x10, 0x82, 0x10, 0x82, 0x10, 0x82, 0x10,
    0x82, 0x10, 0x82, 0x10, 0x82, 0x10, 0x82, 0x10, 0x82, 0x10, 0x82, 0x10, 0x82, 0x10, 0x82, 0x10,
    0x82, 0x10, 0x82, 0x10, 0x82, 0x10, 0x82, 0x10, 0x82, 0x10, 0x82, 0x10, 0x82, 0x10, 0x82, 0x10,
    0x82, 0x10, 0x82, 0x10, 0x82, 0x10, 0x82, 0x10, 0x82, 0x10, 0x82, 0x10, 0x82, 0x10, 0x82, 0x08,
    0x82, 0x10, 0x82, 0x10, 0x82, 0x10, 0x62, 0x08, 0x62, 0x08, 0x62, 0x08, 0x62, 0x08, 0x62, 0x08,
    0x61, 0x08, 0x41, 0x08, 0x62, 0x08, 0x67, 0x19, 0x82, 0x08, 0x41, 0x08, 0x62, 0x08, 0x62, 0x08,
    0x62, 0x08, 0x62, 0x08, 0x62, 0x08, 0x20, 0x08, 0x45, 0x19, 0xa2, 0x10, 0x41, 0x08, 0x61, 0x08,
    0x61, 0x08, 0x61, 0x08, 0x61, 0x08, 0x00, 0x08, 0x46, 0x11, 0xa2, 0x08, 0x41, 0x08, 0x41, 0x08,
    0xa3, 0x10, 0xa7, 0x19, 0x45, 0x19, 0xa3, 0x08, 0x41, 0x08, 0x62, 0x08, 0x61, 0x08, 0x61, 0x08,
    0x62, 0x08, 0x62, 0x08, 0x62, 0x08, 0x42, 0x08, 0x62, 0x08, 0x61, 0x08, 0x61, 0x08, 0x61, 0x08,
    0x61, 0x08, 0x61, 0x08, 0x61, 0x08, 0x61, 0x08, 0x61, 0x08, 0x61, 0x08, 0x61, 0x08, 0x61, 0x08,
    0x61, 0x08, 0x41, 0x08, 0x41, 0x08, 0x41, 0x08, 0x41, 0x08, 0x41, 0x08, 0x41, 0x08, 0x41, 0x08,
    0x41, 0x08, 0x41, 0x08, 0x41, 0x08, 0x61, 0x08, 0x41, 0x08, 0x41, 0x08, 0x41, 0x08, 0x41, 0x08,
    0x82, 0x10, 0x82, 0x10, 0x82, 0x10, 0x82, 0x10, 0x82, 0x10, 0x82, 0x10, 0x82, 0x10, 0x62, 0x08,
    0x62, 0x08, 0x62, 0x08, 0x62, 0x08, 0x62, 0x08, 0x82, 0x08, 0x82, 0x08, 0x61, 0x08, 0xa3, 0x10,
    0x05, 0x11, 0x25, 0x11, 0x82, 0x10, 0x61, 0x08, 0x61, 0x08, 0x61, 0x08, 0x61, 0x08, 0x61, 0x08,
    0x41, 0x08, 0x61, 0x08, 0x61, 0x08, 0x82, 0x08, 0x20, 0x08, 0x04, 0x19, 0x45, 0x19, 0x20, 0x08,
    0x82, 0x10, 0x82, 0x10, 0x82, 0x10, 0x82, 0x10, 0x82, 0x08, 0x82, 0x08, 0x82, 0x08, 0x82, 0x08,
    0x62, 0x08, 0x62, 0x08, 0x62, 0x08, 0x62, 0x08, 0x62, 0x08, 0x62, 0x10, 0x82, 0x10, 0x62, 0x08,
    0x62, 0x08, 0x62, 0x08, 0x82, 0x08, 0x82, 0x10, 0x82, 0x10, 0x82, 0x10, 0x82, 0x08, 0x82, 0x10,
    0x82, 0x10, 0x82, 0x10, 0x82, 0x10, 0x62, 0x10, 0x62, 0x08, 0x62, 0x08, 0x62, 0x08, 0x82, 0x08,
    0x82, 0x10, 0x82, 0x10, 0x82, 0x10, 0x82, 0x10, 0x82, 0x10, 0x82, 0x10, 0x82, 0x10, 0x62, 0x10,
    0x82, 0x10, 0x82, 0x10, 0x82, 0x10, 0x82, 0x10, 0x82, 0x10, 0x82, 0x10, 0x82, 0x10, 0x82, 0x10,
    0x82, 0x10, 0x82, 0x10, 0x82, 0x10, 0x82, 0x08, 0x82, 0x08, 0x82, 0x10, 0x82, 0x10, 0x82, 0x10,
    0x82, 0x10, 0x82, 0x10, 0x82, 0x10, 0x82, 0x10, 0x82, 0x10, 0x82, 0x10, 0x82, 0x10, 0x82, 0x10,
    0x82, 0x10, 0x82, 0x10, 0x82, 0x10, 0x82, 0x10, 0x82, 0x10, 0x82, 0x10, 0x82, 0x10, 0x82, 0x10,
    0x82, 0x10, 0x82, 0x10, 0x82, 0x10, 0x82, 0x10, 0x82, 0x10, 0x82, 0x10, 0x82, 0x10, 0x82, 0x10,
    0x82, 0x10, 0x82, 0x10, 0x82, 0x10, 0x82, 0x10, 0x82, 0x10, 0x82, 0x10, 0x82, 0x10, 0x82, 0x10,
    0x82, 0x10, 0x82, 0x10, 0x82, 0x10, 0x82, 0x10, 0x82, 0x10, 0x82, 0x10, 0xa2, 0x10, 0xa2, 0x10,
    0x82, 0x10, 0x82, 0x10, 0xa2, 0x10, 0xa2, 0x10, 0x82, 0x10, 0x82, 0x10, 0x82, 0x10, 0x82, 0x10,
    0xa2, 0x10, 0x82, 0x10, 0xa2, 0x10, 0x82, 0x10, 0xa2, 0x10, 0x82, 0x10, 0x82, 0x10, 0x82, 0x10,
    0x82, 0x10, 0x82, 0x10, 0x82, 0x10, 0x82, 0x10, 0x82, 0x10, 0x82, 0x10, 0x82, 0x10, 0x82, 0x10,
    0xa2, 0x10, 0x82, 0x10, 0x82, 0x10, 0x82, 0x10, 0x82, 0x10, 0x82, 0x10, 0x82, 0x10, 0x82, 0x10,
    0x82, 0x10, 0x82, 0x10, 0x82, 0x10, 0x82, 0x10, 0x82, 0x10, 0x82, 0x10, 0x82, 0x10, 0x82, 0x10,
    0x82, 0x10, 0x82, 0x10, 0x82, 0x10, 0x82, 0x10, 0x82, 0x10, 0x82, 0x10, 0x82, 0x10, 0x82, 0x10,
    0x82, 0x10, 0x82, 0x10, 0x82, 0x10, 0x81, 0x10, 0x82, 0x10, 0x82, 0x10, 0x82, 0x10, 0x82, 0x08,
    0x82, 0x08, 0x82, 0x10, 0x62, 0x08, 0x62, 0x08, 0x62, 0x08, 0x62, 0x08, 0x62, 0x08, 0x62, 0x08,
    0x61, 0x08, 0x62, 0x08, 0x00, 0x00, 0x25, 0x11, 0xc3, 0x10, 0x20, 0x08, 0x62, 0x08, 0x62, 0x08,
    0x62, 0x08, 0x62, 0x08, 0x62, 0x08, 0x20, 0x08, 0x45, 0x19, 0x82, 0x10, 0x41, 0x08, 0x61, 0x08,
    0x61, 0x08, 0x61, 0x08, 0x61, 0x08, 0x20, 0x08, 0x25, 0x11, 0x82, 0x10, 0x41, 0x08, 0x41, 0x08,
    0x82, 0x08, 0x46, 0x19, 0x45, 0x19, 0xa2, 0x08, 0x41, 0x08, 0x62, 0x08, 0x62, 0x08, 0x62, 0x08,
    0x62, 0x08, 0x62, 0x08, 0x62, 0x08, 0x62, 0x08, 0x61, 0x08, 0x61, 0x08, 0x61, 0x08, 0x61, 0x08,
    0x61, 0x08, 0x61, 0x08, 0x61, 0x08, 0x61, 0x08, 0x61, 0x08, 0x61, 0x08, 0x61, 0x08, 0x41, 0x08,
    0x41, 0x08, 0x41, 0x08, 0x41, 0x08, 0x41, 0x08, 0x41, 0x08, 0x41, 0x08, 0x41, 0x08, 0x41, 0x08,
    0x41, 0x08, 0x41, 0x08, 0x61, 0x08, 0x61, 0x08, 0x61, 0x08, 0x41, 0x08, 0x41, 0x08, 0x41, 0x08,
    0x82, 0x10, 0x82, 0x10, 0x82, 0x10, 0x82, 0x10, 0x82, 0x10, 0x62, 0x10, 0x62, 0x10, 0x62, 0x08,
    0x62, 0x08, 0x62, 0x08, 0x62, 0x08, 0x82, 0x10, 0x82, 0x08, 0x82, 0x08, 0x82, 0x10, 0x61, 0x08,
    0x82, 0x08, 0x82, 0x08, 0x61, 0x08, 0x82, 0x10, 0x62, 0x08, 0x62, 0x08, 0x62, 0x08, 0x62, 0x08,
    0x62, 0x08, 0x62, 0x08, 0x62, 0x08, 0x82, 0x08, 0x20, 0x08, 0x04, 0x19, 0x66, 0x19, 0x20, 0x08,
    0x82, 0x10, 0x82, 0x10, 0x82, 0x10, 0x82, 0x10, 0x82, 0x08, 0x82, 0x08, 0x82, 0x08, 0x62, 0x08,
    0x62, 0x08, 0x82, 0x08, 0x62, 0x08, 0x62, 0x08, 0x82, 0x08, 0x82, 0x10, 0x82, 0x08, 0x82, 0x10,
    0x82, 0x10, 0x82, 0x10, 0x82, 0x10, 0x82, 0x10, 0x82, 0x08, 0x82, 0x08, 0x82, 0x08, 0x82, 0x10,
    0x82, 0x10, 0x82, 0x10, 0x82, 0x10, 0x82, 0x10, 0x62, 0x08, 0x62, 0x08, 0x62, 0x08, 0x82, 0x10,
    0x82, 0x10, 0x82, 0x10, 0x82, 0x10, 0x82, 0x10, 0x82, 0x10, 0x82, 0x10, 0x82, 0x10, 0x82, 0x10,
    0x82, 0x10, 0x82, 0x10, 0x82, 0x10, 0x82, 0x10, 0x82, 0x10, 0x82, 0x10, 0x82, 0x10, 0x82, 0x10,
    0x82, 0x10, 0x82, 0x10, 0x82, 0x10, 0x82, 0x10, 0x82, 0x10, 0x82, 0x10, 0x82, 0x10, 0x81, 0x10,
    0x82, 0x10, 0x82, 0x10, 0x82, 0x10, 0x82, 0x10, 0x82, 0x10, 0x82, 0x10, 0x82, 0x10, 0x82, 0x10,
    0xa2, 0x10, 0x82, 0x10, 0x82, 0x10, 0x82, 0x10, 0x82, 0x10, 0x82, 0x10, 0x82, 0x10, 0x82, 0x10,
    0x82, 0x10, 0x82, 0x10, 0x82, 0x10, 0x82, 0x10, 0x82, 0x10, 0x82, 0x10, 0x82, 0x10, 0x82, 0x10,
    0x82, 0x10, 0x82, 0x10, 0x82, 0x10, 0x82, 0x10, 0x82, 0x10, 0x82, 0x10, 0x82, 0x10, 0x82, 0x10,
    0x82, 0x10, 0x82, 0x10, 0xa2, 0x10, 0x82, 0x10, 0x82, 0x10, 0x82, 0x10, 0xa2, 0x10, 0xa2, 0x10,
    0x82, 0x10, 0x82, 0x10, 0xa2, 0x10, 0x82, 0x10, 0x82, 0x10, 0x82, 0x10, 0x82, 0x10, 0xa2, 0x10,
    0x82, 0x10, 0x82, 0x10, 0x82, 0x10, 0x82, 0x10, 0x82, 0x10, 0x82, 0x10, 0x82, 0x10, 0x82, 0x10,
    0x82, 0x10, 0x82, 0x10, 0x82, 0x10, 0x82, 0x10, 0x82, 0x10, 0x82, 0x10, 0x82, 0x10, 0xa2, 0x10,
    0xa2, 0x10, 0x82, 0x10, 0x82, 0x10, 0x82, 0x10, 0x82, 0x10, 0x82, 0x10, 0x82, 0x10, 0x82, 0x10,
    0x82, 0x10, 0x82, 0x10, 0x82, 0x10, 0x82, 0x10, 0x82, 0x10, 0x82, 0x10, 0x82, 0x10, 0xa2, 0x10,
    0x82, 0x10, 0x82, 0x10, 0x82, 0x10, 0x82, 0x10, 0x82, 0x10, 0x82, 0x10, 0x82, 0x10, 0x82, 0x10,
    0x82, 0x10, 0x82, 0x10, 0x82, 0x10, 0x82, 0x10, 0x82, 0x10, 0x82, 0x10, 0x82, 0x10, 0x82, 0x08,
    0x82, 0x08, 0x82, 0x10, 0x82, 0x08, 0x82, 0x08, 0x82, 0x08, 0x62, 0x08, 0x62, 0x08, 0x62, 0x08,
    0x61, 0x08, 0x62, 0x08, 0x00, 0x08, 0x46, 0x19, 0xc3, 0x10, 0x20, 0x08, 0x62, 0x08, 0x62, 0x08,
    0x62, 0x08, 0x62, 0x08, 0x62, 0x08, 0x20, 0x08, 0x45, 0x19, 0xa2, 0x10, 0x41, 0x08, 0x62, 0x08,
    0x61, 0x08, 0x61, 0x08, 0x62, 0x08, 0x20, 0x08, 0x25, 0x11, 0x82, 0x10, 0x21, 0x08, 0x62, 0x08,
    0x41, 0x08, 0x61, 0x08, 0x82, 0x08, 0x41, 0x08, 0x61, 0x08, 0x61, 0x08, 0x61, 0x08, 0x62, 0x08,
    0x62, 0x08, 0x62, 0x08, 0x61, 0x08, 0x61, 0x08, 0x61, 0x08, 0x61, 0x08, 0x61, 0x08, 0x61, 0x08,
    0x61, 0x08, 0x61, 0x08, 0x61, 0x08, 0x41, 0x08, 0x61, 0x08, 0x61, 0x08, 0x61, 0x08, 0x41, 0x08,
    0x61, 0x08, 0x61, 0x08, 0x41, 0x08, 0x41, 0x08, 0x41, 0x08, 0x41, 0x08, 0x41, 0x08, 0x41, 0x08,
    0x41, 0x08, 0x41, 0x08, 0x41, 0x08, 0x61, 0x08, 0x41, 0x08, 0x41, 0x08, 0x41, 0x08, 0x41, 0x08,
    0x82, 0x10, 0x82, 0x10, 0x82, 0x10, 0x82, 0x10, 0x82, 0x10, 0x62, 0x08, 0x62, 0x08, 0x62, 0x10,
    0x62, 0x08, 0x82, 0x10, 0x82, 0x10, 0x82, 0x10, 0x82, 0x08, 0x82, 0x08, 0x82, 0x08, 0x82, 0x08,
    0x62, 0x08, 0x62, 0x08, 0x82, 0x10, 0x82, 0x08, 0x62, 0x08, 0x62, 0x08, 0x61, 0x08, 0x62, 0x08,
    0x62, 0x08, 0x82, 0x08, 0x62, 0x08, 0x82, 0x08, 0x20, 0x08, 0x04, 0x11, 0x45, 0x19, 0x20, 0x08,
    0x82, 0x10, 0x82, 0x10, 0x82, 0x10, 0x82, 0x10, 0x82, 0x08, 0x82, 0x08, 0x82, 0x08, 0x62, 0x08,
    0x62, 0x08, 0x82, 0x08, 0x82, 0x08, 0x82, 0x10, 0x82, 0x10, 0x82, 0x10, 0x82, 0x08, 0x82, 0x08,
    0x82, 0x08, 0x82, 0x10, 0x82, 0x08, 0x82, 0x08, 0x82, 0x08, 0x82, 0x08, 0x82, 0x10, 0x82, 0x10,
    0x82, 0x10, 0x82, 0x10, 0x82, 0x10, 0x82, 0x10, 0x82, 0x10, 0x82, 0x08, 0x82, 0x10, 0x82, 0x10,
    0x82, 0x10, 0x82, 0x10, 0x82, 0x10, 0x82, 0x10, 0x82, 0x10, 0x82, 0x10, 0x82, 0x10, 0x82, 0x10,
    0x82, 0x10, 0x82, 0x10, 0x82, 0x10, 0x82, 0x10, 0x82, 0x10, 0x82, 0x10, 0x82, 0x10, 0x82, 0x10,
    0x82, 0x10, 0x82, 0x08, 0x82, 0x10, 0x82, 0x10, 0x82, 0x10, 0x82, 0x10, 0x82, 0x10, 0x81, 0x10,
    0x82, 0x10, 0x82, 0x10, 0x82, 0x10, 0x82, 0x10, 0x82, 0x10, 0x82, 0x10, 0x82, 0x10, 0xa2, 0x10,
    0x82, 0x10, 0x82, 0x10, 0x82, 0x10, 0x82, 0x10, 0x82, 0x10, 0x82, 0x10, 0x82, 0x10, 0x82, 0x10,
    0x82, 0x10, 0x82, 0x10, 0x82, 0x10, 0x82, 0x10, 0x82, 0x10, 0x82, 0x10, 0x82, 0x10, 0x82, 0x10,
    0xa2, 0x10, 0xa2, 0x10, 0x82, 0x10, 0x82, 0x10, 0x82, 0x10, 0x82, 0x10, 0x82, 0x10, 0x82, 0x10,
    0xa2, 0x10, 0x82, 0x10, 0x82, 0x10, 0x82, 0x10, 0xa2, 0x10, 0xa2, 0x10, 0xa2, 0x10, 0xa2, 0x10,
    0x82, 0x10, 0x82, 0x10, 0xa2, 0x10, 0x82, 0x10, 0x82, 0x10, 0x82, 0x10, 0x82, 0x10, 0x82, 0x10,
    0xa2, 0x10, 0x82, 0x10, 0x82, 0x10, 0x82, 0x10, 0x82, 0x10, 0x82, 0x10, 0x82, 0x10, 0x82, 0x10,
    0x82, 0x10, 0x82, 0x10, 0x82, 0x10, 0x82, 0x10, 0x82, 0x10, 0x82, 0x10, 0x82, 0x10, 0xa2, 0x10,
    0x82, 0x10, 0x82, 0x10, 0x82, 0x10, 0x82, 0x10, 0x82, 0x10, 0x82, 0x10, 0x82, 0x10, 0x82, 0x10,
    0x82, 0x10, 0xa2, 0x10, 0x82, 0x10, 0x82, 0x10, 0x82, 0x10, 0x82, 0x10, 0x82, 0x10, 0x82, 0x10,
    0x82, 0x10, 0x82, 0x10, 0x82, 0x10, 0x82, 0x10, 0x82, 0x10, 0x82, 0x10, 0x82, 0x10, 0x82, 0x10,
    0x82, 0x10, 0x82, 0x10, 0x82, 0x10, 0x81, 0x10, 0x82, 0x10, 0x82, 0x10, 0x82, 0x10, 0x82, 0x08,
    0x82, 0x10, 0x82, 0x10, 0x82, 0x10, 0x82, 0x10, 0x82, 0x10, 0x82, 0x08, 0x62, 0x08, 0x62, 0x08,
    0x61, 0x08, 0x62, 0x08, 0x00, 0x08, 0x46, 0x19, 0xc3, 0x10, 0x21, 0x08, 0x62, 0x08, 0x62, 0x08,
    0x62, 0x08, 0x61, 0x08, 0x62, 0x08, 0x20, 0x08, 0x25, 0x11, 0x81, 0x08, 0x41, 0x08, 0x62, 0x08,
    0x61, 0x08, 0x61, 0x08, 0x62, 0x08, 0x20, 0x08, 0x25, 0x11, 0xa2, 0x10, 0x41, 0x08, 0x62, 0x08,
    0x61, 0x08, 0x61, 0x08, 0x41, 0x08, 0x61, 0x08, 0x61, 0x08, 0x61, 0x08, 0x62, 0x08, 0x62, 0x08,
    0x62, 0x08, 0x61, 0x08, 0x61, 0x08, 0x61, 0x08, 0x61, 0x08, 0x61, 0x08, 0x61, 0x08, 0x61, 0x08,
    0x61, 0x08, 0x61, 0x08, 0x61, 0x08, 0x40, 0x08, 0x20, 0x08, 0x40, 0x08, 0x61, 0x08, 0x61, 0x08,
    0x61, 0x08, 0x61, 0x08, 0x41, 0x08, 0x41, 0x08, 0x41, 0x08, 0x41, 0x08, 0x41, 0x08, 0x41, 0x08,
    0x41, 0x08, 0x41, 0x08, 0x61, 0x08, 0x61, 0x08, 0x41, 0x08, 0x41, 0x08, 0x41, 0x08, 0x41, 0x08,
    0x82, 0x10, 0x82, 0x10, 0x82, 0x10, 0x82, 0x10, 0x82, 0x08, 0x62, 0x08, 0x62, 0x08, 0x62, 0x10,
    0x82, 0x08, 0x82, 0x10, 0x82, 0x08, 0x82, 0x10, 0x82, 0x10, 0x82, 0x08, 0x82, 0x08, 0x82, 0x08,
    0x82, 0x08, 0x82, 0x08, 0x82, 0x08, 0x61, 0x08, 0x61, 0x08, 0x61, 0x08, 0x61, 0x08, 0x61, 0x08,
    0x61, 0x08, 0x61, 0x08, 0x82, 0x08, 0x82, 0x08, 0x20, 0x08, 0x04, 0x11, 0x45, 0x19, 0x20, 0x08,
    0x82, 0x10, 0x82, 0x10, 0x82, 0x10, 0x82, 0x08, 0x82, 0x08, 0x82, 0x08, 0x62, 0x08, 0x62, 0x08,
    0x82, 0x08, 0x41, 0x08, 0x00, 0x08, 0x20, 0x08, 0x61, 0x08, 0x82, 0x10, 0x82, 0x10, 0x82, 0x10,
    0x82, 0x10, 0x82, 0x08, 0x82, 0x08, 0x82, 0x08, 0x82, 0x08, 0x82, 0x08, 0x82, 0x10, 0x82, 0x10,
    0x82, 0x10, 0x82, 0x10, 0x82, 0x10, 0x82, 0x10, 0x82, 0x08, 0x82, 0x08, 0x82, 0x08, 0x82, 0x08,
    0x82, 0x08, 0x82, 0x10, 0x82, 0x10, 0x82, 0x10, 0x82, 0x10, 0x82, 0x10, 0x82, 0x10, 0x82, 0x10,
    0x82, 0x10, 0x82, 0x10, 0x82, 0x10, 0x82, 0x10, 0x82, 0x10, 0x82, 0x10, 0x82, 0x10, 0x82, 0x10,
    0x82, 0x10, 0x82, 0x10, 0x82, 0x10, 0x82, 0x10, 0x82, 0x08, 0x20, 0x08, 0x20, 0x08, 0x61, 0x10,
    0x82, 0x10, 0x82, 0x10, 0x82, 0x10, 0x82, 0x10, 0x82, 0x10, 0x82, 0x10, 0x82, 0x10, 0xa2, 0x10,
    0xa2, 0x10, 0x82, 0x10, 0x82, 0x10, 0x82, 0x10, 0x82, 0x10, 0xa2, 0x10, 0x82, 0x10, 0x82, 0x10,
    0x82, 0x10, 0x82, 0x10, 0x82, 0x10, 0xa2, 0x10, 0x82, 0x10, 0x82, 0x10, 0x82, 0x10, 0x82, 0x10,
    0xa2, 0x10, 0xa2, 0x10, 0xa2, 0x10, 0xa2, 0x10, 0x82, 0x10, 0x82, 0x10, 0xa2, 0x10, 0xa2, 0x10,
    0xa2, 0x10, 0x82, 0x10, 0x82, 0x10, 0x82, 0x10, 0x82, 0x10, 0xa2, 0x10, 0xa2, 0x10, 0xa2, 0x10,
    0xa2, 0x10, 0xa2, 0x10, 0x82, 0x10, 0x82, 0x10, 0x82, 0x10, 0x82, 0x10, 0xa2, 0x10, 0xa2, 0x10,
    0xa2, 0x10, 0x82, 0x10, 0x82, 0x10, 0x82, 0x10, 0x82, 0x10, 0x82, 0x10, 0x82, 0x10, 0x82, 0x10,
    0x82, 0x10, 0x82, 0x10, 0x82, 0x10, 0x82, 0x10, 0x82, 0x10, 0x82, 0x10, 0x82, 0x10, 0xa2, 0x10,
    0xa2, 0x10, 0x82, 0x10, 0x82, 0x10, 0x82, 0x10, 0x82, 0x10, 0x82, 0x10, 0xa2, 0x10, 0xa2, 0x10,
    0x82, 0x10, 0x82, 0x10, 0x82, 0x10, 0x82, 0x10, 0x82, 0x10, 0x82, 0x10, 0x82, 0x10, 0x82, 0x10,
    0x82, 0x10, 0x82, 0x10, 0x82, 0x10, 0x82, 0x10, 0x82, 0x10, 0x82, 0x10, 0x82, 0x10, 0x82, 0x10,
    0x82, 0x10, 0x82, 0x10, 0x82, 0x10, 0x82, 0x10, 0x81, 0x10, 0x82, 0x10, 0x82, 0x10, 0x82, 0x08,
    0x82, 0x10, 0x82, 0x10, 0x82, 0x10, 0x82, 0x10, 0x82, 0x10, 0x82, 0x10, 0x62, 0x08, 0x62, 0x08,
    0x61, 0x08, 0x62, 0x08, 0x00, 0x08, 0x46, 0x19, 0xc3, 0x10, 0x21, 0x08, 0x62, 0x08, 0x61, 0x08,
    0x61, 0x08, 0x61, 0x08, 0x62, 0x08, 0x20, 0x08, 0x25, 0x19, 0xe4, 0x10, 0x20, 0x08, 0x62, 0x08,
    0x62, 0x08, 0x61, 0x08, 0x62, 0x08, 0x20, 0x08, 0x25, 0x11, 0xa2, 0x10, 0x41, 0x08, 0x61, 0x08,
    0x61, 0x08, 0x61, 0x08, 0x61, 0x08, 0x61, 0x08, 0x61, 0x08, 0x61, 0x08, 0x61, 0x08, 0x42, 0x08,
    0x42, 0x08, 0x61, 0x08, 0x61, 0x08, 0x61, 0x08, 0x61, 0x08, 0x61, 0x08, 0x61, 0x08, 0x61, 0x08,
    0x61, 0x08, 0x61, 0x08, 0x20, 0x08, 0x82, 0x08, 0x05, 0x11, 0xa2, 0x10, 0x20, 0x08, 0x61, 0x08,
    0x61, 0x08, 0x61, 0x08, 0x61, 0x08, 0x41, 0x08, 0x41, 0x08, 0x61, 0x08, 0x61, 0x08, 0x61, 0x08,
    0x41, 0x08, 0x61, 0x08, 0x61, 0x08, 0x41, 0x08, 0x41, 0x08, 0x41, 0x08, 0x41, 0x08, 0x41, 0x08,
    0x82, 0x10, 0x82, 0x10, 0x82, 0x10, 0x82, 0x10, 0x82, 0x10, 0x82, 0x10, 0x82, 0x10, 0x82, 0x10,
    0x82, 0x10, 0x82, 0x10, 0x82, 0x10, 0x82, 0x08, 0x82, 0x08, 0x82, 0x08, 0x82, 0x08, 0x82, 0x08,
    0x82, 0x08, 0x82, 0x08, 0x62, 0x08, 0x83, 0x08, 0xc4, 0x10, 0xa3, 0x10, 0xc3, 0x10, 0xc3, 0x10,
    0x05, 0x11, 0xa3, 0x10, 0x41, 0x08, 0x82, 0x08, 0x20, 0x08, 0x04, 0x11, 0x45, 0x19, 0x20, 0x08,
    0x82, 0x10, 0x82, 0x08, 0x82, 0x08, 0x82, 0x08, 0x82, 0x08, 0x82, 0x08, 0x82, 0x10, 0x82, 0x10,
    0x41, 0x08, 0xc3, 0x18, 0xe9, 0x21, 0xa7, 0x21, 0x61, 0x10, 0x61, 0x10, 0x82, 0x10, 0x62, 0x10,
    0x62, 0x08, 0x62, 0x08, 0x62, 0x08, 0x62, 0x08, 0x82, 0x08, 0x62, 0x10, 0x61, 0x10, 0x61, 0x08,
    0x61, 0x10, 0x61, 0x10, 0x61, 0x10, 0x61, 0x08, 0x61, 0x08, 0x62, 0x08, 0x62, 0x08, 0x62, 0x08,
    0x82, 0x08, 0x82, 0x10, 0x82, 0x10, 0x82, 0x10, 0x82, 0x08, 0x82, 0x08, 0x82, 0x08, 0x82, 0x08,
    0x82, 0x10, 0x82, 0x10, 0x82, 0x10, 0x82, 0x10, 0x82, 0x10, 0x82, 0x10, 0x82, 0x10, 0x61, 0x10,
    0x82, 0x08, 0x82, 0x08, 0x82, 0x08, 0x61, 0x08, 0x20, 0x08, 0x25, 0x11, 0x66, 0x11, 0x61, 0x10,
    0x61, 0x10, 0x82, 0x10, 0x82, 0x10, 0x82, 0x10, 0x82, 0x10, 0x82, 0x10, 0x82, 0x10, 0x82, 0x10,
    0xa2, 0x10, 0xa2, 0x10, 0xa2, 0x10, 0x82, 0x10, 0x82, 0x10, 0x82, 0x10, 0x82, 0x10, 0x82, 0x10,
    0x82, 0x10, 0x82, 0x10, 0x82, 0x10, 0x82, 0x10, 0x82, 0x10, 0x82, 0x10, 0xa2, 0x10, 0xa2, 0x10,
    0xa2, 0x10, 0x82, 0x10, 0x82, 0x10, 0xa2, 0x10, 0xa2, 0x10, 0x82, 0x10, 0x82, 0x10, 0x82, 0x10,
    0x82, 0x10, 0x82, 0x10, 0x82, 0x10, 0x82, 0x10, 0x82, 0x10, 0xa2, 0x10, 0xa2, 0x10, 0x82, 0x10,
    0xa2, 0x10, 0xa2, 0x10, 0x82, 0x10, 0x82, 0x10, 0x82, 0x10, 0xa2, 0x10, 0x82, 0x10, 0xa2, 0x10,
    0x82, 0x10, 0x82, 0x10, 0x82, 0x10, 0x82, 0x10, 0x82, 0x10, 0x82, 0x10, 0x82, 0x10, 0x82, 0x10,
    0x82, 0x10, 0x82, 0x10, 0x82, 0x10, 0x82, 0x10, 0x82, 0x10, 0x82, 0x10, 0x82, 0x10, 0x82, 0x10,
    0xa2, 0x10, 0x82, 0x10, 0x82, 0x10, 0x82, 0x10, 0x82, 0x10, 0xa2, 0x10, 0x82, 0x10, 0xa2, 0x10,
    0x82, 0x10, 0x82, 0x10, 0x82, 0x10, 0x82, 0x10, 0x82, 0x10, 0x82, 0x10, 0x82, 0x10, 0x82, 0x10,
    0x82, 0x10, 0x82, 0x10, 0xa2, 0x10, 0x82, 0x10, 0x82, 0x10, 0x82, 0x10, 0x82, 0x10, 0x82, 0x10,
    0x82, 0x10, 0x82, 0x08, 0x82, 0x10, 0x82, 0x10, 0x82, 0x10, 0x82, 0x10, 0x82, 0x10, 0x82, 0x10,
    0x82, 0x10, 0x82, 0x10, 0x82, 0x10, 0x82, 0x10, 0x82, 0x10, 0x82, 0x08, 0x62, 0x08, 0x62, 0x08,
    0x61, 0x08, 0x62, 0x08, 0x00, 0x08, 0x45, 0x19, 0xc3, 0x10, 0x20, 0x08, 0x62, 0x08, 0x62, 0x08,
    0x61, 0x08, 0x61, 0x08, 0x61, 0x08, 0x61, 0x08, 0x20, 0x08, 0x87, 0x19, 0x82, 0x10, 0x41, 0x08,
    0x62, 0x08, 0x61, 0x08, 0x62, 0x08, 0x20, 0x08, 0x25, 0x11, 0xa2, 0x10, 0x41, 0x08, 0x61, 0x08,
    0x61, 0x08, 0x61, 0x08, 0x61, 0x08, 0x61, 0x08, 0x61, 0x08, 0x61, 0x08, 0x61, 0x08, 0x61, 0x08,
    0x61, 0x08, 0x61, 0x08, 0x61, 0x08, 0x61, 0x08, 0x61, 0x08, 0x61, 0x08, 0x61, 0x08, 0x61, 0x08,
    0x61, 0x08, 0x41, 0x08, 0x62, 0x08, 0x66, 0x21, 0x82, 0x08, 0x25, 0x11, 0xa2, 0x08, 0x21, 0x08,
    0x61, 0x08, 0x41, 0x08, 0x61, 0x08, 0x61, 0x08, 0x61, 0x08, 0x61, 0x08, 0x61, 0x08, 0x61, 0x08,
    0x61, 0x08, 0x61, 0x08, 0x61, 0x08, 0x41, 0x08, 0x41, 0x08, 0x61, 0x08, 0x61, 0x08, 0x41, 0x08,
    0x82, 0x10, 0x82, 0x10, 0x82, 0x10, 0x82, 0x10, 0x82, 0x10, 0x82, 0x10, 0x82, 0x10, 0x82, 0x10,
    0x81, 0x10, 0x81, 0x10, 0x82, 0x10, 0x82, 0x10, 0x82, 0x08, 0x62, 0x08, 0x82, 0x08, 0x82, 0x08,
    0x82, 0x08, 0x62, 0x08, 0x62, 0x08, 0x62, 0x08, 0x41, 0x08, 0x41, 0x08, 0x61, 0x08, 0x61, 0x08,
    0x61, 0x08, 0xa7, 0x19, 0x41, 0x08, 0x82, 0x08, 0x20, 0x08, 0x04, 0x11, 0x45, 0x19, 0x20, 0x08,
    0x82, 0x10, 0x82, 0x08, 0x82, 0x08, 0x82, 0x08, 0x82, 0x10, 0x82, 0x10, 0x82, 0x10, 0x61, 0x10,
    0x40, 0x08, 0x4b, 0x2a, 0x82, 0x10, 0xe4, 0x10, 0x87, 0x21, 0x20, 0x10, 0x82, 0x10, 0x82, 0x10,
    0x82, 0x10, 0x82, 0x10, 0x82, 0x10, 0x82, 0x10, 0x82, 0x10, 0x82, 0x10, 0x82, 0x10, 0x82, 0x10,
    0x82, 0x10, 0x82, 0x10, 0x62, 0x10, 0x82, 0x10, 0x82, 0x10, 0x82, 0x10, 0x82, 0x10, 0x82, 0x10,
    0x82, 0x10, 0x82, 0x10, 0x82, 0x10, 0x82, 0x10, 0x82, 0x10, 0x82, 0x10, 0x82, 0x10, 0x82, 0x10,
    0x82, 0x10, 0x82, 0x10, 0x82, 0x10, 0x82, 0x10, 0x82, 0x10, 0x82, 0x10, 0x82, 0x10, 0x82, 0x10,
    0x82, 0x10, 0x82, 0x10, 0x82, 0x10, 0x20, 0x08, 0xc8, 0x21, 0xe9, 0x21, 0x47, 0x11, 0xa8, 0x19,
    0x40, 0x10, 0x82, 0x10, 0x82, 0x10, 0x82, 0x10, 0x82, 0x10, 0x82, 0x10, 0x82, 0x10, 0x82, 0x10,
    0x82, 0x10, 0x82, 0x10, 0x82, 0x10, 0x82, 0x10, 0x82, 0x10, 0x82, 0x10, 0x82, 0x10, 0xa2, 0x10,
    0x82, 0x10, 0x82, 0x10, 0x82, 0x10, 0x82, 0x10, 0x82, 0x10, 0x82, 0x10, 0x82, 0x10, 0x82, 0x10,
    0xa2, 0x10, 0x82, 0x10, 0x82, 0x10, 0x82, 0x10, 0xa2, 0x10, 0x82, 0x10, 0x82, 0x10, 0x82, 0x10,
    0x82, 0x10, 0xa2, 0x10, 0xa2, 0x10, 0x82, 0x10, 0x82, 0x10, 0x82, 0x10, 0xa2, 0x10, 0x82, 0x10,
    0x82, 0x10, 0x82, 0x10, 0x82, 0x10, 0x82, 0x10, 0x82, 0x10, 0xa2, 0x10, 0xa2, 0x10, 0x82, 0x10,
    0xa2, 0x10, 0x82, 0x10, 0x82, 0x10, 0xa2, 0x10, 0x82, 0x10, 0x82, 0x10, 0x82, 0x10, 0x82, 0x10,
    0x82, 0x10, 0x82, 0x10, 0x82, 0x10, 0x82, 0x10, 0x82, 0x10, 0x82, 0x10, 0x82, 0x10, 0x82, 0x10,
    0x82, 0x10, 0xa2, 0x10, 0xa2, 0x10, 0x82, 0x10, 0x82, 0x10, 0x82, 0x10, 0xa2, 0x10, 0x82, 0x10,
    0x82, 0x10, 0x82, 0x10, 0x82, 0x10, 0xa2, 0x10, 0x82, 0x10, 0x82, 0x10, 0x82, 0x10, 0x82, 0x10,
    0x82, 0x10, 0x82, 0x10, 0x82, 0x10, 0x82, 0x10, 0x82, 0x10, 0x82, 0x10, 0x82, 0x10, 0x82, 0x10,
    0x82, 0x10, 0x82, 0x08, 0x82, 0x10, 0x82, 0x10, 0x82, 0x10, 0x82, 0x10, 0x82, 0x10, 0x82, 0x10,
    0x82, 0x10, 0x82, 0x10, 0x82, 0x10, 0x82, 0x10, 0x82, 0x08, 0x82, 0x08, 0x62, 0x08, 0x62, 0x08,
    0x62, 0x08, 0x82, 0x08, 0x00, 0x08, 0x45, 0x19, 0xc3, 0x10, 0x21, 0x08, 0x82, 0x08, 0x62, 0x08,
    0x61, 0x08, 0x61, 0x08, 0x61, 0x08, 0x61, 0x08, 0x20, 0x08, 0x05, 0x11, 0xc3, 0x10, 0x20, 0x08,
    0x61, 0x08, 0x61, 0x08, 0x62, 0x08, 0x20, 0x08, 0x25, 0x11, 0xa2, 0x10, 0x40, 0x08, 0x61, 0x08,
    0x61, 0x08, 0x62, 0x08, 0x62, 0x08, 0x61, 0x08, 0x61, 0x08, 0x61, 0x08, 0x61, 0x08, 0x61, 0x08,
    0x61, 0x08, 0x61, 0x08, 0x42, 0x08, 0x41, 0x08, 0x61, 0x08, 0x61, 0x08, 0x61, 0x08, 0x61, 0x08,
    0x61, 0x08, 0x20, 0x08, 0xc3, 0x10, 0xe4, 0x10, 0x00, 0x00, 0xa2, 0x08, 0xe4, 0x10, 0x20, 0x08,
    0x42, 0x08, 0x41, 0x08, 0x41, 0x08, 0x61, 0x08, 0x61, 0x08, 0x61, 0x08, 0x61, 0x08, 0x61, 0x08,
    0x61, 0x08, 0x61, 0x08, 0x61, 0x08, 0x41, 0x08, 0x41, 0x08, 0x61, 0x08, 0x41, 0x08, 0x41, 0x08,
    0x82, 0x08, 0x82, 0x10, 0x82, 0x10, 0x82, 0x10, 0x82, 0x10, 0x82, 0x10, 0x82, 0x10, 0x81, 0x10,
    0x81, 0x10, 0x81, 0x10, 0x82, 0x10, 0x82, 0x10, 0x82, 0x10, 0x82, 0x08, 0x82, 0x08, 0x82, 0x08,
    0x82, 0x08, 0x62, 0x08, 0x62, 0x08, 0x62, 0x08, 0x62, 0x08, 0x62, 0x08, 0x62, 0x08, 0x82, 0x10,
    0x41, 0x08, 0x87, 0x19, 0x41, 0x08, 0x82, 0x08, 0x20, 0x08, 0x04, 0x11, 0x25, 0x19, 0x20, 0x08,
    0x82, 0x10, 0x82, 0x10, 0x82, 0x08, 0x82, 0x08, 0x82, 0x08, 0x82, 0x10, 0x61, 0x08, 0x61, 0x08,
    0x41, 0x08, 0xe9, 0x21, 0x00, 0x08, 0x82, 0x10, 0x4a, 0x2a, 0x66, 0x19, 0x87, 0x21, 0x87, 0x21,
    0x87, 0x21, 0xa7, 0x21, 0xa7, 0x21, 0xa7, 0x21, 0xa7, 0x21, 0x87, 0x21, 0x87, 0x21, 0xa7, 0x21,
    0xa7, 0x21, 0xa7, 0x21, 0xa7, 0x21, 0xa7, 0x21, 0xa7, 0x21, 0xa7, 0x21, 0xa7, 0x21, 0xa7, 0x21,
    0xa7, 0x21, 0xa7, 0x21, 0xa7, 0x21, 0xa7, 0x21, 0xa7, 0x21, 0xa7, 0x21, 0xa7, 0x21, 0xa7, 0x21,
    0xa7, 0x21, 0xa7, 0x21, 0xa7, 0x21, 0xa7, 0x21, 0x87, 0x21, 0xa7, 0x21, 0x87, 0x21, 0x87, 0x19,
    0x87, 0x19, 0x86, 0x19, 0x66, 0x19, 0x46, 0x19, 0x4b, 0x22, 0x00, 0x10, 0x00, 0x08, 0xa8, 0x19,
    0xa2, 0x10, 0x61, 0x10, 0x82, 0x10, 0x82, 0x10, 0x82, 0x10, 0x82, 0x10, 0x82, 0x10, 0x82, 0x10,
    0x82, 0x10, 0x82, 0x10, 0x82, 0x10, 0x82, 0x10, 0x82, 0x10, 0x82, 0x10, 0x82, 0x10, 0xa2, 0x10,
    0x82, 0x10, 0x82, 0x10, 0x82, 0x10, 0x82, 0x10, 0x82, 0x10, 0x82, 0x10, 0x82, 0x10, 0x82, 0x10,
    0x82, 0x10, 0x82, 0x10, 0x82, 0x10, 0x82, 0x10, 0x82, 0x10, 0x82, 0x10, 0x82, 0x10, 0x82, 0x10,
    0x82, 0x10, 0xa2, 0x10, 0x82, 0x10, 0x82, 0x10, 0x82, 0x10, 0x82, 0x10, 0x82, 0x10, 0x82, 0x10,
    0x82, 0x10, 0x82, 0x10, 0x82, 0x10, 0x82, 0x10, 0x82, 0x10, 0xa2, 0x10, 0x82, 0x10, 0x82, 0x10,
    0xa2, 0x10, 0x82, 0x10, 0x82, 0x10, 0x82, 0x10, 0xa2, 0x10, 0xa2, 0x10, 0x82, 0x10, 0x82, 0x10,
    0x82, 0x10, 0x82, 0x10, 0x82, 0x10, 0x82, 0x10, 0x82, 0x10, 0x82, 0x10, 0x82, 0x10, 0x82, 0x10,
    0xa2, 0x10, 0xa2, 0x10, 0x82, 0x10, 0x82, 0x10, 0x82, 0x10, 0x82, 0x10, 0x82, 0x10, 0x82, 0x10,
    0x82, 0x10, 0x82, 0x10, 0x82, 0x10, 0xa2, 0x10, 0xa2, 0x10, 0x82, 0x10, 0x82, 0x10, 0x82, 0x10,
    0x82, 0x10, 0x82, 0x10, 0x82, 0x10, 0x82, 0x10, 0xa2, 0x10, 0x82, 0x10, 0x82, 0x10, 0x82, 0x10,
    0x82, 0x10, 0x82, 0x10, 0x82, 0x10, 0x82, 0x10, 0x82, 0x10, 0x82, 0x10, 0x82, 0x10, 0x82, 0x10,
    0x82, 0x08, 0x82, 0x08, 0x82, 0x10, 0x82, 0x08, 0x82, 0x08, 0x82, 0x08, 0x62, 0x08, 0x62, 0x08,
    0x61, 0x08, 0x82, 0x08, 0x00, 0x08, 0x45, 0x19, 0xc3, 0x10, 0x21, 0x08, 0x82, 0x08, 0x61, 0x08,
    0x61, 0x08, 0x61, 0x08, 0x61, 0x08, 0x61, 0x08, 0x20, 0x08, 0x25, 0x19, 0xc3, 0x10, 0x20, 0x08,
    0x61, 0x08, 0x61, 0x08, 0x62, 0x08, 0x20, 0x08, 0x05, 0x11, 0xa2, 0x10, 0x40, 0x08, 0x61, 0x08,
    0x61, 0x08, 0x41, 0x08, 0x42, 0x08, 0x42, 0x08, 0x61, 0x08, 0x61, 0x08, 0x61, 0x08, 0x61, 0x08,
    0x61, 0x08, 0x61, 0x08, 0x61, 0x08, 0x41, 0x08, 0x42, 0x08, 0x42, 0x08, 0x61, 0x08, 0x61, 0x08,
    0x61, 0x08, 0x41, 0x08, 0x41, 0x08, 0x46, 0x19, 0x05, 0x11, 0x24, 0x11, 0x61, 0x08, 0x41, 0x08,
    0x41, 0x08, 0x41, 0x08, 0x41, 0x08, 0x41, 0x08, 0x61, 0x08, 0x61, 0x08, 0x61, 0x08, 0x61, 0x08,
    0x61, 0x08, 0x61, 0x08, 0x61, 0x08, 0x61, 0x08, 0x41, 0x08, 0x61, 0x08, 0x41, 0x08, 0x41, 0x08,
    0x82, 0x08, 0x82, 0x10, 0x82, 0x10, 0x82, 0x10, 0x82, 0x10, 0x82, 0x08, 0x82, 0x10, 0x81, 0x10,
    0x82, 0x10, 0x82, 0x10, 0x82, 0x10, 0x82, 0x08, 0x82, 0x10, 0x82, 0x08, 0x82, 0x10, 0x82, 0x10,
    0x82, 0x08, 0x82, 0x08, 0x62, 0x08, 0x62, 0x08, 0x62, 0x08, 0x62, 0x08, 0x82, 0x08, 0x82, 0x10,
    0x41, 0x08, 0xa7, 0x21, 0x41, 0x08, 0x82, 0x08, 0x41, 0x08, 0x04, 0x11, 0x87, 0x19, 0x00, 0x08,
    0x82, 0x10, 0x82, 0x10, 0x82, 0x08, 0x62, 0x08, 0x62, 0x08, 0x62, 0x08, 0x61, 0x08, 0x61, 0x08,
    0x20, 0x08, 0xe4, 0x10, 0x09, 0x22, 0x08, 0x22, 0x61, 0x10, 0x20, 0x08, 0x40, 0x08, 0x40, 0x08,
    0x40, 0x08, 0x20, 0x08, 0x20, 0x08, 0x20, 0x08, 0x20, 0x08, 0x40, 0x08, 0x40, 0x08, 0x20, 0x08,
    0x20, 0x08, 0x20, 0x08, 0x20, 0x08, 0x20, 0x08, 0x20, 0x08, 0x20, 0x08, 0x20, 0x08, 0x40, 0x08,
    0x40, 0x08, 0x20, 0x08, 0x40, 0x08, 0x40, 0x08, 0x40, 0x08, 0x40, 0x08, 0x40, 0x08, 0x40, 0x08,
    0x40, 0x08, 0x40, 0x08, 0x40, 0x08, 0x41, 0x08, 0x40, 0x08, 0x40, 0x08, 0x40, 0x08, 0x40, 0x08,
    0x41, 0x08, 0x41, 0x08, 0x41, 0x08, 0x00, 0x08, 0x66, 0x19, 0x66, 0x19, 0x65, 0x19, 0x49, 0x2a,
    0x20, 0x08, 0x82, 0x10, 0x82, 0x10, 0x82, 0x10, 0x82, 0x10, 0x82, 0x10, 0x82, 0x10, 0x82, 0x10,
    0x82, 0x10, 0x82, 0x10, 0x82, 0x10, 0x82, 0x10, 0x82, 0x10, 0x82, 0x10, 0x82, 0x10, 0x82, 0x10,
    0x82, 0x10, 0x82, 0x10, 0x82, 0x10, 0x82, 0x10, 0x82, 0x10, 0x82, 0x10, 0x82, 0x10, 0x82, 0x10,
    0x82, 0x10, 0x82, 0x10, 0x82, 0x10, 0x82, 0x10, 0x82, 0x10, 0x82, 0x10, 0x82, 0x10, 0x82, 0x10,
    0x82, 0x10, 0x82, 0x10, 0xa2, 0x10, 0xa2, 0x10, 0x82, 0x10, 0x82, 0x10, 0x82, 0x10, 0x82, 0x10,
    0x82, 0x10, 0x82, 0x10, 0x82, 0x10, 0x82, 0x10, 0x82, 0x10, 0x82, 0x10, 0x82, 0x10, 0x82, 0x10,
    0x82, 0x10, 0x82, 0x10, 0x82, 0x10, 0x82, 0x10, 0x82, 0x10, 0x82, 0x10, 0x82, 0x10, 0x82, 0x10,
    0x82, 0x10, 0x82, 0x10, 0x82, 0x10, 0x82, 0x10, 0x82, 0x10, 0x82, 0x10, 0x82, 0x10, 0xa2, 0x10,
    0x82, 0x10, 0xa2, 0x10, 0xa2, 0x10, 0x82, 0x10, 0x82, 0x10, 0x82, 0x10, 0x82, 0x10, 0x82, 0x10,
    0x82, 0x10, 0x82, 0x10, 0xa2, 0x10, 0xa2, 0x10, 0x82, 0x10, 0x82, 0x10, 0xa2, 0x10, 0x82, 0x10,
    0x82, 0x10, 0x82, 0x10, 0xa2, 0x10, 0x82, 0x10, 0x82, 0x10, 0x82, 0x10, 0x82, 0x10, 0x82, 0x10,
    0x82, 0x10, 0x82, 0x10, 0x82, 0x10, 0x82, 0x08, 0x82, 0x08, 0x82, 0x08, 0x82, 0x08, 0x82, 0x08,
    0x82, 0x08, 0x82, 0x10, 0x82, 0x10, 0x82, 0x08, 0x62, 0x10, 0x62, 0x08, 0x62, 0x10, 0x62, 0x08,
    0x62, 0x08, 0x82, 0x08, 0x00, 0x08, 0x86, 0x19, 0x04, 0x11, 0x20, 0x08, 0x82, 0x08, 0x61, 0x08,
    0x61, 0x08, 0x61, 0x08, 0x61, 0x08, 0x61, 0x08, 0x20, 0x08, 0x25, 0x19, 0xc3, 0x10, 0x20, 0x08,
    0x61, 0x08, 0x41, 0x08, 0x61, 0x08, 0x20, 0x08, 0x25, 0x11, 0x82, 0x10, 0x20, 0x08, 0x62, 0x08,
    0x61, 0x08, 0x61, 0x08, 0x41, 0x08, 0x41, 0x08, 0x61, 0x08, 0x61, 0x08, 0x61, 0x08, 0x61, 0x08,
    0x61, 0x08, 0x61, 0x08, 0x61, 0x08, 0x42, 0x08, 0x42, 0x08, 0x62, 0x08, 0x61, 0x08, 0x41, 0x08,
    0x61, 0x08, 0x61, 0x08, 0x41, 0x08, 0x20, 0x08, 0x87, 0x19, 0x41, 0x08, 0x41, 0x08, 0x61, 0x08,
    0x41, 0x08, 0x41, 0x08, 0x41, 0x08, 0x41, 0x08, 0x41, 0x08, 0x41, 0x08, 0x41, 0x08, 0x41, 0x08,
    0x41, 0x08, 0x61, 0x08, 0x61, 0x08, 0x61, 0x08, 0x61, 0x08, 0x61, 0x08, 0x41, 0x08, 0x41, 0x08,
    0x62, 0x08, 0x82, 0x08, 0x82, 0x10, 0x82, 0x10, 0x82, 0x08, 0x82, 0x10, 0x82, 0x10, 0x82, 0x10,
    0x82, 0x10, 0x82, 0x10, 0x82, 0x10, 0x82, 0x08, 0x82, 0x08, 0x82, 0x10, 0x82, 0x10, 0x82, 0x10,
    0x82, 0x10, 0x82, 0x08, 0x62, 0x08, 0x62, 0x08, 0x62, 0x08, 0x82, 0x10, 0x82, 0x10, 0x82, 0x10,
    0x41, 0x10, 0xc7, 0x21, 0x41, 0x08, 0x82, 0x08, 0x82, 0x10, 0x20, 0x08, 0x66, 0x19, 0x46, 0x19,
    0x20, 0x08, 0x82, 0x10, 0x82, 0x08, 0x62, 0x08, 0x62, 0x08, 0x62, 0x08, 0x61, 0x08, 0x61, 0x08,
    0x61, 0x08, 0x41, 0x08, 0x41, 0x08, 0x21, 0x08, 0x41, 0x08, 0x82, 0x10, 0x82, 0x08, 0x82, 0x10,
    0x82, 0x08, 0x82, 0x10, 0x82, 0x10, 0x82, 0x10, 0x82, 0x08, 0x82, 0x08, 0x82, 0x10, 0x82, 0x10,
    0x82, 0x08, 0x82, 0x08, 0x82, 0x08, 0x82, 0x08, 0x82, 0x08, 0x82, 0x08, 0x82, 0x10, 0x82, 0x10,
    0x82, 0x10, 0x82, 0x10, 0x82, 0x10, 0x82, 0x10, 0x82, 0x10, 0x82, 0x10, 0x82, 0x10, 0x82, 0x10,
    0x82, 0x10, 0x82, 0x10, 0x82, 0x10, 0x82, 0x08, 0x82, 0x08, 0x82, 0x08, 0x82, 0x10, 0x82, 0x10,
    0x82, 0x10, 0x82, 0x08, 0x82, 0x10, 0x82, 0x10, 0x41, 0x10, 0x25, 0x11, 0xa6, 0x19, 0x41, 0x08,
    0x61, 0x08, 0x82, 0x10, 0x82, 0x10, 0x82, 0x10, 0x82, 0x10, 0x82, 0x10, 0x82, 0x10, 0x82, 0x10,
    0x82, 0x10, 0x82, 0x10, 0x82, 0x10, 0x82, 0x10, 0x82, 0x10, 0x82, 0x10, 0x82, 0x10, 0x82, 0x10,
    0x82, 0x10, 0x82, 0x10, 0x82, 0x10, 0x82, 0x10, 0x82, 0x10, 0x82, 0x10, 0x82, 0x10, 0x82, 0x10,
    0x82, 0x10, 0x82, 0x10, 0x82, 0x10, 0x82, 0x10, 0x82, 0x10, 0x82, 0x10, 0x82, 0x10, 0x82, 0x10,
    0x82, 0x10, 0x82, 0x10, 0x82, 0x10, 0x82, 0x10, 0x82, 0x10, 0x82, 0x10, 0x82, 0x10, 0x82, 0x10,
    0x82, 0x10, 0x82, 0x10, 0x82, 0x10, 0xa2, 0x10, 0x82, 0x10, 0x82, 0x10, 0x82, 0x10, 0x82, 0x10,
    0x82, 0x10, 0x82, 0x10, 0x82, 0x10, 0x82, 0x10, 0x82, 0x10, 0x82, 0x10, 0x82, 0x10, 0x82, 0x10,
    0x82, 0x10, 0x82, 0x10, 0x82, 0x10, 0x82, 0x10, 0x82, 0x10, 0xa2, 0x10, 0x82, 0x10, 0xa2, 0x10,
    0x82, 0x10, 0xa2, 0x10, 0x82, 0x10, 0x82, 0x10, 0x82, 0x10, 0x82, 0x10, 0x82, 0x10, 0x82, 0x10,
    0x82, 0x10, 0x82, 0x10, 0x82, 0x10, 0x82, 0x10, 0x82, 0x10, 0x82, 0x10, 0xa2, 0x10, 0x82, 0x10,
    0x82, 0x10, 0x82, 0x10, 0x82, 0x10, 0x82, 0x10, 0x82, 0x10, 0x82, 0x10, 0x82, 0x10, 0x82, 0x10,
    0x82, 0x10, 0x82, 0x10, 0x82, 0x08, 0x82, 0x08, 0x82, 0x08, 0x82, 0x08, 0x82, 0x10, 0x82, 0x08,
    0x82, 0x08, 0x82, 0x10, 0x82, 0x10, 0x82, 0x10, 0x82, 0x10, 0x82, 0x08, 0x82, 0x10, 0x82, 0x10,
    0x62, 0x08, 0x82, 0x08, 0x20, 0x08, 0xe4, 0x10, 0xa3, 0x10, 0x41, 0x08, 0x82, 0x10, 0x61, 0x08,
    0x61, 0x08, 0x61, 0x08, 0x61, 0x08, 0x62, 0x08, 0x20, 0x08, 0x05, 0x11, 0xc3, 0x10, 0x20, 0x08,
    0x61, 0x08, 0x41, 0x08, 0x61, 0x08, 0x41, 0x08, 0x82, 0x08, 0x26, 0x19, 0x20, 0x08, 0x41, 0x08,
    0x61, 0x08, 0x61, 0x08, 0x61, 0x08, 0x61, 0x08, 0x61, 0x08, 0x61, 0x08, 0x61, 0x08, 0x61, 0x08,
    0x61, 0x08, 0x61, 0x08, 0x61, 0x08, 0x61, 0x08, 0x61, 0x08, 0x61, 0x08, 0x61, 0x08, 0x61, 0x08,
    0x61, 0x08, 0x61, 0x08, 0x61, 0x08, 0x20, 0x08, 0x46, 0x19, 0x20, 0x08, 0x61, 0x08, 0x61, 0x08,
    0x41, 0x08, 0x41, 0x08, 0x41, 0x08, 0x41, 0x08, 0x41, 0x08, 0x41, 0x08, 0x41, 0x08, 0x41, 0x08,
    0x41, 0x08, 0x61, 0x08, 0x61, 0x08, 0x61, 0x08, 0x61, 0x08, 0x61, 0x08, 0x61, 0x08, 0x61, 0x08,
    0x82, 0x08, 0x82, 0x08, 0x82, 0x10, 0x82, 0x10, 0x82, 0x10, 0x82, 0x10, 0x82, 0x10, 0x82, 0x10,
    0x82, 0x10, 0x82, 0x10, 0x82, 0x08, 0x62, 0x10, 0x62, 0x10, 0x62, 0x10, 0x82, 0x10, 0x82, 0x10,
    0x82, 0x10, 0x82, 0x10, 0x81, 0x08, 0x61, 0x08, 0x81, 0x08, 0x82, 0x10, 0x82, 0x10, 0x82, 0x10,
    0x41, 0x08, 0xa7, 0x21, 0x41, 0x08, 0x82, 0x10, 0x82, 0x10, 0x82, 0x10, 0x00, 0x08, 0x87, 0x19,
    0x45, 0x19, 0x00, 0x08, 0x82, 0x08, 0x62, 0x08, 0x62, 0x08, 0x62, 0x08, 0x61, 0x08, 0x62, 0x08,
    0x62, 0x08, 0x82, 0x10, 0x82, 0x10, 0x82, 0x10, 0x82, 0x10, 0x81, 0x08, 0x82, 0x10, 0x81, 0x08,
    0x82, 0x10, 0x82, 0x10, 0x82, 0x10, 0x82, 0x10, 0x82, 0x08, 0x61, 0x08, 0x81, 0x08, 0x82, 0x08,
    0x82, 0x08, 0x82, 0x08, 0x82, 0x08, 0x82, 0x08, 0x82, 0x08, 0x82, 0x08, 0x81, 0x08, 0x82, 0x08,
    0x82, 0x10, 0x82, 0x10, 0x82, 0x10, 0x82, 0x10, 0x82, 0x08, 0x82, 0x10, 0x82, 0x08, 0x82, 0x08,
    0x82, 0x10, 0x82, 0x10, 0x82, 0x08, 0x82, 0x08, 0x82, 0x10, 0x82, 0x08, 0x82, 0x08, 0x82, 0x10,
    0x82, 0x08, 0x82, 0x08, 0x82, 0x10, 0x82, 0x10, 0x82, 0x10, 0x20, 0x10, 0x00, 0x08, 0x61, 0x08,
    0x82, 0x10, 0x82, 0x10, 0x82, 0x10, 0x82, 0x10, 0x82, 0x10, 0x82, 0x10, 0x82, 0x10, 0x82, 0x10,
    0x82, 0x10, 0x82, 0x10, 0x82, 0x10, 0x82, 0x10, 0x82, 0x10, 0x82, 0x10, 0x82, 0x10, 0x82, 0x10,
    0x82, 0x10, 0x82, 0x10, 0x82, 0x10, 0x82, 0x10, 0x82, 0x10, 0x82, 0x10, 0x82, 0x10, 0x82, 0x10,
    0x82, 0x10, 0x82, 0x10, 0xa2, 0x10, 0x82, 0x10, 0x82, 0x10, 0x82, 0x10, 0x82, 0x10, 0x82, 0x10,
    0x82, 0x10, 0x82, 0x10, 0x82, 0x10, 0x82, 0x10, 0x82, 0x10, 0x82, 0x10, 0x82, 0x10, 0x82, 0x10,
    0x82, 0x10, 0x82, 0x10, 0x82, 0x10, 0x82, 0x10, 0x82, 0x10, 0x82, 0x10, 0x82, 0x10, 0x82, 0x10,
    0x82, 0x10, 0x82, 0x10, 0x82, 0x10, 0x82, 0x10, 0x82, 0x10, 0x82, 0x10, 0x82, 0x10, 0x82, 0x10,
    0x82, 0x10, 0x82, 0x10, 0x82, 0x10, 0x82, 0x10, 0x82, 0x10, 0x82, 0x10, 0x82, 0x10, 0x82, 0x10,
    0x82, 0x10, 0x82, 0x10, 0x82, 0x10, 0x82, 0x10, 0x82, 0x10, 0x82, 0x10, 0x82, 0x10, 0x82, 0x10,
    0x82, 0x10, 0x82, 0x10, 0x82, 0x10, 0x82, 0x10, 0x82, 0x10, 0x82, 0x10, 0x82, 0x10, 0x82, 0x10,
    0x82, 0x10, 0x82, 0x10, 0x82, 0x10, 0x82, 0x10, 0x82, 0x10, 0x82, 0x10, 0x82, 0x10, 0x82, 0x10,
    0x82, 0x10, 0x82, 0x10, 0x82, 0x08, 0x82, 0x08, 0x82, 0x10, 0x82, 0x10, 0x82, 0x10, 0x82, 0x10,
    0x82, 0x10, 0x81, 0x10, 0x82, 0x10, 0x82, 0x10, 0x82, 0x10, 0x82, 0x10, 0x82, 0x10, 0x82, 0x10,
    0x62, 0x08, 0x62, 0x08, 0x62, 0x08, 0x41, 0x08, 0x41, 0x08, 0x62, 0x08, 0x62, 0x08, 0x81, 0x08,
    0x61, 0x08, 0x61, 0x08, 0x61, 0x08, 0x62, 0x08, 0x20, 0x08, 0x05, 0x11, 0xc3, 0x10, 0x40, 0x08,
    0x61, 0x08, 0x61, 0x08, 0x61, 0x08, 0x61, 0x08, 0x20, 0x08, 0x82, 0x08, 0x46, 0x19, 0x20, 0x08,
    0x41, 0x08, 0x61, 0x08, 0x61, 0x08, 0x61, 0x08, 0x61, 0x08, 0x61, 0x08, 0x61, 0x08, 0x61, 0x08,
    0x61, 0x08, 0x61, 0x08, 0x61, 0x08, 0x61, 0x08, 0x61, 0x08, 0x61, 0x08, 0x61, 0x08, 0x61, 0x08,
    0x61, 0x08, 0x61, 0x08, 0x41, 0x08, 0x20, 0x08, 0x66, 0x19, 0x20, 0x08, 0x61, 0x08, 0x41, 0x08,
    0x41, 0x08, 0x41, 0x08, 0x41, 0x08, 0x41, 0x08, 0x41, 0x08, 0x41, 0x08, 0x41, 0x08, 0x61, 0x08,
    0x41, 0x08, 0x61, 0x08, 0x61, 0x08, 0x61, 0x08, 0x61, 0x08, 0x41, 0x08, 0x41, 0x08, 0x61, 0x08,
    0x82, 0x08, 0x82, 0x10, 0x82, 0x10, 0x82, 0x10, 0x81, 0x10, 0x82, 0x08, 0x82, 0x10, 0x82, 0x10,
    0x82, 0x08, 0x82, 0x08, 0x62, 0x10, 0x62, 0x10, 0x62, 0x10, 0x62, 0x10, 0x82, 0x08, 0x82, 0x08,
    0x82, 0x08, 0x82, 0x10, 0x61, 0x08, 0x61, 0x08, 0x61, 0x08, 0x82, 0x08, 0x82, 0x10, 0x82, 0x10,
    0x41, 0x08, 0xa7, 0x19, 0x41, 0x08, 0x82, 0x10, 0x82, 0x08, 0x82, 0x08, 0x82, 0x10, 0x00, 0x08,
    0x87, 0x19, 0x25, 0x19, 0x00, 0x08, 0x62, 0x08, 0x62, 0x08, 0x62, 0x08, 0x62, 0x08, 0x62, 0x08,
    0x82, 0x08, 0x82, 0x08, 0x82, 0x08, 0x82, 0x08, 0x82, 0x08, 0x81, 0x08, 0x81, 0x08, 0x62, 0x08,
    0x62, 0x08, 0x62, 0x08, 0x62, 0x08, 0x82, 0x08, 0x82, 0x08, 0x62, 0x08, 0x62, 0x08, 0x62, 0x08,
    0x62, 0x08, 0x82, 0x08, 0x82, 0x08, 0x82, 0x08, 0x82, 0x08, 0x82, 0x08, 0x82, 0x10, 0x82, 0x10,
    0x82, 0x10, 0x82, 0x08, 0x82, 0x10, 0x82, 0x10, 0x82, 0x08, 0x82, 0x10, 0x82, 0x10, 0x82, 0x08,
    0x82, 0x08, 0x82, 0x08, 0x82, 0x08, 0x82, 0x08, 0x82, 0x10, 0x82, 0x08, 0x82, 0x10, 0x82, 0x08,
    0x82, 0x10, 0x82, 0x08, 0x82, 0x08, 0x82, 0x10, 0x82, 0x10, 0x82, 0x10, 0xa2, 0x10, 0x82, 0x10,
    0x82, 0x10, 0x82, 0x10, 0x82, 0x10, 0x82, 0x10, 0x82, 0x10, 0x82, 0x10, 0x82, 0x10, 0x82, 0x10,
    0x82, 0x10, 0x82, 0x10, 0x82, 0x10, 0x82, 0x10, 0x82, 0x10, 0x82, 0x10, 0x82, 0x10, 0x82, 0x10,
    0x82, 0x10, 0x82, 0x10, 0x82, 0x10, 0x82, 0x10, 0x82, 0x10, 0x82, 0x10, 0x82, 0x10, 0x82, 0x10,
    0x82, 0x10, 0x82, 0x10, 0x82, 0x10, 0x82, 0x10, 0x82, 0x10, 0x82, 0x10, 0x82, 0x10, 0x82, 0x10,
    0x82, 0x10, 0x82, 0x10, 0x82, 0x10, 0x82, 0x10, 0x82, 0x10, 0x82, 0x10, 0x82, 0x10, 0x82, 0x10,
    0x82, 0x10, 0x82, 0x10, 0x82, 0x10, 0x82, 0x10, 0x82, 0x10, 0x82, 0x10, 0x82, 0x10, 0x82, 0x10,
    0x82, 0x10, 0x82, 0x10, 0x82, 0x10, 0x82, 0x10, 0x82, 0x10, 0x82, 0x10, 0x82, 0x10, 0x82, 0x10,
    0x82, 0x10, 0x82, 0x10, 0x82, 0x10, 0x82, 0x10, 0x82, 0x10, 0xa2, 0x10, 0xa2, 0x10, 0x82, 0x10,
    0x82, 0x10, 0x82, 0x10, 0x82, 0x10, 0x82, 0x10, 0x82, 0x10, 0x82, 0x10, 0x82, 0x10, 0x82, 0x10,
    0x82, 0x10, 0x82, 0x10, 0x82, 0x10, 0x82, 0x10, 0x82, 0x10, 0x82, 0x10, 0x82, 0x10, 0x82, 0x10,
    0x82, 0x10, 0x82, 0x10, 0x82, 0x10, 0x82, 0x10, 0x82, 0x10, 0x82, 0x10, 0x82, 0x10, 0x82, 0x10,
    0x82, 0x10, 0x82, 0x10, 0x82, 0x10, 0x82, 0x10, 0x82, 0x10, 0x82, 0x10, 0x82, 0x10, 0x82, 0x10,
    0x82, 0x10, 0x82, 0x10, 0x82, 0x10, 0x82, 0x10, 0x82, 0x10, 0x82, 0x08, 0x82, 0x10, 0x82, 0x10,
    0x61, 0x08, 0x61, 0x08, 0x62, 0x08, 0x62, 0x08, 0x62, 0x08, 0x61, 0x08, 0x61, 0x08, 0x61, 0x08,
    0x62, 0x08, 0x61, 0x08, 0x62, 0x08, 0x62, 0x08, 0x20, 0x08, 0x05, 0x11, 0xc3, 0x10, 0x41, 0x08,
    0x61, 0x08, 0x61, 0x08, 0x41, 0x08, 0x41, 0x08, 0x62, 0x08, 0x20, 0x08, 0x83, 0x08, 0x46, 0x19,
    0x20, 0x08, 0x41, 0x08, 0x61, 0x08, 0x61, 0x08, 0x61, 0x08, 0x61, 0x08, 0x61, 0x08, 0x61, 0x08,
    0x61, 0x08, 0x61, 0x08, 0x61, 0x08, 0x61, 0x08, 0x61, 0x08, 0x61, 0x08, 0x61, 0x08, 0x61, 0x08,
    0x61, 0x08, 0x41, 0x08, 0x41, 0x08, 0x20, 0x08, 0x66, 0x19, 0x20, 0x08, 0x41, 0x08, 0x41, 0x08,
    0x41, 0x08, 0x41, 0x08, 0x41, 0x08, 0x41, 0x08, 0x41, 0x08, 0x41, 0x08, 0x41, 0x08, 0x41, 0x08,
    0x61, 0x08, 0x61, 0x08, 0x61, 0x08, 0x61, 0x08, 0x61, 0x08, 0x41, 0x08, 0x41, 0x08, 0x61, 0x08,
    0x62, 0x08, 0x82, 0x08, 0x82, 0x10, 0x81, 0x10, 0x81, 0x10, 0x82, 0x10, 0x82, 0x10, 0x62, 0x08,
    0x62, 0x08, 0x62, 0x08, 0x62, 0x08, 0x62, 0x08, 0x62, 0x08, 0x82, 0x10, 0x82, 0x08, 0x82, 0x08,
    0x62, 0x08, 0x82, 0x08, 0x61, 0x08, 0x61, 0x08, 0x62, 0x08, 0x62, 0x08, 0x62, 0x08, 0x61, 0x08,
    0x41, 0x08, 0xa7, 0x19, 0x41, 0x08, 0x82, 0x08, 0x62, 0x08, 0x82, 0x08, 0x82, 0x10, 0x82, 0x10,
    0x00, 0x08, 0x87, 0x19, 0x25, 0x19, 0x20, 0x08, 0x41, 0x08, 0x41, 0x08, 0x41, 0x08, 0x41, 0x08,
    0x61, 0x10, 0x61, 0x10, 0x61, 0x10, 0x61, 0x10, 0x61, 0x08, 0x61, 0x08, 0x61, 0x08, 0x61, 0x08,
    0x61, 0x10, 0x61, 0x10, 0x61, 0x08, 0x61, 0x08, 0x61, 0x08, 0x61, 0x08, 0x41, 0x08, 0x41, 0x08,
    0x61, 0x10, 0x61, 0x08, 0x61, 0x08, 0x61, 0x10, 0x61, 0x10, 0x61, 0x10, 0x61, 0x08, 0x61, 0x08,
    0x61, 0x08, 0x61, 0x08, 0x61, 0x08, 0x41, 0x08, 0x41, 0x08, 0x41, 0x08, 0x41, 0x08, 0x61, 0x08,
    0x82, 0x08, 0x82, 0x08, 0x82, 0x10, 0x82, 0x10, 0x82, 0x08, 0x82, 0x08, 0x82, 0x08, 0x82, 0x08,
    0x82, 0x08, 0x82, 0x08, 0x82, 0x08, 0x82, 0x08, 0x82, 0x10, 0x82, 0x10, 0x82, 0x10, 0x82, 0x10,
    0x82, 0x10, 0x82, 0x10, 0x82, 0x10, 0x82, 0x10, 0x82, 0x10, 0x82, 0x10, 0x82, 0x10, 0x82, 0x10,
    0x82, 0x10, 0x82, 0x10, 0x82, 0x10, 0x82, 0x10, 0x82, 0x10, 0x82, 0x10, 0x82, 0x10, 0x82, 0x10,
    0x82, 0x10, 0x82, 0x10, 0x82, 0x10, 0x82, 0x10, 0x82, 0x10, 0x82, 0x10, 0x82, 0x10, 0xa2, 0x10,
    0xa2, 0x10, 0x82, 0x10, 0x82, 0x10, 0x82, 0x10, 0x82, 0x10, 0x82, 0x10, 0x82, 0x10, 0x82, 0x10,
    0x82, 0x10, 0x82, 0x10, 0x82, 0x10, 0x82, 0x10, 0x82, 0x10, 0x82, 0x10, 0x82, 0x10, 0x82, 0x10,
    0x82, 0x10, 0x82, 0x10, 0x82, 0x10, 0x82, 0x10, 0x82, 0x10, 0x82, 0x10, 0x82, 0x10, 0x82, 0x10,
    0x82, 0x10, 0x82, 0x10, 0x82, 0x10, 0x82, 0x10, 0x82, 0x10, 0x82, 0x10, 0x82, 0x10, 0x82, 0x10,
    0x82, 0x10, 0x82, 0x10, 0x82, 0x10, 0x82, 0x10, 0x82, 0x10, 0x82, 0x10, 0xa2, 0x10, 0xa2, 0x10,
    0x82, 0x10, 0x82, 0x10, 0x82, 0x10, 0x82, 0x10, 0x82, 0x10, 0x82, 0x10, 0x82, 0x10, 0x82, 0x10,
    0x82, 0x10, 0x82, 0x10, 0x82, 0x10, 0x82, 0x10, 0x82, 0x10, 0x82, 0x10, 0x82, 0x10, 0x82, 0x10,
    0x82, 0x10, 0xa2, 0x10, 0x82, 0x10, 0x82, 0x10, 0x82, 0x10, 0x82, 0x10, 0x82, 0x10, 0x82, 0x10,
    0x82, 0x10, 0x82, 0x10, 0x82, 0x10, 0x82, 0x10, 0x82, 0x10, 0x82, 0x10, 0x82, 0x10, 0x82, 0x10,
    0x82, 0x10, 0x82, 0x10, 0x82, 0x10, 0x82, 0x10, 0x82, 0x10, 0x82, 0x08, 0x82, 0x08, 0x61, 0x08,
    0x61, 0x08, 0x61, 0x08, 0x61, 0x08, 0x61, 0x08, 0x61, 0x08, 0x61, 0x08, 0x61, 0x08, 0x61, 0x08,
    0x62, 0x08, 0x62, 0x08, 0x62, 0x08, 0x62, 0x08, 0x20, 0x08, 0x05, 0x11, 0xc3, 0x10, 0x20, 0x08,
    0x62, 0x08, 0x61, 0x08, 0x41, 0x08, 0x41, 0x08, 0x61, 0x08, 0x62, 0x08, 0x20, 0x08, 0xa3, 0x10,
    0x46, 0x19, 0x20, 0x08, 0x41, 0x08, 0x61, 0x08, 0x61, 0x08, 0x61, 0x08, 0x61, 0x08, 0x61, 0x08,
    0x61, 0x08, 0x61, 0x08, 0x61, 0x08, 0x61, 0x08, 0x61, 0x08, 0x61, 0x08, 0x61, 0x08, 0x41, 0x08,
    0x41, 0x08, 0x41, 0x08, 0x41, 0x08, 0x20, 0x08, 0x67, 0x19, 0x40, 0x08, 0x41, 0x08, 0x41, 0x08,
    0x41, 0x08, 0x41, 0x08, 0x41, 0x08, 0x41, 0x08, 0x41, 0x08, 0x41, 0x08, 0x41, 0x08, 0x41, 0x08,
    0x41, 0x08, 0x61, 0x08, 0x61, 0x08, 0x61, 0x08, 0x41, 0x08, 0x41, 0x08, 0x41, 0x08, 0x61, 0x08,
    0x82, 0x08, 0x82, 0x08, 0x82, 0x10, 0x81, 0x10, 0x81, 0x10, 0x82, 0x10, 0x82, 0x08, 0x62, 0x08,
    0x62, 0x08, 0x62, 0x08, 0x62, 0x08, 0x62, 0x08, 0x62, 0x08, 0x82, 0x10, 0x82, 0x08, 0x82, 0x08,
    0x62, 0x08, 0x82, 0x08, 0x62, 0x08, 0x61, 0x08, 0x62, 0x08, 0x62, 0x08, 0x62, 0x08, 0x62, 0x08,
    0x41, 0x08, 0xa7, 0x21, 0x41, 0x08, 0x82, 0x08, 0x62, 0x08, 0x62, 0x08, 0x82, 0x10, 0x82, 0x08,
    0x82, 0x10, 0x20, 0x08, 0xa7, 0x21, 0xc8, 0x21, 0xa7, 0x19, 0xa7, 0x21, 0xa7, 0x21, 0x87, 0x21,
    0xa7, 0x21, 0xa7, 0x21, 0xa7, 0x21, 0xa7, 0x21, 0xa7, 0x21, 0x87, 0x21, 0x87, 0x21, 0x87, 0x21,
    0x87, 0x21, 0x87, 0x21, 0x87, 0x21, 0x87, 0x21, 0xa7, 0x21, 0x87, 0x21, 0x87, 0x21, 0xa7, 0x21,
    0xa7, 0x21, 0xa7, 0x21, 0xa7, 0x21, 0xa7, 0x21, 0xa7, 0x21, 0xa7, 0x21, 0xa7, 0x21, 0x87, 0x21,
    0xa7, 0x21, 0x87, 0x21, 0x87, 0x21, 0x87, 0x19, 0x87, 0x19, 0xa7, 0x19, 0xa7, 0x19, 0x41, 0x08,
    0x61, 0x08, 0x82, 0x10, 0x82, 0x10, 0x82, 0x10, 0x82, 0x10, 0x82, 0x10, 0x82, 0x08, 0x82, 0x10,
    0x82, 0x08, 0x82, 0x08, 0x82, 0x08, 0x82, 0x08, 0x82, 0x10, 0x82, 0x10, 0x82, 0x10, 0x82, 0x10,
    0x82, 0x10, 0x82, 0x10, 0x82, 0x10, 0x82, 0x10, 0x82, 0x10, 0x82, 0x10, 0x82, 0x10, 0x82, 0x10,
    0x82, 0x10, 0x82, 0x10, 0x82, 0x10, 0x82, 0x10, 0x82, 0x10, 0x82, 0x10, 0x82, 0x10, 0x82, 0x10,
    0x82, 0x10, 0x82, 0x10, 0x82, 0x10, 0x82, 0x10, 0x82, 0x10, 0x82, 0x10, 0xa2, 0x10, 0xa2, 0x10,
    0xa2, 0x10, 0x82, 0x10, 0x82, 0x10, 0x82, 0x10, 0x82, 0x10, 0x82, 0x10, 0x82, 0x10, 0x82, 0x10,
    0x82, 0x10, 0x82, 0x10, 0x82, 0x10, 0xa2, 0x10, 0xa2, 0x10, 0xa2, 0x10, 0x82, 0x10, 0x82, 0x10,
    0x82, 0x10, 0x82, 0x10, 0xa2, 0x10, 0x82, 0x10, 0x82, 0x10, 0x82, 0x10, 0x82, 0x10, 0x82, 0x10,
    0x82, 0x10, 0x82, 0x10, 0x82, 0x10, 0x82, 0x10, 0x82, 0x10, 0xa2, 0x10, 0xa2, 0x10, 0xa2, 0x10,
    0x82, 0x10, 0x82, 0x10, 0x82, 0x10, 0x82, 0x10, 0x82, 0x10, 0xa2, 0x10, 0xa2, 0x10, 0x82, 0x10,
    0x82, 0x10, 0x82, 0x10, 0x82, 0x10, 0x82, 0x10, 0x82, 0x10, 0x82, 0x10, 0x82, 0x10, 0x82, 0x10,
    0x82, 0x10, 0x82, 0x10, 0x82, 0x10, 0x82, 0x10, 0x82, 0x10, 0x82, 0x10, 0x82, 0x10, 0x82, 0x10,
    0x82, 0x10, 0xa2, 0x10, 0xa2, 0x10, 0x82, 0x10, 0x82, 0x10, 0x82, 0x10, 0x82, 0x10, 0x82, 0x10,
    0x82, 0x10, 0x82, 0x10, 0x82, 0x10, 0x81, 0x10, 0x82, 0x10, 0x82, 0x10, 0x82, 0x10, 0x82, 0x10,
    0x82, 0x10, 0x81, 0x10, 0x82, 0x10, 0x82, 0x10, 0x82, 0x10, 0x82, 0x08, 0x81, 0x08, 0x61, 0x08,
    0x61, 0x08, 0x62, 0x08, 0x61, 0x08, 0x61, 0x08, 0x61, 0x08, 0x61, 0x08, 0x62, 0x08, 0x61, 0x08,
    0x61, 0x08, 0x61, 0x08, 0x61, 0x08, 0x61, 0x08, 0x61, 0x08, 0x61, 0x08, 0x26, 0x19, 0x62, 0x08,
    0x40, 0x08, 0x62, 0x08, 0x61, 0x08, 0x61, 0x08, 0x61, 0x08, 0x61, 0x08, 0x62, 0x08, 0x20, 0x08,
    0x83, 0x10, 0x26, 0x19, 0x20, 0x08, 0x41, 0x08, 0x61, 0x08, 0x61, 0x08, 0x61, 0x08, 0x61, 0x08,
    0x41, 0x08, 0x41, 0x08, 0x61, 0x08, 0x61, 0x08, 0x61, 0x08, 0x61, 0x08, 0x61, 0x08, 0x41, 0x08,
    0x41, 0x08, 0x41, 0x08, 0x41, 0x08, 0x20, 0x08, 0x67, 0x19, 0x40, 0x08, 0x41, 0x08, 0x41, 0x08,
    0x41, 0x08, 0x41, 0x08, 0x41, 0x08, 0x41, 0x08, 0x41, 0x08, 0x41, 0x08, 0x41, 0x08, 0x41, 0x08,
    0x61, 0x08, 0x61, 0x08, 0x42, 0x08, 0x61, 0x08, 0x41, 0x08, 0x61, 0x08, 0x61, 0x08, 0x61, 0x08,
    0x62, 0x08, 0x82, 0x10, 0x82, 0x10, 0x81, 0x10, 0x82, 0x10, 0x82, 0x10, 0x82, 0x08, 0x82, 0x08,
    0x62, 0x08, 0x62, 0x08, 0x62, 0x08, 0x62, 0x08, 0x62, 0x08, 0x82, 0x10, 0x82, 0x08, 0x82, 0x10,
    0x82, 0x10, 0x62, 0x08, 0x82, 0x08, 0xa3, 0x08, 0x41, 0x08, 0x82, 0x08, 0x82, 0x10, 0x62, 0x08,
    0x41, 0x08, 0xa7, 0x21, 0x41, 0x08, 0x62, 0x08, 0x62, 0x08, 0x62, 0x08, 0x62, 0x08, 0x82, 0x08,
    0x82, 0x08, 0x82, 0x10, 0x41, 0x08, 0x61, 0x10, 0x61, 0x10, 0x61, 0x10, 0x61, 0x10, 0x61, 0x10,
    0x61, 0x10, 0x61, 0x10, 0x61, 0x08, 0x41, 0x08, 0x61, 0x08, 0x61, 0x08, 0x61, 0x08, 0x61, 0x08,
    0x61, 0x08, 0x61, 0x08, 0x61, 0x10, 0x61, 0x10, 0x61, 0x10, 0x61, 0x10, 0x61, 0x10, 0x61, 0x10,
    0x61, 0x10, 0x61, 0x10, 0x41, 0x08, 0x41, 0x08, 0x41, 0x08, 0x61, 0x08, 0x61, 0x08, 0x61, 0x08,
    0x61, 0x08, 0x61, 0x08, 0x61, 0x08, 0x61, 0x08, 0x61, 0x08, 0x41, 0x08, 0xc3, 0x10, 0xc8, 0x21,
    0x20, 0x08, 0x41, 0x08, 0x82, 0x10, 0x62, 0x10, 0x82, 0x08, 0x82, 0x08, 0x82, 0x10, 0x82, 0x08,
    0x82, 0x10, 0x82, 0x08, 0x82, 0x08, 0x82, 0x08, 0x82, 0x10, 0x82, 0x10, 0x82, 0x10, 0x82, 0x10,
    0x82, 0x10, 0x82, 0x10, 0x82, 0x10, 0x82, 0x10, 0x82, 0x10, 0xa2, 0x10, 0x82, 0x10, 0x82, 0x10,
    0x82, 0x10, 0x82, 0x10, 0x82, 0x10, 0x82, 0x10, 0x82, 0x10, 0x82, 0x10, 0x82, 0x10, 0x82, 0x10,
    0x82, 0x10, 0x82, 0x10, 0x82, 0x10, 0x82, 0x10, 0x82, 0x10, 0x82, 0x10, 0xa2, 0x10, 0x82, 0x10,
    0x82, 0x10, 0x82, 0x10, 0x82, 0x10, 0x82, 0x10, 0x82, 0x10, 0x82, 0x10, 0x82, 0x10, 0x82, 0x10,
    0x82, 0x10, 0x82, 0x10, 0x82, 0x10, 0xa2, 0x10, 0xa2, 0x10, 0xa2, 0x10, 0xa2, 0x10, 0x82, 0x10,
    0x82, 0x10, 0xa2, 0x10, 0x82, 0x10, 0x82, 0x10, 0x82, 0x10, 0x82, 0x10, 0x82, 0x10, 0x82, 0x10,
    0xa2, 0x10, 0x82, 0x10, 0x82, 0x10, 0x82, 0x10, 0x82, 0x10, 0x82, 0x10, 0x82, 0x10, 0x82, 0x10,
    0x82, 0x10, 0x82, 0x10, 0x82, 0x10, 0x82, 0x10, 0x82, 0x10, 0xa2, 0x10, 0xa2, 0x10, 0x82, 0x10,
    0x82, 0x10, 0x82, 0x10, 0x82, 0x10, 0x82, 0x10, 0x82, 0x10, 0x82, 0x10, 0x82, 0x10, 0x82, 0x10,
    0x82, 0x10, 0x82, 0x10, 0x82, 0x10, 0x82, 0x10, 0x82, 0x10, 0x82, 0x10, 0x82, 0x10, 0x82, 0x10,
    0x82, 0x10, 0x82, 0x10, 0xa2, 0x10, 0xa2, 0x10, 0x82, 0x10, 0x82, 0x10, 0x82, 0x10, 0x82, 0x10,
    0x82, 0x10, 0x82, 0x10, 0x82, 0x10, 0x82, 0x10, 0x82, 0x10, 0x82, 0x10, 0x82, 0x10, 0x82, 0x08,
    0x82, 0x10, 0x82, 0x10, 0x82, 0x10, 0x82, 0x10, 0x82, 0x08, 0x82, 0x08, 0x61, 0x08, 0x61, 0x08,
    0x61, 0x08, 0x81, 0x08, 0x62, 0x08, 0x61, 0x08, 0x61, 0x08, 0x61, 0x08, 0x42, 0x08, 0x61, 0x08,
    0x61, 0x08, 0x61, 0x08, 0x61, 0x08, 0x61, 0x08, 0x61, 0x08, 0x41, 0x08, 0x61, 0x08, 0x46, 0x19,
    0x61, 0x08, 0x20, 0x08, 0x62, 0x08, 0x61, 0x08, 0x61, 0x08, 0x61, 0x08, 0x61, 0x08, 0x61, 0x08,
    0x20, 0x08, 0x83, 0x08, 0x26, 0x19, 0x20, 0x08, 0x41, 0x08, 0x61, 0x08, 0x61, 0x08, 0x41, 0x08,
    0x41, 0x08, 0x61, 0x08, 0x61, 0x08, 0x61, 0x08, 0x61, 0x08, 0x61, 0x08, 0x61, 0x08, 0x61, 0x08,
    0x41, 0x08, 0x41, 0x08, 0x41, 0x08, 0x20, 0x08, 0x67, 0x19, 0x20, 0x08, 0x41, 0x08, 0x41, 0x08,
    0x41, 0x08, 0x41, 0x08, 0x41, 0x08, 0x41, 0x08, 0x41, 0x08, 0x41, 0x08, 0x41, 0x08, 0x41, 0x08,
    0x61, 0x08, 0x61, 0x08, 0x42, 0x08, 0x41, 0x08, 0x41, 0x08, 0x41, 0x08, 0x41, 0x08, 0x41, 0x08,
    0x62, 0x08, 0x62, 0x08, 0x61, 0x08, 0x82, 0x10, 0x82, 0x10, 0x82, 0x08, 0x82, 0x08, 0x82, 0x10,
    0x82, 0x08, 0x82, 0x10, 0x82, 0x10, 0x82, 0x08, 0x81, 0x08, 0x81, 0x08, 0x82, 0x08, 0x82, 0x10,
    0x82, 0x10, 0x82, 0x08, 0x61, 0x08, 0xa3, 0x10, 0x83, 0x10, 0x41, 0x08, 0x82, 0x08, 0x62, 0x08,
    0x41, 0x08, 0xa7, 0x19, 0x41, 0x08, 0x62, 0x08, 0x62, 0x08, 0x62, 0x08, 0x62, 0x08, 0x62, 0x08,
    0x82, 0x08, 0x82, 0x10, 0x82, 0x10, 0x82, 0x10, 0x82, 0x10, 0x82, 0x10, 0x62, 0x10, 0x82, 0x10,
    0x62, 0x08, 0x62, 0x10, 0x62, 0x10, 0x62, 0x08, 0x62, 0x08, 0x62, 0x08, 0x82, 0x08, 0x62, 0x08,
    0x62, 0x08, 0x62, 0x08, 0x62, 0x10, 0x82, 0x10, 0x82, 0x10, 0x82, 0x10, 0x82, 0x10, 0x82, 0x10,
    0x82, 0x10, 0x82, 0x10, 0x62, 0x08, 0x62, 0x08, 0x62, 0x08, 0x62, 0x08, 0x62, 0x10, 0x82, 0x08,
    0x82, 0x08, 0x62, 0x08, 0x82, 0x08, 0x82, 0x08, 0x62, 0x10, 0x82, 0x10, 0x20, 0x08, 0xc3, 0x10,
    0xe8, 0x21, 0x20, 0x08, 0x61, 0x08, 0x82, 0x10, 0x82, 0x10, 0x82, 0x10, 0x82, 0x10, 0x82, 0x10,
    0x82, 0x08, 0x82, 0x10, 0x82, 0x10, 0x82, 0x10, 0x82, 0x10, 0x82, 0x10, 0x82, 0x10, 0x82, 0x10,
    0x82, 0x10, 0x82, 0x10, 0x82, 0x10, 0x82, 0x10, 0x82, 0x10, 0xa2, 0x10, 0x82, 0x10, 0x82, 0x10,
    0x82, 0x10, 0x82, 0x10, 0x82, 0x10, 0x82, 0x10, 0x82, 0x10, 0x82, 0x10, 0x82, 0x10, 0x82, 0x10,
    0x82, 0x10, 0x82, 0x10, 0x82, 0x10, 0x82, 0x10, 0x82, 0x10, 0x82, 0x10, 0xa2, 0x10, 0x82, 0x10,
    0x82, 0x10, 0x82, 0x10, 0x82, 0x10, 0x82, 0x10, 0x82, 0x10, 0x82, 0x10, 0x82, 0x10, 0x82, 0x10,
    0x82, 0x10, 0x82, 0x10, 0x82, 0x10, 0x82, 0x10, 0x82, 0x10, 0x82, 0x10, 0x82, 0x10, 0xa2, 0x10,
    0xa2, 0x10, 0xa2, 0x10, 0xa2, 0x10, 0xa2, 0x10, 0xa2, 0x10, 0xa2, 0x10, 0x82, 0x10, 0x82, 0x10,
    0x82, 0x10, 0x82, 0x10, 0x82, 0x10, 0x82, 0x10, 0x82, 0x10, 0x82, 0x10, 0x82, 0x10, 0x82, 0x10,
    0x82, 0x10, 0x82, 0x10, 0x82, 0x10, 0x82, 0x10, 0x82, 0x10, 0xa2, 0x10, 0xa2, 0x10, 0x82, 0x10,
    0x82, 0x10, 0x82, 0x10, 0x82, 0x10, 0x82, 0x10, 0x82, 0x10, 0x82, 0x10, 0x82, 0x10, 0x82, 0x10,
    0x82, 0x10, 0xa2, 0x10, 0xa2, 0x10, 0xa2, 0x10, 0xa2, 0x10, 0x82, 0x10, 0x82, 0x10, 0x82, 0x10,
    0x82, 0x10, 0x82, 0x10, 0xa2, 0x10, 0xa2, 0x10, 0x82, 0x10, 0x82, 0x10, 0x82, 0x10, 0x82, 0x10,
    0x82, 0x10, 0x82, 0x10, 0x82, 0x10, 0x82, 0x10, 0x82, 0x10, 0x82, 0x10, 0x62, 0x10, 0x62, 0x10,
    0x62, 0x10, 0x82, 0x10, 0x82, 0x10, 0x82, 0x10, 0x82, 0x10, 0x82, 0x08, 0x61, 0x08, 0x61, 0x08,
    0x61, 0x08, 0x20, 0x08, 0x20, 0x08, 0x61, 0x08, 0x61, 0x08, 0x61, 0x08, 0x61, 0x08, 0x61, 0x08,
    0x61, 0x08, 0x61, 0x08, 0x61, 0x08, 0x61, 0x08, 0x61, 0x08, 0x62, 0x08, 0x41, 0x08, 0x41, 0x08,
    0x46, 0x19, 0x82, 0x08, 0x20, 0x08, 0x62, 0x08, 0x61, 0x08, 0x61, 0x08, 0x61, 0x08, 0x61, 0x08,
    0x61, 0x08, 0x20, 0x08, 0xa2, 0x10, 0x25, 0x11, 0x20, 0x08, 0x61, 0x08, 0x61, 0x08, 0x61, 0x08,
    0x61, 0x08, 0x61, 0x08, 0x61, 0x08, 0x61, 0x08, 0x20, 0x08, 0x40, 0x08, 0x40, 0x08, 0x41, 0x08,
    0x61, 0x08, 0x41, 0x08, 0x41, 0x08, 0x20, 0x08, 0x67, 0x19, 0x20, 0x08, 0x61, 0x08, 0x41, 0x08,
    0x41, 0x08, 0x41, 0x08, 0x41, 0x08, 0x41, 0x08, 0x41, 0x08, 0x41, 0x08, 0x41, 0x08, 0x61, 0x08,
    0x61, 0x08, 0x61, 0x08, 0x41, 0x08, 0x41, 0x08, 0x41, 0x08, 0x41, 0x08, 0x41, 0x08, 0x41, 0x08,
    0x62, 0x08, 0x62, 0x08, 0x82, 0x10, 0x82, 0x10, 0x82, 0x08, 0x82, 0x08, 0x82, 0x10, 0x82, 0x10,
    0x82, 0x08, 0x82, 0x10, 0x82, 0x10, 0x81, 0x10, 0x82, 0x10, 0x61, 0x08, 0x62, 0x08, 0x62, 0x08,
    0x62, 0x08, 0x62, 0x08, 0x62, 0x08, 0x41, 0x08, 0xc4, 0x10, 0x82, 0x08, 0x61, 0x08, 0x62, 0x08,
    0x41, 0x08, 0xa7, 0x19, 0x20, 0x08, 0x62, 0x08, 0x62, 0x08, 0x62, 0x08, 0x62, 0x08, 0x62, 0x08,
    0x62, 0x08, 0x62, 0x08, 0x62, 0x08, 0x62, 0x08, 0x62, 0x08, 0x62, 0x08, 0x62, 0x08, 0x62, 0x08,
    0x62, 0x08, 0x62, 0x08, 0x62, 0x08, 0x62, 0x08, 0x62, 0x08, 0x62, 0x08, 0x62, 0x08, 0x62, 0x08,
    0x62, 0x08, 0x62, 0x08, 0x62, 0x08, 0x62, 0x08, 0x62, 0x08, 0x62, 0x08, 0x62, 0x08, 0x62, 0x08,
    0x62, 0x08, 0x82, 0x08, 0x82, 0x08, 0x62, 0x08, 0x62, 0x08, 0x62, 0x08, 0x82, 0x08, 0x82, 0x08,
    0x82, 0x08, 0x82, 0x08, 0x62, 0x08, 0x82, 0x08, 0x82, 0x08, 0x82, 0x10, 0x82, 0x10, 0x20, 0x08,
    0xe3, 0x10, 0x09, 0x22, 0x20, 0x08, 0x61, 0x08, 0x82, 0x10, 0x82, 0x10, 0x82, 0x10, 0x82, 0x10,
    0x82, 0x08, 0x82, 0x08, 0x82, 0x10, 0x82, 0x10, 0x82, 0x10, 0x82, 0x10, 0x82, 0x10, 0x82, 0x10,
    0x82, 0x10, 0x82, 0x10, 0x82, 0x10, 0x82, 0x10, 0x82, 0x10, 0x82, 0x10, 0x82, 0x10, 0x82, 0x10,
    0x82, 0x10, 0x82, 0x10, 0x82, 0x10, 0x82, 0x10, 0x82, 0x10, 0x82, 0x10, 0x82, 0x10, 0x82, 0x10,
    0x82, 0x10, 0x82, 0x10, 0x82, 0x10, 0x82, 0x10, 0x82, 0x10, 0x82, 0x10, 0x82, 0x10, 0x82, 0x10,
    0x82, 0x10, 0x82, 0x10, 0x82, 0x10, 0x82, 0x10, 0x82, 0x10, 0x82, 0x10, 0x82, 0x10, 0x82, 0x10,
    0x82, 0x10, 0x82, 0x10, 0x82, 0x10, 0x82, 0x10, 0x82, 0x10, 0x82, 0x10, 0x82, 0x10, 0x82, 0x10,
    0xa2, 0x10, 0xa2, 0x10, 0xa2, 0x10, 0xa2, 0x10, 0xa2, 0x10, 0xa2, 0x10, 0x82, 0x10, 0x82, 0x10,
    0x82, 0x10, 0x82, 0x10, 0x82, 0x10, 0x82, 0x10, 0x82, 0x10, 0x82, 0x10, 0x82, 0x10, 0x82, 0x10,
    0x82, 0x10, 0x82, 0x10, 0xa2, 0x10, 0xa2, 0x10, 0xa2, 0x10, 0x82, 0x10, 0x82, 0x10, 0x82, 0x10,
    0x82, 0x10, 0x82, 0x10, 0x82, 0x10, 0x82, 0x10, 0x82, 0x10, 0x82, 0x10, 0x82, 0x10, 0x82, 0x10,
    0xa2, 0x10, 0xa2, 0x10, 0xa2, 0x10, 0xa2, 0x10, 0xa2, 0x10, 0x82, 0x10, 0x82, 0x10, 0x82, 0x10,
    0x82, 0x10, 0x82, 0x10, 0x82, 0x10, 0x82, 0x10, 0x82, 0x10, 0x82, 0x10, 0x82, 0x10, 0x82, 0x10,
    0x82, 0x10, 0x82, 0x10, 0x82, 0x10, 0x82, 0x10, 0x82, 0x10, 0x82, 0x08, 0x62, 0x10, 0x62, 0x10,
    0x62, 0x10, 0x82, 0x08, 0x82, 0x08, 0x62, 0x08, 0x62, 0x08, 0x62, 0x08, 0x62, 0x08, 0x61, 0x08,
    0x00, 0x08, 0xa3, 0x10, 0xe4, 0x10, 0x40, 0x10, 0x61, 0x08, 0x61, 0x08, 0x61, 0x08, 0x62, 0x08,
    0x61, 0x08, 0x61, 0x08, 0x61, 0x08, 0x61, 0x08, 0x61, 0x08, 0x61, 0x08, 0x62, 0x08, 0x41, 0x08,
    0x40, 0x08, 0x46, 0x19, 0x82, 0x08, 0x20, 0x08, 0x62, 0x08, 0x61, 0x08, 0x61, 0x08, 0x61, 0x08,
    0x61, 0x08, 0x62, 0x08, 0x00, 0x08, 0x04, 0x11, 0x62, 0x08, 0x41, 0x08, 0x61, 0x08, 0x61, 0x08,
    0x61, 0x08, 0x61, 0x08, 0x61, 0x08, 0x20, 0x08, 0xe3, 0x10, 0x87, 0x21, 0x46, 0x19, 0x82, 0x10,
    0x41, 0x08, 0x41, 0x08, 0x41, 0x08, 0x20, 0x08, 0x67, 0x19, 0x40, 0x08, 0x41, 0x08, 0x41, 0x08,
    0x41, 0x08, 0x41, 0x08, 0x41, 0x08, 0x41, 0x08, 0x41, 0x08, 0x61, 0x08, 0x61, 0x08, 0x61, 0x08,
    0x61, 0x08, 0x61, 0x08, 0x41, 0x08, 0x41, 0x08, 0x41, 0x08, 0x41, 0x08, 0x41, 0x08, 0x41, 0x08,
    0x62, 0x08, 0x82, 0x08, 0x82, 0x08, 0x82, 0x10, 0x82, 0x08, 0x82, 0x08, 0x82, 0x10, 0x82, 0x10,
    0x82, 0x10, 0x82, 0x10, 0x82, 0x10, 0x82, 0x10, 0x61, 0x10, 0x82, 0x10, 0x61, 0x08, 0x62, 0x08,
    0x82, 0x08, 0x62, 0x08, 0x62, 0x08, 0x62, 0x08, 0x41, 0x08, 0xc4, 0x10, 0x61, 0x08, 0x61, 0x08,
    0x41, 0x08, 0xc7, 0x21, 0x41, 0x08, 0x62, 0x08, 0x62, 0x08, 0x62, 0x08, 0x62, 0x08, 0x62, 0x08,
    0x62, 0x08, 0x62, 0x08, 0x62, 0x08, 0x62, 0x08, 0x62, 0x08, 0x62, 0x08, 0x62, 0x08, 0x62, 0x08,
    0x62, 0x08, 0x62, 0x08, 0x62, 0x08, 0x62, 0x08, 0x62, 0x08, 0x62, 0x08, 0x62, 0x08, 0x62, 0x08,
    0x62, 0x08, 0x62, 0x08, 0x62, 0x08, 0x62, 0x08, 0x62, 0x08, 0x62, 0x08, 0x62, 0x08, 0x62, 0x08,
    0x62, 0x08, 0x82, 0x08, 0x82, 0x08, 0x81, 0x08, 0x81, 0x08, 0x82, 0x08, 0x61, 0x08, 0x40, 0x08,
    0x61, 0x08, 0x82, 0x10, 0x62, 0x08, 0x82, 0x08, 0x82, 0x08, 0x82, 0x10, 0x82, 0x10, 0x82, 0x10,
    0x20, 0x08, 0xe3, 0x10, 0x08, 0x22, 0x20, 0x08, 0x61, 0x08, 0x82, 0x10, 0x82, 0x10, 0x82, 0x10,
    0x82, 0x10, 0x82, 0x10, 0x82, 0x10, 0x82, 0x10, 0x82, 0x10, 0x82, 0x10, 0x82, 0x10, 0x82, 0x10,
    0x82, 0x10, 0x82, 0x10, 0x82, 0x10, 0x82, 0x10, 0x82, 0x10, 0x82, 0x10, 0x82, 0x10, 0x82, 0x10,
    0xa2, 0x10, 0x82, 0x10, 0x82, 0x10, 0x82, 0x10, 0x82, 0x10, 0x82, 0x10, 0x82, 0x10, 0x82, 0x10,
    0x82, 0x10, 0xa2, 0x10, 0xa2, 0x10, 0xa2, 0x10, 0xa2, 0x10, 0x82, 0x10, 0x82, 0x10, 0x82, 0x10,
    0x82, 0x10, 0x82, 0x10, 0x82, 0x10, 0x82, 0x10, 0x82, 0x10, 0x82, 0x10, 0x82, 0x10, 0x82, 0x10,
    0xa2, 0x10, 0x82, 0x10, 0x82, 0x10, 0x82, 0x10, 0x82, 0x10, 0x82, 0x10, 0x82, 0x10, 0x82, 0x10,
    0x82, 0x10, 0xa2, 0x10, 0xa2, 0x10, 0xa2, 0x10, 0x82, 0x10, 0x82, 0x10, 0x82, 0x10, 0x82, 0x10,
    0x82, 0x10, 0x82, 0x10, 0x82, 0x10, 0x82, 0x10, 0x82, 0x10, 0x82, 0x10, 0x82, 0x10, 0x82, 0x10,
    0x82, 0x10, 0x82, 0x10, 0x82, 0x10, 0x82, 0x10, 0xa2, 0x10, 0x82, 0x10, 0x82, 0x10, 0x82, 0x10,
    0x82, 0x10, 0x82, 0x10, 0x82, 0x10, 0x82, 0x10, 0x82, 0x10, 0x82, 0x10, 0x82, 0x10, 0x82, 0x10,
    0x82, 0x10, 0xa2, 0x10, 0xa2, 0x10, 0xa2, 0x10, 0x82, 0x10, 0x82, 0x10, 0x82, 0x10, 0x82, 0x10,
    0x82, 0x10, 0x82, 0x10, 0x82, 0x10, 0x82, 0x10, 0x82, 0x10, 0x82, 0x10, 0x82, 0x10, 0xa2, 0x10,
    0x82, 0x10, 0x82, 0x10, 0x82, 0x10, 0x82, 0x10, 0x82, 0x10, 0x82, 0x10, 0x82, 0x10, 0x82, 0x08,
    0x62, 0x10, 0x62, 0x10, 0x82, 0x08, 0x62, 0x08, 0x62, 0x08, 0x62, 0x08, 0x62, 0x08, 0x20, 0x08,
    0x25, 0x19, 0x2a, 0x2a, 0x26, 0x11, 0x67, 0x11, 0x00, 0x08, 0x20, 0x08, 0x20, 0x08, 0x20, 0x08,
    0x41, 0x08, 0x61, 0x08, 0x61, 0x08, 0x61, 0x08, 0x61, 0x08, 0x61, 0x08, 0x61, 0x08, 0x61, 0x08,
    0x41, 0x08, 0x40, 0x08, 0x46, 0x19, 0x82, 0x08, 0x20, 0x08, 0x62, 0x08, 0x61, 0x08, 0x61, 0x08,
    0x61, 0x08, 0x62, 0x08, 0x20, 0x08, 0x05, 0x11, 0x62, 0x08, 0x41, 0x08, 0x61, 0x08, 0x61, 0x08,
    0x61, 0x08, 0x61, 0x08, 0x61, 0x08, 0x41, 0x08, 0xa8, 0x21, 0x40, 0x08, 0x82, 0x10, 0x46, 0x19,
    0x20, 0x08, 0x61, 0x08, 0x41, 0x08, 0x20, 0x08, 0x67, 0x19, 0x20, 0x08, 0x41, 0x08, 0x41, 0x08,
    0x41, 0x08, 0x41, 0x08, 0x41, 0x08, 0x41, 0x08, 0x61, 0x08, 0x61, 0x08, 0x61, 0x08, 0x61, 0x08,
    0x61, 0x08, 0x61, 0x08, 0x41, 0x08, 0x41, 0x08, 0x41, 0x08, 0x41, 0x08, 0x41, 0x08, 0x41, 0x08,
    0x82, 0x08, 0x82, 0x08, 0x82, 0x10, 0x82, 0x10, 0x82, 0x10, 0x82, 0x08, 0x62, 0x08, 0x62, 0x10,
    0x82, 0x10, 0x82, 0x10, 0x82, 0x10, 0x82, 0x10, 0x81, 0x10, 0x82, 0x08, 0xc4, 0x10, 0x41, 0x08,
    0x62, 0x08, 0x82, 0x08, 0x62, 0x08, 0x62, 0x08, 0x61, 0x08, 0x61, 0x08, 0xc4, 0x10, 0x61, 0x08,
    0x41, 0x08, 0xc8, 0x21, 0x20, 0x08, 0x62, 0x08, 0x62, 0x08, 0x61, 0x08, 0x61, 0x08, 0x61, 0x08,
    0x61, 0x08, 0x61, 0x08, 0x61, 0x08, 0x61, 0x08, 0x61, 0x08, 0x61, 0x08, 0x61, 0x08, 0x61, 0x08,
    0x61, 0x08, 0x61, 0x08, 0x61, 0x08, 0x61, 0x08, 0x61, 0x08, 0x61, 0x08, 0x61, 0x08, 0x61, 0x08,
    0x61, 0x08, 0x61, 0x08, 0x61, 0x08, 0x61, 0x08, 0x61, 0x08, 0x61, 0x08, 0x61, 0x08, 0x61, 0x08,
    0x61, 0x08, 0x61, 0x08, 0x61, 0x08, 0x61, 0x08, 0x61, 0x08, 0x40, 0x08, 0x82, 0x10, 0x25, 0x11,
    0x62, 0x10, 0x61, 0x10, 0x82, 0x10, 0x82, 0x08, 0x82, 0x08, 0x82, 0x10, 0x82, 0x10, 0x82, 0x10,
    0x82, 0x10, 0x20, 0x08, 0xe3, 0x10, 0x08, 0x22, 0x20, 0x08, 0x61, 0x08, 0x82, 0x10, 0x82, 0x10,
    0x82, 0x10, 0x82, 0x10, 0x82, 0x10, 0x82, 0x10, 0x82, 0x10, 0x82, 0x10, 0x82, 0x10, 0x82, 0x10,
    0x82, 0x10, 0x82, 0x10, 0x82, 0x10, 0x82, 0x10, 0x82, 0x10, 0x82, 0x10, 0x82, 0x10, 0x82, 0x10,
    0x82, 0x10, 0xa2, 0x10, 0x82, 0x10, 0x82, 0x10, 0x82, 0x10, 0x82, 0x10, 0x82, 0x10, 0x82, 0x10,
    0x82, 0x10, 0xa2, 0x10, 0xa2, 0x10, 0xa2, 0x10, 0xa2, 0x10, 0x82, 0x10, 0x82, 0x10, 0x82, 0x10,
    0x82, 0x10, 0x82, 0x10, 0x82, 0x10, 0x82, 0x10, 0x82, 0x10, 0x82, 0x10, 0x82, 0x10, 0x82, 0x10,
    0x82, 0x10, 0x82, 0x10, 0x82, 0x10, 0x82, 0x10, 0x82, 0x10, 0x82, 0x10, 0xa2, 0x10, 0x82, 0x10,
    0x82, 0x10, 0x82, 0x10, 0xa2, 0x10, 0x82, 0x10, 0x82, 0x10, 0x82, 0x10, 0x82, 0x10, 0xa2, 0x10,
    0x82, 0x10, 0x82, 0x10, 0x82, 0x10, 0x82, 0x10, 0x82, 0x10, 0xa2, 0x10, 0xa2, 0x10, 0x82, 0x10,
    0x82, 0x10, 0x82, 0x10, 0x82, 0x10, 0x82, 0x10, 0x82, 0x10, 0x82, 0x10, 0x82, 0x10, 0xa2, 0x10,
    0x82, 0x10, 0x82, 0x10, 0x82, 0x10, 0x82, 0x10, 0x82, 0x10, 0x82, 0x10, 0x82, 0x10, 0x82, 0x10,
    0x82, 0x10, 0xa2, 0x10, 0xa2, 0x10, 0x82, 0x10, 0x82, 0x10, 0x82, 0x10, 0x82, 0x10, 0x82, 0x10,
    0x82, 0x10, 0x82, 0x10, 0x82, 0x10, 0x82, 0x10, 0x82, 0x10, 0x82, 0x10, 0x82, 0x10, 0x82, 0x10,
    0x82, 0x10, 0x82, 0x10, 0x82, 0x10, 0x82, 0x10, 0x82, 0x10, 0x82, 0x10, 0x82, 0x10, 0x82, 0x10,
    0x82, 0x10, 0x82, 0x10, 0x82, 0x08, 0x82, 0x10, 0x62, 0x08, 0x62, 0x08, 0x82, 0x08, 0x00, 0x08,
    0xe9, 0x19, 0x82, 0x10, 0x00, 0x08, 0x87, 0x11, 0xe4, 0x10, 0xc3, 0x10, 0xc4, 0x10, 0xe4, 0x10,
    0xa3, 0x10, 0x20, 0x08, 0x61, 0x08, 0x61, 0x08, 0x61, 0x08, 0x61, 0x08, 0x61, 0x08, 0x61, 0x08,
    0x61, 0x08, 0x41, 0x08, 0x40, 0x08, 0x46, 0x19, 0x82, 0x10, 0x20, 0x08, 0x61, 0x08, 0x61, 0x08,
    0x61, 0x08, 0x61, 0x08, 0x20, 0x08, 0x25, 0x11, 0x82, 0x08, 0x41, 0x08, 0x61, 0x08, 0x61, 0x08,
    0x61, 0x08, 0x61, 0x08, 0x41, 0x08, 0x40, 0x08, 0x67, 0x19, 0x61, 0x08, 0xa2, 0x10, 0x25, 0x11,
    0x20, 0x08, 0x61, 0x08, 0x41, 0x08, 0x20, 0x08, 0x67, 0x19, 0x20, 0x08, 0x41, 0x08, 0x41, 0x08,
    0x41, 0x08, 0x41, 0x08, 0x41, 0x08, 0x41, 0x08, 0x61, 0x08, 0x61, 0x08, 0x61, 0x08, 0x61, 0x08,
    0x61, 0x08, 0x61, 0x08, 0x41, 0x08, 0x41, 0x08, 0x41, 0x08, 0x41, 0x08, 0x41, 0x08, 0x41, 0x08,
    0x82, 0x08, 0x82, 0x08, 0x82, 0x10, 0x82, 0x10, 0x62, 0x08, 0x62, 0x08, 0x62, 0x08, 0x82, 0x08,
    0x82, 0x08, 0x82, 0x08, 0x82, 0x08, 0x82, 0x08, 0x82, 0x08, 0x61, 0x08, 0x82, 0x08, 0xe4, 0x10,
    0x41, 0x08, 0x62, 0x08, 0x62, 0x08, 0x62, 0x08, 0x62, 0x08, 0x61, 0x08, 0x82, 0x08, 0xe4, 0x10,
    0x61, 0x08, 0x09, 0x22, 0x61, 0x10, 0xa2, 0x10, 0x82, 0x10, 0x82, 0x10, 0x82, 0x10, 0x82, 0x10,
    0x82, 0x10, 0x82, 0x10, 0x82, 0x10, 0x82, 0x10, 0x82, 0x10, 0x82, 0x10, 0x82, 0x10, 0x82, 0x10,
    0x82, 0x10, 0x82, 0x10, 0x82, 0x10, 0x82, 0x10, 0x82, 0x10, 0x82, 0x10, 0x82, 0x10, 0x82, 0x10,
    0xa2, 0x10, 0xa2, 0x10, 0xa2, 0x10, 0xa2, 0x10, 0xa2, 0x10, 0xa2, 0x10, 0xa2, 0x10, 0xa2, 0x10,
    0xa2, 0x10, 0x82, 0x10, 0x82, 0x10, 0xa2, 0x10, 0x82, 0x10, 0xc3, 0x10, 0x2a, 0x2a, 0x66, 0x19,
    0xc8, 0x19, 0x82, 0x10, 0x62, 0x08, 0x82, 0x10, 0x82, 0x10, 0x82, 0x10, 0x82, 0x10, 0x82, 0x10,
    0x82, 0x10, 0x82, 0x10, 0x20, 0x08, 0xc3, 0x10, 0x09, 0x2a, 0x20, 0x08, 0x61, 0x10, 0x82, 0x10,
    0x82, 0x10, 0x82, 0x10, 0x82, 0x10, 0x82, 0x10, 0x82, 0x10, 0x82, 0x10, 0x82, 0x10, 0x82, 0x10,
    0x82, 0x10, 0x82, 0x10, 0x82, 0x10, 0x82, 0x10, 0x82, 0x10, 0x82, 0x10, 0x82, 0x10, 0x82, 0x10,
    0x82, 0x10, 0xa2, 0x10, 0x82, 0x10, 0x82, 0x10, 0x82, 0x10, 0x82, 0x10, 0x82, 0x10, 0x82, 0x10,
    0x82, 0x10, 0xa2, 0x10, 0xa2, 0x10, 0x82, 0x10, 0x82, 0x10, 0x82, 0x10, 0x82, 0x10, 0x82, 0x10,
    0x82, 0x10, 0x82, 0x10, 0x82, 0x10, 0x82, 0x10, 0x82, 0x10, 0x82, 0x10, 0x82, 0x10, 0x82, 0x10,
    0x82, 0x10, 0x82, 0x10, 0x82, 0x10, 0x82, 0x10, 0x82, 0x10, 0x82, 0x10, 0xa2, 0x10, 0x82, 0x10,
    0x82, 0x10, 0x82, 0x10, 0x82, 0x10, 0x82, 0x10, 0x82, 0x10, 0x82, 0x10, 0x82, 0x10, 0xa2, 0x10,
    0x82, 0x10, 0x82, 0x10, 0x82, 0x10, 0x82, 0x10, 0x82, 0x10, 0xa2, 0x10, 0x82, 0x10, 0x82, 0x10,
    0x82, 0x10, 0x82, 0x10, 0x82, 0x10, 0x82, 0x10, 0x82, 0x10, 0x82, 0x10, 0x82, 0x10, 0x82, 0x10,
    0x82, 0x10, 0x82, 0x10, 0x82, 0x10, 0x62, 0x10, 0x82, 0x10, 0x82, 0x10, 0x82, 0x10, 0x82, 0x10,
    0x82, 0x10, 0x82, 0x10, 0x82, 0x10, 0x82, 0x10, 0x82, 0x10, 0x82, 0x10, 0x82, 0x10, 0x82, 0x10,
    0x82, 0x10, 0x82, 0x10, 0x82, 0x10, 0x82, 0x10, 0x82, 0x10, 0x82, 0x10, 0x82, 0x10, 0x82, 0x10,
    0x82, 0x10, 0x82, 0x10, 0x82, 0x10, 0x82, 0x10, 0x82, 0x10, 0x82, 0x10, 0x82, 0x10, 0x81, 0x10,
    0x82, 0x10, 0x82, 0x10, 0x82, 0x10, 0x82, 0x10, 0x82, 0x08, 0x62, 0x08, 0x62, 0x08, 0x20, 0x08,
    0xc3, 0x10, 0xa7, 0x11, 0x86, 0x19, 0xe8, 0x21, 0xc4, 0x10, 0xe4, 0x10, 0xe4, 0x10, 0xe4, 0x10,
    0x26, 0x19, 0xc3, 0x10, 0x20, 0x08, 0x62, 0x08, 0x61, 0x08, 0x61, 0x08, 0x61, 0x08, 0x61, 0x08,
    0x61, 0x08, 0x61, 0x08, 0x41, 0x08, 0x41, 0x08, 0x46, 0x19, 0x82, 0x08, 0x20, 0x08, 0x61, 0x08,
    0x61, 0x08, 0x61, 0x08, 0x20, 0x08, 0x25, 0x11, 0x82, 0x08, 0x41, 0x08, 0x61, 0x08, 0x61, 0x08,
    0x61, 0x08, 0x61, 0x08, 0x61, 0x08, 0x40, 0x08, 0x82, 0x08, 0x87, 0x21, 0x45, 0x19, 0x61, 0x08,
    0x41, 0x08, 0x41, 0x08, 0x41, 0x08, 0x20, 0x08, 0x67, 0x19, 0x20, 0x08, 0x41, 0x08, 0x41, 0x08,
    0x41, 0x08, 0x41, 0x08, 0x41, 0x08, 0x61, 0x08, 0x61, 0x08, 0x41, 0x08, 0x61, 0x08, 0x61, 0x08,
    0x61, 0x08, 0x61, 0x08, 0x41, 0x08, 0x41, 0x08, 0x41, 0x08, 0x41, 0x08, 0x41, 0x08, 0x41, 0x08,
    0x82, 0x08, 0x62, 0x08, 0x62, 0x08, 0x62, 0x08, 0x62, 0x08, 0x62, 0x08, 0x62, 0x08, 0x82, 0x08,
    0x82, 0x08, 0x62, 0x08, 0x62, 0x08, 0x82, 0x08, 0x82, 0x08, 0x82, 0x10, 0x61, 0x08, 0xa3, 0x10,
    0xe4, 0x10, 0x20, 0x08, 0x62, 0x08, 0x62, 0x08, 0x62, 0x08, 0x82, 0x08, 0x61, 0x08, 0xa3, 0x10,
    0x61, 0x08, 0xa7, 0x21, 0x86, 0x19, 0x86, 0x19, 0x66, 0x19, 0x66, 0x19, 0x66, 0x19, 0x66, 0x19,
    0x66, 0x19, 0x66, 0x19, 0x66, 0x19, 0x66, 0x19, 0x66, 0x19, 0x66, 0x19, 0x66, 0x19, 0x46, 0x19,
    0x45, 0x19, 0x45, 0x19, 0x45, 0x19, 0x45, 0x19, 0x45, 0x19, 0x46, 0x19, 0x46, 0x19, 0x46, 0x19,
    0x66, 0x19, 0x66, 0x19, 0x66, 0x19, 0x66, 0x19, 0x66, 0x19, 0x46, 0x19, 0x46, 0x19, 0x46, 0x19,
    0x46, 0x19, 0x46, 0x19, 0x45, 0x19, 0x45, 0x19, 0x04, 0x11, 0xa8, 0x19, 0xe4, 0x18, 0x00, 0x08,
    0x25, 0x19, 0x45, 0x19, 0x20, 0x08, 0x82, 0x08, 0x82, 0x10, 0x82, 0x10, 0x82, 0x10, 0x82, 0x10,
    0x82, 0x08, 0x82, 0x10, 0x82, 0x10, 0x20, 0x08, 0xe4, 0x10, 0x09, 0x2a, 0x20, 0x08, 0x61, 0x08,
    0x82, 0x10, 0x82, 0x10, 0x82, 0x10, 0x82, 0x10, 0x82, 0x10, 0x82, 0x10, 0x82, 0x10, 0x82, 0x10,
    0x82, 0x10, 0x82, 0x10, 0x82, 0x10, 0x82, 0x10, 0x82, 0x10, 0x82, 0x10, 0x82, 0x10, 0x82, 0x10,
    0x82, 0x10, 0x82, 0x10, 0x82, 0x10, 0x82, 0x10, 0x82, 0x10, 0xa2, 0x10, 0xa2, 0x10, 0x82, 0x10,
    0x82, 0x10, 0x82, 0x10, 0x82, 0x10, 0x82, 0x10, 0xa2, 0x10, 0x82, 0x10, 0x82, 0x10, 0x82, 0x10,
    0x82, 0x10, 0x82, 0x10, 0x82, 0x10, 0x82, 0x10, 0x82, 0x10, 0x82, 0x10, 0x82, 0x10, 0x82, 0x10,
    0x82, 0x10, 0x82, 0x10, 0x82, 0x10, 0x82, 0x10, 0x82, 0x10, 0x82, 0x10, 0x82, 0x10, 0x82, 0x10,
    0xa2, 0x10, 0x82, 0x10, 0x82, 0x10, 0x82, 0x10, 0xa2, 0x10, 0xa2, 0x10, 0x82, 0x10, 0x82, 0x10,
    0x82, 0x10, 0x82, 0x10, 0x82, 0x10, 0x82, 0x10, 0x82, 0x10, 0x82, 0x10, 0xa2, 0x10, 0x82, 0x10,
    0x82, 0x10, 0x82, 0x10, 0x82, 0x10, 0x82, 0x10, 0x82, 0x10, 0x82, 0x10, 0x82, 0x10, 0x82, 0x10,
    0x82, 0x10, 0x82, 0x10, 0x82, 0x10, 0x82, 0x10, 0x82, 0x10, 0x82, 0x10, 0x82, 0x10, 0x82, 0x10,
    0x82, 0x10, 0x82, 0x10, 0x82, 0x10, 0x82, 0x10, 0x82, 0x10, 0x82, 0x10, 0x82, 0x10, 0x82, 0x10,
    0x82, 0x10, 0x82, 0x10, 0x82, 0x10, 0x82, 0x10, 0x82, 0x10, 0x82, 0x10, 0x82, 0x10, 0x82, 0x10,
    0x82, 0x10, 0x82, 0x10, 0x82, 0x10, 0x82, 0x10, 0x82, 0x10, 0x82, 0x10, 0x82, 0x10, 0x82, 0x10,
    0x82, 0x10, 0x82, 0x10, 0x82, 0x10, 0x82, 0x08, 0x82, 0x08, 0x62, 0x08, 0x62, 0x08, 0x62, 0x08,
    0x40, 0x08, 0x82, 0x10, 0x04, 0x11, 0x20, 0x08, 0x20, 0x08, 0x40, 0x08, 0x20, 0x08, 0x20, 0x08,
    0x20, 0x08, 0x26, 0x19, 0xc3, 0x10, 0x20, 0x08, 0x62, 0x08, 0x61, 0x08, 0x61, 0x08, 0x61, 0x08,
    0x61, 0x08, 0x61, 0x08, 0x62, 0x08, 0x41, 0x08, 0x41, 0x08, 0x26, 0x19, 0x62, 0x08, 0x20, 0x08,
    0x61, 0x08, 0x61, 0x08, 0x20, 0x08, 0x25, 0x11, 0x82, 0x08, 0x41, 0x08, 0x61, 0x08, 0x61, 0x08,
    0x61, 0x08, 0x61, 0x08, 0x61, 0x08, 0x61, 0x08, 0x00, 0x08, 0x04, 0x11, 0x61, 0x08, 0x20, 0x08,
    0x61, 0x08, 0x41, 0x08, 0x41, 0x08, 0x20, 0x08, 0x67, 0x19, 0x20, 0x08, 0x41, 0x08, 0x41, 0x08,
    0x41, 0x08, 0x41, 0x08, 0x61, 0x08, 0x61, 0x08, 0x61, 0x08, 0x41, 0x08, 0x41, 0x08, 0x41, 0x08,
    0x61, 0x08, 0x61, 0x08, 0x61, 0x08, 0x41, 0x08, 0x41, 0x08, 0x41, 0x08, 0x41, 0x08, 0x41, 0x08,
    0x62, 0x08, 0x62, 0x08, 0x62, 0x08, 0x62, 0x08, 0x62, 0x08, 0x62, 0x08, 0x62, 0x08, 0x62, 0x08,
    0x62, 0x08, 0x62, 0x08, 0x62, 0x08, 0x62, 0x08, 0x82, 0x08, 0x82, 0x10, 0x82, 0x10, 0x41, 0x08,
    0xc3, 0x10, 0xc4, 0x10, 0x40, 0x08, 0x82, 0x08, 0x62, 0x08, 0x62, 0x08, 0x82, 0x08, 0x61, 0x08,
    0x61, 0x08, 0x20, 0x08, 0x41, 0x08, 0x41, 0x08, 0x41, 0x08, 0x41, 0x08, 0x41, 0x08, 0x41, 0x08,
    0x41, 0x08, 0x41, 0x08, 0x41, 0x08, 0x41, 0x08, 0x41, 0x08, 0x41, 0x08, 0x41, 0x08, 0x41, 0x08,
    0x41, 0x08, 0x61, 0x08, 0x61, 0x08, 0x41, 0x08, 0x61, 0x08, 0x61, 0x08, 0x61, 0x10, 0x61, 0x10,
    0x61, 0x10, 0x61, 0x10, 0x61, 0x10, 0x61, 0x10, 0x61, 0x10, 0x61, 0x10, 0x41, 0x10, 0x41, 0x08,
    0x61, 0x08, 0x61, 0x10, 0x41, 0x10, 0x61, 0x10, 0x40, 0x10, 0x82, 0x10, 0xa7, 0x19, 0xe4, 0x10,
    0x08, 0x2a, 0xc3, 0x10, 0x41, 0x08, 0x82, 0x08, 0x82, 0x10, 0x82, 0x08, 0x82, 0x08, 0x82, 0x08,
    0x82, 0x08, 0x82, 0x08, 0x82, 0x10, 0x82, 0x10, 0x20, 0x08, 0xc3, 0x10, 0x08, 0x22, 0x20, 0x08,
    0x20, 0x08, 0x20, 0x08, 0x41, 0x08, 0x82, 0x10, 0x82, 0x10, 0x82, 0x10, 0x82, 0x10, 0x82, 0x10,
    0x82, 0x10, 0x82, 0x10, 0x82, 0x10, 0x82, 0x10, 0x82, 0x10, 0x82, 0x10, 0x82, 0x10, 0x82, 0x10,
    0x82, 0x10, 0x82, 0x10, 0x82, 0x10, 0x82, 0x10, 0x82, 0x10, 0x82, 0x10, 0x82, 0x10, 0xa2, 0x10,
    0x82, 0x10, 0x82, 0x10, 0x82, 0x10, 0x82, 0x10, 0x82, 0x10, 0x82, 0x10, 0x82, 0x10, 0x82, 0x10,
    0x82, 0x10, 0x82, 0x10, 0x82, 0x10, 0x82, 0x10, 0x82, 0x10, 0x82, 0x10, 0x82, 0x10, 0x82, 0x10,
    0x82, 0x10, 0x82, 0x10, 0x82, 0x10, 0x82, 0x10, 0x82, 0x10, 0x82, 0x10, 0x82, 0x10, 0x82, 0x10,
    0x82, 0x10, 0x82, 0x10, 0x82, 0x10, 0x82, 0x10, 0xa2, 0x10, 0xa2, 0x10, 0xa2, 0x10, 0xa2, 0x10,
    0xa2, 0x10, 0x82, 0x10, 0x82, 0x10, 0x82, 0x10, 0xa2, 0x10, 0x82, 0x10, 0x82, 0x10, 0x82, 0x10,
    0x82, 0x10, 0x82, 0x10, 0x82, 0x10, 0x82, 0x10, 0x82, 0x10, 0x82, 0x10, 0x82, 0x10, 0x82, 0x10,
    0x82, 0x10, 0x82, 0x10, 0x82, 0x10, 0x82, 0x10, 0x82, 0x10, 0x82, 0x10, 0x82, 0x10, 0x82, 0x10,
    0x82, 0x10, 0x82, 0x10, 0x82, 0x10, 0x82, 0x10, 0x82, 0x10, 0x82, 0x10, 0x82, 0x10, 0x82, 0x10,
    0x82, 0x10, 0x82, 0x10, 0x82, 0x10, 0x82, 0x10, 0x82, 0x10, 0x82, 0x10, 0x82, 0x10, 0x82, 0x10,
    0x82, 0x10, 0x82, 0x10, 0x82, 0x10, 0x82, 0x10, 0x82, 0x10, 0x82, 0x10, 0x82, 0x10, 0x82, 0x10,
    0x82, 0x10, 0x82, 0x08, 0x82, 0x08, 0x82, 0x08, 0x62, 0x08, 0x62, 0x08, 0x62, 0x08, 0x62, 0x08,
    0x82, 0x08, 0x41, 0x08, 0x20, 0x08, 0x61, 0x08, 0x82, 0x08, 0x82, 0x08, 0x82, 0x08, 0x82, 0x08,
    0x61, 0x08, 0x40, 0x08, 0x46, 0x19, 0xc3, 0x10, 0x20, 0x08, 0x62, 0x08, 0x61, 0x08, 0x61, 0x08,
    0x61, 0x08, 0x61, 0x08, 0x61, 0x08, 0x62, 0x08, 0x41, 0x08, 0x40, 0x08, 0x25, 0x11, 0x62, 0x08,
    0x41, 0x08, 0x62, 0x08, 0x20, 0x08, 0x25, 0x11, 0x82, 0x08, 0x41, 0x08, 0x61, 0x08, 0x61, 0x08,
    0x61, 0x08, 0x61, 0x08, 0x61, 0x08, 0x61, 0x08, 0x20, 0x08, 0x25, 0x11, 0x82, 0x08, 0x41, 0x08,
    0x61, 0x08, 0x61, 0x08, 0x61, 0x08, 0x20, 0x08, 0x67, 0x19, 0x40, 0x08, 0x41, 0x08, 0x41, 0x08,
    0x41, 0x08, 0x61, 0x08, 0x61, 0x08, 0x61, 0x08, 0x61, 0x08, 0x61, 0x08, 0x41, 0x08, 0x41, 0x08,
    0x61, 0x08, 0x61, 0x08, 0x61, 0x08, 0x41, 0x08, 0x41, 0x08, 0x41, 0x08, 0x41, 0x08, 0x41, 0x08,
    0x82, 0x08, 0x82, 0x08, 0x82, 0x08, 0x62, 0x08, 0x62, 0x08, 0x82, 0x10, 0x82, 0x10, 0x82, 0x08,
    0x82, 0x08, 0x62, 0x08, 0x62, 0x08, 0x62, 0x08, 0x62, 0x08, 0x82, 0x10, 0x82, 0x08, 0x82, 0x10,
    0x40, 0x08, 0xe4, 0x10, 0xc3, 0x10, 0x41, 0x08, 0x82, 0x08, 0x62, 0x08, 0x62, 0x08, 0x62, 0x08,
    0x62, 0x08, 0x82, 0x08, 0x82, 0x08, 0x82, 0x10, 0x82, 0x08, 0x82, 0x08, 0x62, 0x08, 0x62, 0x08,
    0x82, 0x08, 0x82, 0x08, 0x82, 0x08, 0x82, 0x08, 0x82, 0x10, 0x82, 0x10, 0x82, 0x10, 0x82, 0x08,
    0x82, 0x08, 0x82, 0x08, 0x82, 0x10, 0x82, 0x10, 0x82, 0x10, 0x82, 0x10, 0x82, 0x10, 0x82, 0x10,
    0x82, 0x10, 0x82, 0x10, 0x82, 0x10, 0x82, 0x10, 0x82, 0x10, 0x82, 0x10, 0x82, 0x10, 0x82, 0x10,
    0x82, 0x10, 0x82, 0x10, 0x82, 0x10, 0x82, 0x10, 0x82, 0x10, 0x61, 0x10, 0xc3, 0x10, 0xa7, 0x19,
    0xe3, 0x10, 0x21, 0x08, 0x82, 0x10, 0x82, 0x10, 0x82, 0x10, 0x82, 0x08, 0x82, 0x08, 0x82, 0x08,
    0x82, 0x08, 0x82, 0x08, 0x82, 0x10, 0x82, 0x10, 0xa2, 0x10, 0x20, 0x08, 0xc3, 0x10, 0xa7, 0x19,
    0xc3, 0x10, 0x87, 0x19, 0xa3, 0x10, 0x20, 0x08, 0x82, 0x10, 0x82, 0x10, 0x62, 0x10, 0x82, 0x10,
    0x82, 0x10, 0x82, 0x10, 0x82, 0x10, 0x82, 0x10, 0x82, 0x10, 0x82, 0x10, 0x82, 0x10, 0x82, 0x10,
    0x82, 0x10, 0x82, 0x10, 0x82, 0x10, 0x82, 0x10, 0x82, 0x10, 0x82, 0x10, 0x82, 0x10, 0x82, 0x10,
    0xa2, 0x10, 0xa2, 0x10, 0x82, 0x10, 0x82, 0x10, 0x82, 0x10, 0x82, 0x10, 0x82, 0x10, 0x82, 0x10,
    0x82, 0x10, 0x82, 0x10, 0x82, 0x10, 0x82, 0x10, 0x82, 0x10, 0x82, 0x10, 0x82, 0x10, 0x82, 0x10,
    0x82, 0x10, 0x82, 0x10, 0x82, 0x10, 0x82, 0x10, 0xa2, 0x10, 0xa2, 0x10, 0xa2, 0x10, 0xa2, 0x10,
    0x82, 0x10, 0x82, 0x10, 0x82, 0x10, 0x82, 0x10, 0x82, 0x10, 0xa2, 0x10, 0xa2, 0x10, 0xa2, 0x10,
    0xa2, 0x10, 0xa2, 0x10, 0xa2, 0x10, 0xa2, 0x10, 0xa2, 0x10, 0x82, 0x10, 0x82, 0x10, 0x82, 0x10,
    0x82, 0x10, 0x82, 0x10, 0x82, 0x10, 0x82, 0x10, 0x82, 0x10, 0x82, 0x10, 0x82, 0x10, 0x82, 0x10,
    0x82, 0x10, 0x82, 0x10, 0x82, 0x10, 0x82, 0x10, 0x82, 0x10, 0x82, 0x10, 0x82, 0x10, 0x82, 0x10,
    0x82, 0x10, 0x82, 0x10, 0x82, 0x10, 0x82, 0x10, 0x82, 0x10, 0x82, 0x10, 0x82, 0x10, 0x82, 0x10,
    0x82, 0x10, 0x82, 0x10, 0x82, 0x10, 0x82, 0x10, 0x82, 0x10, 0x82, 0x10, 0x82, 0x10, 0x82, 0x10,
    0x82, 0x10, 0x82, 0x10, 0x82, 0x10, 0x82, 0x10, 0x82, 0x10, 0x82, 0x10, 0x82, 0x10, 0x82, 0x10,
    0x82, 0x10, 0x82, 0x08, 0x82, 0x08, 0x82, 0x08, 0x82, 0x08, 0x62, 0x08, 0x62, 0x08, 0x62, 0x08,
    0x62, 0x08, 0x82, 0x08, 0x82, 0x08, 0x62, 0x08, 0x62, 0x08, 0x61, 0x08, 0x61, 0x08, 0x61, 0x08,
    0x61, 0x08, 0x61, 0x08, 0x20, 0x08, 0x46, 0x19, 0xc3, 0x10, 0x20, 0x08, 0x62, 0x08, 0x61, 0x08,
    0x61, 0x08, 0x61, 0x08, 0x61, 0x08, 0x61, 0x08, 0x61, 0x08, 0x40, 0x08, 0x61, 0x08, 0x05, 0x11,
    0x20, 0x08, 0x62, 0x08, 0x20, 0x08, 0x25, 0x11, 0x82, 0x08, 0x41, 0x08, 0x61, 0x08, 0x61, 0x08,
    0x61, 0x08, 0x61, 0x08, 0x61, 0x08, 0x61, 0x08, 0x20, 0x08, 0x05, 0x11, 0x82, 0x08, 0x41, 0x08,
    0x61, 0x08, 0x41, 0x08, 0x41, 0x08, 0x20, 0x08, 0x67, 0x19, 0x20, 0x08, 0x41, 0x08, 0x41, 0x08,
    0x41, 0x08, 0x41, 0x08, 0x61, 0x08, 0x61, 0x08, 0x61, 0x08, 0x61, 0x08, 0x61, 0x08, 0x61, 0x08,
    0x61, 0x08, 0x61, 0x08, 0x61, 0x08, 0x61, 0x08, 0x41, 0x08, 0x41, 0x08, 0x41, 0x08, 0x41, 0x08,
    0x82, 0x08, 0x82, 0x08, 0x82, 0x08, 0x82, 0x10, 0x82, 0x10, 0x82, 0x10, 0x82, 0x08, 0x82, 0x08,
    0x82, 0x10, 0x82, 0x10, 0x62, 0x08, 0x82, 0x10, 0x82, 0x10, 0x62, 0x10, 0x62, 0x08, 0x82, 0x08,
    0x82, 0x10, 0x41, 0x08, 0x05, 0x11, 0xa3, 0x10, 0x41, 0x08, 0x82, 0x08, 0x82, 0x10, 0x62, 0x08,
    0x62, 0x08, 0x62, 0x08, 0x62, 0x08, 0x62, 0x08, 0x62, 0x08, 0x62, 0x08, 0x61, 0x08, 0x62, 0x08,
    0x62, 0x08, 0x62, 0x08, 0x62, 0x08, 0x62, 0x08, 0x62, 0x08, 0x62, 0x08, 0x62, 0x08, 0x62, 0x08,
    0x62, 0x08, 0x62, 0x08, 0x62, 0x08, 0x62, 0x08, 0x62, 0x08, 0x82, 0x08, 0x82, 0x10, 0x82, 0x10,
    0x82, 0x08, 0x82, 0x08, 0x82, 0x08, 0x82, 0x08, 0x82, 0x08, 0x82, 0x08, 0x82, 0x08, 0x62, 0x08,
    0x62, 0x08, 0x82, 0x08, 0x82, 0x08, 0x82, 0x10, 0x82, 0x10, 0x82, 0x10, 0x61, 0x10, 0x20, 0x08,
    0x41, 0x08, 0x82, 0x10, 0x82, 0x10, 0x82, 0x10, 0x82, 0x10, 0x82, 0x10, 0x82, 0x08, 0x82, 0x08,
    0x82, 0x08, 0x82, 0x08, 0x82, 0x08, 0x82, 0x10, 0x82, 0x08, 0xa2, 0x10, 0x00, 0x08, 0x45, 0x19,
    0x8b, 0x2a, 0xe4, 0x10, 0xe8, 0x19, 0xc3, 0x10, 0x41, 0x08, 0x82, 0x10, 0x62, 0x10, 0x82, 0x10,
    0x82, 0x10, 0x82, 0x10, 0x82, 0x10, 0x82, 0x10, 0x82, 0x10, 0x82, 0x10, 0x82, 0x10, 0x82, 0x10,
    0x82, 0x10, 0x82, 0x10, 0x82, 0x10, 0x82, 0x10, 0x82, 0x10, 0x82, 0x10, 0x82, 0x10, 0x82, 0x10,
    0x82, 0x10, 0x82, 0x10, 0x82, 0x10, 0x82, 0x10, 0x82, 0x10, 0x82, 0x10, 0x82, 0x10, 0x82, 0x10,
    0x82, 0x10, 0x82, 0x10, 0x82, 0x10, 0x82, 0x10, 0x82, 0x10, 0x82, 0x10, 0xa2, 0x10, 0x82, 0x10,
    0x82, 0x10, 0x82, 0x10, 0x82, 0x10, 0xa2, 0x10, 0x82, 0x10, 0x82, 0x10, 0x82, 0x10, 0x82, 0x10,
    0x82, 0x10, 0x82, 0x10, 0x82, 0x10, 0x82, 0x10, 0x82, 0x10, 0x82, 0x10, 0x82, 0x10, 0x82, 0x10,
    0xa2, 0x10, 0xa2, 0x10, 0xa2, 0x10, 0xa2, 0x10, 0xa2, 0x10, 0xa2, 0x10, 0x82, 0x10, 0x82, 0x10,
    0x82, 0x10, 0x82, 0x10, 0x82, 0x10, 0x82, 0x10, 0x82, 0x10, 0x82, 0x10, 0x82, 0x10, 0x82, 0x10,
    0x82, 0x10, 0x82, 0x10, 0x82, 0x10, 0x82, 0x10, 0x82, 0x10, 0x82, 0x10, 0x82, 0x10, 0x82, 0x10,
    0x82, 0x10, 0x82, 0x10, 0x82, 0x10, 0x82, 0x10, 0x82, 0x10, 0x82, 0x10, 0x82, 0x10, 0x82, 0x10,
    0x82, 0x10, 0x82, 0x10, 0x82, 0x10, 0x82, 0x10, 0x82, 0x10, 0x82, 0x10, 0x82, 0x10, 0x82, 0x08,
    0x82, 0x10, 0x82, 0x10, 0x82, 0x10, 0x82, 0x10, 0x82, 0x10, 0x82, 0x10, 0x82, 0x10, 0x82, 0x08,
    0x82, 0x08, 0x82, 0x08, 0x82, 0x08, 0x82, 0x08, 0x82, 0x08, 0x82, 0x08, 0x82, 0x10, 0x82, 0x10,
    0x62, 0x08, 0x62, 0x08, 0x62, 0x08, 0x62, 0x08, 0x62, 0x08, 0x62, 0x08, 0x61, 0x08, 0x61, 0x08,
    0x61, 0x08, 0x61, 0x08, 0x61, 0x08, 0x20, 0x08, 0x46, 0x19, 0xc3, 0x10, 0x20, 0x08, 0x62, 0x08,
    0x61, 0x08, 0x61, 0x08, 0x61, 0x08, 0x61, 0x08, 0x61, 0x08, 0x41, 0x08, 0x61, 0x08, 0xe4, 0x10,
    0x20, 0x08, 0x62, 0x08, 0x20, 0x08, 0x25, 0x11, 0x82, 0x08, 0x41, 0x08, 0x61, 0x08, 0x61, 0x08,
    0x61, 0x08, 0x61, 0x08, 0x61, 0x08, 0x61, 0x08, 0x20, 0x08, 0x25, 0x11, 0x82, 0x08, 0x41, 0x08,
    0x41, 0x08, 0x41, 0x08, 0x61, 0x08, 0x20, 0x08, 0x67, 0x19, 0x20, 0x08, 0x41, 0x08, 0x41, 0x08,
    0x41, 0x08, 0x41, 0x08, 0x41, 0x08, 0x61, 0x08, 0x61, 0x08, 0x61, 0x08, 0x61, 0x08, 0x61, 0x08,
    0x61, 0x08, 0x61, 0x08, 0x61, 0x08, 0x61, 0x08, 0x41, 0x08, 0x41, 0x08, 0x41, 0x08, 0x41, 0x08,
    0x82, 0x10, 0x82, 0x08, 0x82, 0x10, 0x82, 0x10, 0x82, 0x08, 0x82, 0x10, 0x82, 0x10, 0x82, 0x08,
    0x82, 0x10, 0x82, 0x10, 0x61, 0x08, 0x61, 0x08, 0x62, 0x08, 0x62, 0x08, 0x62, 0x08, 0x62, 0x08,
    0x82, 0x10, 0x61, 0x08, 0x40, 0x08, 0x25, 0x11, 0x82, 0x08, 0x41, 0x08, 0x82, 0x10, 0x82, 0x08,
    0x82, 0x08, 0x82, 0x08, 0x62, 0x08, 0x62, 0x08, 0x62, 0x08, 0x62, 0x08, 0x62, 0x08, 0x82, 0x08,
    0x82, 0x08, 0x82, 0x08, 0x62, 0x08, 0x62, 0x08, 0x62, 0x08, 0x62, 0x08, 0x61, 0x08, 0x61, 0x08,
    0x62, 0x08, 0x62, 0x08, 0x62, 0x08, 0x62, 0x08, 0x62, 0x08, 0x82, 0x08, 0x82, 0x10, 0x82, 0x08,
    0x82, 0x08, 0x82, 0x08, 0x82, 0x08, 0x82, 0x08, 0x82, 0x10, 0x82, 0x08, 0x82, 0x08, 0x82, 0x08,
    0x82, 0x08, 0x82, 0x08, 0x82, 0x08, 0x82, 0x08, 0x82, 0x10, 0x82, 0x10, 0x82, 0x10, 0x82, 0x10,
    0x82, 0x08, 0x82, 0x08, 0x82, 0x10, 0x82, 0x10, 0x82, 0x10, 0x82, 0x10, 0x82, 0x08, 0x82, 0x08,
    0x82, 0x10, 0x82, 0x08, 0x82, 0x08, 0x82, 0x08, 0x82, 0x08, 0x82, 0x10, 0x00, 0x08, 0x86, 0x19,
    0x25, 0x19, 0x00, 0x00, 0x04, 0x11, 0x66, 0x19, 0x00, 0x08, 0x82, 0x10, 0x82, 0x10, 0x82, 0x10,
    0x82, 0x10, 0x82, 0x10, 0x82, 0x10, 0x82, 0x10, 0x82, 0x10, 0x82, 0x10, 0x82, 0x10, 0x82, 0x10,
    0x82, 0x10, 0x82, 0x10, 0x82, 0x10, 0x82, 0x10, 0x82, 0x10, 0x82, 0x10, 0x82, 0x10, 0x82, 0x10,
    0x82, 0x10, 0x82, 0x10, 0x82, 0x10, 0x82, 0x10, 0x82, 0x10, 0x82, 0x10, 0x82, 0x10, 0x82, 0x10,
    0x82, 0x10, 0x82, 0x10, 0x82, 0x10, 0x82, 0x10, 0x82, 0x10, 0x82, 0x10, 0x82, 0x10, 0x82, 0x10,
    0x82, 0x10, 0x82, 0x10, 0x82, 0x10, 0x82, 0x10, 0x82, 0x10, 0x82, 0x10, 0x82, 0x10, 0x82, 0x10,
    0x82, 0x10, 0x82, 0x10, 0x82, 0x10, 0x82, 0x10, 0x82, 0x10, 0x82, 0x10, 0x82, 0x10, 0x82, 0x10,
    0x82, 0x10, 0xa2, 0x10, 0xa2, 0x10, 0xa2, 0x10, 0x82, 0x10, 0x82, 0x10, 0x82, 0x10, 0x82, 0x10,
    0x82, 0x10, 0x82, 0x10, 0x82, 0x10, 0x82, 0x10, 0x82, 0x10, 0x82, 0x10, 0x82, 0x10, 0x82, 0x10,
    0x82, 0x10, 0x82, 0x10, 0x82, 0x10, 0x82, 0x10, 0x82, 0x10, 0x82, 0x10, 0x82, 0x10, 0x82, 0x10,
    0x82, 0x10, 0x82, 0x10, 0x82, 0x10, 0x82, 0x10, 0x82, 0x10, 0x82, 0x10, 0x82, 0x10, 0x82, 0x10,
    0x82, 0x10, 0x82, 0x10, 0x82, 0x10, 0x82, 0x10, 0x82, 0x10, 0x82, 0x10, 0x82, 0x10, 0x82, 0x10,
    0x82, 0x10, 0x82, 0x10, 0x82, 0x10, 0x82, 0x10, 0x82, 0x10, 0x82, 0x10, 0x82, 0x08, 0x82, 0x08,
    0x82, 0x08, 0x82, 0x08, 0x82, 0x10, 0x82, 0x10, 0x82, 0x10, 0x82, 0x10, 0x82, 0x10, 0x82, 0x10,
    0x82, 0x10, 0x62, 0x08, 0x62, 0x08, 0x62, 0x08, 0x62, 0x08, 0x62, 0x08, 0x61, 0x08, 0x62, 0x08,
    0x61, 0x08, 0x61, 0x08, 0x61, 0x08, 0x61, 0x08, 0x20, 0x08, 0x46, 0x19, 0xc3, 0x10, 0x20, 0x08,
    0x62, 0x08, 0x62, 0x08, 0x61, 0x08, 0x61, 0x08, 0x61, 0x08, 0x41, 0x08, 0x61, 0x08, 0x05, 0x11,
    0x20, 0x08, 0x62, 0x08, 0x20, 0x08, 0x25, 0x11, 0x82, 0x08, 0x61, 0x08, 0x62, 0x08, 0x61, 0x08,
    0x61, 0x08, 0x61, 0x08, 0x61, 0x08, 0x61, 0x08, 0x20, 0x08, 0x25, 0x11, 0x82, 0x08, 0x41, 0x08,
    0x41, 0x08, 0x41, 0x08, 0x41, 0x08, 0x20, 0x08, 0x67, 0x19, 0x20, 0x08, 0x41, 0x08, 0x41, 0x08,
    0x41, 0x08, 0x41, 0x08, 0x41, 0x08, 0x41, 0x08, 0x41, 0x08, 0x61, 0x08, 0x61, 0x08, 0x61, 0x08,
    0x61, 0x08, 0x61, 0x08, 0x41, 0x08, 0x41, 0x08, 0x41, 0x08, 0x41, 0x08, 0x41, 0x08, 0x41, 0x08,
    0x82, 0x10, 0x82, 0x10, 0x82, 0x10, 0x82, 0x10, 0x82, 0x10, 0x82, 0x10, 0x82, 0x10, 0x82, 0x08,
    0x82, 0x10, 0x62, 0x10, 0x61, 0x08, 0x61, 0x08, 0x62, 0x08, 0x62, 0x08, 0x62, 0x08, 0x62, 0x08,
    0x61, 0x08, 0x61, 0x08, 0x61, 0x08, 0x41, 0x08, 0x25, 0x11, 0x62, 0x08, 0x20, 0x08, 0x41, 0x08,
    0x41, 0x08, 0x41, 0x08, 0x41, 0x08, 0x41, 0x08, 0x41, 0x08, 0x41, 0x08, 0x41, 0x08, 0x21, 0x08,
    0x21, 0x00, 0x82, 0x08, 0x83, 0x08, 0xa3, 0x08, 0xa3, 0x08, 0xa3, 0x08, 0x82, 0x08, 0x61, 0x08,
    0x62, 0x08, 0x62, 0x08, 0x62, 0x08, 0x62, 0x10, 0x82, 0x08, 0x82, 0x08, 0x82, 0x08, 0x82, 0x08,
    0x82, 0x10, 0x82, 0x08, 0x82, 0x08, 0x82, 0x10, 0x82, 0x10, 0x82, 0x10, 0x82, 0x08, 0x82, 0x08,
    0x82, 0x08, 0x82, 0x08, 0x82, 0x08, 0x82, 0x10, 0x82, 0x10, 0x82, 0x08, 0x82, 0x08, 0x82, 0x08,
    0x82, 0x08, 0x82, 0x08, 0x82, 0x08, 0x82, 0x10, 0x82, 0x10, 0x82, 0x10, 0x82, 0x10, 0x82, 0x10,
    0x82, 0x10, 0x82, 0x10, 0x82, 0x08, 0x82, 0x08, 0x82, 0x08, 0x82, 0x08, 0x41, 0x08, 0x82, 0x10,
    0xe9, 0x19, 0x86, 0x19, 0x49, 0x2a, 0x82, 0x10, 0x61, 0x08, 0x82, 0x10, 0x82, 0x10, 0x82, 0x10,
    0x82, 0x10, 0x82, 0x10, 0x82, 0x10, 0x82, 0x10, 0x82, 0x10, 0x82, 0x10, 0x82, 0x10, 0x82, 0x10,
    0x82, 0x10, 0x82, 0x10, 0xa2, 0x10, 0x82, 0x10, 0x82, 0x10, 0x82, 0x10, 0x82, 0x10, 0x82, 0x10,
    0x82, 0x10, 0x82, 0x10, 0x82, 0x10, 0x82, 0x10, 0x82, 0x10, 0x82, 0x10, 0x82, 0x10, 0x82, 0x10,
    0x82, 0x10, 0x82, 0x10, 0x82, 0x10, 0x82, 0x10, 0x82, 0x10, 0x82, 0x10, 0x82, 0x10, 0x82, 0x10,
    0x82, 0x10, 0x82, 0x10, 0x82, 0x10, 0x82, 0x10, 0x82, 0x10, 0xa2, 0x10, 0x82, 0x10, 0x82, 0x10,
    0x82, 0x10, 0x82, 0x10, 0x82, 0x10, 0x82, 0x10, 0x82, 0x10, 0x82, 0x10, 0x82, 0x10, 0x82, 0x10,
    0x82, 0x10, 0xa2, 0x10, 0x82, 0x10, 0x82, 0x10, 0x82, 0x10, 0xa2, 0x10, 0x82, 0x10, 0x82, 0x10,
    0x82, 0x10, 0x82, 0x10, 0x82, 0x10, 0x82, 0x10, 0x82, 0x10, 0x82, 0x10, 0x82, 0x10, 0x82, 0x10,
    0x82, 0x10, 0x82, 0x10, 0x82, 0x10, 0x82, 0x10, 0x82, 0x10, 0x82, 0x10, 0x82, 0x10, 0x82, 0x10,
    0x82, 0x10, 0x82, 0x10, 0x82, 0x10, 0x82, 0x10, 0x82, 0x10, 0x82, 0x10, 0x82, 0x10, 0x82, 0x10,
    0x82, 0x10, 0x82, 0x10, 0x82, 0x10, 0x82, 0x10, 0x82, 0x10, 0x82, 0x10, 0x82, 0x10, 0x82, 0x10,
    0x82, 0x10, 0x82, 0x08, 0x82, 0x10, 0x82, 0x10, 0x82, 0x10, 0x82, 0x10, 0x82, 0x10, 0x82, 0x08,
    0x82, 0x08, 0x82, 0x08, 0x82, 0x10, 0x82, 0x10, 0x82, 0x10, 0x82, 0x10, 0x82, 0x10, 0x82, 0x08,
    0x82, 0x08, 0x82, 0x08, 0x62, 0x08, 0x62, 0x08, 0x62, 0x08, 0x62, 0x08, 0x62, 0x08, 0x61, 0x08,
    0x61, 0x08, 0x61, 0x08, 0x61, 0x08, 0x62, 0x08, 0x61, 0x08, 0x20, 0x08, 0x26, 0x19, 0xc3, 0x10,
    0x20, 0x08, 0x62, 0x08, 0x61, 0x08, 0x61, 0x08, 0x61, 0x08, 0x41, 0x08, 0x61, 0x08, 0x05, 0x11,
    0x20, 0x08, 0x62, 0x08, 0x20, 0x08, 0x25, 0x11, 0x82, 0x10, 0x61, 0x08, 0x62, 0x08, 0x61, 0x08,
    0x61, 0x08, 0x61, 0x08, 0x61, 0x08, 0x61, 0x08, 0x20, 0x08, 0x25, 0x11, 0x82, 0x08, 0x41, 0x08,
    0x41, 0x08, 0x41, 0x08, 0x41, 0x08, 0x20, 0x08, 0x67, 0x19, 0x40, 0x08, 0x41, 0x08, 0x41, 0x08,
    0x41, 0x08, 0x41, 0x08, 0x41, 0x08, 0x41, 0x08, 0x41, 0x08, 0x61, 0x08, 0x61, 0x08, 0x61, 0x08,
    0x61, 0x08, 0x61, 0x08, 0x61, 0x08, 0x41, 0x08, 0x41, 0x08, 0x41, 0x08, 0x41, 0x08, 0x41, 0x08,
    0x82, 0x10, 0x62, 0x10, 0x62, 0x08, 0x62, 0x10, 0x82, 0x10, 0x82, 0x10, 0x82, 0x10, 0x82, 0x10,
    0x82, 0x10, 0x61, 0x08, 0x62, 0x08, 0x62, 0x08, 0x62, 0x08, 0x62, 0x08, 0x62, 0x08, 0x61, 0x08,
    0x61, 0x08, 0x61, 0x08, 0x81, 0x08, 0x61, 0x08, 0x41, 0x08, 0x25, 0x11, 0xa3, 0x10, 0xa3, 0x10,
    0xa3, 0x08, 0xa3, 0x10, 0xa3, 0x10, 0xa3, 0x10, 0xa3, 0x10, 0xc3, 0x10, 0xc3, 0x10, 0x25, 0x19,
    0x66, 0x29, 0xa3, 0x08, 0x82, 0x08, 0x82, 0x08, 0x61, 0x08, 0x61, 0x08, 0xa3, 0x08, 0x61, 0x08,
    0x62, 0x08, 0x62, 0x08, 0x62, 0x08, 0x62, 0x08, 0x82, 0x08, 0x82, 0x08, 0x82, 0x08, 0x82, 0x08,
    0x82, 0x10, 0x82, 0x08, 0x82, 0x08, 0x82, 0x10, 0x82, 0x10, 0x82, 0x10, 0x82, 0x10, 0x82, 0x10,
    0x82, 0x10, 0x82, 0x10, 0x82, 0x10, 0x82, 0x10, 0x82, 0x10, 0x82, 0x10, 0x82, 0x08, 0x82, 0x08,
    0x82, 0x08, 0x82, 0x10, 0x82, 0x08, 0x82, 0x10, 0x82, 0x10, 0x82, 0x10, 0x82, 0x10, 0x82, 0x10,
    0x82, 0x10, 0x82, 0x10, 0x82, 0x10, 0x82, 0x08, 0x82, 0x08, 0x82, 0x08, 0x82, 0x08, 0x41, 0x08,
    0x61, 0x08, 0x25, 0x19, 0x61, 0x10, 0x41, 0x08, 0x82, 0x10, 0x82, 0x10, 0x82, 0x10, 0x82, 0x10,
    0x82, 0x10, 0x82, 0x10, 0x82, 0x10, 0x82, 0x10, 0x82, 0x10, 0x82, 0x10, 0x82, 0x10, 0x82, 0x10,
    0x82, 0x10, 0x82, 0x10, 0x82, 0x10, 0xa2, 0x10, 0x82, 0x10, 0xa2, 0x10, 0xa2, 0x10, 0xa2, 0x10,
    0x82, 0x10, 0x82, 0x10, 0x82, 0x10, 0x82, 0x10, 0x82, 0x10, 0x82, 0x10, 0x82, 0x10, 0x82, 0x10,
    0x82, 0x10, 0x82, 0x10, 0xa2, 0x10, 0xa2, 0x10, 0xa2, 0x10, 0x82, 0x10, 0x82, 0x10, 0x82, 0x10,
    0x82, 0x10, 0x82, 0x10, 0x82, 0x10, 0x82, 0x10, 0xa2, 0x10, 0xa2, 0x10, 0xa2, 0x10, 0x82, 0x10,
    0x82, 0x10, 0x82, 0x10, 0x82, 0x10, 0x82, 0x10, 0x82, 0x10, 0x82, 0x10, 0x82, 0x10, 0x82, 0x10,
    0x82, 0x10, 0xa2, 0x10, 0x82, 0x10, 0x82, 0x10, 0xa2, 0x10, 0x82, 0x10, 0x82, 0x10, 0x82, 0x10,
    0x82, 0x10, 0x82, 0x10, 0x82, 0x10, 0x82, 0x10, 0x82, 0x10, 0x82, 0x10, 0x82, 0x10, 0x82, 0x10,
    0x82, 0x10, 0x82, 0x10, 0x82, 0x10, 0x82, 0x10, 0x82, 0x10, 0x82, 0x10, 0x82, 0x10, 0x82, 0x10,
    0x82, 0x10, 0x82, 0x10, 0x82, 0x10, 0x82, 0x10, 0x82, 0x10, 0x82, 0x10, 0x82, 0x10, 0x82, 0x10,
    0xa2, 0x10, 0x82, 0x10, 0x82, 0x10, 0x82, 0x10, 0x82, 0x10, 0x82, 0x10, 0x82, 0x10, 0x82, 0x10,
    0x82, 0x10, 0x82, 0x08, 0x82, 0x08, 0x82, 0x10, 0x82, 0x10, 0x82, 0x10, 0x82, 0x08, 0x82, 0x08,
    0x82, 0x10, 0x82, 0x08, 0x82, 0x10, 0x82, 0x10, 0x82, 0x10, 0x82, 0x10, 0x82, 0x10, 0x82, 0x08,
    0x82, 0x08, 0x82, 0x08, 0x62, 0x08, 0x62, 0x08, 0x62, 0x08, 0x62, 0x08, 0x62, 0x08, 0x62, 0x08,
    0x61, 0x08, 0x61, 0x08, 0x62, 0x08, 0x62, 0x08, 0x62, 0x08, 0x61, 0x08, 0x20, 0x08, 0x25, 0x19,
    0xc3, 0x10, 0x20, 0x08, 0x62, 0x08, 0x61, 0x08, 0x61, 0x08, 0x41, 0x08, 0x61, 0x08, 0x05, 0x11,
    0x20, 0x08, 0x62, 0x08, 0x20, 0x08, 0x25, 0x11, 0x82, 0x08, 0x41, 0x08, 0x62, 0x08, 0x61, 0x08,
    0x61, 0x08, 0x61, 0x08, 0x61, 0x08, 0x61, 0x08, 0x20, 0x08, 0x25, 0x11, 0x82, 0x08, 0x41, 0x08,
    0x41, 0x08, 0x41, 0x08, 0x41, 0x08, 0x20, 0x08, 0x67, 0x19, 0x40, 0x08, 0x41, 0x08, 0x61, 0x08,
    0x61, 0x08, 0x41, 0x08, 0x61, 0x08, 0x61, 0x08, 0x61, 0x08, 0x61, 0x08, 0x61, 0x08, 0x61, 0x08,
    0x61, 0x08, 0x61, 0x08, 0x41, 0x08, 0x41, 0x08, 0x41, 0x08, 0x41, 0x08, 0x41, 0x08, 0x41, 0x08,
    0x82, 0x10, 0x82, 0x10, 0x62, 0x10, 0x62, 0x10, 0x62, 0x08, 0x62, 0x08, 0x82, 0x10, 0x62, 0x08,
    0x61, 0x08, 0x61, 0x08, 0x62, 0x08, 0x62, 0x08, 0x62, 0x08, 0x62, 0x08, 0x62, 0x08, 0x61, 0x08,
    0x61, 0x08, 0x61, 0x08, 0x61, 0x08, 0x61, 0x08, 0x41, 0x08, 0x61, 0x08, 0xc4, 0x10, 0xc3, 0x10,
    0xc4, 0x10, 0xc4, 0x10, 0xe4, 0x10, 0xe4, 0x10, 0xe4, 0x10, 0xe4, 0x10, 0xe4, 0x10, 0x86, 0x21,
    0xa7, 0x31, 0xa3, 0x08, 0xa3, 0x10, 0x82, 0x10, 0x82, 0x08, 0x61, 0x08, 0xa3, 0x08, 0x82, 0x08,
    0x61, 0x08, 0x62, 0x08, 0x62, 0x08, 0x62, 0x08, 0x82, 0x08, 0x82, 0x08, 0x62, 0x10, 0x82, 0x10,
    0x62, 0x08, 0x82, 0x08, 0x82, 0x08, 0x82, 0x10, 0x82, 0x10, 0x82, 0x10, 0x82, 0x10, 0x82, 0x10,
    0x82, 0x10, 0x82, 0x10, 0x82, 0x10, 0x82, 0x10, 0x82, 0x08, 0x82, 0x08, 0x82, 0x08, 0x82, 0x08,
    0x82, 0x10, 0x82, 0x10, 0x82, 0x08, 0x82, 0x08, 0x82, 0x10, 0x82, 0x10, 0x82, 0x10, 0x82, 0x10,
    0x82, 0x10, 0x82, 0x10, 0x82, 0x10, 0x82, 0x10, 0x82, 0x10, 0x82, 0x10, 0x82, 0x10, 0x82, 0x10,
    0x62, 0x10, 0x20, 0x08, 0x61, 0x08, 0x82, 0x10, 0x82, 0x10, 0x82, 0x10, 0x82, 0x10, 0x82, 0x10,
    0x82, 0x10, 0x82, 0x10, 0x82, 0x10, 0x82, 0x10, 0xa2, 0x10, 0x82, 0x10, 0x82, 0x10, 0x82, 0x10,
    0x82, 0x10, 0x82, 0x10, 0x82, 0x10, 0x82, 0x10, 0x82, 0x10, 0x82, 0x10, 0x82, 0x10, 0x82, 0x10,
    0x82, 0x10, 0x82, 0x10, 0x82, 0x10, 0x82, 0x10, 0x82, 0x10, 0xa2, 0x10, 0x82, 0x10, 0x82, 0x10,
    0x82, 0x10, 0x82, 0x10, 0xa2, 0x10, 0x82, 0x10, 0xa2, 0x10, 0x82, 0x10, 0xa2, 0x10, 0x82, 0x10,
    0x82, 0x10, 0x82, 0x10, 0x82, 0x10, 0x82, 0x10, 0xa2, 0x10, 0xa2, 0x10, 0x82, 0x10, 0x82, 0x10,
    0x82, 0x10, 0x82, 0x10, 0x82, 0x10, 0x82, 0x10, 0x82, 0x10, 0x82, 0x10, 0x82, 0x10, 0x82, 0x10,
    0xa2, 0x10, 0x82, 0x10, 0xa2, 0x10, 0xa2, 0x10, 0xa2, 0x10, 0xa2, 0x10, 0xa2, 0x10, 0x82, 0x10,
    0x82, 0x10, 0x82, 0x10, 0x82, 0x10, 0x82, 0x10, 0x82, 0x10, 0x82, 0x10, 0x82, 0x10, 0x82, 0x10,
    0x82, 0x10, 0x82, 0x10, 0x82, 0x10, 0x82, 0x10, 0x82, 0x10, 0x82, 0x10, 0xa2, 0x10, 0x82, 0x10,
    0x82, 0x10, 0x82, 0x10, 0x82, 0x10, 0x82, 0x10, 0x82, 0x10, 0x82, 0x10, 0x82, 0x10, 0x82, 0x10,
    0x82, 0x10, 0x82, 0x10, 0x82, 0x10, 0x82, 0x10, 0x82, 0x10, 0x82, 0x10, 0x82, 0x10, 0x82, 0x10,
    0x82, 0x10, 0x82, 0x10, 0x82, 0x08, 0x82, 0x10, 0x82, 0x10, 0x82, 0x10, 0x82, 0x10, 0x82, 0x10,
    0x82, 0x10, 0x82, 0x08, 0x82, 0x10, 0x82, 0x10, 0x82, 0x10, 0x82, 0x08, 0x82, 0x08, 0x62, 0x08,
    0x62, 0x08, 0x62, 0x08, 0x62, 0x08, 0x62, 0x08, 0x62, 0x08, 0x62, 0x08, 0x62, 0x08, 0x62, 0x08,
    0x62, 0x08, 0x42, 0x08, 0x62, 0x08, 0x62, 0x08, 0x61, 0x08, 0x61, 0x08, 0x61, 0x08, 0x20, 0x08,
    0x26, 0x19, 0xc3, 0x10, 0x20, 0x08, 0x62, 0x08, 0x61, 0x08, 0x41, 0x08, 0x61, 0x08, 0x05, 0x11,
    0x20, 0x08, 0x62, 0x08, 0x20, 0x08, 0x45, 0x11, 0x82, 0x08, 0x41, 0x08, 0x62, 0x08, 0x61, 0x08,
    0x61, 0x08, 0x61, 0x08, 0x61, 0x08, 0x61, 0x08, 0x20, 0x08, 0x05, 0x11, 0x82, 0x08, 0x41, 0x08,
    0x41, 0x08, 0x41, 0x08, 0x41, 0x08, 0x20, 0x08, 0x67, 0x19, 0x40, 0x08, 0x41, 0x08, 0x61, 0x08,
    0x61, 0x08, 0x61, 0x08, 0x61, 0x08, 0x61, 0x08, 0x61, 0x08, 0x61, 0x08, 0x61, 0x08, 0x61, 0x08,
    0x61, 0x08, 0x61, 0x08, 0x41, 0x08, 0x41, 0x08, 0x41, 0x08, 0x41, 0x08, 0x41, 0x08, 0x41, 0x08,
    0x82, 0x10, 0x82, 0x10, 0x82, 0x10, 0x62, 0x10, 0x62, 0x08, 0x62, 0x08, 0x62, 0x08, 0x62, 0x08,
    0x61, 0x08, 0x62, 0x08, 0x62, 0x08, 0x62, 0x08, 0x62, 0x08, 0x62, 0x08, 0x82, 0x10, 0x62, 0x08,
    0x61, 0x08, 0x61, 0x08, 0x61, 0x08, 0x61, 0x08, 0x62, 0x08, 0x61, 0x08, 0x20, 0x08, 0x41, 0x08,
    0x41, 0x08, 0x41, 0x08, 0x41, 0x08, 0x41, 0x08, 0x41, 0x08, 0x40, 0x08, 0x41, 0x08, 0x20, 0x08,
    0x00, 0x00, 0x61, 0x08, 0x61, 0x08, 0x61, 0x08, 0x62, 0x08, 0x61, 0x08, 0x82, 0x08, 0xa3, 0x10,
    0x61, 0x08, 0x62, 0x08, 0x62, 0x08, 0x62, 0x08, 0x82, 0x08, 0x82, 0x10, 0x62, 0x10, 0x62, 0x10,
    0x82, 0x08, 0x62, 0x08, 0x82, 0x08, 0x82, 0x10, 0x82, 0x10, 0x82, 0x10, 0x82, 0x10, 0x82, 0x10,
    0x82, 0x10, 0x82, 0x10, 0x82, 0x10, 0x82, 0x10, 0x82, 0x10, 0x82, 0x10, 0x82, 0x10, 0x82, 0x08,
    0x82, 0x10, 0x82, 0x10, 0x82, 0x10, 0x82, 0x10, 0x82, 0x10, 0x82, 0x10, 0x82, 0x10, 0x82, 0x10,
    0x82, 0x10, 0x82, 0x10, 0x82, 0x10, 0x82, 0x10, 0x82, 0x10, 0x82, 0x10, 0x82, 0x10, 0x82, 0x10,
    0x82, 0x10, 0x82, 0x10, 0x82, 0x10, 0x82, 0x10, 0x82, 0x10, 0x82, 0x10, 0x82, 0x10, 0x82, 0x10,
    0x82, 0x10, 0x82, 0x10, 0x82, 0x10, 0x82, 0x10, 0x82, 0x10, 0x82, 0x10, 0x82, 0x10, 0x82, 0x10,
    0x82, 0x10, 0x82, 0x10, 0x82, 0x10, 0xa2, 0x10, 0x82, 0x10, 0x82, 0x10, 0x82, 0x10, 0x82, 0x10,
    0x82, 0x10, 0x82, 0x10, 0x82, 0x10, 0x82, 0x10, 0x82, 0x10, 0x82, 0x10, 0xa2, 0x10, 0x82, 0x10,
    0x82, 0x10, 0x82, 0x10, 0x82, 0x10, 0x82, 0x10, 0x82, 0x10, 0x82, 0x10, 0x82, 0x10, 0x82, 0x10,
    0x82, 0x10, 0x82, 0x10, 0xa2, 0x10, 0xa2, 0x10, 0x82, 0x10, 0x82, 0x10, 0x82, 0x10, 0x82, 0x10,
    0x82, 0x10, 0x82, 0x10, 0xa2, 0x10, 0x82, 0x10, 0x82, 0x10, 0x82, 0x10, 0xa2, 0x10, 0xa2, 0x10,
    0xa2, 0x10, 0xa2, 0x10, 0x82, 0x10, 0x82, 0x10, 0xa2, 0x10, 0x82, 0x10, 0xa2, 0x10, 0x82, 0x10,
    0x82, 0x10, 0x82, 0x10, 0x82, 0x10, 0x82, 0x10, 0x82, 0x10, 0x82, 0x10, 0x82, 0x10, 0x82, 0x10,
    0x82, 0x10, 0x82, 0x10, 0x82, 0x10, 0x82, 0x10, 0x82, 0x10, 0x82, 0x10, 0x82, 0x10, 0x82, 0x10,
    0x82, 0x10, 0x82, 0x10, 0x82, 0x10, 0x82, 0x10, 0x82, 0x10, 0x82, 0x10, 0x82, 0x10, 0x82, 0x10,
    0x82, 0x10, 0x82, 0x10, 0x82, 0x10, 0x82, 0x10, 0x82, 0x10, 0x82, 0x10, 0x82, 0x10, 0x82, 0x10,
    0x82, 0x10, 0x82, 0x10, 0x82, 0x10, 0x82, 0x10, 0x82, 0x10, 0x82, 0x10, 0x82, 0x10, 0x81, 0x10,
    0x81, 0x10, 0x82, 0x10, 0x82, 0x10, 0x82, 0x10, 0x82, 0x10, 0x62, 0x08, 0x62, 0x08, 0x62, 0x08,
    0x62, 0x08, 0x61, 0x08, 0x62, 0x08, 0x62, 0x08, 0x62, 0x08, 0x61, 0x08, 0x62, 0x08, 0x62, 0x08,
    0x62, 0x08, 0x62, 0x08, 0x62, 0x08, 0x62, 0x08, 0x62, 0x08, 0x61, 0x08, 0x62, 0x08, 0x61, 0x08,
    0x20, 0x08, 0x25, 0x19, 0xa3, 0x10, 0x20, 0x08, 0x62, 0x08, 0x41, 0x08, 0x61, 0x08, 0x05, 0x11,
    0x20, 0x08, 0x62, 0x08, 0x20, 0x08, 0x45, 0x11, 0x82, 0x10, 0x41, 0x08, 0x61, 0x08, 0x61, 0x08,
    0x61, 0x08, 0x61, 0x08, 0x61, 0x08, 0x61, 0x08, 0x20, 0x08, 0x05, 0x11, 0x82, 0x08, 0x41, 0x08,
    0x41, 0x08, 0x41, 0x08, 0x41, 0x08, 0x20, 0x08, 0x66, 0x19, 0x20, 0x08, 0x41, 0x08, 0x61, 0x08,
    0x61, 0x08, 0x61, 0x08, 0x61, 0x08, 0x61, 0x08, 0x61, 0x08, 0x61, 0x08, 0x61, 0x08, 0x61, 0x08,
    0x61, 0x08, 0x61, 0x08, 0x61, 0x08, 0x41, 0x08, 0x41, 0x08, 0x41, 0x08, 0x41, 0x08, 0x41, 0x08,
    0x82, 0x10, 0x82, 0x10, 0x62, 0x10, 0x62, 0x10, 0x62, 0x08, 0x62, 0x10, 0x82, 0x10, 0x62, 0x08,
    0x62, 0x08, 0x62, 0x08, 0x62, 0x08, 0x62, 0x08, 0x62, 0x08, 0x62, 0x08, 0x82, 0x08, 0x82, 0x10,
    0x81, 0x08, 0x82, 0x08, 0xa2, 0x10, 0x41, 0x08, 0x62, 0x08, 0x61, 0x08, 0x61, 0x08, 0x62, 0x08,
    0x62, 0x08, 0x62, 0x08, 0x82, 0x08, 0x82, 0x08, 0x82, 0x08, 0x82, 0x08, 0x82, 0x08, 0x82, 0x10,
    0x82, 0x10, 0x62, 0x08, 0x62, 0x08, 0x62, 0x08, 0x62, 0x08, 0x62, 0x08, 0x41, 0x08, 0xc3, 0x10,
    0x82, 0x08, 0x62, 0x08, 0x62, 0x08, 0x82, 0x10, 0x82, 0x10, 0x82, 0x10, 0x82, 0x10, 0x62, 0x10,
    0x62, 0x10, 0x62, 0x08, 0x62, 0x08, 0x82, 0x10, 0x82, 0x10, 0x82, 0x10, 0x82, 0x10, 0x82, 0x10,
    0x81, 0x10, 0x82, 0x10, 0x82, 0x10, 0x82, 0x08, 0x82, 0x10, 0x82, 0x10, 0x82, 0x10, 0x82, 0x10,
    0x82, 0x10, 0x82, 0x10, 0x82, 0x10, 0x82, 0x10, 0x82, 0x10, 0x82, 0x10, 0x82, 0x10, 0x82, 0x10,
    0x82, 0x10, 0x82, 0x10, 0x82, 0x10, 0x82, 0x10, 0x82, 0x10, 0x82, 0x10, 0x82, 0x10, 0x82, 0x10,
    0x82, 0x10, 0x82, 0x10, 0x82, 0x10, 0x82, 0x10, 0x82, 0x10, 0x82, 0x10, 0x82, 0x10, 0x82, 0x10,
    0x82, 0x10, 0x82, 0x10, 0x82, 0x10, 0x82, 0x10, 0x82, 0x10, 0x82, 0x10, 0x82, 0x10, 0x82, 0x10,
    0x82, 0x10, 0x82, 0x10, 0x82, 0x10, 0xa2, 0x10, 0x82, 0x10, 0x82, 0x10, 0x82, 0x10, 0x82, 0x10,
    0x82, 0x10, 0xa2, 0x10, 0x82, 0x10, 0xa2, 0x10, 0x82, 0x10, 0x82, 0x10, 0xa2, 0x10, 0x82, 0x10,
    0x82, 0x10, 0x82, 0x10, 0x82, 0x10, 0x82, 0x10, 0x82, 0x10, 0x82, 0x10, 0x82, 0x10, 0x82, 0x10,
    0x82, 0x10, 0x82, 0x10, 0x82, 0x10, 0xa2, 0x10, 0x82, 0x10, 0x82, 0x10, 0x82, 0x10, 0x82, 0x10,
    0x82, 0x10, 0xa2, 0x10, 0x82, 0x10, 0x82, 0x10, 0x82, 0x10, 0x82, 0x10, 0x82, 0x10, 0x82, 0x10,
    0x82, 0x10, 0x82, 0x10, 0x82, 0x10, 0x82, 0x10, 0x82, 0x10, 0x82, 0x10, 0x82, 0x10, 0xa2, 0x10,
    0x82, 0x10, 0x82, 0x10, 0x82, 0x10, 0x82, 0x10, 0x82, 0x10, 0xa2, 0x10, 0x82, 0x10, 0x82, 0x10,
    0x82, 0x10, 0x82, 0x10, 0x82, 0x10, 0x82, 0x10, 0x82, 0x10, 0x82, 0x10, 0x82, 0x10, 0x82, 0x10,
    0x82, 0x10, 0x82, 0x10, 0x82, 0x10, 0x82, 0x10, 0x82, 0x10, 0x82, 0x10, 0x82, 0x10, 0x82, 0x10,
    0x82, 0x10, 0x82, 0x10, 0x82, 0x10, 0x82, 0x10, 0x82, 0x10, 0x82, 0x10, 0x82, 0x10, 0x82, 0x10,
    0x82, 0x10, 0x82, 0x10, 0x82, 0x10, 0x82, 0x08, 0x82, 0x10, 0x82, 0x10, 0x81, 0x10, 0x81, 0x10,
    0x81, 0x10, 0x82, 0x10, 0x82, 0x10, 0x82, 0x08, 0x82, 0x08, 0x62, 0x08, 0x62, 0x08, 0x82, 0x08,
    0x61, 0x08, 0x61, 0x08, 0x61, 0x08, 0x62, 0x08, 0x61, 0x08, 0x61, 0x08, 0x61, 0x08, 0x61, 0x08,
    0x62, 0x08, 0x61, 0x08, 0x62, 0x08, 0x62, 0x08, 0x61, 0x08, 0x61, 0x08, 0x61, 0x08, 0x61, 0x08,
    0x61, 0x08, 0x20, 0x08, 0x25, 0x19, 0xa3, 0x10, 0x41, 0x08, 0x41, 0x08, 0x61, 0x08, 0x25, 0x11,
    0x20, 0x08, 0x62, 0x08, 0x20, 0x08, 0x45, 0x19, 0x82, 0x10, 0x41, 0x08, 0x62, 0x08, 0x61, 0x08,
    0x61, 0x08, 0x61, 0x08, 0x61, 0x08, 0x61, 0x08, 0x20, 0x08, 0x25, 0x11, 0x82, 0x08, 0x41, 0x08,
    0x41, 0x08, 0x41, 0x08, 0x41, 0x08, 0x20, 0x08, 0x46, 0x19, 0x40, 0x08, 0x41, 0x08, 0x61, 0x08,
    0x61, 0x08, 0x61, 0x08, 0x61, 0x08, 0x61, 0x08, 0x61, 0x08, 0x61, 0x08, 0x61, 0x08, 0x61, 0x08,
    0x61, 0x08, 0x61, 0x08, 0x61, 0x08, 0x41, 0x08, 0x41, 0x08, 0x41, 0x08, 0x41, 0x08, 0x41, 0x08,
    0x82, 0x10, 0x82, 0x10, 0x62, 0x10, 0x62, 0x08, 0x62, 0x10, 0x82, 0x10, 0x82, 0x08, 0x82, 0x10,
    0x62, 0x08, 0x62, 0x08, 0x62, 0x08, 0x62, 0x08, 0x62, 0x08, 0x82, 0x08, 0x82, 0x08, 0x82, 0x08,
    0x82, 0x08, 0x61, 0x08, 0x05, 0x11, 0xc3, 0x10, 0x20, 0x08, 0x62, 0x08, 0x61, 0x08, 0x61, 0x08,
    0x62, 0x08, 0x62, 0x08, 0x62, 0x08, 0x62, 0x08, 0x61, 0x08, 0x61, 0x08, 0x62, 0x08, 0x62, 0x08,
    0x62, 0x08, 0x62, 0x08, 0x61, 0x08, 0x62, 0x08, 0x62, 0x08, 0x61, 0x08, 0x41, 0x08, 0xe4, 0x10,
    0x82, 0x10, 0x62, 0x08, 0x62, 0x08, 0x62, 0x08, 0x82, 0x10, 0x82, 0x10, 0x82, 0x10, 0x82, 0x08,
    0x82, 0x10, 0x82, 0x10, 0x82, 0x10, 0x82, 0x10, 0x82, 0x10, 0x82, 0x08, 0x82, 0x10, 0x82, 0x10,
    0x82, 0x10, 0x82, 0x10, 0x82, 0x08, 0x82, 0x10, 0x82, 0x10, 0x82, 0x10, 0x82, 0x10, 0x82, 0x10,
    0x82, 0x10, 0x82, 0x10, 0x82, 0x10, 0x82, 0x10, 0x82, 0x10, 0x82, 0x10, 0x82, 0x10, 0x82, 0x10,
    0x82, 0x10, 0x82, 0x10, 0x82, 0x10, 0x82, 0x10, 0x82, 0x10, 0x82, 0x10, 0x82, 0x10, 0x82, 0x10,
    0x82, 0x10, 0x82, 0x10, 0x82, 0x10, 0x82, 0x10, 0x82, 0x10, 0x82, 0x10, 0x82, 0x10, 0x82, 0x10,
    0x82, 0x10, 0x82, 0x10, 0x82, 0x10, 0x82, 0x10, 0xa2, 0x10, 0x82, 0x10, 0x82, 0x10, 0x82, 0x10,
    0x82, 0x10, 0x82, 0x10, 0x82, 0x10, 0x82, 0x10, 0x82, 0x10, 0x82, 0x10, 0x82, 0x10, 0x82, 0x10,
    0x82, 0x10, 0x82, 0x10, 0x82, 0x10, 0x82, 0x10, 0xa2, 0x10, 0xa2, 0x10, 0xa2, 0x10, 0x82, 0x10,
    0x82, 0x10, 0x82, 0x10, 0x82, 0x10, 0x82, 0x10, 0x82, 0x10, 0x82, 0x10, 0x82, 0x10, 0x82, 0x10,
    0x82, 0x10, 0x82, 0x10, 0x82, 0x10, 0x82, 0x10, 0x82, 0x10, 0x82, 0x10, 0x82, 0x10, 0x82, 0x10,
    0xa2, 0x10, 0xa2, 0x10, 0x82, 0x10, 0x82, 0x10, 0x82, 0x10, 0x82, 0x10, 0x82, 0x10, 0x82, 0x10,
    0x82, 0x10, 0x82, 0x10, 0x82, 0x10, 0x82, 0x10, 0x82, 0x10, 0xa2, 0x10, 0x82, 0x10, 0xa2, 0x10,
    0x82, 0x10, 0x82, 0x10, 0x82, 0x10, 0x82, 0x10, 0x82, 0x10, 0x82, 0x10, 0x82, 0x10, 0x82, 0x10,
    0x82, 0x10, 0x82, 0x10, 0x82, 0x10, 0x82, 0x10, 0x82, 0x10, 0x82, 0x10, 0x82, 0x10, 0x82, 0x10,
    0x82, 0x10, 0x82, 0x10, 0x82, 0x10, 0x82, 0x10, 0x82, 0x10, 0x82, 0x10, 0x82, 0x10, 0x82, 0x10,
    0x82, 0x10, 0x82, 0x10, 0x82, 0x10, 0x82, 0x10, 0x82, 0x10, 0x82, 0x10, 0x82, 0x10, 0x82, 0x10,
    0x82, 0x10, 0x82, 0x10, 0x82, 0x10, 0x82, 0x08, 0x82, 0x10, 0x82, 0x10, 0x82, 0x10, 0x82, 0x10,
    0x81, 0x10, 0x82, 0x10, 0x82, 0x10, 0x82, 0x08, 0x82, 0x08, 0x82, 0x08, 0x81, 0x08, 0x81, 0x10,
    0x61, 0x08, 0x61, 0x08, 0x61, 0x08, 0x61, 0x08, 0x61, 0x08, 0x61, 0x08, 0x61, 0x08, 0x61, 0x08,
    0x61, 0x08, 0x61, 0x08, 0x62, 0x08, 0x61, 0x08, 0x61, 0x08, 0x61, 0x08, 0x61, 0x08, 0x61, 0x08,
    0x61, 0x08, 0x41, 0x08, 0x82, 0x08, 0x05, 0x11, 0x20, 0x08, 0x41, 0x08, 0x61, 0x08, 0x25, 0x11,
    0x20, 0x08, 0x62, 0x08, 0x20, 0x08, 0x45, 0x19, 0x82, 0x10, 0x41, 0x08, 0x62, 0x08, 0x61, 0x08,
    0x61, 0x08, 0x61, 0x08, 0x61, 0x08, 0x61, 0x08, 0x20, 0x08, 0x25, 0x11, 0x82, 0x08, 0x41, 0x08,
    0x41, 0x08, 0x41, 0x08, 0x41, 0x08, 0x20, 0x08, 0x67, 0x19, 0x40, 0x08, 0x41, 0x08, 0x61, 0x08,
    0x61, 0x08, 0x61, 0x08, 0x61, 0x08, 0x41, 0x08, 0x41, 0x08, 0x41, 0x08, 0x41, 0x08, 0x61, 0x08,
    0x61, 0x08, 0x61, 0x08, 0x61, 0x08, 0x61, 0x08, 0x41, 0x08, 0x41, 0x08, 0x41, 0x08, 0x41, 0x08,
    0x82, 0x10, 0x62, 0x10, 0x62, 0x08, 0x62, 0x08, 0x62, 0x08, 0x82, 0x08, 0x82, 0x10, 0x82, 0x10,
    0x62, 0x08, 0x62, 0x08, 0x62, 0x08, 0x62, 0x08, 0x62, 0x08, 0x82, 0x08, 0x82, 0x08, 0x82, 0x08,
    0x82, 0x08, 0x82, 0x08, 0x40, 0x08, 0x05, 0x11, 0xc3, 0x10, 0x20, 0x08, 0x62, 0x08, 0x62, 0x08,
    0x62, 0x08, 0x62, 0x08, 0x62, 0x08, 0x62, 0x08, 0x61, 0x08, 0x61, 0x08, 0x61, 0x08, 0x62, 0x08,
    0x62, 0x08, 0x62, 0x08, 0x62, 0x08, 0x62, 0x08, 0x61, 0x08, 0x41, 0x08, 0xe4, 0x10, 0x82, 0x10,
    0x61, 0x08, 0x82, 0x08, 0x62, 0x08, 0x62, 0x08, 0x82, 0x08, 0x82, 0x10, 0x82, 0x08, 0x82, 0x08,
    0x82, 0x10, 0x82, 0x10, 0x82, 0x10, 0x82, 0x10, 0x82, 0x10, 0x82, 0x10, 0x82, 0x10, 0x82, 0x10,
    0x82, 0x10, 0x82, 0x10, 0x82, 0x10, 0x82, 0x10, 0x82, 0x08, 0x82, 0x10, 0x82, 0x10, 0x82, 0x10,
    0x82, 0x10, 0x82, 0x10, 0x82, 0x10, 0x82, 0x10, 0x82, 0x10, 0x82, 0x10, 0x82, 0x10, 0x82, 0x10,
    0x82, 0x10, 0x82, 0x10, 0x62, 0x10, 0x82, 0x10, 0x82, 0x10, 0x82, 0x10, 0x82, 0x10, 0x82, 0x10,
    0x82, 0x10, 0x82, 0x10, 0x82, 0x10, 0x82, 0x10, 0x82, 0x10, 0x82, 0x10, 0x82, 0x10, 0x82, 0x10,
    0x82, 0x10, 0x82, 0x10, 0x82, 0x10, 0xa2, 0x10, 0x82, 0x10, 0x82, 0x10, 0x82, 0x10, 0x82, 0x10,
    0x82, 0x10, 0x82, 0x10, 0x82, 0x10, 0x82, 0x10, 0x82, 0x10, 0x82, 0x10, 0x82, 0x10, 0x82, 0x10,
    0xa2, 0x10, 0x82, 0x10, 0x82, 0x10, 0x82, 0x10, 0x82, 0x10, 0x82, 0x10, 0x82, 0x10, 0x82, 0x10,
    0x82, 0x10, 0x82, 0x10, 0x82, 0x10, 0x82, 0x10, 0x82, 0x10, 0x82, 0x10, 0x82, 0x10, 0x82, 0x10,
    0x82, 0x10, 0x82, 0x10, 0x82, 0x10, 0x82, 0x10, 0x82, 0x10, 0x82, 0x10, 0x82, 0x10, 0x82, 0x10,
    0x82, 0x10, 0x82, 0x10, 0x82, 0x10, 0x82, 0x10, 0xa2, 0x10, 0xa2, 0x10, 0x82, 0x10, 0x82, 0x10,
    0x82, 0x10, 0x82, 0x10, 0x82, 0x10, 0x82, 0x10, 0x82, 0x10, 0x82, 0x10, 0xa2, 0x10, 0x82, 0x10,
    0x82, 0x10, 0x82, 0x10, 0x82, 0x10, 0x82, 0x10, 0xa2, 0x10, 0x82, 0x10, 0x82, 0x10, 0x82, 0x10,
    0x82, 0x10, 0x82, 0x10, 0x82, 0x10, 0x82, 0x10, 0x82, 0x10, 0x82, 0x10, 0x82, 0x10, 0x82, 0x10,
    0x82, 0x10, 0x82, 0x10, 0x82, 0x10, 0x82, 0x10, 0x82, 0x10, 0x82, 0x10, 0x82, 0x10, 0x82, 0x10,
    0x82, 0x10, 0x82, 0x10, 0x82, 0x10, 0x82, 0x10, 0x82, 0x10, 0x82, 0x10, 0x82, 0x10, 0x82, 0x10,
    0x82, 0x10, 0x82, 0x10, 0x82, 0x10, 0x82, 0x10, 0x82, 0x10, 0x82, 0x10, 0x82, 0x10, 0x82, 0x10,
    0x82, 0x10, 0x82, 0x10, 0x82, 0x10, 0x82, 0x08, 0x82, 0x08, 0x82, 0x08, 0x61, 0x08, 0x81, 0x10,
    0x61, 0x08, 0x61, 0x08, 0x61, 0x08, 0x62, 0x08, 0x62, 0x08, 0x61, 0x08, 0x61, 0x08, 0x61, 0x08,
    0x61, 0x08, 0x61, 0x08, 0x62, 0x08, 0x61, 0x08, 0x61, 0x08, 0x61, 0x08, 0x61, 0x08, 0x61, 0x08,
    0x61, 0x08, 0x41, 0x08, 0x82, 0x10, 0xe4, 0x10, 0x20, 0x08, 0x41, 0x08, 0x82, 0x08, 0x25, 0x11,
    0x20, 0x08, 0x62, 0x08, 0x20, 0x08, 0x25, 0x11, 0x82, 0x08, 0x61, 0x08, 0x62, 0x08, 0x61, 0x08,
    0x61, 0x08, 0x61, 0x08, 0x61, 0x08, 0x61, 0x08, 0x20, 0x08, 0x05, 0x11, 0x82, 0x08, 0x41, 0x08,
    0x41, 0x08, 0x41, 0x08, 0x41, 0x08, 0x20, 0x08, 0x67, 0x19, 0x20, 0x08, 0x41, 0x08, 0x61, 0x08,
    0x61, 0x08, 0x61, 0x08, 0x61, 0x08, 0x41, 0x08, 0x61, 0x08, 0x41, 0x08, 0x41, 0x08, 0x61, 0x08,
    0x61, 0x08, 0x61, 0x08, 0x61, 0x08, 0x61, 0x08, 0x41, 0x08, 0x41, 0x08, 0x41, 0x08, 0x41, 0x08,
    0x82, 0x10, 0x62, 0x10, 0x62, 0x08, 0x62, 0x10, 0x82, 0x10, 0x82, 0x08, 0x81, 0x10, 0x61, 0x08,
    0x61, 0x08, 0x62, 0x08, 0x62, 0x08, 0x62, 0x08, 0x62, 0x08, 0x62, 0x08, 0x62, 0x08, 0x62, 0x08,
    0x62, 0x08, 0x62, 0x08, 0x62, 0x08, 0x20, 0x08, 0x25, 0x11, 0xc3, 0x10, 0x20, 0x08, 0x82, 0x08,
    0x62, 0x08, 0x62, 0x08, 0x62, 0x08, 0x62, 0x08, 0x61, 0x08, 0x61, 0x08, 0x61, 0x08, 0x61, 0x08,
    0x62, 0x08, 0x62, 0x08, 0x62, 0x08, 0x61, 0x08, 0x41, 0x08, 0xe4, 0x10, 0xa3, 0x10, 0x41, 0x08,
    0x82, 0x08, 0x62, 0x08, 0x62, 0x08, 0x62, 0x08, 0x62, 0x08, 0x62, 0x08, 0x62, 0x08, 0x62, 0x08,
    0x62, 0x08, 0x82, 0x10, 0x62, 0x08, 0x62, 0x08, 0x82, 0x10, 0x82, 0x10, 0x82, 0x10, 0x82, 0x10,
    0x82, 0x10, 0x82, 0x10, 0x82, 0x10, 0x82, 0x08, 0x82, 0x08, 0x82, 0x10, 0x82, 0x10, 0x82, 0x10,
    0x82, 0x10, 0x82, 0x10, 0x82, 0x10, 0x82, 0x10, 0x82, 0x10, 0x82, 0x10, 0x62, 0x10, 0x82, 0x10,
    0x82, 0x10, 0x82, 0x10, 0x82, 0x10, 0x82, 0x10, 0x82, 0x10, 0x82, 0x10, 0x82, 0x10, 0x82, 0x10,
    0x82, 0x10, 0x82, 0x10, 0x82, 0x10, 0x82, 0x10, 0x82, 0x10, 0x82, 0x10, 0x82, 0x10, 0x82, 0x10,
    0x82, 0x10, 0x82, 0x10, 0x82, 0x10, 0x82, 0x10, 0x82, 0x10, 0x82, 0x10, 0x82, 0x10, 0x82, 0x10,
    0x82, 0x10, 0x82, 0x10, 0x82, 0x10, 0x82, 0x10, 0x82, 0x10, 0x82, 0x10, 0x82, 0x10, 0x82, 0x10,
    0x82, 0x10, 0x82, 0x10, 0x82, 0x10, 0x82, 0x10, 0x82, 0x10, 0x82, 0x10, 0x82, 0x10, 0x82, 0x10,
    0x82, 0x10, 0x82, 0x10, 0x82, 0x10, 0x82, 0x10, 0x82, 0x10, 0x82, 0x10, 0x82, 0x10, 0x82, 0x10,
    0x82, 0x10, 0x82, 0x10, 0xa2, 0x10, 0xa2, 0x10, 0x82, 0x10, 0x82, 0x10, 0x82, 0x10, 0x82, 0x10,
    0x82, 0x10, 0xa2, 0x10, 0xa2, 0x10, 0xa2, 0x10, 0xa2, 0x10, 0xa2, 0x10, 0x82, 0x10, 0x82, 0x10,
    0x82, 0x10, 0x82, 0x10, 0x82, 0x10, 0x82, 0x10, 0x82, 0x10, 0x82, 0x10, 0x82, 0x10, 0x82, 0x10,
    0x82, 0x10, 0x82, 0x10, 0x82, 0x10, 0x82, 0x10, 0xa2, 0x10, 0xa2, 0x10, 0x82, 0x10, 0x82, 0x10,
    0x82, 0x10, 0x82, 0x10, 0x82, 0x10, 0x82, 0x10, 0x82, 0x10, 0x82, 0x10, 0x82, 0x10, 0x82, 0x10,
    0x82, 0x10, 0x82, 0x10, 0x82, 0x10, 0x82, 0x10, 0x82, 0x10, 0x82, 0x10, 0x82, 0x10, 0x82, 0x10,
    0x82, 0x10, 0x82, 0x10, 0x82, 0x10, 0x82, 0x10, 0x82, 0x10, 0x82, 0x10, 0x82, 0x10, 0x82, 0x10,
    0x82, 0x10, 0x82, 0x10, 0x82, 0x10, 0x82, 0x10, 0x82, 0x10, 0x82, 0x10, 0x82, 0x10, 0x82, 0x10,
    0x82, 0x08, 0x82, 0x10, 0x82, 0x10, 0x82, 0x08, 0x82, 0x08, 0x82, 0x10, 0x82, 0x10, 0x61, 0x08,
    0x61, 0x08, 0x61, 0x08, 0x61, 0x08, 0x61, 0x08, 0x62, 0x08, 0x61, 0x08, 0x61, 0x08, 0x61, 0x08,
    0x61, 0x08, 0x61, 0x08, 0x62, 0x08, 0x62, 0x08, 0x61, 0x08, 0x61, 0x08, 0x61, 0x08, 0x61, 0x08,
    0x61, 0x08, 0x41, 0x08, 0x82, 0x08, 0x04, 0x11, 0x20, 0x08, 0x41, 0x08, 0x82, 0x08, 0x25, 0x19,
    0x20, 0x08, 0x62, 0x08, 0x20, 0x08, 0x25, 0x11, 0x82, 0x08, 0x61, 0x08, 0x61, 0x08, 0x61, 0x08,
    0x61, 0x08, 0x61, 0x08, 0x41, 0x08, 0x61, 0x08, 0x20, 0x08, 0x04, 0x11, 0x82, 0x08, 0x41, 0x08,
    0x41, 0x08, 0x41, 0x08, 0x41, 0x08, 0x20, 0x08, 0x66, 0x19, 0x20, 0x08, 0x41, 0x08, 0x61, 0x08,
    0x61, 0x08, 0x61, 0x08, 0x61, 0x08, 0x61, 0x08, 0x61, 0x08, 0x41, 0x08, 0x41, 0x08, 0x61, 0x08,
    0x61, 0x08, 0x61, 0x08, 0x61, 0x08, 0x61, 0x08, 0x61, 0x08, 0x41, 0x08, 0x61, 0x08, 0x41, 0x08,
    0x82, 0x10, 0x82, 0x10, 0x62, 0x10, 0x82, 0x10, 0x82, 0x08, 0x82, 0x10, 0x82, 0x10, 0x61, 0x08,
    0x61, 0x08, 0x61, 0x08, 0x62, 0x08, 0x62, 0x08, 0x62, 0x08, 0x62, 0x08, 0x62, 0x08, 0x62, 0x08,
    0x62, 0x08, 0x62, 0x08, 0x62, 0x08, 0x62, 0x08, 0x20, 0x08, 0x25, 0x19, 0xc3, 0x10, 0x20, 0x08,
    0x82, 0x08, 0x62, 0x08, 0x61, 0x08, 0x61, 0x08, 0x41, 0x08, 0x41, 0x08, 0x41, 0x08, 0x41, 0x08,
    0x41, 0x08, 0x41, 0x08, 0x41, 0x08, 0x20, 0x08, 0xe4, 0x10, 0xa3, 0x10, 0x41, 0x08, 0x62, 0x08,
    0x62, 0x08, 0x62, 0x08, 0x62, 0x08, 0x62, 0x08, 0x62, 0x08, 0x62, 0x08, 0x62, 0x08, 0x62, 0x08,
    0x61, 0x08, 0x61, 0x08, 0x61, 0x08, 0x61, 0x08, 0x82, 0x10, 0x82, 0x10, 0x62, 0x10, 0x82, 0x10,
    0x62, 0x08, 0x62, 0x08, 0x62, 0x10, 0x82, 0x08, 0x82, 0x08, 0x82, 0x08, 0x82, 0x10, 0x82, 0x08,
    0x62, 0x10, 0x62, 0x10, 0x82, 0x10, 0x82, 0x10, 0x61, 0x08, 0x61, 0x10, 0x61, 0x10, 0x61, 0x10,
    0x82, 0x10, 0x82, 0x10, 0x82, 0x10, 0x82, 0x10, 0x82, 0x10, 0x82, 0x10, 0x82, 0x10, 0x82, 0x10,
    0x82, 0x10, 0x82, 0x10, 0x82, 0x10, 0x82, 0x10, 0x82, 0x10, 0x82, 0x10, 0x82, 0x10, 0xa2, 0x10,
    0xa2, 0x10, 0x82, 0x10, 0x82, 0x10, 0x82, 0x10, 0x81, 0x10, 0x82, 0x10, 0x82, 0x10, 0x82, 0x10,
    0x82, 0x10, 0x82, 0x10, 0x82, 0x10, 0x82, 0x10, 0x82, 0x10, 0x82, 0x10, 0x82, 0x10, 0x82, 0x10,
    0x82, 0x10, 0x82, 0x10, 0x82, 0x10, 0x82, 0x10, 0x82, 0x10, 0x82, 0x10, 0x82, 0x10, 0x82, 0x10,
    0x82, 0x10, 0x82, 0x10, 0x82, 0x10, 0x82, 0x10, 0x82, 0x10, 0x82, 0x10, 0x82, 0x10, 0x82, 0x10,
    0x82, 0x10, 0x82, 0x10, 0x82, 0x10, 0x82, 0x10, 0x82, 0x10, 0x82, 0x10, 0x82, 0x10, 0x82, 0x10,
    0x82, 0x10, 0x82, 0x10, 0x82, 0x10, 0x82, 0x10, 0xa2, 0x10, 0x82, 0x10, 0x82, 0x10, 0x82, 0x10,
    0x82, 0x10, 0x82, 0x10, 0x82, 0x10, 0x82, 0x10, 0x82, 0x10, 0x82, 0x10, 0x82, 0x10, 0x82, 0x10,
    0x82, 0x10, 0x82, 0x10, 0x82, 0x10, 0x82, 0x10, 0xa2, 0x10, 0xa2, 0x10, 0xa2, 0x10, 0x82, 0x10,
    0x82, 0x10, 0x82, 0x10, 0x82, 0x10, 0x82, 0x10, 0x82, 0x10, 0x82, 0x10, 0x82, 0x10, 0x82, 0x10,
    0x82, 0x10, 0x82, 0x10, 0x82, 0x10, 0x82, 0x10, 0x82, 0x10, 0x82, 0x10, 0x82, 0x10, 0x82, 0x10,
    0x82, 0x10, 0x82, 0x10, 0x82, 0x10, 0x82, 0x10, 0x82, 0x10, 0x82, 0x10, 0x82, 0x10, 0x82, 0x10,
    0x82, 0x10, 0x82, 0x10, 0x82, 0x10, 0x82, 0x10, 0x62, 0x10, 0x62, 0x10, 0x62, 0x10, 0x82, 0x08,
    0x82, 0x08, 0x82, 0x10, 0x82, 0x10, 0x82, 0x10, 0x82, 0x10, 0x82, 0x10, 0x82, 0x10, 0x61, 0x08,
    0x61, 0x08, 0x61, 0x08, 0x61, 0x08, 0x62, 0x08, 0x62, 0x08, 0x61, 0x08, 0x41, 0x08, 0x61, 0x08,
    0x61, 0x08, 0x61, 0x08, 0x20, 0x08, 0x41, 0x08, 0x41, 0x08, 0x61, 0x08, 0x61, 0x08, 0x61, 0x08,
    0x61, 0x08, 0x41, 0x08, 0x82, 0x08, 0x04, 0x11, 0x20, 0x08, 0x41, 0x08, 0x82, 0x08, 0x46, 0x19,
    0x20, 0x08, 0x62, 0x08, 0x20, 0x08, 0x45, 0x19, 0x82, 0x08, 0x41, 0x08, 0x61, 0x08, 0x61, 0x08,
    0x61, 0x08, 0x61, 0x08, 0x41, 0x08, 0x61, 0x08, 0x20, 0x08, 0xe4, 0x10, 0x82, 0x08, 0x41, 0x08,
    0x41, 0x08, 0x41, 0x08, 0x41, 0x08, 0x20, 0x08, 0x66, 0x19, 0x20, 0x08, 0x41, 0x08, 0x61, 0x08,
    0x61, 0x08, 0x61, 0x08, 0x61, 0x08, 0x41, 0x08, 0x41, 0x08, 0x41, 0x08, 0x61, 0x08, 0x61, 0x08,
    0x61, 0x08, 0x61, 0x08, 0x61, 0x08, 0x61, 0x08, 0x61, 0x08, 0x41, 0x08, 0x41, 0x08, 0x41, 0x08,
    0x82, 0x10, 0x82, 0x08, 0x82, 0x10, 0x82, 0x10, 0x82, 0x10, 0x82, 0x10, 0x82, 0x10, 0x81, 0x10,
    0x61, 0x08, 0x82, 0x10, 0x82, 0x10, 0x61, 0x08, 0x62, 0x08, 0x62, 0x08, 0x62, 0x08, 0x62, 0x08,
    0x62, 0x08, 0x62, 0x08, 0x62, 0x08, 0x62, 0x08, 0x62, 0x08, 0x20, 0x08, 0x25, 0x19, 0xc3, 0x10,
    0x21, 0x08, 0x62, 0x08, 0x62, 0x08, 0x82, 0x08, 0x82, 0x08, 0xa3, 0x10, 0xa3, 0x10, 0xa3, 0x10,
    0xa3, 0x10, 0xa3, 0x10, 0x82, 0x08, 0x05, 0x11, 0xa3, 0x10, 0x41, 0x08, 0x62, 0x08, 0x62, 0x08,
    0x62, 0x08, 0x62, 0x08, 0x62, 0x08, 0x62, 0x08, 0x61, 0x08, 0x61, 0x08, 0x61, 0x08, 0x61, 0x08,
    0x61, 0x08, 0x61, 0x08, 0x61, 0x08, 0x61, 0x08, 0x82, 0x10, 0x61, 0x08, 0x82, 0x08, 0x62, 0x08,
    0x62, 0x08, 0x62, 0x08, 0x62, 0x08, 0x82, 0x08, 0x82, 0x08, 0x82, 0x10, 0x82, 0x10, 0x82, 0x10,
    0x62, 0x10, 0x62, 0x10, 0x62, 0x10, 0x61, 0x10, 0xa2, 0x10, 0x46, 0x19, 0x05, 0x11, 0xa3, 0x10,
    0x61, 0x10, 0x82, 0x10, 0x82, 0x10, 0x82, 0x10, 0x82, 0x10, 0x82, 0x10, 0x82, 0x10, 0x82, 0x10,
    0x82, 0x10, 0x82, 0x10, 0x82, 0x10, 0x82, 0x10, 0x82, 0x10, 0x82, 0x10, 0x82, 0x10, 0x82, 0x10,
    0xa2, 0x10, 0xa2, 0x10, 0x82, 0x10, 0x82, 0x10, 0x82, 0x10, 0x82, 0x10, 0x82, 0x10, 0x82, 0x10,
    0x82, 0x10, 0x82, 0x10, 0x82, 0x10, 0x82, 0x10, 0x82, 0x10, 0x82, 0x10, 0xa2, 0x10, 0x82, 0x10,
    0x82, 0x10, 0x82, 0x10, 0x82, 0x10, 0x82, 0x10, 0x82, 0x10, 0x82, 0x10, 0x82, 0x10, 0x82, 0x10,
    0x82, 0x10, 0x82, 0x10, 0x82, 0x10, 0x82, 0x10, 0x82, 0x10, 0x82, 0x10, 0x82, 0x10, 0x82, 0x10,
    0x82, 0x10, 0x82, 0x10, 0x82, 0x10, 0x82, 0x10, 0x82, 0x10, 0x82, 0x10, 0x82, 0x10, 0x82, 0x10,
    0x82, 0x10, 0x82, 0x10, 0x82, 0x10, 0x82, 0x10, 0x82, 0x10, 0x82, 0x10, 0x82, 0x10, 0x82, 0x10,
    0x82, 0x10, 0x82, 0x10, 0x82, 0x10, 0x82, 0x10, 0x82, 0x10, 0x82, 0x10, 0x82, 0x10, 0x82, 0x10,
    0x82, 0x10, 0x82, 0x10, 0x82, 0x10, 0x82, 0x10, 0xa2, 0x10, 0xa2, 0x10, 0xa2, 0x10, 0x82, 0x10,
    0x82, 0x10, 0x82, 0x10, 0x82, 0x10, 0x82, 0x10, 0x82, 0x10, 0x82, 0x10, 0x82, 0x10, 0x82, 0x10,
    0x82, 0x10, 0x82, 0x10, 0x82, 0x10, 0x82, 0x10, 0x82, 0x10, 0x82, 0x10, 0x82, 0x10, 0x82, 0x10,
    0x82, 0x10, 0x82, 0x10, 0x82, 0x10, 0x82, 0x10, 0x82, 0x10, 0x82, 0x10, 0x82, 0x10, 0x82, 0x10,
    0x82, 0x10, 0x82, 0x10, 0x82, 0x10, 0x82, 0x10, 0x82, 0x10, 0x82, 0x10, 0x82, 0x08, 0x62, 0x10,
    0x82, 0x10, 0x82, 0x10, 0x82, 0x10, 0x82, 0x10, 0x82, 0x10, 0x82, 0x10, 0x82, 0x10, 0x61, 0x08,
    0x62, 0x08, 0x61, 0x08, 0x20, 0x08, 0x20, 0x08, 0x41, 0x08, 0x62, 0x08, 0x61, 0x08, 0x61, 0x08,
    0x61, 0x08, 0x40, 0x08, 0xc4, 0x10, 0x05, 0x11, 0x82, 0x08, 0x41, 0x08, 0x61, 0x08, 0x61, 0x08,
    0x61, 0x08, 0x41, 0x08, 0xa2, 0x10, 0x04, 0x11, 0x20, 0x08, 0x41, 0x08, 0x82, 0x08, 0x46, 0x19,
    0x20, 0x08, 0x62, 0x08, 0x20, 0x08, 0x45, 0x11, 0x82, 0x08, 0x41, 0x08, 0x61, 0x08, 0x61, 0x08,
    0x61, 0x08, 0x61, 0x08, 0x61, 0x08, 0x61, 0x08, 0x00, 0x00, 0x25, 0x11, 0x62, 0x08, 0x41, 0x08,
    0x41, 0x08, 0x41, 0x08, 0x41, 0x08, 0x20, 0x08, 0x46, 0x19, 0x20, 0x08, 0x41, 0x08, 0x61, 0x08,
    0x61, 0x08, 0x61, 0x08, 0x61, 0x08, 0x41, 0x08, 0x41, 0x08, 0x61, 0x08, 0x61, 0x08, 0x61, 0x08,
    0x61, 0x08, 0x61, 0x08, 0x61, 0x08, 0x61, 0x08, 0x41, 0x08, 0x41, 0x08, 0x41, 0x08, 0x41, 0x08,
    0x82, 0x10, 0x82, 0x08, 0x82, 0x10, 0x82, 0x10, 0x82, 0x10, 0x82, 0x10, 0x62, 0x08, 0x62, 0x08,
    0x62, 0x08, 0x82, 0x10, 0x81, 0x10, 0x81, 0x10, 0x61, 0x08, 0x62, 0x08, 0x62, 0x08, 0x62, 0x08,
    0x62, 0x08, 0x62, 0x08, 0x62, 0x08, 0x62, 0x08, 0x62, 0x08, 0x62, 0x10, 0x20, 0x08, 0x25, 0x19,
    0xe4, 0x10, 0x62, 0x08, 0x83, 0x08, 0x83, 0x08, 0xa3, 0x08, 0xa3, 0x10, 0xa3, 0x10, 0xa3, 0x10,
    0xa3, 0x10, 0xc3, 0x10, 0xc3, 0x10, 0xa2, 0x10, 0x41, 0x08, 0x62, 0x08, 0x62, 0x08, 0x62, 0x08,
    0x62, 0x08, 0x62, 0x08, 0x62, 0x08, 0x61, 0x08, 0x61, 0x08, 0x81, 0x08, 0x61, 0x08, 0x61, 0x08,
    0x61, 0x08, 0x61, 0x08, 0x61, 0x08, 0x61, 0x08, 0x61, 0x08, 0xa3, 0x10, 0xc4, 0x10, 0xa3, 0x10,
    0xa3, 0x10, 0xa3, 0x10, 0xc3, 0x10, 0xc4, 0x10, 0xe4, 0x10, 0x04, 0x19, 0x05, 0x19, 0x04, 0x19,
    0xe4, 0x10, 0xe4, 0x10, 0xe4, 0x10, 0xa3, 0x10, 0x46, 0x19, 0x25, 0x19, 0xa2, 0x10, 0x46, 0x19,
    0x61, 0x08, 0x82, 0x10, 0x82, 0x10, 0x82, 0x10, 0x82, 0x10, 0x82, 0x10, 0x82, 0x10, 0x82, 0x10,
    0x82, 0x10, 0x82, 0x10, 0x82, 0x10, 0x82, 0x10, 0x82, 0x10, 0x82, 0x10, 0x82, 0x10, 0x82, 0x10,
    0xa2, 0x10, 0xa2, 0x10, 0xa2, 0x10, 0xa2, 0x10, 0x82, 0x10, 0x82, 0x10, 0x82, 0x10, 0x82, 0x10,
    0x82, 0x10, 0xa2, 0x10, 0x82, 0x10, 0x82, 0x10, 0x82, 0x10, 0x82, 0x10, 0x82, 0x10, 0x82, 0x10,
    0x82, 0x10, 0x82, 0x10, 0x82, 0x10, 0x82, 0x10, 0x82, 0x10, 0x82, 0x10, 0x82, 0x10, 0x82, 0x10,
    0x82, 0x10, 0x82, 0x10, 0x82, 0x10, 0x82, 0x10, 0x82, 0x10, 0x82, 0x10, 0x82, 0x10, 0x82, 0x10,
    0x82, 0x10, 0x82, 0x10, 0x82, 0x10, 0x82, 0x10, 0x82, 0x10, 0x82, 0x10, 0x82, 0x10, 0x82, 0x10,
    0x82, 0x10, 0x82, 0x10, 0x82, 0x10, 0x82, 0x10, 0x82, 0x10, 0x82, 0x10, 0x82, 0x10, 0x82, 0x10,
    0x82, 0x10, 0x82, 0x10, 0x82, 0x10, 0x82, 0x10, 0x82, 0x10, 0x82, 0x10, 0x82, 0x10, 0x82, 0x10,
    0x82, 0x10, 0x82, 0x10, 0x82, 0x10, 0xa2, 0x10, 0xa2, 0x10, 0xa2, 0x10, 0x82, 0x10, 0x82, 0x10,
    0x82, 0x10, 0xa2, 0x10, 0x82, 0x10, 0x82, 0x10, 0x82, 0x10, 0x82, 0x10, 0x82, 0x10, 0x82, 0x10,
    0x82, 0x10, 0x82, 0x10, 0x82, 0x10, 0x82, 0x10, 0x82, 0x10, 0x82, 0x10, 0x82, 0x10, 0x82, 0x10,
    0x82, 0x10, 0x82, 0x10, 0x82, 0x10, 0x82, 0x10, 0x81, 0x10, 0x81, 0x10, 0x82, 0x10, 0x82, 0x10,
    0x82, 0x10, 0x82, 0x10, 0x82, 0x10, 0x82, 0x10, 0x82, 0x10, 0x82, 0x10, 0x82, 0x10, 0x62, 0x10,
    0x82, 0x10, 0x82, 0x10, 0x82, 0x10, 0x82, 0x10, 0x82, 0x10, 0x82, 0x10, 0x82, 0x10, 0x82, 0x10,
    0x61, 0x08, 0x40, 0x08, 0xe4, 0x10, 0x25, 0x11, 0x82, 0x08, 0x20, 0x08, 0x40, 0x08, 0x40, 0x08,
    0x00, 0x08, 0x82, 0x08, 0x05, 0x11, 0x40, 0x08, 0x04, 0x11, 0x61, 0x08, 0x61, 0x08, 0x61, 0x08,
    0x61, 0x08, 0x41, 0x08, 0xa2, 0x08, 0x05, 0x11, 0x20, 0x08, 0x41, 0x08, 0x82, 0x08, 0x46, 0x19,
    0x20, 0x08, 0x61, 0x08, 0x20, 0x08, 0x45, 0x11, 0x82, 0x08, 0x41, 0x08, 0x61, 0x08, 0x61, 0x08,
    0x61, 0x08, 0x61, 0x08, 0x61, 0x08, 0x00, 0x00, 0xe4, 0x10, 0x05, 0x19, 0x20, 0x00, 0x41, 0x08,
    0x41, 0x08, 0x41, 0x08, 0x41, 0x08, 0x20, 0x08, 0x66, 0x19, 0x20, 0x08, 0x41, 0x08, 0x41, 0x08,
    0x41, 0x08, 0x61, 0x08, 0x61, 0x08, 0x41, 0x08, 0x41, 0x08, 0x41, 0x08, 0x41, 0x08, 0x41, 0x08,
    0x41, 0x08, 0x41, 0x08, 0x61, 0x08, 0x61, 0x08, 0x61, 0x08, 0x61, 0x08, 0x41, 0x08, 0x41, 0x08,
    0x82, 0x10, 0x82, 0x10, 0x82, 0x10, 0x82, 0x10, 0x82, 0x08, 0x62, 0x08, 0x62, 0x08, 0x62, 0x08,
    0x62, 0x08, 0x62, 0x08, 0x81, 0x08, 0x82, 0x08, 0x62, 0x08, 0x62, 0x08, 0x62, 0x08, 0x62, 0x08,
    0x62, 0x08, 0x82, 0x08, 0x62, 0x08, 0x62, 0x08, 0x62, 0x08, 0x62, 0x08, 0x61, 0x08, 0x41, 0x08,
    0xc3, 0x10, 0x82, 0x08, 0x82, 0x08, 0x61, 0x08, 0x41, 0x08, 0x41, 0x08, 0x41, 0x08, 0x41, 0x08,
    0x41, 0x08, 0x41, 0x08, 0x41, 0x08, 0x41, 0x08, 0x62, 0x08, 0x62, 0x08, 0x62, 0x08, 0x62, 0x08,
    0x62, 0x08, 0x62, 0x08, 0x82, 0x08, 0x82, 0x10, 0x81, 0x08, 0x81, 0x08, 0x61, 0x08, 0x61, 0x08,
    0x61, 0x08, 0x61, 0x08, 0x61, 0x08, 0x61, 0x08, 0x61, 0x08, 0x83, 0x08, 0x62, 0x08, 0x61, 0x08,
    0x61, 0x08, 0x61, 0x08, 0x61, 0x08, 0x61, 0x08, 0x61, 0x08, 0x61, 0x08, 0x61, 0x08, 0x61, 0x08,
    0x61, 0x08, 0x61, 0x08, 0x61, 0x08, 0x41, 0x08, 0xa3, 0x10, 0x25, 0x11, 0x05, 0x19, 0x25, 0x19,
    0x61, 0x08, 0x82, 0x10, 0x82, 0x10, 0x82, 0x10, 0x82, 0x10, 0x82, 0x10, 0x82, 0x10, 0x82, 0x10,
    0x82, 0x10, 0x82, 0x10, 0x82, 0x10, 0x82, 0x10, 0x82, 0x10, 0x82, 0x10, 0x82, 0x10, 0x82, 0x10,
    0x82, 0x10, 0xa2, 0x10, 0xa2, 0x10, 0x82, 0x10, 0x82, 0x10, 0x82, 0x10, 0x82, 0x10, 0x82, 0x10,
    0x82, 0x10, 0x82, 0x10, 0x82, 0x10, 0x82, 0x10, 0x82, 0x10, 0x82, 0x10, 0x82, 0x10, 0x82, 0x10,
    0x82, 0x10, 0x82, 0x10, 0xa2, 0x10, 0x82, 0x10, 0x82, 0x10, 0x82, 0x10, 0x82, 0x10, 0x82, 0x10,
    0x82, 0x10, 0x82, 0x10, 0x82, 0x10, 0x82, 0x10, 0x82, 0x10, 0x82, 0x10, 0x82, 0x10, 0x82, 0x10,
    0x82, 0x10, 0x82, 0x10, 0x82, 0x10, 0x82, 0x10, 0x82, 0x10, 0x82, 0x10, 0x82, 0x10, 0x82, 0x10,
    0x82, 0x10, 0x82, 0x10, 0x82, 0x10, 0x82, 0x10, 0x82, 0x10, 0x82, 0x10, 0x82, 0x10, 0x82, 0x10,
    0x82, 0x10, 0x82, 0x10, 0x82, 0x10, 0x82, 0x10, 0xa2, 0x10, 0xa2, 0x10, 0x82, 0x10, 0x82, 0x10,
    0x82, 0x10, 0x82, 0x10, 0x82, 0x10, 0xa2, 0x10, 0xa2, 0x10, 0x82, 0x10, 0x82, 0x10, 0x82, 0x10,
    0x82, 0x10, 0x82, 0x10, 0x82, 0x10, 0x82, 0x10, 0xa2, 0x10, 0x82, 0x10, 0x82, 0x10, 0x82, 0x10,
    0x82, 0x10, 0x82, 0x10, 0x82, 0x10, 0x82, 0x10, 0x82, 0x10, 0x82, 0x10, 0x82, 0x10, 0x82, 0x10,
    0x82, 0x10, 0x82, 0x10, 0x82, 0x10, 0x82, 0x10, 0x81, 0x10, 0x81, 0x10, 0x82, 0x10, 0x82, 0x10,
    0x82, 0x10, 0x82, 0x08, 0x82, 0x10, 0x82, 0x10, 0x82, 0x10, 0x82, 0x10, 0x82, 0x10, 0x62, 0x08,
    0x62, 0x08, 0x62, 0x08, 0x82, 0x08, 0x82, 0x10, 0x82, 0x10, 0x82, 0x10, 0x82, 0x10, 0x82, 0x10,
    0x40, 0x08, 0xe4, 0x10, 0x66, 0x19, 0x82, 0x10, 0x25, 0x11, 0xa3, 0x08, 0xa3, 0x08, 0xc3, 0x08,
    0xa3, 0x08, 0xc4, 0x10, 0xe4, 0x10, 0x61, 0x08, 0xe4, 0x10, 0x61, 0x08, 0x61, 0x08, 0x61, 0x08,
    0x61, 0x08, 0x41, 0x08, 0xa2, 0x08, 0x25, 0x11, 0x20, 0x08, 0x41, 0x08, 0x82, 0x08, 0x45, 0x19,
    0x20, 0x08, 0x62, 0x08, 0x20, 0x08, 0x45, 0x19, 0x82, 0x08, 0x41, 0x08, 0x61, 0x08, 0x61, 0x08,
    0x61, 0x08, 0x61, 0x08, 0x00, 0x00, 0xe4, 0x10, 0x25, 0x19, 0x00, 0x00, 0x41, 0x08, 0x41, 0x08,
    0x41, 0x08, 0x41, 0x08, 0x41, 0x08, 0x20, 0x08, 0x46, 0x19, 0x20, 0x08, 0x41, 0x08, 0x41, 0x08,
    0x41, 0x08, 0x61, 0x08, 0x41, 0x08, 0x61, 0x08, 0x41, 0x08, 0x41, 0x08, 0x41, 0x08, 0x41, 0x08,
    0x41, 0x08, 0x61, 0x08, 0x61, 0x08, 0x61, 0x08, 0x61, 0x08, 0x61, 0x08, 0x61, 0x08, 0x41, 0x08,
    0x82, 0x10, 0x82, 0x10, 0x82, 0x10, 0x82, 0x10, 0x62, 0x08, 0x62, 0x08, 0x62, 0x08, 0x62, 0x08,
    0x62, 0x08, 0x62, 0x08, 0x82, 0x08, 0x62, 0x08, 0x62, 0x08, 0x62, 0x08, 0x61, 0x08, 0x61, 0x08,
    0x62, 0x08, 0x82, 0x10, 0x82, 0x08, 0x62, 0x08, 0x62, 0x08, 0x62, 0x08, 0x62, 0x08, 0x62, 0x08,
    0x41, 0x08, 0x61, 0x08, 0x61, 0x08, 0x62, 0x08, 0x62, 0x08, 0x62, 0x08, 0x62, 0x08, 0x82, 0x08,
    0x82, 0x08, 0x62, 0x08, 0x62, 0x08, 0x62, 0x08, 0x62, 0x08, 0x62, 0x08, 0x62, 0x08, 0x62, 0x08,
    0x62, 0x08, 0x62, 0x08, 0x82, 0x08, 0x81, 0x08, 0x82, 0x08, 0x41, 0x08, 0xc3, 0x10, 0xc3, 0x10,
    0xa3, 0x10, 0xc4, 0x10, 0xc4, 0x10, 0xc4, 0x10, 0xc4, 0x10, 0xc4, 0x10, 0x82, 0x08, 0x82, 0x10,
    0x82, 0x08, 0x82, 0x08, 0x82, 0x08, 0x82, 0x10, 0x82, 0x10, 0x82, 0x10, 0x82, 0x10, 0x82, 0x10,
    0x82, 0x08, 0x82, 0x08, 0x82, 0x08, 0x82, 0x10, 0x61, 0x10, 0xc3, 0x10, 0xe4, 0x10, 0x61, 0x10,
    0x82, 0x10, 0x82, 0x10, 0x82, 0x10, 0x82, 0x10, 0x82, 0x10, 0x82, 0x10, 0x82, 0x10, 0x82, 0x10,
    0x82, 0x10, 0x82, 0x10, 0x82, 0x10, 0x82, 0x10, 0x82, 0x10, 0x82, 0x10, 0x82, 0x10, 0x82, 0x10,
    0x82, 0x10, 0x82, 0x10, 0x82, 0x10, 0x82, 0x10, 0x82, 0x10, 0x82, 0x10, 0x82, 0x10, 0x82, 0x10,
    0x82, 0x10, 0x82, 0x10, 0x82, 0x10, 0x82, 0x10, 0x82, 0x10, 0x82, 0x10, 0x82, 0x10, 0x82, 0x10,
    0x82, 0x10, 0x82, 0x10, 0xa2, 0x10, 0x82, 0x10, 0x82, 0x10, 0xa2, 0x10, 0x82, 0x10, 0x82, 0x10,
    0x82, 0x10, 0x82, 0x10, 0x82, 0x10, 0x82, 0x10, 0x82, 0x10, 0x82, 0x10, 0x82, 0x10, 0x82, 0x10,
    0x82, 0x10, 0x82, 0x10, 0x82, 0x10, 0x82, 0x10, 0x82, 0x10, 0x82, 0x10, 0x82, 0x10, 0x82, 0x10,
    0x82, 0x10, 0x82, 0x10, 0x82, 0x10, 0x82, 0x10, 0x82, 0x10, 0x82, 0x10, 0x82, 0x10, 0x82, 0x10,
    0x82, 0x10, 0x82, 0x10, 0x82, 0x10, 0x82, 0x10, 0x82, 0x10, 0xa2, 0x10, 0xa2, 0x10, 0x82, 0x10,
    0x82, 0x10, 0x82, 0x10, 0x82, 0x10, 0xa2, 0x10, 0xa2, 0x10, 0x82, 0x10, 0x82, 0x10, 0x82, 0x10,
    0x82, 0x10, 0x82, 0x10, 0x82, 0x10, 0x82, 0x10, 0xa2, 0x10, 0xa2, 0x10, 0x82, 0x10, 0x82, 0x10,
    0x82, 0x10, 0x82, 0x10, 0x82, 0x10, 0x82, 0x10, 0x82, 0x10, 0x82, 0x10, 0x82, 0x10, 0x82, 0x10,
    0x82, 0x10, 0x82, 0x10, 0x82, 0x10, 0x82, 0x10, 0x81, 0x10, 0x81, 0x10, 0x82, 0x10, 0x82, 0x10,
    0x82, 0x10, 0x82, 0x10, 0x82, 0x10, 0x81, 0x10, 0x81, 0x10, 0x81, 0x10, 0x82, 0x10, 0x62, 0x08,
    0x62, 0x08, 0x62, 0x08, 0x62, 0x08, 0x82, 0x08, 0x82, 0x08, 0x82, 0x10, 0x82, 0x10, 0x82, 0x10,
    0x40, 0x08, 0xe4, 0x10, 0x04, 0x11, 0x61, 0x10, 0x45, 0x11, 0xc3, 0x08, 0xc3, 0x10, 0xc3, 0x10,
    0xc3, 0x10, 0xa2, 0x10, 0x82, 0x10, 0x25, 0x11, 0xa3, 0x08, 0x20, 0x08, 0x62, 0x08, 0x61, 0x08,
    0x61, 0x08, 0x41, 0x08, 0xa2, 0x08, 0x25, 0x11, 0x20, 0x08, 0x41, 0x08, 0x82, 0x08, 0x45, 0x19,
    0x20, 0x08, 0x62, 0x08, 0x20, 0x08, 0x45, 0x19, 0x82, 0x08, 0x41, 0x08, 0x61, 0x08, 0x61, 0x08,
    0x61, 0x08, 0x00, 0x00, 0xe4, 0x10, 0x46, 0x19, 0x00, 0x00, 0x41, 0x08, 0x41, 0x08, 0x41, 0x08,
    0x41, 0x08, 0x41, 0x08, 0x41, 0x08, 0x20, 0x08, 0x46, 0x19, 0x20, 0x08, 0x41, 0x08, 0x41, 0x08,
    0x41, 0x08, 0x61, 0x08, 0x61, 0x08, 0x61, 0x08, 0x41, 0x08, 0x41, 0x08, 0x41, 0x08, 0x41, 0x08,
    0x61, 0x08, 0x61, 0x08, 0x61, 0x08, 0x61, 0x08, 0x61, 0x08, 0x41, 0x08, 0x41, 0x08, 0x41, 0x08,
    0x82, 0x10, 0x82, 0x10, 0x82, 0x10, 0x82, 0x10, 0x82, 0x08, 0x82, 0x08, 0x62, 0x08, 0x62, 0x08,
    0x62, 0x08, 0x62, 0x08, 0x62, 0x08, 0x62, 0x08, 0x62, 0x08, 0x82, 0x08, 0x82, 0x10, 0x81, 0x10,
    0x81, 0x10, 0x82, 0x08, 0x82, 0x08, 0x62, 0x08, 0x62, 0x08, 0x62, 0x08, 0x62, 0x08, 0x62, 0x08,
    0x62, 0x08, 0x62, 0x08, 0x62, 0x08, 0x62, 0x08, 0x61, 0x08, 0xa3, 0x10, 0x82, 0x08, 0x61, 0x08,
    0x82, 0x08, 0x62, 0x08, 0x62, 0x08, 0x62, 0x08, 0x62, 0x08, 0x62, 0x08, 0x62, 0x08, 0x62, 0x08,
    0x62, 0x08, 0x62, 0x08, 0x82, 0x08, 0x82, 0x10, 0x41, 0x08, 0xa3, 0x10, 0xc3, 0x10, 0x40, 0x08,
    0x41, 0x08, 0x41, 0x08, 0x61, 0x08, 0x61, 0x08, 0x61, 0x08, 0x61, 0x08, 0x82, 0x08, 0x82, 0x08,
    0x82, 0x08, 0x82, 0x08, 0x82, 0x08, 0x82, 0x10, 0x82, 0x10, 0x82, 0x10, 0x82, 0x10, 0x82, 0x10,
    0x82, 0x08, 0x82, 0x10, 0x82, 0x10, 0x82, 0x10, 0x82, 0x10, 0x61, 0x10, 0x61, 0x08, 0x82, 0x10,
    0x82, 0x10, 0x82, 0x10, 0x82, 0x10, 0x82, 0x10, 0x82, 0x10, 0x82, 0x10, 0x82, 0x10, 0x82, 0x10,
    0x82, 0x10, 0x82, 0x10, 0x82, 0x10, 0x82, 0x10, 0x82, 0x10, 0x82, 0x10, 0x82, 0x10, 0x82, 0x10,
    0x82, 0x10, 0x82, 0x10, 0x82, 0x10, 0x82, 0x10, 0x82, 0x10, 0x82, 0x10, 0x82, 0x10, 0x82, 0x10,
    0x82, 0x10, 0x82, 0x10, 0x82, 0x10, 0x82, 0x10, 0x82, 0x10, 0x82, 0x10, 0x82, 0x10, 0x82, 0x10,
    0x82, 0x10, 0x82, 0x10, 0x82, 0x10, 0x82, 0x10, 0x82, 0x10, 0x82, 0x10, 0x82, 0x10, 0x82, 0x10,
    0x82, 0x10, 0x82, 0x10, 0x82, 0x10, 0x82, 0x10, 0xa2, 0x10, 0x82, 0x10, 0x82, 0x10, 0x82, 0x10,
    0x82, 0x10, 0x82, 0x10, 0x82, 0x10, 0x82, 0x10, 0x82, 0x10, 0xa2, 0x10, 0x82, 0x10, 0x82, 0x10,
    0x82, 0x10, 0x82, 0x10, 0x82, 0x10, 0x82, 0x10, 0x82, 0x10, 0x82, 0x10, 0x82, 0x10, 0x82, 0x10,
    0x82, 0x10, 0x82, 0x10, 0x82, 0x10, 0x82, 0x10, 0x82, 0x10, 0x82, 0x10, 0xa2, 0x10, 0x82, 0x10,
    0x82, 0x10, 0x82, 0x10, 0x82, 0x10, 0x82, 0x10, 0x82, 0x10, 0x82, 0x10, 0x82, 0x10, 0x82, 0x10,
    0x82, 0x10, 0x82, 0x10, 0x82, 0x10, 0x82, 0x10, 0x82, 0x10, 0x82, 0x10, 0x82, 0x10, 0x82, 0x10,
    0x82, 0x10, 0x82, 0x10, 0x82, 0x10, 0x82, 0x10, 0x82, 0x10, 0x82, 0x10, 0x82, 0x10, 0x82, 0x10,
    0x82, 0x10, 0x82, 0x10, 0x82, 0x10, 0x82, 0x10, 0x82, 0x10, 0x82, 0x10, 0x82, 0x10, 0x82, 0x10,
    0x82, 0x08, 0x82, 0x10, 0x82, 0x10, 0x81, 0x10, 0x81, 0x10, 0x81, 0x10, 0x82, 0x10, 0x82, 0x08,
    0x62, 0x08, 0x62, 0x08, 0x62, 0x08, 0x82, 0x08, 0x82, 0x08, 0x81, 0x10, 0x82, 0x10, 0x82, 0x10,
    0x61, 0x08, 0x41, 0x08, 0xe4, 0x10, 0x25, 0x11, 0xa2, 0x10, 0x20, 0x08, 0x41, 0x08, 0x41, 0x08,
    0x40, 0x08, 0x41, 0x08, 0x41, 0x08, 0x40, 0x08, 0xe4, 0x10, 0x61, 0x08, 0x41, 0x08, 0x61, 0x08,
    0x61, 0x08, 0x41, 0x08, 0x82, 0x08, 0x25, 0x11, 0x20, 0x08, 0x41, 0x08, 0x82, 0x08, 0x25, 0x19,
    0x20, 0x08, 0x62, 0x08, 0x20, 0x08, 0x45, 0x19, 0x82, 0x08, 0x41, 0x08, 0x61, 0x08, 0x61, 0x08,
    0x20, 0x08, 0xe4, 0x10, 0x46, 0x19, 0x00, 0x00, 0x41, 0x08, 0x41, 0x08, 0x41, 0x08, 0x41, 0x08,
    0x41, 0x08, 0x41, 0x08, 0x41, 0x08, 0x20, 0x08, 0x46, 0x19, 0x20, 0x08, 0x41, 0x08, 0x41, 0x08,
    0x41, 0x08, 0x41, 0x08, 0x41, 0x08, 0x41, 0x08, 0x41, 0x08, 0x41, 0x08, 0x61, 0x08, 0x61, 0x08,
    0x41, 0x08, 0x41, 0x08, 0x61, 0x08, 0x61, 0x08, 0x61, 0x08, 0x41, 0x08, 0x41, 0x08, 0x41, 0x08,
    0x82, 0x10, 0x82, 0x10, 0x82, 0x10, 0x82, 0x08, 0x82, 0x10, 0x82, 0x10, 0x82, 0x08, 0x61, 0x08,
    0x62, 0x08, 0x62, 0x08, 0x62, 0x08, 0x62, 0x08, 0x82, 0x08, 0x82, 0x08, 0x81, 0x10, 0x81, 0x10,
    0x81, 0x10, 0x82, 0x08, 0x82, 0x08, 0x62, 0x08, 0x62, 0x08, 0x62, 0x08, 0x62, 0x08, 0x62, 0x08,
    0x62, 0x08, 0x62, 0x08, 0x62, 0x08, 0x62, 0x08, 0x62, 0x08, 0x61, 0x08, 0xc4, 0x10, 0x62, 0x08,
    0x61, 0x08, 0x62, 0x08, 0x61, 0x08, 0x62, 0x08, 0x62, 0x08, 0x62, 0x08, 0x62, 0x08, 0x62, 0x08,
    0x62, 0x08, 0x61, 0x08, 0x61, 0x08, 0x61, 0x08, 0x62, 0x08, 0xe4, 0x10, 0x41, 0x08, 0x62, 0x08,
    0x62, 0x08, 0x62, 0x08, 0x62, 0x08, 0x82, 0x08, 0x82, 0x08, 0x82, 0x08, 0x82, 0x08, 0x82, 0x08,
    0x82, 0x08, 0x82, 0x08, 0x82, 0x10, 0x82, 0x10, 0x82, 0x10, 0x82, 0x10, 0x82, 0x10, 0x82, 0x10,
    0x82, 0x10, 0x82, 0x10, 0x82, 0x10, 0x82, 0x10, 0x82, 0x10, 0x82, 0x10, 0x82, 0x10, 0x82, 0x10,
    0x82, 0x10, 0x82, 0x10, 0x82, 0x10, 0x82, 0x10, 0x82, 0x10, 0x82, 0x10, 0x82, 0x10, 0x82, 0x10,
    0x82, 0x10, 0x82, 0x10, 0x82, 0x10, 0x82, 0x10, 0x82, 0x10, 0x82, 0x10, 0x82, 0x10, 0x82, 0x10,
    0x82, 0x10, 0x82, 0x10, 0x82, 0x10, 0x82, 0x10, 0x82, 0x10, 0x82, 0x10, 0x82, 0x10, 0x82, 0x10,
    0x82, 0x10, 0x82, 0x10, 0x82, 0x10, 0x82, 0x10, 0x82, 0x10, 0x82, 0x10, 0x82, 0x10, 0x82, 0x10,
    0xa2, 0x10, 0x82, 0x10, 0x82, 0x10, 0x82, 0x10, 0xa2, 0x10, 0x82, 0x10, 0x82, 0x10, 0x82, 0x10,
    0x82, 0x10, 0x82, 0x10, 0x82, 0x10, 0x82, 0x10, 0x82, 0x10, 0x82, 0x10, 0x82, 0x10, 0x82, 0x10,
    0x82, 0x10, 0x82, 0x10, 0x82, 0x10, 0x82, 0x10, 0x82, 0x10, 0x82, 0x10, 0x82, 0x10, 0x82, 0x10,
    0x82, 0x10, 0x82, 0x10, 0x82, 0x10, 0x82, 0x10, 0x82, 0x10, 0x82, 0x10, 0x82, 0x10, 0x82, 0x10,
    0x82, 0x10, 0x82, 0x10, 0x82, 0x10, 0x82, 0x10, 0x82, 0x10, 0x82, 0x10, 0x82, 0x10, 0xa2, 0x10,
    0xa2, 0x10, 0x82, 0x10, 0x82, 0x10, 0x82, 0x10, 0x82, 0x10, 0x82, 0x10, 0x82, 0x10, 0x82, 0x10,
    0x82, 0x10, 0x82, 0x10, 0x82, 0x10, 0x82, 0x10, 0x82, 0x10, 0x82, 0x10, 0x82, 0x10, 0x82, 0x10,
    0x82, 0x10, 0x82, 0x10, 0x82, 0x10, 0x82, 0x10, 0x82, 0x10, 0x82, 0x10, 0x82, 0x10, 0x82, 0x10,
    0x82, 0x10, 0x82, 0x10, 0x82, 0x10, 0x82, 0x10, 0x82, 0x10, 0x82, 0x10, 0x82, 0x10, 0x62, 0x10,
    0x62, 0x10, 0x82, 0x10, 0x82, 0x10, 0x81, 0x10, 0x81, 0x10, 0x81, 0x10, 0x82, 0x10, 0x82, 0x08,
    0x82, 0x08, 0x82, 0x08, 0x62, 0x08, 0x62, 0x08, 0x82, 0x08, 0x82, 0x08, 0x82, 0x08, 0x82, 0x08,
    0x62, 0x08, 0x61, 0x08, 0x41, 0x08, 0x41, 0x08, 0x41, 0x08, 0x62, 0x08, 0x62, 0x08, 0x62, 0x08,
    0x61, 0x08, 0x61, 0x08, 0x61, 0x08, 0x61, 0x08, 0x61, 0x08, 0x05, 0x11, 0x41, 0x08, 0x41, 0x08,
    0x61, 0x08, 0x41, 0x08, 0xa2, 0x08, 0x25, 0x11, 0x20, 0x08, 0x41, 0x08, 0x82, 0x08, 0x45, 0x19,
    0x20, 0x08, 0x62, 0x08, 0x20, 0x08, 0x45, 0x19, 0x82, 0x08, 0x41, 0x08, 0x61, 0x08, 0x41, 0x08,
    0x62, 0x08, 0x46, 0x19, 0x00, 0x00, 0x41, 0x08, 0x41, 0x08, 0x41, 0x08, 0x41, 0x08, 0x41, 0x08,
    0x41, 0x08, 0x61, 0x08, 0x61, 0x08, 0x00, 0x00, 0x26, 0x11, 0x41, 0x08, 0x41, 0x08, 0x41, 0x08,
    0x41, 0x08, 0x41, 0x08, 0x61, 0x08, 0x61, 0x08, 0x41, 0x08, 0x41, 0x08, 0x41, 0x08, 0x41, 0x08,
    0x41, 0x08, 0x41, 0x08, 0x41, 0x08, 0x41, 0x08, 0x61, 0x08, 0x41, 0x08, 0x41, 0x08, 0x41, 0x08,
    0x82, 0x08, 0x82, 0x10, 0x82, 0x10, 0x82, 0x10, 0x81, 0x10, 0x81, 0x10, 0x82, 0x10, 0x82, 0x10,
    0x82, 0x10, 0x82, 0x08, 0x82, 0x08, 0x82, 0x08, 0x82, 0x08, 0x82, 0x10, 0x81, 0x10, 0x81, 0x10,
    0x82, 0x10, 0x82, 0x08, 0x82, 0x08, 0x62, 0x08, 0x82, 0x08, 0x62, 0x08, 0x62, 0x08, 0x62, 0x08,
    0x62, 0x08, 0x62, 0x08, 0x62, 0x08, 0x62, 0x08, 0x62, 0x08, 0x61, 0x08, 0x61, 0x08, 0xe5, 0x10,
    0x61, 0x08, 0xa3, 0x10, 0x82, 0x08, 0x61, 0x08, 0x82, 0x08, 0x62, 0x08, 0x62, 0x08, 0x62, 0x08,
    0x62, 0x08, 0x61, 0x08, 0x61, 0x08, 0x41, 0x08, 0xe4, 0x10, 0x61, 0x08, 0x61, 0x08, 0x62, 0x08,
    0x62, 0x08, 0x82, 0x10, 0x82, 0x10, 0x82, 0x08, 0x82, 0x08, 0x82, 0x08, 0x82, 0x08, 0x82, 0x10,
    0x82, 0x10, 0x82, 0x10, 0x82, 0x10, 0x82, 0x10, 0x82, 0x10, 0x82, 0x10, 0x82, 0x10, 0x82, 0x08,
    0x82, 0x08, 0x82, 0x08, 0x82, 0x08, 0x82, 0x10, 0x82, 0x10, 0x82, 0x10, 0x82, 0x10, 0x82, 0x10,
    0x82, 0x10, 0x82, 0x10, 0x82, 0x10, 0x82, 0x10, 0x82, 0x10, 0x82, 0x10, 0x82, 0x10, 0x82, 0x10,
    0x82, 0x10, 0x82, 0x10, 0x82, 0x10, 0x82, 0x10, 0x82, 0x10, 0x82, 0x10, 0x82, 0x10, 0x82, 0x10,
    0x82, 0x10, 0x82, 0x10, 0x82, 0x10, 0x82, 0x10, 0x82, 0x10, 0x82, 0x10, 0x82, 0x10, 0x82, 0x10,
    0x82, 0x10, 0x82, 0x10, 0x82, 0x10, 0x82, 0x10, 0x82, 0x10, 0xa2, 0x10, 0x82, 0x10, 0x82, 0x10,
    0xa2, 0x10, 0x82, 0x10, 0x82, 0x10, 0x82, 0x10, 0xa2, 0x10, 0x82, 0x10, 0x82, 0x10, 0x82, 0x10,
    0x82, 0x10, 0x82, 0x10, 0x82, 0x10, 0x82, 0x10, 0x82, 0x10, 0x82, 0x10, 0x82, 0x10, 0x82, 0x10,
    0x82, 0x10, 0x82, 0x10, 0x82, 0x10, 0x82, 0x10, 0x82, 0x10, 0x82, 0x10, 0x82, 0x10, 0x82, 0x10,
    0x82, 0x10, 0x82, 0x10, 0x82, 0x10, 0x82, 0x10, 0x82, 0x10, 0x82, 0x10, 0x82, 0x10, 0x82, 0x10,
    0x82, 0x10, 0x82, 0x10, 0x82, 0x10, 0x82, 0x10, 0x82, 0x10, 0x82, 0x10, 0x82, 0x10, 0x82, 0x10,
    0x82, 0x10, 0x82, 0x10, 0x82, 0x10, 0x82, 0x10, 0x82, 0x10, 0x82, 0x10, 0x82, 0x10, 0x82, 0x10,
    0x82, 0x10, 0x82, 0x10, 0x82, 0x10, 0x82, 0x10, 0x82, 0x10, 0x82, 0x10, 0x82, 0x10, 0x82, 0x10,
    0x82, 0x10, 0x82, 0x10, 0x82, 0x10, 0x82, 0x10, 0x82, 0x10, 0x82, 0x10, 0x82, 0x10, 0x82, 0x10,
    0x82, 0x10, 0x82, 0x10, 0x82, 0x10, 0x82, 0x10, 0x82, 0x10, 0x82, 0x10, 0x82, 0x10, 0x62, 0x10,
    0x62, 0x10, 0x82, 0x10, 0x82, 0x10, 0x81, 0x10, 0x81, 0x10, 0x81, 0x10, 0x81, 0x10, 0x82, 0x10,
    0x82, 0x10, 0x82, 0x10, 0x62, 0x08, 0x62, 0x08, 0x62, 0x08, 0x62, 0x08, 0x62, 0x08, 0x62, 0x08,
    0x62, 0x08, 0x62, 0x08, 0x62, 0x08, 0x62, 0x08, 0x62, 0x08, 0x62, 0x08, 0x62, 0x08, 0x62, 0x08,
    0x61, 0x08, 0x61, 0x08, 0x61, 0x08, 0x61, 0x08, 0x41, 0x08, 0x61, 0x08, 0x25, 0x11, 0x61, 0x08,
    0x41, 0x08, 0x41, 0x08, 0xa2, 0x08, 0x25, 0x11, 0x20, 0x08, 0x41, 0x08, 0x82, 0x08, 0x45, 0x19,
    0x20, 0x08, 0x61, 0x08, 0x20, 0x08, 0x25, 0x19, 0x81, 0x08, 0x41, 0x08, 0x61, 0x08, 0x41, 0x08,
    0xa2, 0x08, 0xe4, 0x10, 0x20, 0x08, 0x61, 0x08, 0x41, 0x08, 0x41, 0x08, 0x41, 0x08, 0x41, 0x08,
    0x41, 0x08, 0x61, 0x08, 0x20, 0x08, 0x61, 0x08, 0x46, 0x19, 0x20, 0x08, 0x41, 0x08, 0x41, 0x08,
    0x41, 0x08, 0x61, 0x08, 0x61, 0x08, 0x61, 0x08, 0x61, 0x08, 0x41, 0x08, 0x41, 0x08, 0x41, 0x08,
    0x61, 0x08, 0x61, 0x08, 0x41, 0x08, 0x61, 0x08, 0x61, 0x08, 0x61, 0x08, 0x41, 0x08, 0x41, 0x08,
    0x82, 0x08, 0x82, 0x10, 0x82, 0x10, 0x81, 0x10, 0x81, 0x10, 0x81, 0x10, 0x82, 0x10, 0x82, 0x10,
    0x82, 0x10, 0x82, 0x10, 0x82, 0x10, 0x82, 0x08, 0x82, 0x08, 0x82, 0x10, 0x82, 0x10, 0x82, 0x10,
    0x82, 0x10, 0x82, 0x08, 0x82, 0x08, 0x82, 0x08, 0x82, 0x10, 0x82, 0x10, 0x62, 0x08, 0x62, 0x08,
    0x62, 0x08, 0x62, 0x08, 0x62, 0x08, 0x62, 0x08, 0x61, 0x08, 0x62, 0x08, 0x61, 0x08, 0x62, 0x08,
    0xa3, 0x10, 0x61, 0x08, 0xc4, 0x10, 0x61, 0x08, 0x61, 0x08, 0x62, 0x08, 0x62, 0x08, 0x62, 0x08,
    0x62, 0x08, 0x61, 0x08, 0x41, 0x08, 0xc3, 0x10, 0x82, 0x08, 0x41, 0x08, 0x62, 0x08, 0x62, 0x08,
    0x82, 0x10, 0x82, 0x10, 0x82, 0x10, 0x82, 0x08, 0x82, 0x08, 0x82, 0x08, 0x82, 0x10, 0x82, 0x10,
    0x82, 0x10, 0x82, 0x10, 0x82, 0x10, 0x82, 0x10, 0x82, 0x10, 0x82, 0x08, 0x82, 0x08, 0x82, 0x08,
    0x82, 0x08, 0x82, 0x08, 0x82, 0x08, 0x82, 0x08, 0x82, 0x08, 0x82, 0x10, 0x82, 0x10, 0x82, 0x10,
    0x82, 0x10, 0x82, 0x10, 0x82, 0x10, 0x82, 0x10, 0x82, 0x10, 0x82, 0x10, 0x82, 0x10, 0x82, 0x10,
    0x82, 0x10, 0x82, 0x10, 0x82, 0x10, 0x82, 0x10, 0x82, 0x10, 0x82, 0x10, 0x82, 0x10, 0x82, 0x10,
    0x82, 0x10, 0x82, 0x10, 0x82, 0x10, 0x82, 0x10, 0x82, 0x10, 0x82, 0x10, 0x82, 0x10, 0x82, 0x10,
    0x82, 0x10, 0x82, 0x10, 0x82, 0x10, 0x82, 0x10, 0x82, 0x10, 0x82, 0x10, 0x82, 0x10, 0xa2, 0x10,
    0xa2, 0x10, 0x82, 0x10, 0x82, 0x10, 0x82, 0x10, 0x82, 0x10, 0x82, 0x10, 0x82, 0x10, 0xa2, 0x10,
    0x82, 0x10, 0x82, 0x10, 0x82, 0x10, 0x82, 0x10, 0x82, 0x10, 0x82, 0x10, 0x82, 0x10, 0x82, 0x10,
    0xa2, 0x10, 0xa2, 0x10, 0x82, 0x10, 0x82, 0x10, 0x82, 0x10, 0x82, 0x10, 0x82, 0x10, 0x82, 0x10,
    0x82, 0x10, 0x82, 0x10, 0x82, 0x10, 0xa2, 0x10, 0x82, 0x10, 0x82, 0x10, 0x82, 0x10, 0x82, 0x10,
    0x82, 0x10, 0x82, 0x10, 0x82, 0x10, 0x82, 0x10, 0x82, 0x10, 0x82, 0x10, 0xa2, 0x10, 0x82, 0x10,
    0x82, 0x10, 0x82, 0x10, 0x82, 0x10, 0x82, 0x10, 0x82, 0x10, 0x82, 0x10, 0x82, 0x10, 0x82, 0x10,
    0x82, 0x10, 0x82, 0x10, 0x82, 0x10, 0x82, 0x10, 0x82, 0x10, 0x82, 0x10, 0x82, 0x10, 0x82, 0x10,
    0x82, 0x10, 0x82, 0x10, 0x82, 0x10, 0x82, 0x10, 0x82, 0x10, 0x82, 0x10, 0x82, 0x10, 0x82, 0x10,
    0x82, 0x10, 0x82, 0x10, 0x82, 0x10, 0x82, 0x10, 0x82, 0x10, 0x82, 0x10, 0x82, 0x10, 0x62, 0x10,
    0x62, 0x10, 0x82, 0x10, 0x82, 0x10, 0x82, 0x10, 0x81, 0x10, 0x81, 0x10, 0x82, 0x10, 0x82, 0x10,
    0x82, 0x10, 0x82, 0x08, 0x62, 0x08, 0x62, 0x08, 0x62, 0x08, 0x62, 0x08, 0x62, 0x08, 0x62, 0x08,
    0x62, 0x08, 0x62, 0x08, 0x62, 0x08, 0x62, 0x08, 0x62, 0x08, 0x62, 0x08, 0x62, 0x08, 0x62, 0x08,
    0x62, 0x08, 0x62, 0x08, 0x61, 0x08, 0x61, 0x08, 0x82, 0x08, 0x20, 0x08, 0xe4, 0x10, 0xc3, 0x10,
    0x20, 0x08, 0x41, 0x08, 0xa2, 0x08, 0x25, 0x11, 0x20, 0x08, 0x41, 0x08, 0x82, 0x08, 0x45, 0x19,
    0x20, 0x08, 0x61, 0x08, 0x20, 0x08, 0x25, 0x11, 0x62, 0x08, 0x41, 0x08, 0x61, 0x08, 0x41, 0x08,
    0x82, 0x10, 0x04, 0x11, 0x20, 0x08, 0x61, 0x08, 0x41, 0x08, 0x41, 0x08, 0x41, 0x08, 0x41, 0x08,
    0x61, 0x08, 0x20, 0x08, 0x41, 0x08, 0x66, 0x19, 0x41, 0x08, 0x41, 0x08, 0x41, 0x08, 0x41, 0x08,
    0x41, 0x08, 0x41, 0x08, 0x61, 0x08, 0x41, 0x08, 0x61, 0x08, 0x41, 0x08, 0x41, 0x08, 0x41, 0x08,
    0x61, 0x08, 0x61, 0x08, 0x61, 0x08, 0x61, 0x08, 0x61, 0x08, 0x61, 0x08, 0x41, 0x08, 0x41, 0x08,
    0x62, 0x08, 0x62, 0x08, 0x82, 0x08, 0x82, 0x08, 0x82, 0x10, 0x82, 0x10, 0x82, 0x10, 0x82, 0x10,
    0x82, 0x10, 0x82, 0x08, 0x82, 0x08, 0x82, 0x10, 0x82, 0x10, 0x82, 0x10, 0x82, 0x10, 0x82, 0x08,
    0x82, 0x08, 0x82, 0x08, 0x82, 0x08, 0x82, 0x10, 0x82, 0x10, 0x82, 0x10, 0x62, 0x08, 0x62, 0x08,
    0x62, 0x08, 0x62, 0x08, 0x61, 0x08, 0x81, 0x08, 0x61, 0x08, 0x61, 0x08, 0x61, 0x08, 0x61, 0x08,
    0x61, 0x08, 0x61, 0x08, 0x62, 0x08, 0xc4, 0x10, 0x61, 0x08, 0x62, 0x08, 0x62, 0x08, 0x62, 0x08,
    0x61, 0x08, 0x61, 0x08, 0x25, 0x19, 0x25, 0x11, 0xc3, 0x10, 0x41, 0x08, 0x62, 0x08, 0x82, 0x08,
    0x82, 0x08, 0x82, 0x10, 0x82, 0x10, 0x82, 0x08, 0x82, 0x08, 0x82, 0x10, 0x82, 0x10, 0x82, 0x10,
    0x82, 0x10, 0x82, 0x10, 0x82, 0x10, 0x82, 0x10, 0x82, 0x10, 0x82, 0x08, 0x82, 0x08, 0x82, 0x08,
    0x82, 0x08, 0x82, 0x08, 0x82, 0x08, 0x82, 0x10, 0x82, 0x08, 0x82, 0x10, 0x82, 0x10, 0x82, 0x08,
    0x82, 0x10, 0x82, 0x10, 0x82, 0x10, 0x82, 0x10, 0x82, 0x10, 0x82, 0x10, 0x82, 0x10, 0x82, 0x10,
    0x82, 0x10, 0x82, 0x10, 0x82, 0x10, 0x82, 0x10, 0x82, 0x10, 0x82, 0x10, 0x82, 0x10, 0x82, 0x10,
    0x82, 0x10, 0x82, 0x10, 0x82, 0x10, 0x82, 0x10, 0x82, 0x10, 0xa2, 0x10, 0x82, 0x10, 0x82, 0x10,
    0x82, 0x10, 0x82, 0x10, 0x82, 0x10, 0x82, 0x10, 0x82, 0x10, 0x82, 0x10, 0x82, 0x10, 0x82, 0x10,
    0x82, 0x10, 0x82, 0x10, 0x82, 0x10, 0x82, 0x10, 0xa2, 0x10, 0x82, 0x10, 0x82, 0x10, 0x82, 0x10,
    0x82, 0x10, 0x82, 0x10, 0x82, 0x10, 0x82, 0x10, 0x82, 0x10, 0x82, 0x10, 0x82, 0x10, 0x82, 0x10,
    0x82, 0x10, 0x82, 0x10, 0x82, 0x10, 0x82, 0x10, 0x82, 0x10, 0x82, 0x10, 0x82, 0x10, 0x82, 0x10,
    0x82, 0x10, 0xa2, 0x10, 0x82, 0x10, 0x82, 0x10, 0xa2, 0x10, 0x82, 0x10, 0x82, 0x10, 0x82, 0x10,
    0x82, 0x10, 0x82, 0x10, 0x82, 0x10, 0x82, 0x10, 0x82, 0x10, 0xa2, 0x10, 0xa2, 0x10, 0x82, 0x10,
    0x82, 0x10, 0x82, 0x10, 0x82, 0x10, 0x82, 0x10, 0x82, 0x10, 0x82, 0x10, 0x82, 0x10, 0x82, 0x10,
    0x82, 0x10, 0x82, 0x10, 0x82, 0x10, 0x82, 0x10, 0x82, 0x10, 0x82, 0x10, 0x82, 0x10, 0x82, 0x10,
    0x82, 0x10, 0x82, 0x10, 0x82, 0x10, 0x82, 0x10, 0x82, 0x10, 0x82, 0x10, 0x82, 0x10, 0x82, 0x10,
    0x82, 0x10, 0x82, 0x10, 0x82, 0x10, 0x82, 0x10, 0x82, 0x10, 0x82, 0x10, 0x82, 0x10, 0x62, 0x10,
    0x62, 0x10, 0x82, 0x10, 0x82, 0x10, 0x82, 0x10, 0x82, 0x10, 0x82, 0x10, 0x82, 0x10, 0x82, 0x08,
    0x82, 0x08, 0x82, 0x08, 0x62, 0x08, 0x62, 0x08, 0x62, 0x08, 0x62, 0x08, 0x62, 0x08, 0x62, 0x08,
    0x62, 0x08, 0x62, 0x08, 0x62, 0x08, 0x62, 0x08, 0x62, 0x08, 0x62, 0x08, 0x62, 0x08, 0x62, 0x08,
    0x62, 0x08, 0x62, 0x08, 0x62, 0x08, 0x61, 0x08, 0x62, 0x08, 0x20, 0x08, 0xe4, 0x10, 0xc3, 0x10,
    0x20, 0x08, 0x41, 0x08, 0xa2, 0x08, 0x05, 0x11, 0x20, 0x08, 0x41, 0x08, 0x82, 0x08, 0x25, 0x19,
    0x20, 0x08, 0x62, 0x08, 0x20, 0x08, 0x25, 0x11, 0x62, 0x08, 0x41, 0x08, 0x61, 0x08, 0x41, 0x08,
    0xa2, 0x10, 0x04, 0x11, 0x20, 0x08, 0x61, 0x08, 0x41, 0x08, 0x41, 0x08, 0x41, 0x08, 0x61, 0x08,
    0x41, 0x08, 0x41, 0x08, 0x46, 0x19, 0x41, 0x08, 0x21, 0x00, 0x61, 0x08, 0x41, 0x08, 0x41, 0x08,
    0x41, 0x08, 0x41, 0x08, 0x41, 0x08, 0x41, 0x08, 0x41, 0x08, 0x41, 0x08, 0x41, 0x08, 0x41, 0x08,
    0x61, 0x08, 0x61, 0x08, 0x61, 0x08, 0x61, 0x08, 0x41, 0x08, 0x41, 0x08, 0x41, 0x08, 0x41, 0x08,
    0x62, 0x08, 0x62, 0x08, 0x62, 0x08, 0x82, 0x08, 0x82, 0x08, 0x82, 0x08, 0x82, 0x08, 0x82, 0x08,
    0x82, 0x08, 0x82, 0x08, 0x82, 0x08, 0x82, 0x08, 0x82, 0x10, 0x82, 0x10, 0x82, 0x08, 0x82, 0x10,
    0x82, 0x08, 0x62, 0x08, 0x62, 0x08, 0x62, 0x08, 0x62, 0x08, 0x62, 0x08, 0x62, 0x08, 0x62, 0x08,
    0x62, 0x08, 0x62, 0x08, 0x62, 0x08, 0x81, 0x08, 0x61, 0x08, 0x61, 0x08, 0x61, 0x08, 0x61, 0x08,
    0x62, 0x08, 0x62, 0x08, 0x61, 0x08, 0x82, 0x08, 0x82, 0x08, 0x61, 0x08, 0x61, 0x08, 0x81, 0x08,
    0x61, 0x08, 0x82, 0x10, 0x25, 0x11, 0xc2, 0x10, 0x25, 0x19, 0x61, 0x08, 0x61, 0x08, 0x82, 0x08,
    0x82, 0x08, 0x82, 0x08, 0x82, 0x10, 0x82, 0x08, 0x82, 0x10, 0x82, 0x10, 0x82, 0x10, 0x82, 0x10,
    0x82, 0x10, 0x82, 0x10, 0x82, 0x10, 0x82, 0x10, 0x82, 0x10, 0x82, 0x10, 0x82, 0x08, 0x82, 0x08,
    0x82, 0x08, 0x82, 0x10, 0x82, 0x10, 0x82, 0x10, 0x82, 0x10, 0x82, 0x10, 0x82, 0x10, 0x82, 0x10,
    0x82, 0x10, 0x82, 0x10, 0x82, 0x10, 0x82, 0x10, 0x82, 0x10, 0x82, 0x10, 0x82, 0x10, 0x82, 0x10,
    0x82, 0x10, 0x82, 0x10, 0xa2, 0x10, 0xa2, 0x10, 0x82, 0x10, 0x82, 0x10, 0x82, 0x10, 0xa2, 0x10,
    0x82, 0x10, 0xa2, 0x10, 0x82, 0x10, 0x82, 0x10, 0x82, 0x10, 0x82, 0x10, 0x82, 0x10, 0x82, 0x10,
    0x82, 0x10, 0x82, 0x10, 0x82, 0x10, 0x82, 0x10, 0x82, 0x10, 0xa2, 0x10, 0x82, 0x10, 0x82, 0x10,
    0x82, 0x10, 0x82, 0x10, 0x82, 0x10, 0xa2, 0x10, 0xa2, 0x10, 0x82, 0x10, 0x82, 0x10, 0x82, 0x10,
    0x82, 0x10, 0x82, 0x10, 0x82, 0x10, 0x82, 0x10, 0x82, 0x10, 0x82, 0x10, 0x82, 0x10, 0x82, 0x10,
    0x82, 0x10, 0x82, 0x10, 0x82, 0x10, 0x82, 0x10, 0x82, 0x10, 0x82, 0x10, 0x82, 0x10, 0x82, 0x10,
    0xa2, 0x10, 0x82, 0x10, 0x82, 0x10, 0x82, 0x10, 0x82, 0x10, 0x82, 0x10, 0x82, 0x10, 0x82, 0x10,
    0x82, 0x10, 0x82, 0x10, 0x82, 0x10, 0x82, 0x10, 0xa2, 0x10, 0xa2, 0x10, 0xa2, 0x10, 0x82, 0x10,
    0x82, 0x10, 0x82, 0x10, 0x82, 0x10, 0xa2, 0x10, 0x82, 0x10, 0x82, 0x10, 0x82, 0x10, 0x82, 0x10,
    0x82, 0x10, 0x82, 0x10, 0x82, 0x10, 0x82, 0x10, 0x82, 0x10, 0x82, 0x10, 0x82, 0x10, 0x82, 0x10,
    0x82, 0x10, 0x82, 0x10, 0x82, 0x10, 0x82, 0x10, 0x82, 0x10, 0x82, 0x10, 0x82, 0x10, 0x82, 0x10,
    0x82, 0x10, 0x82, 0x10, 0x81, 0x10, 0x82, 0x10, 0x82, 0x10, 0x82, 0x10, 0x82, 0x10, 0x82, 0x10,
    0x82, 0x10, 0x82, 0x10, 0x82, 0x10, 0x82, 0x10, 0x82, 0x10, 0x82, 0x08, 0x82, 0x08, 0x82, 0x08,
    0x62, 0x08, 0x62, 0x08, 0x62, 0x08, 0x62, 0x08, 0x62, 0x08, 0x62, 0x08, 0x62, 0x08, 0x62, 0x08,
    0x62, 0x08, 0x62, 0x08, 0x62, 0x08, 0x62, 0x08, 0x62, 0x08, 0x62, 0x08, 0x62, 0x08, 0x62, 0x08,
    0x62, 0x08, 0x62, 0x08, 0x62, 0x08, 0x61, 0x08, 0x62, 0x08, 0x20, 0x08, 0xe4, 0x10, 0xc3, 0x10,
    0x20, 0x08, 0x41, 0x08, 0xa2, 0x08, 0x25, 0x11, 0x20, 0x08, 0x41, 0x08, 0x82, 0x08, 0x45, 0x19,
    0x20, 0x08, 0x62, 0x08, 0x20, 0x08, 0x25, 0x19, 0x61, 0x08, 0x41, 0x08, 0x61, 0x08, 0x41, 0x08,
    0xa2, 0x10, 0x04, 0x11, 0x20, 0x08, 0x61, 0x08, 0x41, 0x08, 0x41, 0x08, 0x61, 0x08, 0x41, 0x08,
    0x41, 0x08, 0x46, 0x19, 0x41, 0x08, 0x21, 0x00, 0x61, 0x08, 0x41, 0x08, 0x41, 0x08, 0x41, 0x08,
    0x41, 0x08, 0x61, 0x08, 0x61, 0x08, 0x41, 0x08, 0x41, 0x08, 0x41, 0x08, 0x41, 0x08, 0x41, 0x08,
    0x61, 0x08, 0x61, 0x08, 0x61, 0x08, 0x61, 0x08, 0x41, 0x08, 0x41, 0x08, 0x41, 0x08, 0x41, 0x08,
    0x62, 0x08, 0x82, 0x08, 0x62, 0x08, 0x82, 0x10, 0x82, 0x08, 0x82, 0x08, 0x62, 0x08, 0x62, 0x08,
    0x82, 0x08, 0x82, 0x08, 0x82, 0x08, 0x82, 0x10, 0x82, 0x08, 0x62, 0x08, 0x62, 0x08, 0x62, 0x08,
    0x82, 0x08, 0x62, 0x08, 0x62, 0x08, 0x62, 0x08, 0x62, 0x08, 0x62, 0x08, 0x62, 0x08, 0x62, 0x08,
    0x62, 0x08, 0x62, 0x08, 0x61, 0x08, 0x81, 0x08, 0x61, 0x08, 0x61, 0x08, 0x62, 0x08, 0x61, 0x08,
    0x61, 0x08, 0x62, 0x08, 0x62, 0x08, 0x61, 0x08, 0x61, 0x08, 0x61, 0x08, 0x61, 0x08, 0x62, 0x08,
    0x41, 0x08, 0x61, 0x08, 0x05, 0x11, 0x25, 0x11, 0xe4, 0x10, 0x41, 0x08, 0x82, 0x10, 0x82, 0x10,
    0x82, 0x08, 0x82, 0x10, 0x82, 0x08, 0x82, 0x10, 0x82, 0x10, 0x82, 0x10, 0x82, 0x10, 0x82, 0x10,
    0x82, 0x10, 0x82, 0x10, 0x82, 0x10, 0x82, 0x10, 0x82, 0x10, 0x82, 0x10, 0x82, 0x10, 0x82, 0x10,
    0x82, 0x10, 0x82, 0x08, 0x82, 0x10, 0x82, 0x08, 0x62, 0x10, 0x62, 0x10, 0x82, 0x10, 0x62, 0x10,
    0x82, 0x10, 0x82, 0x10, 0x82, 0x10, 0x82, 0x10, 0x82, 0x10, 0x82, 0x10, 0x82, 0x10, 0x82, 0x10,
    0x82, 0x10, 0x82, 0x10, 0x82, 0x10, 0x82, 0x10, 0x82, 0x10, 0x82, 0x10, 0x82, 0x10, 0xa2, 0x10,
    0x82, 0x10, 0xa2, 0x10, 0xa2, 0x10, 0x82, 0x10, 0x82, 0x10, 0x82, 0x10, 0x82, 0x10, 0x82, 0x10,
    0x82, 0x10, 0x82, 0x10, 0x82, 0x10, 0x82, 0x10, 0x82, 0x10, 0x82, 0x10, 0x82, 0x10, 0x82, 0x10,
    0x82, 0x10, 0x82, 0x10, 0x82, 0x10, 0x82, 0x10, 0x82, 0x10, 0x82, 0x10, 0x82, 0x10, 0x82, 0x10,
    0x62, 0x10, 0x82, 0x10, 0x82, 0x10, 0x82, 0x10, 0x82, 0x10, 0x82, 0x10, 0x82, 0x10, 0x82, 0x10,
    0x82, 0x10, 0x82, 0x10, 0x82, 0x10, 0x82, 0x10, 0x82, 0x10, 0x82, 0x10, 0x82, 0x10, 0x82, 0x10,
    0x82, 0x10, 0x82, 0x10, 0x82, 0x10, 0x82, 0x10, 0x82, 0x10, 0x82, 0x10, 0x82, 0x10, 0x82, 0x10,
    0x82, 0x10, 0x82, 0x10, 0x82, 0x10, 0x82, 0x10, 0x82, 0x10, 0x82, 0x10, 0x82, 0x10, 0xa2, 0x10,
    0x82, 0x10, 0x82, 0x10, 0x82, 0x10, 0x82, 0x10, 0x82, 0x10, 0x82, 0x10, 0x82, 0x10, 0x82, 0x10,
    0x82, 0x10, 0x82, 0x10, 0x82, 0x10, 0x82, 0x10, 0x82, 0x10, 0x82, 0x10, 0x82, 0x10, 0x82, 0x10,
    0x82, 0x10, 0x82, 0x10, 0x82, 0x10, 0x82, 0x10, 0x82, 0x10, 0x82, 0x10, 0x82, 0x10, 0x82, 0x10,
    0x82, 0x10, 0x82, 0x10, 0x81, 0x10, 0x82, 0x10, 0x82, 0x10, 0x82, 0x10, 0x82, 0x10, 0x82, 0x10,
    0x82, 0x10, 0x82, 0x10, 0x82, 0x10, 0x82, 0x10, 0x82, 0x10, 0x82, 0x10, 0x62, 0x10, 0x62, 0x08,
    0x62, 0x08, 0x62, 0x08, 0x62, 0x08, 0x62, 0x08, 0x62, 0x08, 0x62, 0x08, 0x62, 0x08, 0x62, 0x08,
    0x62, 0x08, 0x62, 0x08, 0x62, 0x08, 0x62, 0x08, 0x62, 0x08, 0x62, 0x08, 0x62, 0x08, 0x62, 0x08,
    0x61, 0x08, 0x62, 0x08, 0x61, 0x08, 0x61, 0x08, 0x62, 0x08, 0x20, 0x08, 0xe4, 0x10, 0xc3, 0x10,
    0x20, 0x08, 0x41, 0x08, 0xa2, 0x10, 0x25, 0x19, 0x20, 0x08, 0x41, 0x08, 0x82, 0x08, 0x45, 0x19,
    0x20, 0x08, 0x61, 0x08, 0x20, 0x08, 0x25, 0x19, 0x62, 0x08, 0x41, 0x08, 0x61, 0x08, 0x41, 0x08,
    0xa2, 0x10, 0x04, 0x11, 0x20, 0x08, 0x61, 0x08, 0x41, 0x08, 0x61, 0x08, 0x21, 0x08, 0x41, 0x08,
    0x46, 0x19, 0x61, 0x08, 0x20, 0x08, 0x61, 0x08, 0x41, 0x08, 0x41, 0x08, 0x41, 0x08, 0x41, 0x08,
    0x41, 0x08, 0x41, 0x08, 0x41, 0x08, 0x41, 0x08, 0x41, 0x08, 0x41, 0x08, 0x41, 0x08, 0x41, 0x08,
    0x41, 0x08, 0x61, 0x08, 0x41, 0x08, 0x41, 0x08, 0x41, 0x08, 0x41, 0x08, 0x41, 0x08, 0x41, 0x08,
    0x61, 0x08, 0x82, 0x08, 0x82, 0x10, 0x82, 0x10, 0x82, 0x10, 0x82, 0x10, 0x62, 0x10, 0x62, 0x08,
    0x82, 0x08, 0x82, 0x10, 0x82, 0x10, 0x81, 0x10, 0x61, 0x08, 0x62, 0x08, 0x62, 0x08, 0x62, 0x08,
    0x62, 0x08, 0x62, 0x08, 0x62, 0x08, 0x62, 0x08, 0x62, 0x08, 0x62, 0x08, 0x62, 0x08, 0x62, 0x08,
    0x62, 0x08, 0x61, 0x08, 0x61, 0x08, 0x61, 0x08, 0x61, 0x08, 0x62, 0x08, 0x62, 0x08, 0x62, 0x08,
    0x62, 0x08, 0x62, 0x08, 0x62, 0x08, 0x62, 0x08, 0x62, 0x08, 0x62, 0x08, 0x62, 0x08, 0x41, 0x08,
    0x82, 0x08, 0xc3, 0x10, 0x41, 0x08, 0x82, 0x08, 0x61, 0x08, 0x61, 0x10, 0x82, 0x10, 0x82, 0x10,
    0x82, 0x10, 0x82, 0x10, 0x82, 0x08, 0x82, 0x10, 0x82, 0x10, 0x82, 0x10, 0x82, 0x10, 0x82, 0x10,
    0x82, 0x10, 0x82, 0x10, 0x62, 0x10, 0x82, 0x10, 0x82, 0x10, 0x82, 0x10, 0x82, 0x10, 0x82, 0x10,
    0x82, 0x10, 0x82, 0x08, 0x82, 0x10, 0x82, 0x10, 0x82, 0x10, 0x82, 0x10, 0x82, 0x10, 0x82, 0x10,
    0x82, 0x10, 0x82, 0x10, 0x82, 0x10, 0x82, 0x10, 0x82, 0x10, 0x82, 0x10, 0x82, 0x10, 0x82, 0x10,
    0x82, 0x10, 0x82, 0x10, 0x82, 0x10, 0x82, 0x10, 0x82, 0x10, 0x82, 0x10, 0x82, 0x10, 0x82, 0x10,
    0xa2, 0x10, 0xa2, 0x10, 0xa2, 0x10, 0x82, 0x10, 0x82, 0x10, 0x82, 0x10, 0x82, 0x10, 0x82, 0x10,
    0x82, 0x10, 0x82, 0x10, 0x82, 0x10, 0x82, 0x10, 0x82, 0x10, 0x82, 0x10, 0x82, 0x10, 0x82, 0x10,
    0x82, 0x10, 0x82, 0x10, 0x82, 0x10, 0x82, 0x10, 0x82, 0x10, 0x82, 0x10, 0x82, 0x10, 0x82, 0x10,
    0x82, 0x08, 0x62, 0x10, 0x62, 0x10, 0x82, 0x10, 0x82, 0x10, 0x82, 0x10, 0x82, 0x10, 0x82, 0x10,
    0x82, 0x10, 0x82, 0x10, 0x82, 0x10, 0x82, 0x10, 0x82, 0x10, 0x82, 0x10, 0x82, 0x10, 0x82, 0x10,
    0x82, 0x10, 0x82, 0x10, 0x82, 0x10, 0x82, 0x10, 0x82, 0x10, 0x82, 0x10, 0x82, 0x10, 0x82, 0x10,
    0x82, 0x10, 0x82, 0x10, 0x82, 0x10, 0x82, 0x10, 0x82, 0x10, 0x82, 0x10, 0x82, 0x10, 0x82, 0x10,
    0x82, 0x10, 0x82, 0x10, 0x82, 0x10, 0x82, 0x10, 0x82, 0x10, 0x82, 0x10, 0x82, 0x10, 0x82, 0x10,
    0x82, 0x10, 0x82, 0x10, 0x82, 0x10, 0x82, 0x10, 0x82, 0x10, 0x82, 0x10, 0x82, 0x10, 0x82, 0x10,
    0x82, 0x10, 0x82, 0x10, 0x82, 0x10, 0x82, 0x10, 0x82, 0x10, 0x82, 0x10, 0x82, 0x10, 0x82, 0x10,
    0x82, 0x10, 0x82, 0x10, 0x82, 0x10, 0x82, 0x10, 0x82, 0x10, 0x82, 0x10, 0x82, 0x10, 0x82, 0x10,
    0x82, 0x10, 0x82, 0x10, 0x82, 0x10, 0x82, 0x10, 0x82, 0x10, 0x82, 0x10, 0x82, 0x08, 0x62, 0x08,
    0x62, 0x08, 0x62, 0x08, 0x62, 0x08, 0x62, 0x08, 0x62, 0x08, 0x82, 0x08, 0x82, 0x10, 0x82, 0x08,
    0x62, 0x08, 0x62, 0x08, 0x62, 0x08, 0x62, 0x08, 0x62, 0x08, 0x62, 0x08, 0x62, 0x08, 0x62, 0x08,
    0x61, 0x08, 0x62, 0x08, 0x61, 0x08, 0x61, 0x08, 0x61, 0x08, 0x20, 0x08, 0xe4, 0x10, 0xc4, 0x10,
    0x20, 0x08, 0x41, 0x08, 0xa2, 0x10, 0x25, 0x11, 0x20, 0x08, 0x41, 0x08, 0x82, 0x08, 0x25, 0x19,
    0x20, 0x08, 0x62, 0x08, 0x20, 0x08, 0x25, 0x19, 0x62, 0x08, 0x41, 0x08, 0x61, 0x08, 0x41, 0x08,
    0xa2, 0x10, 0xe4, 0x10, 0x20, 0x08, 0x41, 0x08, 0x41, 0x08, 0x41, 0x08, 0x41, 0x08, 0x46, 0x19,
    0x61, 0x08, 0x20, 0x08, 0x61, 0x08, 0x41, 0x08, 0x41, 0x08, 0x41, 0x08, 0x41, 0x08, 0x41, 0x08,
    0x41, 0x08, 0x41, 0x08, 0x20, 0x00, 0x41, 0x08, 0x41, 0x08, 0x20, 0x08, 0x41, 0x08, 0x41, 0x08,
    0x41, 0x08, 0x41, 0x08, 0x41, 0x08, 0x41, 0x08, 0x41, 0x08, 0x41, 0x08, 0x41, 0x08, 0x41, 0x08,
    0x81, 0x08, 0x82, 0x08, 0x62, 0x08, 0x82, 0x08, 0x82, 0x08, 0x81, 0x08, 0x82, 0x08, 0x82, 0x10,
    0x82, 0x08, 0x82, 0x10, 0x82, 0x10, 0x81, 0x10, 0x61, 0x08, 0x62, 0x08, 0x62, 0x08, 0x62, 0x08,
    0x62, 0x08, 0x62, 0x08, 0x62, 0x08, 0x62, 0x08, 0x62, 0x08, 0x62, 0x08, 0x62, 0x08, 0x62, 0x08,
    0x62, 0x08, 0x61, 0x08, 0x61, 0x08, 0x62, 0x08, 0x62, 0x08, 0x62, 0x08, 0x62, 0x08, 0x62, 0x08,
    0x62, 0x08, 0x62, 0x08, 0x61, 0x08, 0x41, 0x08, 0x41, 0x08, 0x61, 0x08, 0x41, 0x08, 0x82, 0x08,
    0xe4, 0x10, 0x41, 0x08, 0x61, 0x08, 0x61, 0x08, 0x82, 0x08, 0x82, 0x10, 0x82, 0x10, 0x62, 0x10,
    0x62, 0x10, 0x82, 0x08, 0x82, 0x08, 0x82, 0x10, 0x82, 0x10, 0x82, 0x10, 0x82, 0x10, 0x82, 0x10,
    0x82, 0x10, 0x82, 0x08, 0x82, 0x10, 0x82, 0x10, 0x82, 0x10, 0x82, 0x10, 0x82, 0x10, 0x82, 0x10,
    0x82, 0x10, 0x82, 0x10, 0x82, 0x10, 0x82, 0x10, 0x82, 0x10, 0x82, 0x10, 0x82, 0x10, 0x82, 0x10,
    0x82, 0x10, 0x82, 0x10, 0x82, 0x10, 0x82, 0x10, 0x82, 0x10, 0x82, 0x10, 0x82, 0x10, 0x82, 0x10,
    0x82, 0x10, 0x82, 0x10, 0x82, 0x10, 0x82, 0x10, 0x82, 0x10, 0x82, 0x10, 0x82, 0x10, 0x82, 0x10,
    0x82, 0x10, 0xa2, 0x10, 0xa2, 0x10, 0x82, 0x10, 0x82, 0x10, 0x82, 0x10, 0x82, 0x10, 0x82, 0x10,
    0x82, 0x10, 0x82, 0x10, 0x82, 0x10, 0x82, 0x10, 0x82, 0x10, 0x82, 0x10, 0x82, 0x10, 0x82, 0x10,
    0x82, 0x10, 0x82, 0x10, 0x82, 0x10, 0x82, 0x10, 0x82, 0x10, 0x82, 0x10, 0x82, 0x10, 0x82, 0x10,
    0x82, 0x10, 0x82, 0x10, 0x82, 0x10, 0x82, 0x10, 0x82, 0x10, 0x82, 0x10, 0x82, 0x10, 0x82, 0x10,
    0x82, 0x10, 0x82, 0x10, 0x82, 0x10, 0x82, 0x10, 0x82, 0x10, 0x82, 0x10, 0x82, 0x10, 0x82, 0x10,
    0x82, 0x10, 0x82, 0x10, 0x82, 0x10, 0x82, 0x10, 0x82, 0x10, 0x82, 0x10, 0x82, 0x10, 0x82, 0x10,
    0x82, 0x10, 0x82, 0x10, 0x82, 0x10, 0x82, 0x10, 0x82, 0x10, 0x82, 0x10, 0x82, 0x10, 0x81, 0x10,
    0x82, 0x10, 0x82, 0x10, 0x82, 0x10, 0x82, 0x10, 0x82, 0x10, 0x82, 0x10, 0x82, 0x10, 0x82, 0x10,
    0x82, 0x10, 0x82, 0x10, 0x82, 0x10, 0x82, 0x10, 0x82, 0x10, 0x82, 0x10, 0x82, 0x10, 0x82, 0x10,
    0x82, 0x10, 0x82, 0x10, 0x82, 0x10, 0x82, 0x10, 0x82, 0x10, 0x82, 0x10, 0x82, 0x10, 0x82, 0x10,
    0x82, 0x10, 0x82, 0x10, 0x82, 0x10, 0x82, 0x10, 0x82, 0x10, 0x82, 0x10, 0x82, 0x10, 0x82, 0x10,
    0x82, 0x10, 0x82, 0x10, 0x82, 0x10, 0x82, 0x10, 0x82, 0x08, 0x82, 0x08, 0x82, 0x08, 0x62, 0x08,
    0x62, 0x08, 0x62, 0x08, 0x62, 0x08, 0x62, 0x08, 0x82, 0x08, 0x82, 0x10, 0x82, 0x10, 0x62, 0x08,
    0x62, 0x08, 0x62, 0x08, 0x62, 0x08, 0x61, 0x08, 0x61, 0x08, 0x61, 0x08, 0x61, 0x08, 0x61, 0x08,
    0x62, 0x08, 0x62, 0x08, 0x61, 0x08, 0x61, 0x08, 0x62, 0x08, 0x20, 0x08, 0xe4, 0x10, 0xc4, 0x10,
    0x20, 0x08, 0x41, 0x08, 0xa2, 0x10, 0x25, 0x11, 0x20, 0x08, 0x41, 0x08, 0x82, 0x08, 0x45, 0x19,
    0x20, 0x08, 0x62, 0x08, 0x20, 0x08, 0x25, 0x11, 0x61, 0x08, 0x41, 0x08, 0x61, 0x08, 0x21, 0x08,
    0xa2, 0x10, 0xe4, 0x10, 0x20, 0x08, 0x41, 0x08, 0x41, 0x08, 0x20, 0x08, 0x47, 0x19, 0x61, 0x08,
    0x20, 0x08, 0x61, 0x08, 0x41, 0x08, 0x41, 0x08, 0x41, 0x08, 0x41, 0x08, 0x41, 0x08, 0x41, 0x08,
    0x41, 0x08, 0x20, 0x00, 0xc4, 0x10, 0x25, 0x11, 0x25, 0x19, 0xa3, 0x10, 0x20, 0x08, 0x61, 0x08,
    0x61, 0x08, 0x41, 0x08, 0x61, 0x08, 0x41, 0x08, 0x41, 0x08, 0x41, 0x08, 0x41, 0x08, 0x41, 0x08,
    0x62, 0x08, 0x62, 0x08, 0x82, 0x08, 0x82, 0x08, 0x81, 0x08, 0x61, 0x08, 0x61, 0x08, 0x82, 0x10,
    0x82, 0x08, 0x82, 0x10, 0x82, 0x10, 0x61, 0x08, 0x61, 0x08, 0x62, 0x08, 0x62, 0x08, 0x62, 0x08,
    0x62, 0x08, 0x62, 0x08, 0x62, 0x08, 0x62, 0x08, 0x62, 0x08, 0x61, 0x08, 0x61, 0x08, 0x61, 0x08,
    0x61, 0x08, 0x61, 0x08, 0x61, 0x08, 0x62, 0x08, 0x61, 0x08, 0x61, 0x08, 0x62, 0x08, 0x61, 0x08,
    0x61, 0x08, 0x62, 0x08, 0x82, 0x08, 0x82, 0x08, 0x82, 0x08, 0x82, 0x08, 0x82, 0x08, 0xe4, 0x10,
    0x41, 0x08, 0x61, 0x08, 0x62, 0x08, 0x61, 0x08, 0x62, 0x08, 0x62, 0x08, 0x62, 0x08, 0x62, 0x08,
    0x62, 0x08, 0x82, 0x08, 0x82, 0x10, 0x82, 0x10, 0x82, 0x10, 0x82, 0x10, 0x82, 0x10, 0x62, 0x10,
    0x82, 0x08, 0x82, 0x08, 0x82, 0x08, 0x82, 0x10, 0x82, 0x10, 0x82, 0x10, 0x81, 0x10, 0x82, 0x10,
    0x82, 0x10, 0x82, 0x10, 0x82, 0x10, 0x82, 0x10, 0x82, 0x10, 0x82, 0x10, 0x82, 0x10, 0x82, 0x10,
    0x82, 0x10, 0x82, 0x10, 0x82, 0x10, 0x82, 0x10, 0x82, 0x10, 0x82, 0x10, 0x82, 0x10, 0x82, 0x10,
    0x82, 0x10, 0xa2, 0x10, 0x82, 0x10, 0x82, 0x10, 0x82, 0x10, 0x82, 0x10, 0x82, 0x10, 0x82, 0x10,
    0x82, 0x10, 0x82, 0x10, 0xa2, 0x10, 0xa2, 0x10, 0x82, 0x10, 0x82, 0x10, 0x82, 0x10, 0x82, 0x10,
    0x82, 0x10, 0x82, 0x10, 0x82, 0x10, 0x82, 0x10, 0x82, 0x10, 0x82, 0x10, 0x82, 0x10, 0x82, 0x10,
    0x82, 0x10, 0x82, 0x10, 0x82, 0x10, 0x82, 0x10, 0x82, 0x10, 0x82, 0x10, 0xa2, 0x10, 0x82, 0x10,
    0x82, 0x10, 0x82, 0x10, 0x82, 0x10, 0x82, 0x10, 0x82, 0x10, 0x82, 0x10, 0x82, 0x10, 0x82, 0x10,
    0x82, 0x10, 0x82, 0x10, 0x62, 0x10, 0x82, 0x10, 0x82, 0x10, 0x82, 0x10, 0x82, 0x10, 0x82, 0x10,
    0x82, 0x10, 0x82, 0x10, 0x82, 0x10, 0x82, 0x10, 0x82, 0x10, 0x82, 0x10, 0x82, 0x10, 0x82, 0x10,
    0x82, 0x10, 0x82, 0x10, 0x82, 0x10, 0x82, 0x10, 0x82, 0x10, 0x82, 0x10, 0x82, 0x10, 0x82, 0x10,
    0x82, 0x10, 0x82, 0x10, 0x82, 0x10, 0x82, 0x10, 0x82, 0x10, 0x82, 0x10, 0x82, 0x10, 0x82, 0x10,
    0x82, 0x10, 0x82, 0x10, 0x82, 0x10, 0x82, 0x10, 0x82, 0x10, 0x82, 0x10, 0x82, 0x10, 0x82, 0x10,
    0x82, 0x10, 0x82, 0x10, 0x82, 0x10, 0x82, 0x10, 0x82, 0x10, 0x82, 0x10, 0x82, 0x10, 0x82, 0x10,
    0x82, 0x10, 0x82, 0x10, 0x82, 0x10, 0x82, 0x10, 0x82, 0x10, 0x82, 0x10, 0x82, 0x10, 0x82, 0x10,
    0x82, 0x10, 0x82, 0x10, 0x82, 0x08, 0x82, 0x08, 0x82, 0x08, 0x82, 0x08, 0x82, 0x08, 0x62, 0x08,
    0x62, 0x08, 0x81, 0x08, 0x61, 0x08, 0x81, 0x08, 0x82, 0x10, 0x82, 0x08, 0x61, 0x08, 0x62, 0x08,
    0x62, 0x08, 0x62, 0x08, 0x61, 0x08, 0x61, 0x08, 0x61, 0x08, 0x61, 0x08, 0x62, 0x08, 0x61, 0x08,
    0x62, 0x08, 0x61, 0x08, 0x62, 0x08, 0x61, 0x08, 0x62, 0x08, 0x20, 0x08, 0xe4, 0x10, 0xc4, 0x10,
    0x20, 0x08, 0x41, 0x08, 0xa2, 0x10, 0x25, 0x11, 0x20, 0x08, 0x41, 0x08, 0x82, 0x08, 0x46, 0x19,
    0x20, 0x00, 0x62, 0x08, 0x20, 0x08, 0x25, 0x11, 0x62, 0x08, 0x41, 0x08, 0x61, 0x08, 0x20, 0x08,
    0xa2, 0x08, 0xe4, 0x10, 0x00, 0x08, 0x41, 0x08, 0x41, 0x08, 0x20, 0x08, 0x26, 0x11, 0x20, 0x08,
    0x61, 0x08, 0x41, 0x08, 0x41, 0x08, 0x41, 0x08, 0x41, 0x08, 0x41, 0x08, 0x41, 0x08, 0x41, 0x08,
    0x41, 0x08, 0x40, 0x08, 0x25, 0x11, 0x20, 0x08, 0x41, 0x08, 0x46, 0x11, 0x20, 0x08, 0x41, 0x08,
    0x41, 0x08, 0x41, 0x08, 0x41, 0x08, 0x41, 0x08, 0x41, 0x08, 0x41, 0x08, 0x41, 0x08, 0x41, 0x08,
    0x62, 0x08, 0x62, 0x08, 0x82, 0x08, 0x82, 0x08, 0x81, 0x08, 0x61, 0x08, 0x61, 0x08, 0x62, 0x08,
    0x62, 0x08, 0x62, 0x08, 0x62, 0x08, 0x62, 0x08, 0x62, 0x08, 0x62, 0x08, 0x61, 0x08, 0x61, 0x08,
    0x61, 0x08, 0x61, 0x08, 0x61, 0x08, 0x61, 0x08, 0x61, 0x08, 0x61, 0x08, 0x61, 0x08, 0x61, 0x08,
    0x61, 0x08, 0x61, 0x08, 0x61, 0x08, 0x61, 0x08, 0x62, 0x08, 0x62, 0x08, 0x62, 0x08, 0x61, 0x08,
    0x61, 0x08, 0x61, 0x08, 0xa3, 0x08, 0x25, 0x19, 0xa3, 0x08, 0xa3, 0x10, 0xa3, 0x10, 0x61, 0x08,
    0x61, 0x08, 0x62, 0x08, 0x61, 0x08, 0x61, 0x08, 0x62, 0x08, 0x62, 0x08, 0x62, 0x08, 0x62, 0x08,
    0x62, 0x08, 0x82, 0x08, 0x82, 0x10, 0x82, 0x10, 0x82, 0x10, 0x82, 0x10, 0x82, 0x10, 0x62, 0x10,
    0x82, 0x08, 0x82, 0x08, 0x82, 0x08, 0x82, 0x10, 0x82, 0x10, 0x82, 0x10, 0x82, 0x10, 0x81, 0x10,
    0x82, 0x10, 0x82, 0x10, 0x82, 0x10, 0x82, 0x08, 0x82, 0x10, 0x82, 0x08, 0x82, 0x08, 0x82, 0x10,
    0x82, 0x10, 0x82, 0x10, 0x82, 0x10, 0x82, 0x10, 0x82, 0x10, 0x82, 0x10, 0x82, 0x10, 0x82, 0x10,
    0x82, 0x10, 0xa2, 0x10, 0xa2, 0x10, 0x82, 0x10, 0x82, 0x10, 0x82, 0x10, 0x82, 0x10, 0x82, 0x10,
    0x82, 0x10, 0x82, 0x10, 0x82, 0x10, 0x82, 0x10, 0x82, 0x10, 0x82, 0x10, 0x82, 0x10, 0x82, 0x10,
    0x82, 0x10, 0x82, 0x10, 0x82, 0x10, 0x82, 0x10, 0x82, 0x10, 0x82, 0x10, 0x82, 0x10, 0x82, 0x10,
    0x82, 0x10, 0xa2, 0x10, 0x82, 0x10, 0x82, 0x10, 0x82, 0x10, 0x82, 0x10, 0x82, 0x10, 0x82, 0x10,
    0x82, 0x10, 0x82, 0x10, 0x82, 0x10, 0x82, 0x10, 0x82, 0x10, 0x82, 0x10, 0x82, 0x10, 0x82, 0x10,
    0x82, 0x10, 0x82, 0x10, 0x62, 0x10, 0x62, 0x10, 0x62, 0x10, 0x82, 0x10, 0x82, 0x10, 0x82, 0x10,
    0x82, 0x10, 0xa2, 0x10, 0x82, 0x10, 0x82, 0x10, 0x82, 0x10, 0x82, 0x10, 0x82, 0x10, 0x82, 0x10,
    0x82, 0x10, 0x82, 0x10, 0x82, 0x10, 0x82, 0x10, 0x82, 0x10, 0x82, 0x10, 0x82, 0x10, 0x82, 0x10,
    0x82, 0x10, 0x82, 0x10, 0x82, 0x10, 0x82, 0x10, 0x82, 0x10, 0x82, 0x10, 0x82, 0x10, 0x82, 0x10,
    0x82, 0x10, 0x82, 0x10, 0x82, 0x10, 0x82, 0x10, 0x82, 0x10, 0x82, 0x10, 0x82, 0x10, 0x82, 0x08,
    0x82, 0x08, 0x82, 0x10, 0x82, 0x10, 0x82, 0x10, 0x82, 0x10, 0x82, 0x10, 0x82, 0x10, 0x82, 0x10,
    0x82, 0x10, 0x82, 0x10, 0x82, 0x10, 0x82, 0x10, 0x82, 0x10, 0x82, 0x10, 0x82, 0x10, 0x82, 0x10,
    0x82, 0x10, 0x82, 0x08, 0x82, 0x08, 0x82, 0x08, 0x82, 0x08, 0x82, 0x10, 0x62, 0x08, 0x62, 0x08,
    0x62, 0x08, 0x61, 0x08, 0x61, 0x08, 0x61, 0x08, 0x61, 0x08, 0x61, 0x08, 0x62, 0x08, 0x62, 0x08,
    0x62, 0x08, 0x62, 0x08, 0x61, 0x08, 0x61, 0x08, 0x61, 0x08, 0x61, 0x08, 0x61, 0x08, 0x61, 0x08,
    0x62, 0x08, 0x62, 0x08, 0x62, 0x08, 0x62, 0x08, 0x62, 0x08, 0x20, 0x08, 0xe4, 0x10, 0xc4, 0x10,
    0x20, 0x08, 0x41, 0x08, 0xa2, 0x10, 0x25, 0x11, 0x20, 0x08, 0x41, 0x08, 0x82, 0x08, 0x46, 0x19,
    0x20, 0x00, 0x62, 0x08, 0x20, 0x08, 0x25, 0x19, 0x62, 0x08, 0x41, 0x08, 0x41, 0x08, 0x20, 0x08,
    0xa2, 0x08, 0xe4, 0x10, 0x20, 0x00, 0x41, 0x08, 0x41, 0x08, 0x20, 0x08, 0x47, 0x19, 0x20, 0x08,
    0x41, 0x08, 0x41, 0x08, 0x41, 0x08, 0x41, 0x08, 0x41, 0x08, 0x41, 0x08, 0x41, 0x08, 0x41, 0x08,
    0x20, 0x00, 0x41, 0x08, 0x47, 0x19, 0x61, 0x08, 0x82, 0x08, 0x25, 0x11, 0x20, 0x08, 0x61, 0x08,
    0x41, 0x08, 0x41, 0x08, 0x41, 0x08, 0x41, 0x08, 0x41, 0x08, 0x41, 0x08, 0x41, 0x08, 0x41, 0x08,
    0x62, 0x08, 0x62, 0x08, 0x62, 0x08, 0x62, 0x08, 0x62, 0x08, 0x62, 0x08, 0x62, 0x08, 0x62, 0x08,
    0x62, 0x08, 0x62, 0x08, 0x62, 0x08, 0x62, 0x08, 0x62, 0x08, 0x62, 0x08, 0x61, 0x08, 0x61, 0x08,
    0x81, 0x10, 0x61, 0x08, 0x81, 0x10, 0x61, 0x08, 0x61, 0x08, 0x61, 0x08, 0x41, 0x08, 0x61, 0x08,
    0x61, 0x08, 0x61, 0x08, 0x61, 0x08, 0x61, 0x08, 0x61, 0x08, 0x61, 0x08, 0x62, 0x08, 0x61, 0x08,
    0x62, 0x08, 0x61, 0x08, 0x61, 0x08, 0xc3, 0x10, 0x20, 0x08, 0x41, 0x08, 0x41, 0x08, 0x61, 0x08,
    0x62, 0x08, 0x62, 0x08, 0x82, 0x08, 0x82, 0x10, 0x82, 0x08, 0x62, 0x08, 0x62, 0x08, 0x62, 0x08,
    0x62, 0x08, 0x82, 0x08, 0x82, 0x10, 0x82, 0x10, 0x82, 0x10, 0x82, 0x10, 0x82, 0x10, 0x82, 0x10,
    0x82, 0x10, 0x82, 0x08, 0x82, 0x10, 0x82, 0x10, 0x82, 0x10, 0x82, 0x10, 0x82, 0x10, 0x81, 0x10,
    0x82, 0x10, 0x82, 0x10, 0x82, 0x10, 0x82, 0x08, 0x82, 0x08, 0x82, 0x08, 0x82, 0x08, 0x82, 0x10,
    0x82, 0x10, 0x82, 0x10, 0x82, 0x10, 0x82, 0x10, 0x82, 0x10, 0x82, 0x10, 0x82, 0x10, 0x82, 0x10,
    0x82, 0x10, 0x82, 0x10, 0x82, 0x10, 0x82, 0x10, 0x82, 0x10, 0xa2, 0x10, 0x82, 0x10, 0x82, 0x10,
    0x82, 0x10, 0x82, 0x10, 0x82, 0x10, 0x82, 0x10, 0x82, 0x10, 0x82, 0x10, 0x82, 0x10, 0x82, 0x10,
    0x82, 0x10, 0x82, 0x10, 0x82, 0x10, 0x82, 0x10, 0x82, 0x10, 0x82, 0x10, 0x82, 0x10, 0x82, 0x10,
    0x82, 0x10, 0x82, 0x10, 0x82, 0x10, 0x82, 0x10, 0x82, 0x10, 0x82, 0x10, 0x82, 0x10, 0x82, 0x10,
    0x82, 0x10, 0x82, 0x10, 0x82, 0x10, 0x82, 0x10, 0x82, 0x10, 0x82, 0x10, 0x82, 0x10, 0xa2, 0x10,
    0xa2, 0x10, 0x82, 0x10, 0x82, 0x10, 0x62, 0x10, 0x82, 0x10, 0x82, 0x10, 0x82, 0x10, 0x82, 0x10,
    0x82, 0x10, 0xa2, 0x10, 0x82, 0x10, 0x82, 0x10, 0x82, 0x10, 0x82, 0x10, 0x82, 0x10, 0x82, 0x10,
    0x82, 0x10, 0x82, 0x10, 0x82, 0x10, 0x82, 0x10, 0x82, 0x10, 0x82, 0x10, 0x82, 0x10, 0x82, 0x10,
    0x82, 0x10, 0x82, 0x10, 0x82, 0x10, 0x82, 0x10, 0x82, 0x10, 0x82, 0x10, 0x82, 0x10, 0x82, 0x10,
    0x82, 0x10, 0x82, 0x10, 0x82, 0x10, 0x82, 0x10, 0x82, 0x10, 0x82, 0x10, 0x82, 0x10, 0x82, 0x08,
    0x82, 0x10, 0x82, 0x10, 0x82, 0x10, 0x82, 0x08, 0x82, 0x10, 0x82, 0x10, 0x82, 0x10, 0x82, 0x10,
    0x82, 0x10, 0x82, 0x10, 0x82, 0x10, 0x82, 0x10, 0x82, 0x10, 0x82, 0x10, 0x82, 0x10, 0x82, 0x10,
    0x82, 0x10, 0x82, 0x08, 0x82, 0x08, 0x82, 0x08, 0x82, 0x08, 0x62, 0x08, 0x62, 0x08, 0x62, 0x08,
    0x62, 0x08, 0x61, 0x08, 0x81, 0x08, 0x61, 0x08, 0x61, 0x08, 0x61, 0x08, 0x62, 0x08, 0x62, 0x08,
    0x62, 0x08, 0x62, 0x08, 0x61, 0x08, 0x61, 0x08, 0x61, 0x08, 0x61, 0x08, 0x61, 0x08, 0x62, 0x08,
    0x62, 0x08, 0x62, 0x08, 0x62, 0x08, 0x62, 0x08, 0x62, 0x08, 0x20, 0x08, 0xe4, 0x10, 0xc4, 0x10,
    0x20, 0x08, 0x41, 0x08, 0xa2, 0x10, 0x25, 0x11, 0x20, 0x08, 0x41, 0x08, 0x82, 0x08, 0x46, 0x19,
    0x20, 0x00, 0x62, 0x08, 0x20, 0x08, 0x25, 0x11, 0x61, 0x08, 0x41, 0x08, 0x41, 0x08, 0x21, 0x08,
    0x82, 0x08, 0xe4, 0x10, 0x20, 0x00, 0x41, 0x08, 0x41, 0x08, 0x40, 0x08, 0x47, 0x19, 0x20, 0x08,
    0x41, 0x08, 0x41, 0x08, 0x41, 0x08, 0x41, 0x08, 0x41, 0x08, 0x61, 0x08, 0x41, 0x08, 0x20, 0x08,
    0x41, 0x08, 0x25, 0x19, 0xa3, 0x08, 0x25, 0x19, 0x25, 0x19, 0x61, 0x08, 0x41, 0x08, 0x41, 0x08,
    0x41, 0x08, 0x41, 0x08, 0x41, 0x08, 0x41, 0x08, 0x41, 0x08, 0x41, 0x08, 0x41, 0x08, 0x41, 0x08,
    0x82, 0x10, 0x62, 0x08, 0x62, 0x08, 0x62, 0x08, 0x62, 0x08, 0x62, 0x08, 0x62, 0x08, 0x62, 0x08,
    0x62, 0x08, 0x82, 0x10, 0x62, 0x08, 0x62, 0x08, 0x62, 0x08, 0x62, 0x08, 0x61, 0x08, 0x61, 0x08,
    0x82, 0x10, 0x82, 0x10, 0x82, 0x10, 0x61, 0x08, 0x81, 0x08, 0x20, 0x08, 0x25, 0x19, 0x25, 0x11,
    0xc4, 0x10, 0xc4, 0x10, 0xc3, 0x10, 0xa3, 0x08, 0x82, 0x08, 0x61, 0x08, 0x62, 0x08, 0x62, 0x08,
    0x61, 0x08, 0x41, 0x08, 0x82, 0x08, 0x05, 0x11, 0x41, 0x08, 0x82, 0x08, 0x62, 0x08, 0x62, 0x08,
    0x62, 0x08, 0x62, 0x08, 0x82, 0x08, 0x82, 0x08, 0x82, 0x10, 0x82, 0x10, 0x62, 0x08, 0x62, 0x08,
    0x82, 0x10, 0x82, 0x08, 0x82, 0x10, 0x82, 0x10, 0x82, 0x10, 0x82, 0x10, 0x82, 0x10, 0x82, 0x10,
    0x82, 0x10, 0x82, 0x10, 0x82, 0x10, 0x82, 0x10, 0x82, 0x10, 0x82, 0x10, 0x82, 0x10, 0x82, 0x10,
    0x82, 0x10, 0x82, 0x10, 0x82, 0x10, 0x82, 0x10, 0x82, 0x08, 0x82, 0x10, 0x82, 0x10, 0x82, 0x10,
    0x82, 0x10, 0x82, 0x10, 0x82, 0x10, 0x82, 0x10, 0x82, 0x10, 0x82, 0x10, 0x82, 0x10, 0x82, 0x10,
    0x82, 0x10, 0x82, 0x10, 0x82, 0x10, 0x82, 0x10, 0x82, 0x10, 0xa2, 0x10, 0x82, 0x10, 0x82, 0x10,
    0x82, 0x10, 0x82, 0x10, 0x82, 0x10, 0x82, 0x10, 0x82, 0x10, 0x82, 0x10, 0x82, 0x10, 0x82, 0x10,
    0x82, 0x10, 0x82, 0x10, 0x82, 0x10, 0x82, 0x10, 0x82, 0x10, 0x82, 0x10, 0x82, 0x10, 0x82, 0x10,
    0x82, 0x10, 0x82, 0x10, 0x82, 0x10, 0x82, 0x10, 0x82, 0x10, 0x82, 0x10, 0x82, 0x10, 0x82, 0x10,
    0x82, 0x10, 0x82, 0x10, 0x82, 0x10, 0x82, 0x10, 0x82, 0x10, 0x82, 0x10, 0x82, 0x10, 0x82, 0x10,
    0x82, 0x10, 0x82, 0x10, 0x82, 0x10, 0x82, 0x10, 0x82, 0x10, 0x82, 0x10, 0x82, 0x10, 0x82, 0x10,
    0xa2, 0x10, 0xa2, 0x10, 0xa2, 0x10, 0x82, 0x10, 0x82, 0x10, 0x82, 0x10, 0x82, 0x10, 0x82, 0x10,
    0x82, 0x10, 0x82, 0x10, 0x82, 0x10, 0x82, 0x10, 0x82, 0x10, 0x82, 0x10, 0x82, 0x10, 0x82, 0x10,
    0x82, 0x10, 0x82, 0x10, 0x82, 0x10, 0x82, 0x10, 0x82, 0x10, 0x82, 0x10, 0x82, 0x10, 0x82, 0x10,
    0x82, 0x10, 0x82, 0x10, 0x82, 0x10, 0x82, 0x10, 0x82, 0x10, 0x82, 0x10, 0x82, 0x10, 0x82, 0x10,
    0x82, 0x10, 0x82, 0x10, 0x82, 0x10, 0x82, 0x10, 0x82, 0x10, 0x82, 0x10, 0x82, 0x10, 0x82, 0x10,
    0x82, 0x10, 0x82, 0x10, 0x82, 0x10, 0x82, 0x10, 0x82, 0x10, 0x82, 0x10, 0x82, 0x10, 0x82, 0x10,
    0x82, 0x10, 0x82, 0x10, 0x82, 0x08, 0x82, 0x08, 0x82, 0x08, 0x62, 0x08, 0x62, 0x08, 0x62, 0x08,
    0x62, 0x08, 0x62, 0x08, 0x62, 0x08, 0x61, 0x08, 0x61, 0x08, 0x61, 0x08, 0x61, 0x08, 0x62, 0x08,
    0x62, 0x08, 0x61, 0x08, 0x62, 0x08, 0x61, 0x08, 0x61, 0x08, 0x61, 0x08, 0x61, 0x08, 0x62, 0x08,
    0x62, 0x08, 0x62, 0x08, 0x62, 0x08, 0x62, 0x08, 0x62, 0x08, 0x20, 0x08, 0xe4, 0x10, 0xc4, 0x10,
    0x20, 0x08, 0x41, 0x08, 0xa2, 0x10, 0x25, 0x11, 0x20, 0x08, 0x41, 0x08, 0x82, 0x08, 0x45, 0x19,
    0x20, 0x00, 0x62, 0x08, 0x20, 0x08, 0x25, 0x19, 0x61, 0x08, 0x41, 0x08, 0x41, 0x08, 0x20, 0x08,
    0xa2, 0x08, 0xe4, 0x10, 0x20, 0x00, 0x41, 0x08, 0x41, 0x08, 0x40, 0x08, 0x47, 0x19, 0x20, 0x00,
    0x41, 0x08, 0x41, 0x08, 0x41, 0x08, 0x41, 0x08, 0x41, 0x08, 0x61, 0x08, 0x21, 0x08, 0x41, 0x08,
    0x26, 0x19, 0x61, 0x08, 0x20, 0x08, 0x20, 0x08, 0x20, 0x08, 0x41, 0x08, 0x41, 0x08, 0x41, 0x08,
    0x41, 0x08, 0x41, 0x08, 0x41, 0x08, 0x41, 0x08, 0x41, 0x08, 0x41, 0x08, 0x41, 0x08, 0x41, 0x08,
    0x82, 0x10, 0x82, 0x10, 0x62, 0x08, 0x62, 0x08, 0x62, 0x08, 0x62, 0x08, 0x62, 0x08, 0x62, 0x08,
    0x61, 0x08, 0x82, 0x08, 0x82, 0x10, 0x82, 0x10, 0x82, 0x08, 0x82, 0x10, 0x82, 0x10, 0x62, 0x08,
    0x62, 0x08, 0x62, 0x08, 0x62, 0x08, 0x62, 0x08, 0x62, 0x08, 0x20, 0x08, 0x25, 0x19, 0x82, 0x08,
    0x41, 0x08, 0x61, 0x08, 0x41, 0x08, 0x41, 0x08, 0x61, 0x08, 0x61, 0x08, 0x62, 0x08, 0x41, 0x08,
    0x62, 0x08, 0x82, 0x10, 0x82, 0x08, 0x04, 0x11, 0x41, 0x08, 0x62, 0x08, 0x62, 0x08, 0x62, 0x08,
    0x62, 0x08, 0x82, 0x08, 0x82, 0x08, 0x82, 0x08, 0x82, 0x10, 0x82, 0x10, 0x82, 0x10, 0x82, 0x10,
    0x82, 0x10, 0x82, 0x08, 0x82, 0x08, 0x82, 0x10, 0x82, 0x10, 0x82, 0x10, 0x82, 0x10, 0x82, 0x10,
    0x82, 0x10, 0x82, 0x10, 0x82, 0x10, 0x82, 0x10, 0x82, 0x10, 0x82, 0x10, 0x82, 0x10, 0x82, 0x10,
    0x82, 0x10, 0x82, 0x10, 0x82, 0x10, 0x82, 0x10, 0x82, 0x10, 0x82, 0x10, 0x82, 0x10, 0x82, 0x10,
    0x82, 0x10, 0x82, 0x10, 0x62, 0x10, 0x62, 0x10, 0x62, 0x10, 0x82, 0x10, 0x82, 0x10, 0x82, 0x10,
    0x82, 0x10, 0x82, 0x10, 0x82, 0x10, 0x82, 0x10, 0xa2, 0x10, 0x82, 0x10, 0x82, 0x10, 0x82, 0x10,
    0x82, 0x10, 0x82, 0x10, 0x82, 0x10, 0x82, 0x10, 0x82, 0x10, 0x82, 0x10, 0x82, 0x10, 0x82, 0x10,
    0x82, 0x10, 0x82, 0x10, 0x82, 0x10, 0x82, 0x10, 0x82, 0x10, 0x82, 0x10, 0x82, 0x10, 0x82, 0x10,
    0x82, 0x10, 0x82, 0x10, 0x82, 0x10, 0x82, 0x10, 0x82, 0x10, 0x82, 0x10, 0x82, 0x10, 0x82, 0x10,
    0x82, 0x10, 0x82, 0x10, 0x82, 0x10, 0x82, 0x10, 0x82, 0x10, 0x82, 0x10, 0x82, 0x10, 0x82, 0x10,
    0x82, 0x10, 0x82, 0x10, 0x82, 0x10, 0x82, 0x10, 0x82, 0x10, 0x82, 0x10, 0x82, 0x10, 0x82, 0x10,
    0x82, 0x10, 0x82, 0x10, 0x82, 0x10, 0x82, 0x10, 0x82, 0x10, 0x82, 0x10, 0x82, 0x10, 0x82, 0x10,
    0x82, 0x10, 0x82, 0x10, 0x82, 0x10, 0x82, 0x10, 0x82, 0x10, 0x82, 0x10, 0x82, 0x10, 0x82, 0x10,
    0x82, 0x10, 0x82, 0x10, 0x82, 0x10, 0x82, 0x10, 0x82, 0x10, 0x82, 0x10, 0x82, 0x10, 0x82, 0x10,
    0x82, 0x10, 0x82, 0x10, 0x82, 0x10, 0x82, 0x10, 0x82, 0x10, 0x82, 0x10, 0x82, 0x10, 0x81, 0x10,
    0x81, 0x10, 0x82, 0x10, 0x82, 0x10, 0x82, 0x10, 0x82, 0x10, 0x82, 0x10, 0x82, 0x10, 0x82, 0x10,
    0x82, 0x10, 0x82, 0x10, 0x82, 0x10, 0x82, 0x10, 0x82, 0x10, 0x82, 0x10, 0x82, 0x10, 0x82, 0x10,
    0x82, 0x10, 0x82, 0x10, 0x82, 0x08, 0x82, 0x08, 0x82, 0x08, 0x82, 0x08, 0x62, 0x08, 0x62, 0x08,
    0x62, 0x08, 0x62, 0x08, 0x61, 0x08, 0x61, 0x08, 0x61, 0x08, 0x61, 0x08, 0x61, 0x08, 0x61, 0x08,
    0x61, 0x08, 0x61, 0x08, 0x61, 0x08, 0x61, 0x08, 0x61, 0x08, 0x61, 0x08, 0x61, 0x08, 0x61, 0x08,
    0x62, 0x08, 0x62, 0x08, 0x61, 0x08, 0x61, 0x08, 0x62, 0x08, 0x20, 0x08, 0xe4, 0x10, 0xc4, 0x10,
    0x20, 0x08, 0x41, 0x08, 0xa2, 0x10, 0x25, 0x19, 0x20, 0x08, 0x41, 0x08, 0x82, 0x08, 0x45, 0x19,
    0x20, 0x00, 0x62, 0x08, 0x20, 0x08, 0x25, 0x19, 0x61, 0x08, 0x41, 0x08, 0x41, 0x08, 0x20, 0x08,
    0xa2, 0x08, 0x04, 0x11, 0x20, 0x08, 0x41, 0x08, 0x41, 0x08, 0x40, 0x08, 0x47, 0x19, 0x20, 0x08,
    0x41, 0x08, 0x41, 0x08, 0x41, 0x08, 0x41, 0x08, 0x61, 0x08, 0x41, 0x08, 0x41, 0x08, 0x46, 0x19,
    0x61, 0x08, 0x20, 0x08, 0x61, 0x08, 0x61, 0x08, 0x41, 0x08, 0x41, 0x08, 0x41, 0x08, 0x41, 0x08,
    0x41, 0x08, 0x41, 0x08, 0x41, 0x08, 0x41, 0x08, 0x41, 0x08, 0x41, 0x08, 0x41, 0x08, 0x41, 0x08,
    0x82, 0x08, 0x82, 0x10, 0x82, 0x10, 0x62, 0x08, 0x62, 0x08, 0x62, 0x08, 0x62, 0x08, 0x62, 0x08,
    0x61, 0x08, 0x81, 0x08, 0x82, 0x10, 0x82, 0x10, 0x82, 0x10, 0x82, 0x08, 0x82, 0x08, 0x62, 0x08,
    0x62, 0x08, 0x62, 0x08, 0x62, 0x08, 0x62, 0x08, 0x62, 0x08, 0x20, 0x08, 0x25, 0x19, 0x82, 0x10,
    0x41, 0x08, 0x62, 0x08, 0x61, 0x08, 0x61, 0x08, 0x61, 0x08, 0x62, 0x08, 0x41, 0x08, 0x62, 0x08,
    0xe4, 0x10, 0x61, 0x08, 0x61, 0x08, 0x61, 0x08, 0x62, 0x08, 0x62, 0x08, 0x62, 0x08, 0x62, 0x08,
    0x82, 0x08, 0x82, 0x10, 0x82, 0x08, 0x82, 0x08, 0x82, 0x10, 0x82, 0x10, 0x82, 0x10, 0x82, 0x10,
    0x82, 0x10, 0x82, 0x10, 0x82, 0x08, 0x82, 0x08, 0x82, 0x10, 0x82, 0x10, 0x82, 0x10, 0x81, 0x10,
    0x81, 0x10, 0x81, 0x10, 0x82, 0x10, 0x82, 0x10, 0x82, 0x10, 0x82, 0x10, 0x82, 0x10, 0x82, 0x10,
    0x82, 0x10, 0x82, 0x10, 0x81, 0x10, 0x81, 0x10, 0x82, 0x10, 0x82, 0x10, 0x82, 0x10, 0x82, 0x10,
    0x82, 0x10, 0x82, 0x10, 0x82, 0x10, 0x62, 0x10, 0x62, 0x10, 0x62, 0x10, 0x62, 0x10, 0x82, 0x10,
    0x82, 0x10, 0x82, 0x10, 0x82, 0x10, 0x82, 0x10, 0x82, 0x10, 0x82, 0x10, 0x82, 0x10, 0x82, 0x10,
    0x82, 0x10, 0x82, 0x10, 0x82, 0x10, 0x82, 0x10, 0x82, 0x10, 0x82, 0x10, 0x82, 0x10, 0x82, 0x10,
    0x82, 0x10, 0x82, 0x10, 0x82, 0x10, 0x82, 0x10, 0x82, 0x10, 0x82, 0x10, 0x82, 0x10, 0x82, 0x10,
    0x82, 0x10, 0x82, 0x10, 0x82, 0x10, 0xa2, 0x10, 0xa2, 0x10, 0x82, 0x10, 0x82, 0x10, 0x82, 0x10,
    0x82, 0x10, 0x82, 0x10, 0x82, 0x10, 0x82, 0x10, 0x82, 0x10, 0x82, 0x10, 0x82, 0x10, 0x82, 0x10,
    0x82, 0x10, 0x82, 0x10, 0x82, 0x10, 0x82, 0x10, 0x82, 0x10, 0x82, 0x10, 0x82, 0x10, 0x82, 0x10,
    0x82, 0x08, 0x82, 0x10, 0x82, 0x10, 0x82, 0x10, 0x82, 0x10, 0x82, 0x10, 0x82, 0x10, 0x82, 0x10,
    0x82, 0x10, 0x82, 0x10, 0x82, 0x10, 0x82, 0x10, 0x82, 0x10, 0x82, 0x10, 0x82, 0x10, 0x82, 0x10,
    0x82, 0x10, 0x82, 0x10, 0x82, 0x10, 0x82, 0x10, 0x82, 0x10, 0x82, 0x10, 0x82, 0x10, 0x82, 0x10,
    0x82, 0x10, 0x82, 0x10, 0x82, 0x10, 0x62, 0x10, 0x82, 0x10, 0x82, 0x10, 0x82, 0x10, 0x82, 0x10,
    0x81, 0x10, 0x81, 0x10, 0x82, 0x10, 0x82, 0x10, 0x82, 0x10, 0x82, 0x10, 0x82, 0x10, 0x81, 0x10,
    0x81, 0x10, 0x82, 0x10, 0x82, 0x10, 0x82, 0x10, 0x82, 0x10, 0x82, 0x10, 0x82, 0x10, 0x82, 0x10,
    0x82, 0x08, 0x82, 0x08, 0x82, 0x08, 0x82, 0x08, 0x82, 0x08, 0x62, 0x08, 0x82, 0x08, 0x82, 0x08,
    0x62, 0x08, 0x62, 0x08, 0x61, 0x08, 0x61, 0x08, 0x61, 0x08, 0x61, 0x08, 0x61, 0x08, 0x61, 0x08,
    0x61, 0x08, 0x61, 0x08, 0x61, 0x08, 0x61, 0x08, 0x41, 0x08, 0x61, 0x08, 0x61, 0x08, 0x61, 0x08,
    0x61, 0x08, 0x61, 0x08, 0x61, 0x08, 0x61, 0x08, 0x62, 0x08, 0x20, 0x08, 0xe4, 0x10, 0xc4, 0x10,
    0x20, 0x08, 0x41, 0x08, 0xa2, 0x10, 0x25, 0x19, 0x20, 0x08, 0x41, 0x08, 0x82, 0x08, 0x45, 0x19,
    0x20, 0x08, 0x62, 0x08, 0x20, 0x08, 0x25, 0x11, 0x62, 0x08, 0x41, 0x08, 0x61, 0x08, 0x21, 0x08,
    0xa2, 0x08, 0x04, 0x11, 0x20, 0x08, 0x41, 0x08, 0x41, 0x08, 0x40, 0x08, 0x67, 0x19, 0x20, 0x00,
    0x41, 0x08, 0x41, 0x08, 0x41, 0x08, 0x61, 0x08, 0x41, 0x08, 0x41, 0x08, 0x46, 0x19, 0x61, 0x08,
    0x20, 0x08, 0x61, 0x08, 0x41, 0x08, 0x41, 0x08, 0x41, 0x08, 0x61, 0x08, 0x61, 0x08, 0x41, 0x08,
    0x41, 0x08, 0x41, 0x08, 0x41, 0x08, 0x41, 0x08, 0x41, 0x08, 0x41, 0x08, 0x41, 0x08, 0x41, 0x08,
    0x82, 0x10, 0x82, 0x10, 0x82, 0x10, 0x62, 0x08, 0x62, 0x08, 0x62, 0x08, 0x62, 0x08, 0x62, 0x08,
    0x62, 0x08, 0x61, 0x08, 0x61, 0x08, 0x82, 0x10, 0x82, 0x10, 0x82, 0x10, 0x82, 0x08, 0x82, 0x10,
    0x61, 0x08, 0x62, 0x08, 0x62, 0x08, 0x62, 0x08, 0x82, 0x08, 0x20, 0x08, 0x45, 0x19, 0x82, 0x10,
    0x41, 0x08, 0x61, 0x08, 0x61, 0x08, 0x61, 0x08, 0x61, 0x08, 0x61, 0x08, 0x62, 0x08, 0xe4, 0x10,
    0x41, 0x08, 0x61, 0x08, 0x62, 0x08, 0x62, 0x08, 0x62, 0x08, 0x62, 0x08, 0x62, 0x08, 0x62, 0x08,
    0x82, 0x08, 0x82, 0x10, 0x82, 0x10, 0x82, 0x10, 0x82, 0x10, 0x82, 0x10, 0x82, 0x10, 0x82, 0x10,
    0x82, 0x10, 0x82, 0x10, 0x82, 0x10, 0x62, 0x10, 0x82, 0x10, 0x82, 0x10, 0x82, 0x10, 0x81, 0x10,
    0x81, 0x10, 0x82, 0x10, 0x82, 0x10, 0x82, 0x10, 0x82, 0x10, 0x82, 0x10, 0x82, 0x10, 0x82, 0x10,
    0x82, 0x10, 0x82, 0x10, 0x82, 0x10, 0x81, 0x10, 0x81, 0x10, 0x81, 0x10, 0x82, 0x10, 0x82, 0x10,
    0x82, 0x10, 0x82, 0x10, 0x82, 0x10, 0x82, 0x10, 0x82, 0x10, 0x82, 0x10, 0x82, 0x10, 0x82, 0x10,
    0x82, 0x10, 0x82, 0x10, 0x82, 0x10, 0x82, 0x10, 0x82, 0x10, 0x82, 0x10, 0x82, 0x10, 0x82, 0x10,
    0x82, 0x10, 0x82, 0x10, 0x82, 0x10, 0x82, 0x10, 0x82, 0x10, 0x82, 0x10, 0x82, 0x08, 0x82, 0x10,
    0x82, 0x10, 0x82, 0x10, 0x82, 0x10, 0x82, 0x10, 0x82, 0x10, 0x82, 0x10, 0x82, 0x10, 0x82, 0x10,
    0xa2, 0x10, 0x82, 0x10, 0x82, 0x10, 0x82, 0x10, 0x82, 0x10, 0x82, 0x10, 0x82, 0x10, 0x82, 0x10,
    0x82, 0x10, 0x82, 0x10, 0x82, 0x08, 0x82, 0x10, 0x82, 0x10, 0x82, 0x10, 0x82, 0x10, 0x82, 0x10,
    0x82, 0x10, 0x82, 0x10, 0x82, 0x10, 0x82, 0x10, 0x82, 0x10, 0x82, 0x10, 0x82, 0x10, 0x82, 0x10,
    0x82, 0x08, 0x82, 0x08, 0x82, 0x10, 0x82, 0x10, 0x82, 0x10, 0x82, 0x10, 0x82, 0x10, 0x82, 0x10,
    0x82, 0x10, 0x82, 0x10, 0xa2, 0x10, 0x82, 0x10, 0x82, 0x10, 0x82, 0x10, 0x82, 0x10, 0x82, 0x10,
    0x82, 0x10, 0x82, 0x10, 0x82, 0x10, 0x82, 0x10, 0x82, 0x10, 0x82, 0x10, 0x82, 0x10, 0x82, 0x10,
    0x82, 0x10, 0x82, 0x10, 0x82, 0x10, 0x82, 0x10, 0x82, 0x10, 0x82, 0x10, 0x82, 0x10, 0x82, 0x10,
    0x82, 0x10, 0x82, 0x10, 0x82, 0x10, 0x82, 0x10, 0x82, 0x10, 0x82, 0x10, 0x82, 0x10, 0x81, 0x10,
    0x81, 0x10, 0x81, 0x10, 0x82, 0x10, 0x82, 0x10, 0x82, 0x08, 0x82, 0x10, 0x82, 0x10, 0x82, 0x10,
    0x82, 0x08, 0x82, 0x08, 0x82, 0x08, 0x62, 0x08, 0x62, 0x08, 0x82, 0x08, 0x82, 0x08, 0x62, 0x08,
    0x62, 0x08, 0x62, 0x08, 0x61, 0x08, 0x61, 0x08, 0x61, 0x08, 0x61, 0x08, 0x61, 0x08, 0x61, 0x08,
    0x61, 0x08, 0x41, 0x08, 0x41, 0x08, 0x41, 0x08, 0x41, 0x08, 0x41, 0x08, 0x41, 0x08, 0x61, 0x08,
    0x61, 0x08, 0x61, 0x08, 0x61, 0x08, 0x61, 0x08, 0x62, 0x08, 0x20, 0x08, 0xe5, 0x10, 0xc4, 0x10,
    0x20, 0x08, 0x41, 0x08, 0x82, 0x10, 0x25, 0x11, 0x20, 0x08, 0x41, 0x08, 0x82, 0x08, 0x45, 0x19,
    0x20, 0x08, 0x62, 0x08, 0x20, 0x08, 0x05, 0x11, 0x62, 0x08, 0x41, 0x08, 0x61, 0x08, 0x21, 0x08,
    0xa2, 0x10, 0x04, 0x11, 0x20, 0x08, 0x41, 0x08, 0x41, 0x08, 0x40, 0x08, 0x67, 0x19, 0x20, 0x00,
    0x41, 0x08, 0x41, 0x08, 0x61, 0x08, 0x41, 0x08, 0x41, 0x08, 0x46, 0x19, 0x61, 0x08, 0x20, 0x08,
    0x61, 0x08, 0x41, 0x08, 0x41, 0x08, 0x41, 0x08, 0x41, 0x08, 0x41, 0x08, 0x61, 0x08, 0x41, 0x08,
    0x41, 0x08, 0x41, 0x08, 0x41, 0x08, 0x41, 0x08, 0x41, 0x08, 0x41, 0x08, 0x41, 0x08, 0x41, 0x08,
    0x82, 0x08, 0x82, 0x10, 0x82, 0x10, 0x62, 0x08, 0x62, 0x08, 0x62, 0x08, 0x61, 0x08, 0x62, 0x08,
    0x62, 0x08, 0x62, 0x08, 0x81, 0x08, 0x61, 0x08, 0x82, 0x10, 0x82, 0x10, 0x61, 0x08, 0x62, 0x08,
    0x61, 0x08, 0x61, 0x08, 0x62, 0x08, 0x62, 0x08, 0x82, 0x08, 0x40, 0x08, 0x25, 0x19, 0x82, 0x10,
    0x41, 0x08, 0x61, 0x08, 0x61, 0x08, 0x61, 0x08, 0x61, 0x08, 0x61, 0x08, 0x62, 0x08, 0x61, 0x08,
    0x61, 0x08, 0x62, 0x08, 0x62, 0x08, 0x62, 0x08, 0x62, 0x08, 0x62, 0x08, 0x62, 0x08, 0x82, 0x08,
    0x82, 0x08, 0x82, 0x10, 0x82, 0x10, 0x82, 0x08, 0x82, 0x10, 0x82, 0x10, 0x81, 0x10, 0x82, 0x10,
    0x82, 0x10, 0x82, 0x10, 0x62, 0x08, 0x62, 0x08, 0x62, 0x08, 0x82, 0x10, 0x82, 0x10, 0x82, 0x10,
    0x82, 0x10, 0x82, 0x10, 0x82, 0x10, 0x82, 0x10, 0x82, 0x10, 0x82, 0x10, 0x82, 0x10, 0x82, 0x10,
    0x82, 0x10, 0x82, 0x10, 0x82, 0x10, 0x82, 0x10, 0x82, 0x10, 0x82, 0x10, 0x82, 0x10, 0x82, 0x10,
    0x82, 0x10, 0x82, 0x10, 0x82, 0x10, 0x82, 0x10, 0x82, 0x10, 0x82, 0x10, 0x82, 0x10, 0x82, 0x10,
    0x82, 0x10, 0x82, 0x10, 0x82, 0x10, 0x82, 0x10, 0x82, 0x10, 0x82, 0x10, 0x82, 0x10, 0x82, 0x10,
    0x82, 0x10, 0x82, 0x10, 0x82, 0x10, 0x82, 0x10, 0x82, 0x10, 0x82, 0x10, 0x82, 0x10, 0x82, 0x10,
    0x82, 0x10, 0x82, 0x10, 0x82, 0x10, 0x82, 0x10, 0x82, 0x10, 0x62, 0x10, 0x82, 0x10, 0x82, 0x10,
    0x82, 0x10, 0x82, 0x10, 0x82, 0x10, 0x82, 0x10, 0x82, 0x10, 0x82, 0x10, 0x82, 0x10, 0x82, 0x10,
    0x82, 0x10, 0x82, 0x10, 0x82, 0x10, 0x82, 0x10, 0x82, 0x10, 0x82, 0x10, 0x82, 0x10, 0x82, 0x10,
    0x82, 0x10, 0x82, 0x10, 0x82, 0x10, 0x82, 0x10, 0x82, 0x10, 0x82, 0x10, 0x82, 0x10, 0x82, 0x10,
    0x82, 0x08, 0x82, 0x08, 0x82, 0x10, 0x82, 0x10, 0x82, 0x10, 0x82, 0x10, 0x82, 0x10, 0x82, 0x10,
    0x82, 0x10, 0x82, 0x10, 0xa2, 0x10, 0xa2, 0x10, 0x82, 0x10, 0x82, 0x10, 0x82, 0x10, 0x82, 0x10,
    0x82, 0x10, 0x82, 0x10, 0x82, 0x10, 0x82, 0x10, 0x82, 0x10, 0x82, 0x10, 0x82, 0x10, 0x82, 0x10,
    0x82, 0x10, 0x82, 0x10, 0x82, 0x10, 0x82, 0x10, 0x82, 0x10, 0x82, 0x10, 0x82, 0x10, 0x82, 0x10,
    0x82, 0x10, 0x82, 0x10, 0x82, 0x10, 0x82, 0x10, 0x82, 0x10, 0x82, 0x10, 0x82, 0x10, 0x81, 0x10,
    0x81, 0x10, 0x82, 0x10, 0x82, 0x10, 0x82, 0x08, 0x82, 0x08, 0x62, 0x08, 0x62, 0x08, 0x62, 0x08,
    0x62, 0x10, 0x82, 0x08, 0x82, 0x08, 0x82, 0x08, 0x82, 0x08, 0x82, 0x08, 0x62, 0x08, 0x62, 0x08,
    0x62, 0x08, 0x62, 0x08, 0x82, 0x08, 0x82, 0x08, 0x61, 0x08, 0x61, 0x08, 0x61, 0x08, 0x61, 0x08,
    0x61, 0x08, 0x61, 0x08, 0x61, 0x08, 0x61, 0x08, 0x61, 0x08, 0x61, 0x08, 0x61, 0x08, 0x61, 0x08,
    0x61, 0x08, 0x61, 0x08, 0x61, 0x08, 0x61, 0x08, 0x62, 0x08, 0x20, 0x00, 0xe4, 0x10, 0xc4, 0x10,
    0x20, 0x08, 0x41, 0x08, 0xa2, 0x10, 0x25, 0x19, 0x20, 0x08, 0x41, 0x08, 0x82, 0x08, 0x45, 0x19,
    0x20, 0x00, 0x62, 0x08, 0x20, 0x08, 0x04, 0x11, 0x62, 0x08, 0x41, 0x08, 0x61, 0x08, 0x21, 0x08,
    0xa2, 0x08, 0xe4, 0x10, 0x20, 0x08, 0x41, 0x08, 0x41, 0x08, 0x40, 0x08, 0x67, 0x19, 0x20, 0x00,
    0x41, 0x08, 0x61, 0x08, 0x41, 0x08, 0x40, 0x08, 0x46, 0x19, 0x61, 0x08, 0x20, 0x08, 0x61, 0x08,
    0x41, 0x08, 0x41, 0x08, 0x41, 0x08, 0x41, 0x08, 0x41, 0x08, 0x41, 0x08, 0x41, 0x08, 0x41, 0x08,
    0x41, 0x08, 0x61, 0x08, 0x61, 0x08, 0x41, 0x08, 0x41, 0x08, 0x61, 0x08, 0x61, 0x08, 0x41, 0x08,
    0x82, 0x08, 0x82, 0x08, 0x61, 0x08, 0x61, 0x08, 0x61, 0x08, 0x61, 0x08, 0x81, 0x08, 0x62, 0x08,
    0x62, 0x08, 0x62, 0x08, 0x61, 0x08, 0x61, 0x08, 0x81, 0x08, 0x82, 0x08, 0x61, 0x08, 0x61, 0x08,
    0x61, 0x08, 0x61, 0x08, 0x62, 0x08, 0x62, 0x08, 0x62, 0x08, 0x40, 0x08, 0xe4, 0x10, 0x62, 0x08,
    0x41, 0x08, 0x61, 0x08, 0x61, 0x08, 0x61, 0x08, 0x62, 0x08, 0x62, 0x08, 0x61, 0x08, 0x61, 0x08,
    0x62, 0x08, 0x61, 0x08, 0x62, 0x08, 0x62, 0x08, 0x62, 0x08, 0x62, 0x08, 0x62, 0x08, 0x82, 0x08,
    0x82, 0x08, 0x82, 0x10, 0x82, 0x10, 0x82, 0x10, 0x82, 0x08, 0x82, 0x10, 0x82, 0x08, 0x82, 0x10,
    0x82, 0x08, 0x82, 0x08, 0x62, 0x08, 0x62, 0x08, 0x62, 0x08, 0x62, 0x08, 0x62, 0x08, 0x82, 0x10,
    0x82, 0x10, 0x82, 0x10, 0x62, 0x10, 0x62, 0x10, 0x62, 0x10, 0x62, 0x10, 0x62, 0x10, 0x62, 0x10,
    0x82, 0x10, 0x82, 0x10, 0x82, 0x10, 0x82, 0x10, 0x82, 0x10, 0x82, 0x10, 0x62, 0x08, 0x62, 0x08,
    0x62, 0x10, 0x82, 0x10, 0x82, 0x10, 0x81, 0x10, 0x81, 0x10, 0x82, 0x10, 0x82, 0x10, 0x82, 0x10,
    0x82, 0x10, 0x82, 0x10, 0x82, 0x10, 0x82, 0x10, 0x82, 0x10, 0x82, 0x10, 0x82, 0x10, 0x82, 0x08,
    0x82, 0x08, 0x82, 0x08, 0x82, 0x10, 0x82, 0x10, 0x82, 0x10, 0x82, 0x10, 0x82, 0x10, 0x82, 0x10,
    0x82, 0x10, 0x82, 0x10, 0x82, 0x10, 0x82, 0x10, 0x82, 0x10, 0x82, 0x10, 0x82, 0x10, 0x82, 0x10,
    0x82, 0x10, 0x82, 0x10, 0x82, 0x10, 0x82, 0x10, 0x82, 0x10, 0x82, 0x10, 0x82, 0x10, 0x82, 0x10,
    0x82, 0x10, 0x82, 0x10, 0x82, 0x10, 0x82, 0x10, 0x82, 0x10, 0x82, 0x10, 0x82, 0x10, 0x82, 0x10,
    0x82, 0x10, 0x82, 0x10, 0x82, 0x10, 0x82, 0x10, 0x82, 0x10, 0x82, 0x10, 0x82, 0x10, 0x82, 0x10,
    0x82, 0x10, 0x82, 0x10, 0x82, 0x10, 0x82, 0x10, 0x82, 0x10, 0x82, 0x10, 0x82, 0x10, 0x82, 0x10,
    0x82, 0x10, 0x82, 0x10, 0x82, 0x10, 0xa2, 0x10, 0xa2, 0x10, 0x82, 0x10, 0x82, 0x10, 0x82, 0x10,
    0x82, 0x10, 0x82, 0x10, 0x82, 0x10, 0x82, 0x10, 0x82, 0x10, 0x82, 0x10, 0x82, 0x10, 0x82, 0x10,
    0x82, 0x10, 0x82, 0x10, 0x82, 0x10, 0x82, 0x10, 0x82, 0x08, 0x82, 0x08, 0x82, 0x08, 0x82, 0x10,
    0x82, 0x10, 0x82, 0x10, 0x82, 0x10, 0x82, 0x08, 0x82, 0x10, 0x82, 0x10, 0x82, 0x10, 0x82, 0x10,
    0x82, 0x08, 0x82, 0x08, 0x62, 0x08, 0x82, 0x08, 0x62, 0x08, 0x62, 0x08, 0x62, 0x08, 0x62, 0x08,
    0x62, 0x08, 0x62, 0x10, 0x62, 0x08, 0x82, 0x08, 0x82, 0x08, 0x82, 0x08, 0x62, 0x08, 0x62, 0x08,
    0x61, 0x08, 0x61, 0x08, 0x01, 0x00, 0x00, 0x00, 0x00, 0x00, 0x00, 0x00, 0x00, 0x00, 0x00, 0x00,
    0x00, 0x00, 0x00, 0x00, 0x00, 0x00, 0x00, 0x00, 0x00, 0x00, 0x00, 0x00, 0x01, 0x00, 0x61, 0x08,
    0x61, 0x08, 0x61, 0x08, 0x61, 0x08, 0x61, 0x08, 0x62, 0x08, 0x20, 0x00, 0xe4, 0x10, 0xc4, 0x10,
    0x20, 0x08, 0x41, 0x08, 0xa2, 0x10, 0x25, 0x19, 0x20, 0x08, 0x41, 0x08, 0x82, 0x08, 0x45, 0x19,
    0x20, 0x00, 0x61, 0x08, 0x20, 0x08, 0x05, 0x11, 0x82, 0x08, 0x41, 0x08, 0x61, 0x08, 0x41, 0x08,
    0xa2, 0x08, 0xe4, 0x10, 0x20, 0x08, 0x41, 0x08, 0x41, 0x08, 0x40, 0x08, 0x67, 0x19, 0x20, 0x00,
    0x41, 0x08, 0x41, 0x08, 0x21, 0x08, 0x46, 0x19, 0x62, 0x08, 0x20, 0x08, 0x61, 0x08, 0x41, 0x08,
    0x41, 0x08, 0x41, 0x08, 0x41, 0x08, 0x41, 0x08, 0x41, 0x08, 0x41, 0x08, 0x41, 0x08, 0x61, 0x08,
    0x61, 0x08, 0x61, 0x08, 0x61, 0x08, 0x61, 0x08, 0x61, 0x08, 0x61, 0x08, 0x61, 0x08, 0x41, 0x08,
    0x62, 0x08, 0x62, 0x08, 0x61, 0x08, 0x61, 0x08, 0x61, 0x08, 0x61, 0x08, 0x62, 0x08, 0x62, 0x08,
    0x62, 0x08, 0x62, 0x08, 0x62, 0x08, 0x62, 0x08, 0x62, 0x08, 0x62, 0x08, 0x62, 0x08, 0x61, 0x08,
    0x61, 0x08, 0x61, 0x08, 0x62, 0x08, 0x62, 0x08, 0x62, 0x08, 0x41, 0x08, 0xe4, 0x10, 0x62, 0x08,
    0x61, 0x08, 0x62, 0x08, 0x62, 0x08, 0x62, 0x08, 0x62, 0x08, 0x62, 0x08, 0x62, 0x08, 0x62, 0x08,
    0x62, 0x08, 0x62, 0x08, 0x62, 0x08, 0x62, 0x08, 0x62, 0x08, 0x62, 0x08, 0x62, 0x08, 0x82, 0x08,
    0x82, 0x08, 0x82, 0x10, 0x82, 0x10, 0x82, 0x10, 0x82, 0x10, 0x82, 0x08, 0x82, 0x08, 0x82, 0x08,
    0x82, 0x08, 0x82, 0x08, 0x62, 0x08, 0x62, 0x08, 0x62, 0x08, 0x62, 0x08, 0x62, 0x08, 0x62, 0x08,
    0x82, 0x10, 0x62, 0x08, 0x62, 0x08, 0x62, 0x08, 0x62, 0x10, 0x62, 0x10, 0x62, 0x10, 0x62, 0x10,
    0x82, 0x10, 0x82, 0x10, 0x62, 0x08, 0x62, 0x08, 0x62, 0x08, 0x62, 0x08, 0x62, 0x08, 0x62, 0x08,
    0x62, 0x08, 0x82, 0x10, 0x82, 0x10, 0x81, 0x10, 0x82, 0x10, 0x82, 0x10, 0x82, 0x10, 0x82, 0x10,
    0x82, 0x10, 0x82, 0x10, 0x82, 0x10, 0x82, 0x10, 0x82, 0x10, 0x82, 0x10, 0x82, 0x08, 0x62, 0x08,
    0x62, 0x10, 0x82, 0x08, 0x82, 0x10, 0x82, 0x10, 0x82, 0x10, 0x82, 0x10, 0x82, 0x10, 0x82, 0x10,
    0x82, 0x10, 0x82, 0x10, 0x82, 0x10, 0x82, 0x10, 0x82, 0x10, 0x82, 0x10, 0x82, 0x10, 0x82, 0x10,
    0x82, 0x10, 0x82, 0x10, 0x82, 0x10, 0x82, 0x10, 0x82, 0x10, 0x82, 0x10, 0x82, 0x10, 0x82, 0x10,
    0x82, 0x10, 0x82, 0x10, 0x82, 0x10, 0x82, 0x10, 0x82, 0x08, 0x82, 0x08, 0x82, 0x08, 0x82, 0x10,
    0x82, 0x10, 0x82, 0x10, 0x82, 0x10, 0x82, 0x10, 0x82, 0x10, 0x82, 0x10, 0x82, 0x10, 0x82, 0x10,
    0x82, 0x10, 0x82, 0x10, 0x82, 0x10, 0x82, 0x08, 0x82, 0x08, 0x82, 0x10, 0x82, 0x10, 0x82, 0x10,
    0x82, 0x10, 0x81, 0x10, 0x82, 0x10, 0x82, 0x10, 0x82, 0x10, 0x82, 0x10, 0x82, 0x10, 0x82, 0x10,
    0x82, 0x10, 0x82, 0x10, 0xa2, 0x10, 0x82, 0x10, 0x82, 0x10, 0x82, 0x10, 0x82, 0x10, 0x82, 0x10,
    0x82, 0x10, 0x82, 0x10, 0x82, 0x10, 0x82, 0x08, 0x82, 0x08, 0x82, 0x08, 0x82, 0x08, 0x82, 0x08,
    0x82, 0x08, 0x82, 0x08, 0x82, 0x08, 0x82, 0x08, 0x62, 0x08, 0x82, 0x10, 0x82, 0x08, 0x82, 0x08,
    0x82, 0x08, 0x82, 0x08, 0x62, 0x08, 0x62, 0x08, 0x62, 0x08, 0x62, 0x08, 0x62, 0x08, 0x62, 0x08,
    0x62, 0x10, 0x62, 0x10, 0x62, 0x10, 0x82, 0x08, 0x62, 0x08, 0x62, 0x08, 0x62, 0x08, 0x61, 0x08,
    0x61, 0x08, 0x21, 0x00, 0xc5, 0x29, 0x25, 0x2a, 0x25, 0x2a, 0x25, 0x2a, 0x25, 0x2a, 0x25, 0x2a,
    0x25, 0x2a, 0x45, 0x2a, 0x45, 0x2a, 0x45, 0x2a, 0x45, 0x2a, 0x85, 0x32, 0xc4, 0x21, 0x21, 0x00,
    0x61, 0x08, 0x61, 0x08, 0x61, 0x08, 0x61, 0x08, 0x62, 0x08, 0x20, 0x00, 0xe4, 0x10, 0xc4, 0x10,
    0x20, 0x08, 0x41, 0x08, 0xa2, 0x10, 0x25, 0x19, 0x20, 0x08, 0x41, 0x08, 0x82, 0x08, 0x45, 0x19,
    0x20, 0x00, 0x61, 0x08, 0x41, 0x08, 0x82, 0x08, 0x61, 0x08, 0x41, 0x08, 0x61, 0x08, 0x41, 0x08,
    0xa2, 0x08, 0xe4, 0x10, 0x20, 0x08, 0x41, 0x08, 0x41, 0x08, 0x40, 0x08, 0x67, 0x19, 0x20, 0x08,
    0x41, 0x08, 0x41, 0x08, 0x62, 0x08, 0xe4, 0x10, 0x20, 0x08, 0x62, 0x08, 0x61, 0x08, 0x61, 0x08,
    0x61, 0x08, 0x41, 0x08, 0x41, 0x08, 0x41, 0x08, 0x41, 0x08, 0x41, 0x08, 0x61, 0x08, 0x61, 0x08,
    0x61, 0x08, 0x61, 0x08, 0x61, 0x08, 0x61, 0x08, 0x61, 0x08, 0x61, 0x08, 0x61, 0x08, 0x41, 0x08,
    0x62, 0x08, 0x62, 0x08, 0x61, 0x08, 0x61, 0x08, 0x61, 0x08, 0x81, 0x08, 0x62, 0x08, 0x62, 0x08,
    0x62, 0x08, 0x62, 0x08, 0x62, 0x08, 0x62, 0x08, 0x62, 0x08, 0x62, 0x08, 0x62, 0x08, 0x61, 0x08,
    0x61, 0x08, 0x61, 0x08, 0x62, 0x08, 0x62, 0x08, 0x62, 0x08, 0x41, 0x08, 0xe4, 0x10, 0x61, 0x08,
    0x40, 0x08, 0x41, 0x08, 0x41, 0x08, 0x41, 0x08, 0x41, 0x08, 0x41, 0x08, 0x41, 0x08, 0x41, 0x08,
    0x62, 0x08, 0x62, 0x08, 0x62, 0x08, 0x62, 0x08, 0x62, 0x08, 0x62, 0x08, 0x82, 0x08, 0x82, 0x08,
    0x82, 0x08, 0x82, 0x10, 0x82, 0x10, 0x82, 0x10, 0x82, 0x10, 0x82, 0x08, 0x82, 0x08, 0x82, 0x08,
    0x82, 0x08, 0x62, 0x08, 0x62, 0x08, 0x62, 0x08, 0x62, 0x08, 0x62, 0x08, 0x62, 0x08, 0x62, 0x08,
    0x62, 0x08, 0x62, 0x08, 0x62, 0x08, 0x82, 0x10, 0x82, 0x10, 0x82, 0x10, 0x62, 0x10, 0x82, 0x10,
    0x82, 0x10, 0x62, 0x08, 0x62, 0x08, 0x62, 0x08, 0x62, 0x08, 0x62, 0x08, 0x62, 0x08, 0x62, 0x08,
    0x62, 0x08, 0x62, 0x08, 0x82, 0x10, 0x62, 0x10, 0x82, 0x10, 0x82, 0x08, 0x82, 0x08, 0x82, 0x10,
    0x82, 0x08, 0x82, 0x08, 0x82, 0x10, 0x82, 0x10, 0x82, 0x10, 0x82, 0x08, 0x82, 0x08, 0x62, 0x10,
    0x62, 0x08, 0x62, 0x08, 0x62, 0x08, 0x81, 0x10, 0x82, 0x10, 0x82, 0x10, 0x82, 0x10, 0x82, 0x10,
    0x82, 0x10, 0x82, 0x10, 0x82, 0x10, 0x82, 0x10, 0x82, 0x10, 0x82, 0x10, 0x82, 0x10, 0x82, 0x10,
    0x82, 0x10, 0x82, 0x10, 0x82, 0x10, 0x82, 0x10, 0x82, 0x10, 0x82, 0x10, 0x82, 0x10, 0x82, 0x10,
    0x82, 0x10, 0x82, 0x10, 0x82, 0x10, 0x82, 0x10, 0x62, 0x08, 0x82, 0x08, 0x82, 0x08, 0x82, 0x10,
    0x82, 0x10, 0x82, 0x10, 0x82, 0x10, 0x82, 0x10, 0xa2, 0x10, 0x82, 0x10, 0x82, 0x10, 0x82, 0x10,
    0x82, 0x10, 0x82, 0x10, 0x82, 0x10, 0x82, 0x08, 0x82, 0x08, 0x82, 0x10, 0x82, 0x10, 0x82, 0x10,
    0x81, 0x10, 0x81, 0x10, 0x81, 0x10, 0x82, 0x10, 0x82, 0x10, 0x82, 0x10, 0x82, 0x10, 0x82, 0x10,
    0x82, 0x10, 0x82, 0x10, 0x82, 0x10, 0x82, 0x10, 0x82, 0x10, 0x82, 0x10, 0x82, 0x10, 0x82, 0x10,
    0x82, 0x10, 0x82, 0x10, 0x82, 0x10, 0x82, 0x10, 0x82, 0x10, 0x82, 0x08, 0x62, 0x08, 0x62, 0x10,
    0x82, 0x08, 0x82, 0x08, 0x82, 0x08, 0x82, 0x08, 0x82, 0x10, 0x62, 0x10, 0x82, 0x08, 0x82, 0x08,
    0x82, 0x08, 0x82, 0x08, 0x62, 0x08, 0x62, 0x08, 0x62, 0x08, 0x62, 0x08, 0x62, 0x08, 0x82, 0x10,
    0x82, 0x10, 0x82, 0x10, 0x82, 0x08, 0x62, 0x08, 0x62, 0x08, 0x62, 0x08, 0x61, 0x08, 0x41, 0x08,
    0x61, 0x08, 0x00, 0x00, 0x4b, 0x5c, 0x2b, 0x65, 0xca, 0x5c, 0xeb, 0x64, 0xeb, 0x64, 0xeb, 0x64,
    0xeb, 0x64, 0xeb, 0x64, 0xeb, 0x64, 0xeb, 0x64, 0xca, 0x5c, 0x6b, 0x6d, 0xc9, 0x4b, 0x00, 0x00,
    0x61, 0x08, 0x61, 0x08, 0x61, 0x08, 0x61, 0x08, 0x61, 0x08, 0x20, 0x00, 0xe4, 0x10, 0xc3, 0x10,
    0x20, 0x08, 0x41, 0x08, 0xa3, 0x10, 0x25, 0x19, 0x20, 0x08, 0x41, 0x08, 0x82, 0x08, 0x45, 0x19,
    0x20, 0x00, 0x41, 0x08, 0x41, 0x08, 0x41, 0x08, 0x41, 0x08, 0x61, 0x08, 0x61, 0x08, 0x20, 0x08,
    0xa2, 0x08, 0xe4, 0x10, 0x20, 0x08, 0x41, 0x08, 0x41, 0x08, 0x40, 0x08, 0x67, 0x19, 0x20, 0x08,
    0x41, 0x08, 0x41, 0x08, 0x62, 0x08, 0xe5, 0x10, 0x20, 0x08, 0x61, 0x08, 0x61, 0x08, 0x61, 0x08,
    0x61, 0x08, 0x61, 0x08, 0x61, 0x08, 0x61, 0x08, 0x61, 0x08, 0x61, 0x08, 0x61, 0x08, 0x61, 0x08,
    0x61, 0x08, 0x61, 0x08, 0x61, 0x08, 0x41, 0x08, 0x41, 0x08, 0x61, 0x08, 0x61, 0x08, 0x41, 0x08,
    0x62, 0x08, 0x62, 0x08, 0x62, 0x08, 0x61, 0x08, 0x61, 0x08, 0x61, 0x08, 0x62, 0x08, 0x62, 0x08,
    0x62, 0x08, 0x62, 0x08, 0x62, 0x08, 0x62, 0x08, 0x62, 0x08, 0x62, 0x08, 0x61, 0x08, 0x61, 0x08,
    0x61, 0x08, 0x61, 0x08, 0x62, 0x08, 0x62, 0x08, 0x62, 0x08, 0x40, 0x08, 0x04, 0x11, 0x05, 0x11,
    0x05, 0x11, 0x25, 0x11, 0x25, 0x11, 0x25, 0x11, 0x25, 0x11, 0x05, 0x11, 0x05, 0x11, 0xa3, 0x10,
    0x61, 0x08, 0x62, 0x08, 0x62, 0x08, 0x62, 0x08, 0x62, 0x08, 0x62, 0x08, 0x62, 0x08, 0x82, 0x08,
    0x82, 0x08, 0x82, 0x10, 0x82, 0x10, 0x82, 0x10, 0x82, 0x10, 0x82, 0x08, 0x82, 0x08, 0x82, 0x08,
    0x82, 0x08, 0x82, 0x08, 0x82, 0x08, 0x62, 0x08, 0x62, 0x08, 0x62, 0x08, 0x62, 0x08, 0x62, 0x08,
    0x62, 0x08, 0x62, 0x08, 0x62, 0x08, 0x82, 0x10, 0x82, 0x10, 0x82, 0x10, 0x82, 0x10, 0x82, 0x08,
    0x82, 0x08, 0x62, 0x08, 0x62, 0x08, 0x62, 0x08, 0x62, 0x08, 0x62, 0x08, 0x62, 0x08, 0x62, 0x08,
    0x62, 0x08, 0x82, 0x08, 0x82, 0x10, 0x82, 0x10, 0x62, 0x08, 0x62, 0x08, 0x82, 0x08, 0x82, 0x08,
    0x82, 0x08, 0x82, 0x10, 0x82, 0x10, 0x82, 0x10, 0x82, 0x08, 0x82, 0x08, 0x82, 0x08, 0x82, 0x10,
    0x62, 0x08, 0x82, 0x10, 0x82, 0x10, 0x82, 0x10, 0x82, 0x10, 0x82, 0x10, 0x82, 0x10, 0x82, 0x10,
    0x82, 0x10, 0x82, 0x10, 0x82, 0x10, 0x82, 0x10, 0x82, 0x10, 0x82, 0x10, 0x82, 0x10, 0x82, 0x10,
    0x82, 0x10, 0x82, 0x10, 0x82, 0x10, 0x82, 0x10, 0x82, 0x10, 0x82, 0x10, 0x82, 0x10, 0x82, 0x10,
    0x82, 0x10, 0x82, 0x10, 0x82, 0x10, 0x62, 0x10, 0x62, 0x10, 0x62, 0x08, 0x62, 0x08, 0x82, 0x08,
    0x82, 0x10, 0x82, 0x10, 0x82, 0x10, 0x82, 0x10, 0x82, 0x10, 0x82, 0x10, 0x82, 0x10, 0x82, 0x10,
    0x82, 0x10, 0x82, 0x10, 0x82, 0x10, 0x82, 0x10, 0x82, 0x10, 0x82, 0x10, 0x82, 0x10, 0x82, 0x10,
    0x81, 0x10, 0x81, 0x10, 0x82, 0x10, 0x82, 0x10, 0x82, 0x10, 0x82, 0x10, 0x82, 0x10, 0x82, 0x10,
    0x82, 0x10, 0x82, 0x10, 0x82, 0x10, 0x82, 0x10, 0x82, 0x08, 0x82, 0x10, 0x82, 0x10, 0x82, 0x10,
    0x82, 0x10, 0x82, 0x10, 0x82, 0x10, 0x82, 0x10, 0x82, 0x10, 0x82, 0x10, 0x82, 0x10, 0x82, 0x10,
    0x82, 0x08, 0x82, 0x08, 0x82, 0x08, 0x62, 0x08, 0x62, 0x08, 0x62, 0x08, 0x62, 0x08, 0x62, 0x08,
    0x82, 0x08, 0x62, 0x08, 0x62, 0x08, 0x62, 0x08, 0x62, 0x08, 0x62, 0x08, 0x82, 0x10, 0x82, 0x10,
    0x82, 0x10, 0x82, 0x10, 0x82, 0x08, 0x62, 0x08, 0x62, 0x08, 0x62, 0x08, 0x61, 0x08, 0x61, 0x08,
    0x41, 0x08, 0x00, 0x00, 0xea, 0x53, 0x69, 0x54, 0x2a, 0x54, 0x2a, 0x54, 0x4a, 0x54, 0x4a, 0x54,
    0x4a, 0x54, 0x4a, 0x54, 0x4a, 0x54, 0x4a, 0x54, 0x2a, 0x54, 0xcb, 0x5c, 0x48, 0x43, 0x00, 0x00,
    0x62, 0x08, 0x61, 0x08, 0x61, 0x08, 0x61, 0x08, 0x62, 0x08, 0x20, 0x00, 0xe4, 0x10, 0xc3, 0x10,
    0x20, 0x08, 0x41, 0x08, 0xa2, 0x10, 0x25, 0x19, 0x20, 0x08, 0x41, 0x08, 0x82, 0x08, 0x45, 0x19,
    0x20, 0x00, 0x41, 0x08, 0x41, 0x08, 0x41, 0x08, 0x61, 0x08, 0x61, 0x08, 0x61, 0x08, 0x20, 0x08,
    0xa2, 0x08, 0xe4, 0x10, 0x20, 0x08, 0x41, 0x08, 0x41, 0x08, 0x40, 0x08, 0x67, 0x19, 0x20, 0x08,
    0x61, 0x08, 0x41, 0x08, 0x61, 0x08, 0xe5, 0x10, 0x20, 0x08, 0x61, 0x08, 0x61, 0x08, 0x61, 0x08,
    0x61, 0x08, 0x61, 0x08, 0x61, 0x08, 0x61, 0x08, 0x61, 0x08, 0x61, 0x08, 0x61, 0x08, 0x61, 0x08,
    0x61, 0x08, 0x61, 0x08, 0x41, 0x08, 0x41, 0x08, 0x61, 0x08, 0x61, 0x08, 0x61, 0x08, 0x41, 0x08,
    0x61, 0x08, 0x61, 0x08, 0x61, 0x08, 0x61, 0x08, 0x61, 0x08, 0x61, 0x08, 0x62, 0x08, 0x62, 0x08,
    0x62, 0x08, 0x62, 0x08, 0x62, 0x08, 0x62, 0x08, 0x62, 0x08, 0x62, 0x08, 0x62, 0x08, 0x61, 0x08,
    0x61, 0x08, 0x61, 0x08, 0x62, 0x08, 0x62, 0x08, 0x62, 0x08, 0x41, 0x08, 0xe4, 0x10, 0x82, 0x10,
    0x61, 0x10, 0x61, 0x08, 0x61, 0x10, 0x61, 0x10, 0x61, 0x08, 0x61, 0x08, 0x61, 0x08, 0x61, 0x08,
    0x62, 0x08, 0x62, 0x08, 0x62, 0x08, 0x62, 0x08, 0x62, 0x08, 0x62, 0x08, 0x82, 0x10, 0x82, 0x08,
    0x82, 0x08, 0x82, 0x10, 0x82, 0x10, 0x82, 0x10, 0x82, 0x10, 0x82, 0x10, 0x82, 0x08, 0x82, 0x08,
    0x82, 0x10, 0x82, 0x08, 0x82, 0x08, 0x81, 0x08, 0x62, 0x08, 0x62, 0x08, 0x62, 0x08, 0x62, 0x08,
    0x62, 0x08, 0x62, 0x08, 0x62, 0x08, 0x62, 0x08, 0x82, 0x10, 0x82, 0x10, 0x62, 0x08, 0x61, 0x08,
    0x61, 0x08, 0x62, 0x08, 0x62, 0x08, 0x62, 0x08, 0x62, 0x08, 0x62, 0x08, 0x62, 0x08, 0x62, 0x08,
    0x62, 0x08, 0x82, 0x08, 0x62, 0x08, 0x82, 0x10, 0x82, 0x10, 0x82, 0x10, 0x82, 0x08, 0x82, 0x08,
    0x82, 0x10, 0x82, 0x10, 0x82, 0x10, 0x82, 0x10, 0x82, 0x10, 0x82, 0x10, 0x82, 0x10, 0x82, 0x08,
    0x62, 0x08, 0x82, 0x10, 0x41, 0x08, 0x21, 0x08, 0x62, 0x08, 0x82, 0x10, 0x82, 0x10, 0x82, 0x10,
    0x82, 0x10, 0x82, 0x10, 0x82, 0x10, 0x82, 0x10, 0x82, 0x10, 0x82, 0x10, 0x82, 0x10, 0x82, 0x10,
    0x82, 0x10, 0x82, 0x10, 0x82, 0x10, 0x82, 0x10, 0x82, 0x10, 0x82, 0x10, 0x82, 0x10, 0x82, 0x08,
    0x82, 0x08, 0x82, 0x08, 0x82, 0x10, 0x82, 0x10, 0x62, 0x10, 0x62, 0x08, 0x82, 0x08, 0x82, 0x10,
    0x82, 0x10, 0x82, 0x10, 0x82, 0x10, 0x82, 0x10, 0x82, 0x10, 0x82, 0x10, 0x82, 0x10, 0x82, 0x10,
    0x82, 0x10, 0x82, 0x10, 0x82, 0x10, 0x82, 0x10, 0x82, 0x10, 0x82, 0x10, 0x82, 0x10, 0x82, 0x10,
    0x82, 0x10, 0x82, 0x10, 0x82, 0x10, 0x82, 0x10, 0x82, 0x10, 0x82, 0x10, 0x82, 0x10, 0x82, 0x08,
    0x82, 0x08, 0x82, 0x10, 0x82, 0x10, 0x82, 0x08, 0x82, 0x08, 0x62, 0x10, 0x62, 0x10, 0x62, 0x10,
    0x62, 0x10, 0x62, 0x10, 0x82, 0x10, 0x82, 0x10, 0x82, 0x10, 0x82, 0x10, 0x82, 0x10, 0x82, 0x08,
    0x82, 0x08, 0x82, 0x08, 0x62, 0x08, 0x62, 0x08, 0x62, 0x08, 0x62, 0x08, 0x62, 0x08, 0x62, 0x08,
    0x62, 0x08, 0x62, 0x08, 0x62, 0x08, 0x61, 0x08, 0x62, 0x08, 0x62, 0x08, 0x82, 0x10, 0x82, 0x10,
    0x82, 0x10, 0x82, 0x10, 0x82, 0x10, 0x82, 0x08, 0x62, 0x08, 0x62, 0x08, 0x61, 0x08, 0x61, 0x08,
    0x61, 0x08, 0x00, 0x00, 0xea, 0x53, 0x89, 0x54, 0x4a, 0x54, 0x4a, 0x54, 0x4a, 0x54, 0x6a, 0x54,
    0x6a, 0x5c, 0x6a, 0x5c, 0x6a, 0x54, 0x6a, 0x54, 0x4a, 0x54, 0xeb, 0x5c, 0x68, 0x4b, 0x00, 0x00,
    0x62, 0x08, 0x61, 0x08, 0x61, 0x08, 0x61, 0x08, 0x61, 0x08, 0x20, 0x08, 0xe4, 0x10, 0xc3, 0x10,
    0x20, 0x08, 0x41, 0x08, 0xa2, 0x10, 0x25, 0x19, 0x20, 0x08, 0x41, 0x08, 0x82, 0x08, 0x45, 0x19,
    0x20, 0x00, 0x41, 0x08, 0x41, 0x08, 0x41, 0x08, 0x61, 0x08, 0x61, 0x08, 0x61, 0x08, 0x20, 0x08,
    0x82, 0x08, 0xe4, 0x10, 0x20, 0x08, 0x41, 0x08, 0x41, 0x08, 0x40, 0x08, 0x67, 0x19, 0x20, 0x08,
    0x61, 0x08, 0x41, 0x08, 0x61, 0x08, 0x05, 0x11, 0x20, 0x08, 0x61, 0x08, 0x61, 0x08, 0x61, 0x08,
    0x61, 0x08, 0x61, 0x08, 0x61, 0x08, 0x61, 0x08, 0x61, 0x08, 0x61, 0x08, 0x61, 0x08, 0x61, 0x08,
    0x61, 0x08, 0x61, 0x08, 0x61, 0x08, 0x41, 0x08, 0x41, 0x08, 0x61, 0x08, 0x61, 0x08, 0x61, 0x08,
    0x61, 0x08, 0x61, 0x08, 0x61, 0x08, 0x61, 0x08, 0x61, 0x08, 0x62, 0x08, 0x62, 0x08, 0x62, 0x08,
    0x62, 0x08, 0x62, 0x08, 0x62, 0x08, 0x62, 0x08, 0x62, 0x08, 0x62, 0x08, 0x61, 0x08, 0x61, 0x08,
    0x61, 0x08, 0x61, 0x08, 0x61, 0x08, 0x61, 0x08, 0x61, 0x08, 0x41, 0x08, 0xe4, 0x10, 0x82, 0x08,
    0x82, 0x08, 0x61, 0x08, 0x61, 0x08, 0x61, 0x08, 0x62, 0x08, 0x62, 0x08, 0x61, 0x08, 0x62, 0x08,
    0x82, 0x08, 0x62, 0x08, 0x62, 0x08, 0x62, 0x08, 0x62, 0x08, 0x62, 0x08, 0x82, 0x10, 0x82, 0x08,
    0x82, 0x10, 0x82, 0x10, 0x82, 0x10, 0x62, 0x10, 0x82, 0x10, 0x82, 0x08, 0x62, 0x08, 0x62, 0x08,
    0x62, 0x08, 0x82, 0x08, 0x62, 0x08, 0x62, 0x08, 0x62, 0x08, 0x62, 0x08, 0x62, 0x08, 0x62, 0x08,
    0x62, 0x08, 0x61, 0x08, 0x62, 0x08, 0x62, 0x08, 0x61, 0x08, 0x61, 0x08, 0x61, 0x08, 0x61, 0x08,
    0x62, 0x08, 0x62, 0x08, 0x62, 0x08, 0x62, 0x08, 0x62, 0x08, 0x62, 0x08, 0x62, 0x08, 0x62, 0x08,
    0x61, 0x08, 0x61, 0x08, 0x62, 0x08, 0x82, 0x08, 0x82, 0x08, 0x82, 0x08, 0x82, 0x10, 0x82, 0x10,
    0x82, 0x10, 0x82, 0x10, 0x82, 0x10, 0x82, 0x10, 0x82, 0x10, 0x82, 0x10, 0x82, 0x10, 0x82, 0x08,
    0x82, 0x08, 0x62, 0x08, 0xe3, 0x10, 0x23, 0x19, 0xa2, 0x10, 0x62, 0x08, 0x82, 0x08, 0x82, 0x08,
    0x82, 0x10, 0x82, 0x10, 0x82, 0x10, 0x82, 0x10, 0x82, 0x10, 0x82, 0x08, 0x82, 0x10, 0x82, 0x10,
    0x82, 0x10, 0x82, 0x10, 0x82, 0x10, 0x82, 0x10, 0x82, 0x10, 0x82, 0x10, 0x82, 0x08, 0x62, 0x08,
    0x62, 0x08, 0x62, 0x08, 0x61, 0x08, 0x41, 0x08, 0x41, 0x08, 0x62, 0x08, 0x82, 0x08, 0x82, 0x08,
    0x82, 0x08, 0x82, 0x10, 0x82, 0x10, 0x82, 0x10, 0x82, 0x10, 0x82, 0x10, 0x82, 0x10, 0x82, 0x10,
    0x82, 0x10, 0x82, 0x10, 0x82, 0x10, 0x82, 0x10, 0x82, 0x10, 0x82, 0x10, 0x82, 0x10, 0x82, 0x10,
    0x82, 0x10, 0x82, 0x10, 0x82, 0x10, 0x82, 0x10, 0x82, 0x10, 0x82, 0x10, 0x82, 0x10, 0x82, 0x08,
    0x82, 0x08, 0x82, 0x10, 0x82, 0x08, 0x62, 0x10, 0x62, 0x08, 0x62, 0x10, 0x62, 0x08, 0x62, 0x08,
    0x62, 0x10, 0x62, 0x08, 0x62, 0x10, 0x82, 0x10, 0x62, 0x08, 0x82, 0x10, 0x82, 0x10, 0x82, 0x10,
    0x82, 0x10, 0x82, 0x08, 0x62, 0x08, 0x62, 0x08, 0x62, 0x08, 0x41, 0x08, 0x41, 0x08, 0x61, 0x08,
    0x62, 0x08, 0x62, 0x08, 0x62, 0x08, 0x61, 0x08, 0x61, 0x08, 0x62, 0x08, 0x61, 0x08, 0x61, 0x08,
    0x61, 0x08, 0x82, 0x10, 0x82, 0x10, 0x62, 0x08, 0x62, 0x08, 0x62, 0x08, 0x61, 0x08, 0x61, 0x08,
    0x61, 0x08, 0x00, 0x00, 0x0a, 0x54, 0xa9, 0x54, 0x4a, 0x54, 0x6a, 0x54, 0x6a, 0x54, 0x6a, 0x54,
    0x6a, 0x5c, 0x6a, 0x5c, 0x6a, 0x5c, 0x6a, 0x5c, 0x4a, 0x54, 0xeb, 0x64, 0x68, 0x43, 0x00, 0x00,
    0x62, 0x08, 0x61, 0x08, 0x61, 0x08, 0x61, 0x08, 0x62, 0x08, 0x20, 0x08, 0xe4, 0x10, 0xc3, 0x10,
    0x20, 0x08, 0x41, 0x08, 0xa2, 0x10, 0x25, 0x19, 0x20, 0x08, 0x41, 0x08, 0x82, 0x08, 0x25, 0x19,
    0x20, 0x00, 0x41, 0x08, 0x41, 0x08, 0x41, 0x08, 0x41, 0x08, 0x61, 0x08, 0x61, 0x08, 0x20, 0x08,
    0xa2, 0x08, 0xe4, 0x10, 0x00, 0x00, 0x41, 0x08, 0x41, 0x08, 0x20, 0x08, 0x67, 0x19, 0x20, 0x00,
    0x41, 0x08, 0x41, 0x08, 0x62, 0x08, 0x05, 0x11, 0x20, 0x08, 0x61, 0x08, 0x61, 0x08, 0x61, 0x08,
    0x61, 0x08, 0x61, 0x08, 0x41, 0x08, 0x61, 0x08, 0x61, 0x08, 0x61, 0x08, 0x61, 0x08, 0x61, 0x08,
    0x61, 0x08, 0x61, 0x08, 0x61, 0x08, 0x41, 0x08, 0x61, 0x08, 0x61, 0x08, 0x61, 0x08, 0x61, 0x08,
    0x61, 0x08, 0x61, 0x08, 0x61, 0x08, 0x61, 0x08, 0x61, 0x08, 0x62, 0x08, 0x62, 0x08, 0x62, 0x08,
    0x62, 0x08, 0x62, 0x08, 0x62, 0x08, 0x62, 0x08, 0x62, 0x08, 0x62, 0x08, 0x81, 0x08, 0x61, 0x08,
    0x81, 0x08, 0x81, 0x08, 0x61, 0x08, 0x61, 0x08, 0x61, 0x08, 0x41, 0x08, 0xc4, 0x10, 0x82, 0x08,
    0xa3, 0x08, 0x41, 0x08, 0x62, 0x08, 0x62, 0x08, 0x62, 0x08, 0x62, 0x08, 0x62, 0x08, 0x82, 0x08,
    0x82, 0x08, 0x62, 0x08, 0x62, 0x08, 0x62, 0x08, 0x62, 0x08, 0x62, 0x08, 0x62, 0x08, 0x82, 0x08,
    0x82, 0x08, 0x82, 0x10, 0x62, 0x08, 0x62, 0x08, 0x62, 0x08, 0x62, 0x08, 0x62, 0x08, 0x62, 0x08,
    0x62, 0x08, 0x41, 0x08, 0x21, 0x08, 0x21, 0x00, 0x21, 0x00, 0x21, 0x00, 0x21, 0x00, 0x21, 0x00,
    0x21, 0x00, 0x41, 0x08, 0x62, 0x08, 0x62, 0x08, 0x62, 0x08, 0x62, 0x08, 0x62, 0x08, 0x62, 0x08,
    0x62, 0x08, 0x41, 0x08, 0x21, 0x08, 0x21, 0x08, 0x41, 0x08, 0x41, 0x08, 0x41, 0x08, 0x41, 0x08,
    0x82, 0x08, 0x82, 0x08, 0x62, 0x08, 0x81, 0x08, 0x62, 0x08, 0x82, 0x08, 0x82, 0x08, 0x82, 0x10,
    0x82, 0x10, 0x82, 0x10, 0x82, 0x10, 0x82, 0x10, 0x82, 0x10, 0x82, 0x10, 0x62, 0x08, 0x62, 0x08,
    0x62, 0x08, 0x00, 0x00, 0xe9, 0x53, 0xcc, 0x6d, 0xe5, 0x29, 0x01, 0x00, 0x82, 0x10, 0x62, 0x08,
    0x62, 0x08, 0x82, 0x10, 0x82, 0x08, 0x82, 0x08, 0x82, 0x08, 0x82, 0x08, 0x82, 0x10, 0x82, 0x10,
    0x82, 0x10, 0x82, 0x10, 0x82, 0x10, 0x82, 0x08, 0x62, 0x08, 0x62, 0x08, 0x62, 0x08, 0x62, 0x08,
    0x61, 0x08, 0x41, 0x08, 0x61, 0x08, 0x82, 0x08, 0x82, 0x10, 0x62, 0x08, 0x82, 0x08, 0x82, 0x08,
    0x82, 0x08, 0x82, 0x10, 0x82, 0x10, 0x82, 0x08, 0x82, 0x08, 0x82, 0x10, 0x82, 0x10, 0x82, 0x10,
    0x82, 0x08, 0x82, 0x10, 0x82, 0x10, 0x82, 0x10, 0x82, 0x10, 0x82, 0x10, 0x82, 0x10, 0x82, 0x10,
    0x82, 0x10, 0x82, 0x08, 0x82, 0x10, 0x82, 0x10, 0x82, 0x10, 0x82, 0x10, 0x82, 0x08, 0x82, 0x08,
    0x82, 0x10, 0x82, 0x08, 0x82, 0x08, 0x82, 0x08, 0x82, 0x10, 0x82, 0x10, 0x62, 0x10, 0x62, 0x10,
    0x62, 0x10, 0x62, 0x08, 0x62, 0x08, 0x62, 0x08, 0x62, 0x08, 0x82, 0x10, 0x82, 0x08, 0x61, 0x08,
    0x62, 0x08, 0x62, 0x08, 0x62, 0x08, 0x61, 0x08, 0x61, 0x08, 0x61, 0x08, 0x61, 0x08, 0x61, 0x08,
    0x61, 0x08, 0x62, 0x08, 0x61, 0x08, 0x61, 0x08, 0x61, 0x08, 0x61, 0x08, 0x61, 0x08, 0x61, 0x08,
    0x61, 0x08, 0x62, 0x08, 0x82, 0x08, 0x62, 0x08, 0x62, 0x08, 0x62, 0x08, 0x61, 0x08, 0x61, 0x08,
    0x61, 0x08, 0x00, 0x00, 0x0b, 0x54, 0xaa, 0x5c, 0x4a, 0x54, 0x6a, 0x54, 0x6a, 0x54, 0x6a, 0x5c,
    0x6a, 0x5c, 0x6a, 0x5c, 0x6a, 0x5c, 0x6a, 0x5c, 0x4a, 0x54, 0xeb, 0x64, 0x68, 0x4b, 0x00, 0x00,
    0x62, 0x08, 0x61, 0x08, 0x61, 0x08, 0x61, 0x08, 0x62, 0x08, 0x20, 0x08, 0xe4, 0x10, 0xc3, 0x10,
    0x20, 0x08, 0x41, 0x08, 0xa2, 0x10, 0x25, 0x19, 0x20, 0x08, 0x41, 0x08, 0x61, 0x08, 0x25, 0x19,
    0x20, 0x08, 0x61, 0x08, 0x41, 0x08, 0x41, 0x08, 0x41, 0x08, 0x41, 0x08, 0x61, 0x08, 0x20, 0x08,
    0xa2, 0x08, 0xe4, 0x10, 0x00, 0x00, 0x41, 0x08, 0x41, 0x08, 0x20, 0x00, 0x47, 0x19, 0x20, 0x00,
    0x41, 0x08, 0x41, 0x08, 0x61, 0x08, 0x05, 0x11, 0x20, 0x08, 0x61, 0x08, 0x61, 0x08, 0x61, 0x08,
    0x61, 0x08, 0x61, 0x08, 0x41, 0x08, 0x61, 0x08, 0x61, 0x08, 0x61, 0x08, 0x61, 0x08, 0x61, 0x08,
    0x61, 0x08, 0x61, 0x08, 0x61, 0x08, 0x61, 0x08, 0x61, 0x08, 0x61, 0x08, 0x61, 0x08, 0x61, 0x08,
    0x61, 0x08, 0x61, 0x08, 0x61, 0x08, 0x61, 0x08, 0x62, 0x08, 0x62, 0x08, 0x62, 0x08, 0x62, 0x08,
    0x62, 0x08, 0x62, 0x08, 0x62, 0x08, 0x62, 0x08, 0x62, 0x08, 0x62, 0x08, 0x81, 0x08, 0x61, 0x08,
    0x81, 0x08, 0x81, 0x08, 0x62, 0x08, 0x61, 0x08, 0x62, 0x08, 0x41, 0x08, 0xa3, 0x08, 0x61, 0x08,
    0xc4, 0x10, 0x41, 0x08, 0x62, 0x08, 0x61, 0x08, 0x62, 0x08, 0x82, 0x08, 0x82, 0x08, 0x62, 0x08,
    0x62, 0x08, 0x62, 0x08, 0x62, 0x08, 0x62, 0x08, 0x62, 0x08, 0x62, 0x08, 0x62, 0x08, 0x62, 0x10,
    0x82, 0x08, 0x62, 0x08, 0x62, 0x10, 0x62, 0x08, 0x62, 0x08, 0x62, 0x08, 0x62, 0x08, 0x62, 0x08,
    0x41, 0x08, 0xa2, 0x10, 0x49, 0x54, 0x08, 0x4c, 0xe8, 0x4b, 0xe8, 0x4b, 0xe8, 0x4b, 0xe8, 0x4b,
    0xe8, 0x4b, 0x68, 0x54, 0xe3, 0x10, 0x01, 0x00, 0x82, 0x08, 0x62, 0x08, 0x62, 0x08, 0x82, 0x08,
    0x01, 0x00, 0x48, 0x43, 0x28, 0x54, 0xc8, 0x4b, 0xe8, 0x4b, 0x08, 0x4c, 0x28, 0x54, 0xa2, 0x10,
    0x21, 0x00, 0x82, 0x10, 0x62, 0x08, 0x62, 0x08, 0x62, 0x08, 0x82, 0x08, 0x82, 0x10, 0x82, 0x10,
    0x82, 0x10, 0x82, 0x10, 0x82, 0x10, 0x82, 0x10, 0x82, 0x10, 0x82, 0x08, 0x62, 0x08, 0x82, 0x10,
    0x01, 0x00, 0x84, 0x21, 0xab, 0x5c, 0x2b, 0x65, 0x05, 0x2a, 0x01, 0x00, 0x82, 0x08, 0x62, 0x08,
    0x62, 0x08, 0x82, 0x10, 0x82, 0x10, 0x82, 0x08, 0x82, 0x08, 0x82, 0x08, 0x82, 0x08, 0x82, 0x08,
    0x82, 0x10, 0x82, 0x10, 0x82, 0x08, 0x62, 0x08, 0x62, 0x08, 0x62, 0x08, 0x62, 0x08, 0x62, 0x08,
    0x82, 0x08, 0x00, 0x00, 0x66, 0x32, 0x4b, 0x65, 0x6a, 0x54, 0x61, 0x08, 0x61, 0x08, 0x62, 0x08,
    0x82, 0x08, 0x82, 0x08, 0x82, 0x08, 0x82, 0x08, 0x82, 0x10, 0x82, 0x10, 0x82, 0x08, 0x62, 0x08,
    0x82, 0x08, 0x82, 0x10, 0x82, 0x10, 0x82, 0x10, 0x82, 0x10, 0x82, 0x10, 0x82, 0x10, 0x82, 0x08,
    0x82, 0x10, 0x82, 0x10, 0x82, 0x08, 0x82, 0x10, 0x82, 0x10, 0x82, 0x10, 0x82, 0x10, 0x82, 0x10,
    0x82, 0x10, 0x82, 0x10, 0x82, 0x10, 0x82, 0x08, 0x82, 0x08, 0x82, 0x10, 0x82, 0x10, 0x62, 0x08,
    0x62, 0x08, 0x62, 0x08, 0x62, 0x08, 0x62, 0x08, 0x62, 0x08, 0x62, 0x08, 0x62, 0x08, 0x62, 0x08,
    0x61, 0x08, 0x62, 0x08, 0x62, 0x08, 0x41, 0x08, 0x62, 0x08, 0x29, 0x54, 0xeb, 0x5c, 0x45, 0x2a,
    0x00, 0x00, 0x82, 0x08, 0x61, 0x08, 0x61, 0x08, 0x61, 0x08, 0x61, 0x08, 0x61, 0x08, 0x61, 0x08,
    0x61, 0x08, 0x62, 0x08, 0x62, 0x08, 0x62, 0x08, 0x62, 0x08, 0x62, 0x08, 0x62, 0x08, 0x61, 0x08,
    0x61, 0x08, 0x00, 0x00, 0x0b, 0x54, 0xaa, 0x5c, 0x4a, 0x54, 0x6a, 0x54, 0x6a, 0x54, 0x6a, 0x5c,
    0x6a, 0x5c, 0x6a, 0x5c, 0x6a, 0x5c, 0x6a, 0x54, 0x4a, 0x54, 0xeb, 0x64, 0x68, 0x4b, 0x00, 0x00,
    0x61, 0x08, 0x61, 0x08, 0x61, 0x08, 0x61, 0x08, 0x62, 0x08, 0x20, 0x08, 0xe4, 0x10, 0xc3, 0x10,
    0x20, 0x08, 0x41, 0x08, 0xa2, 0x10, 0x04, 0x11, 0x20, 0x08, 0x41, 0x08, 0x61, 0x08, 0x25, 0x11,
    0x20, 0x08, 0x41, 0x08, 0x41, 0x08, 0x41, 0x08, 0x41, 0x08, 0x41, 0x08, 0x41, 0x08, 0x20, 0x08,
    0xa2, 0x08, 0x04, 0x11, 0x20, 0x08, 0x41, 0x08, 0x41, 0x08, 0x20, 0x08, 0x47, 0x19, 0x20, 0x08,
    0x41, 0x08, 0x41, 0x08, 0x61, 0x08, 0x05, 0x11, 0x20, 0x08, 0x61, 0x08, 0x61, 0x08, 0x61, 0x08,
    0x61, 0x08, 0x61, 0x08, 0x61, 0x08, 0x61, 0x08, 0x61, 0x08, 0x61, 0x08, 0x61, 0x08, 0x61, 0x08,
    0x61, 0x08, 0x61, 0x08, 0x61, 0x08, 0x61, 0x08, 0x61, 0x08, 0x61, 0x08, 0x61, 0x08, 0x41, 0x08,
    0x61, 0x08, 0x62, 0x08, 0x62, 0x08, 0x62, 0x08, 0x62, 0x08, 0x62, 0x08, 0x62, 0x08, 0x62, 0x08,
    0x62, 0x08, 0x62, 0x08, 0x62, 0x08, 0x62, 0x08, 0x62, 0x08, 0x82, 0x08, 0x81, 0x08, 0x61, 0x08,
    0x61, 0x08, 0x61, 0x08, 0x61, 0x08, 0x61, 0x08, 0x61, 0x08, 0x41, 0x08, 0x83, 0x08, 0x62, 0x08,
    0xe4, 0x10, 0x41, 0x08, 0x62, 0x08, 0x61, 0x08, 0x62, 0x08, 0x82, 0x08, 0x82, 0x08, 0x62, 0x08,
    0x62, 0x08, 0x62, 0x08, 0x82, 0x08, 0x82, 0x10, 0x82, 0x10, 0x82, 0x08, 0x82, 0x08, 0x82, 0x10,
    0x62, 0x08, 0x62, 0x10, 0x62, 0x08, 0x62, 0x08, 0x62, 0x08, 0x82, 0x08, 0x62, 0x08, 0x61, 0x08,
    0x41, 0x08, 0xc2, 0x10, 0xeb, 0x64, 0xaa, 0x5c, 0xaa, 0x5c, 0xcb, 0x5c, 0xca, 0x5c, 0xca, 0x5c,
    0xaa, 0x5c, 0x8a, 0x54, 0x4a, 0x54, 0x24, 0x19, 0x01, 0x00, 0x82, 0x10, 0x61, 0x08, 0x01, 0x00,
    0x88, 0x4b, 0x89, 0x54, 0x8a, 0x54, 0xaa, 0x5c, 0xca, 0x5c, 0xaa, 0x5c, 0xaa, 0x5c, 0x29, 0x54,
    0xa2, 0x10, 0x41, 0x08, 0x82, 0x08, 0x62, 0x08, 0x62, 0x08, 0x62, 0x08, 0x82, 0x08, 0x82, 0x10,
    0x82, 0x10, 0x82, 0x10, 0x82, 0x10, 0x82, 0x08, 0x82, 0x08, 0x62, 0x08, 0x62, 0x08, 0x82, 0x10,
    0x00, 0x00, 0x25, 0x2a, 0x2b, 0x65, 0x29, 0x54, 0x64, 0x19, 0x21, 0x00, 0x82, 0x08, 0x62, 0x08,
    0x62, 0x08, 0x62, 0x08, 0x62, 0x08, 0x82, 0x08, 0x82, 0x08, 0x82, 0x08, 0x82, 0x08, 0x62, 0x08,
    0x82, 0x08, 0x82, 0x08, 0x82, 0x08, 0x62, 0x08, 0x62, 0x08, 0x62, 0x08, 0x62, 0x08, 0x62, 0x08,
    0x82, 0x08, 0x00, 0x00, 0x66, 0x32, 0x2b, 0x65, 0x49, 0x4c, 0x41, 0x08, 0x61, 0x08, 0x62, 0x08,
    0x62, 0x08, 0x62, 0x08, 0x62, 0x08, 0x62, 0x08, 0x82, 0x10, 0x82, 0x08, 0x82, 0x08, 0x62, 0x08,
    0x82, 0x08, 0x82, 0x08, 0x82, 0x08, 0x62, 0x08, 0x82, 0x10, 0x82, 0x10, 0x82, 0x08, 0x82, 0x08,
    0x62, 0x08, 0x62, 0x08, 0x62, 0x08, 0x62, 0x08, 0x62, 0x08, 0x62, 0x08, 0x62, 0x08, 0x62, 0x08,
    0x62, 0x08, 0x62, 0x08, 0x62, 0x08, 0x62, 0x08, 0x62, 0x08, 0x61, 0x08, 0x61, 0x08, 0x62, 0x08,
    0x62, 0x08, 0x62, 0x08, 0x61, 0x08, 0x62, 0x08, 0x62, 0x08, 0x62, 0x08, 0x61, 0x08, 0x61, 0x08,
    0x61, 0x08, 0x61, 0x08, 0x62, 0x08, 0x41, 0x08, 0x61, 0x08, 0x49, 0x54, 0x0b, 0x5d, 0x66, 0x2a,
    0x00, 0x00, 0x82, 0x08, 0x61, 0x08, 0x61, 0x08, 0x61, 0x08, 0x61, 0x08, 0x61, 0x08, 0x61, 0x08,
    0x62, 0x08, 0x62, 0x08, 0x62, 0x08, 0x61, 0x08, 0x61, 0x08, 0x62, 0x08, 0x62, 0x08, 0x61, 0x08,
    0x61, 0x08, 0x00, 0x00, 0x0b, 0x54, 0xaa, 0x5c, 0x4a, 0x54, 0x6a, 0x54, 0x6a, 0x54, 0x6a, 0x5c,
    0x6a, 0x54, 0x6a, 0x54, 0x6a, 0x54, 0x8a, 0x5c, 0x6a, 0x54, 0xeb, 0x5c, 0x68, 0x4b, 0x00, 0x00,
    0x62, 0x08, 0x61, 0x08, 0x61, 0x08, 0x61, 0x08, 0x62, 0x08, 0x20, 0x08, 0xe4, 0x10, 0xc3, 0x10,
    0x20, 0x08, 0x41, 0x08, 0xa2, 0x08, 0x04, 0x11, 0x20, 0x08, 0x41, 0x08, 0x82, 0x08, 0x46, 0x19,
    0x20, 0x08, 0x41, 0x08, 0x41, 0x08, 0x41, 0x08, 0x41, 0x08, 0x41, 0x08, 0x41, 0x08, 0x21, 0x08,
    0x82, 0x08, 0xe4, 0x10, 0x20, 0x08, 0x41, 0x08, 0x41, 0x08, 0x20, 0x08, 0x26, 0x19, 0x20, 0x08,
    0x41, 0x08, 0x41, 0x08, 0x61, 0x08, 0x05, 0x11, 0x20, 0x08, 0x61, 0x08, 0x61, 0x08, 0x61, 0x08,
    0x61, 0x08, 0x61, 0x08, 0x61, 0x08, 0x61, 0x08, 0x61, 0x08, 0x61, 0x08, 0x61, 0x08, 0x61, 0x08,
    0x61, 0x08, 0x61, 0x08, 0x61, 0x08, 0x41, 0x08, 0x41, 0x08, 0x41, 0x08, 0x61, 0x08, 0x41, 0x08,
    0x61, 0x08, 0x62, 0x08, 0x62, 0x08, 0x42, 0x08, 0x42, 0x08, 0x62, 0x08, 0x62, 0x08, 0x61, 0x08,
    0x62, 0x08, 0x62, 0x08, 0x61, 0x08, 0x81, 0x08, 0x81, 0x08, 0x61, 0x08, 0x61, 0x08, 0x61, 0x08,
    0x61, 0x08, 0x61, 0x08, 0x61, 0x08, 0x61, 0x08, 0x61, 0x08, 0x61, 0x08, 0x41, 0x08, 0x41, 0x08,
    0xc4, 0x08, 0x41, 0x08, 0x62, 0x08, 0x62, 0x08, 0x62, 0x08, 0x82, 0x08, 0x82, 0x08, 0x82, 0x08,
    0x62, 0x08, 0x82, 0x08, 0x82, 0x08, 0x82, 0x10, 0x82, 0x10, 0x82, 0x10, 0x82, 0x10, 0x82, 0x10,
    0x82, 0x10, 0x82, 0x10, 0x82, 0x10, 0x82, 0x10, 0x82, 0x10, 0x82, 0x08, 0x61, 0x08, 0x82, 0x10,
    0x41, 0x08, 0xa2, 0x10, 0xaa, 0x5c, 0x8a, 0x5c, 0x09, 0x54, 0xc9, 0x53, 0xe9, 0x53, 0x09, 0x54,
    0xe9, 0x53, 0x8a, 0x5c, 0xea, 0x5c, 0x68, 0x43, 0xa2, 0x08, 0x41, 0x08, 0x62, 0x08, 0x04, 0x2a,
    0x69, 0x54, 0xca, 0x5c, 0x6a, 0x5c, 0xa8, 0x4b, 0xc9, 0x53, 0xc9, 0x4b, 0x8a, 0x54, 0xea, 0x5c,
    0x68, 0x43, 0x41, 0x08, 0x62, 0x08, 0x62, 0x08, 0x62, 0x08, 0x62, 0x08, 0x62, 0x08, 0x82, 0x08,
    0x82, 0x10, 0x62, 0x10, 0x62, 0x08, 0x62, 0x08, 0x62, 0x08, 0x62, 0x08, 0x62, 0x08, 0x41, 0x08,
    0x62, 0x08, 0x09, 0x4c, 0x2b, 0x65, 0xe5, 0x21, 0x00, 0x00, 0x82, 0x08, 0x61, 0x08, 0x62, 0x08,
    0x62, 0x08, 0x62, 0x08, 0x62, 0x08, 0x62, 0x08, 0x62, 0x08, 0x62, 0x08, 0x62, 0x08, 0x62, 0x08,
    0x62, 0x08, 0x62, 0x08, 0x62, 0x08, 0x62, 0x08, 0x62, 0x08, 0x61, 0x08, 0x62, 0x08, 0x62, 0x08,
    0x82, 0x10, 0x00, 0x00, 0x66, 0x32, 0x0b, 0x5d, 0x29, 0x4c, 0x41, 0x08, 0x61, 0x08, 0x61, 0x08,
    0x61, 0x08, 0x62, 0x08, 0x62, 0x08, 0x62, 0x08, 0x62, 0x08, 0x62, 0x08, 0x62, 0x08, 0x62, 0x08,
    0x62, 0x08, 0x62, 0x08, 0x62, 0x08, 0x62, 0x08, 0x62, 0x08, 0x62, 0x08, 0x62, 0x08, 0x62, 0x08,
    0x62, 0x08, 0x61, 0x08, 0x61, 0x08, 0x61, 0x08, 0x61, 0x08, 0x61, 0x08, 0x62, 0x08, 0x61, 0x08,
    0x61, 0x08, 0x61, 0x08, 0x61, 0x08, 0x62, 0x08, 0x62, 0x08, 0x61, 0x08, 0x62, 0x08, 0x62, 0x08,
    0x61, 0x08, 0x61, 0x08, 0x61, 0x08, 0x61, 0x08, 0x61, 0x08, 0x61, 0x08, 0x61, 0x08, 0x61, 0x08,
    0x61, 0x08, 0x61, 0x08, 0x61, 0x08, 0x41, 0x08, 0x61, 0x08, 0x2a, 0x54, 0xeb, 0x5c, 0x46, 0x2a,
    0x00, 0x00, 0x62, 0x08, 0x41, 0x08, 0x00, 0x00, 0x00, 0x00, 0x01, 0x00, 0x61, 0x08, 0x61, 0x08,
    0x61, 0x08, 0x62, 0x08, 0x61, 0x08, 0x61, 0x08, 0x61, 0x08, 0x61, 0x08, 0x61, 0x08, 0x61, 0x08,
    0x61, 0x08, 0x00, 0x00, 0x0b, 0x54, 0xaa, 0x54, 0x4a, 0x54, 0x6a, 0x54, 0x6a, 0x54, 0x6a, 0x5c,
    0x6a, 0x5c, 0x6a, 0x5c, 0x6a, 0x54, 0x6a, 0x54, 0x6a, 0x54, 0xeb, 0x5c, 0x68, 0x4b, 0x00, 0x00,
    0x61, 0x08, 0x61, 0x08, 0x61, 0x08, 0x41, 0x08, 0x62, 0x08, 0x20, 0x08, 0xe4, 0x10, 0xc3, 0x10,
    0x20, 0x08, 0x21, 0x08, 0xa2, 0x08, 0x04, 0x19, 0x20, 0x08, 0x41, 0x08, 0x61, 0x08, 0xc3, 0x10,
    0x21, 0x08, 0x41, 0x08, 0x41, 0x08, 0x41, 0x08, 0x41, 0x08, 0x41, 0x08, 0x61, 0x08, 0x20, 0x08,
    0x82, 0x08, 0x04, 0x11, 0x20, 0x08, 0x61, 0x08, 0x41, 0x08, 0x20, 0x08, 0x26, 0x19, 0x20, 0x08,
    0x41, 0x08, 0x41, 0x08, 0x61, 0x08, 0x05, 0x11, 0x20, 0x08, 0x61, 0x08, 0x61, 0x08, 0x61, 0x08,
    0x41, 0x08, 0x41, 0x08, 0x61, 0x08, 0x61, 0x08, 0x61, 0x08, 0x41, 0x08, 0x61, 0x08, 0x41, 0x08,
    0x61, 0x08, 0x61, 0x08, 0x41, 0x08, 0x41, 0x08, 0x41, 0x08, 0x41, 0x08, 0x41, 0x08, 0x41, 0x08,
    0x61, 0x08, 0x62, 0x08, 0x62, 0x08, 0x42, 0x08, 0x42, 0x08, 0x61, 0x08, 0x61, 0x08, 0x61, 0x08,
    0x62, 0x08, 0x61, 0x08, 0x81, 0x08, 0x81, 0x08, 0x61, 0x08, 0x61, 0x08, 0x61, 0x08, 0x61, 0x08,
    0x61, 0x08, 0x62, 0x08, 0x62, 0x08, 0x42, 0x08, 0x61, 0x08, 0x41, 0x08, 0x62, 0x08, 0xe4, 0x10,
    0xc4, 0x10, 0x61, 0x08, 0x62, 0x08, 0x62, 0x08, 0x82, 0x08, 0x82, 0x08, 0x82, 0x08, 0x82, 0x08,
    0x82, 0x08, 0x82, 0x08, 0x82, 0x08, 0x82, 0x10, 0x82, 0x10, 0x82, 0x10, 0x82, 0x10, 0x82, 0x10,
    0x82, 0x10, 0x82, 0x10, 0x82, 0x10, 0x82, 0x10, 0x82, 0x10, 0x82, 0x10, 0x62, 0x08, 0x82, 0x10,
    0x41, 0x08, 0xc2, 0x10, 0xaa, 0x5c, 0x0b, 0x65, 0x25, 0x2a, 0x00, 0x00, 0x21, 0x00, 0x00, 0x00,
    0x41, 0x08, 0x88, 0x4b, 0x49, 0x54, 0x4b, 0x65, 0x84, 0x21, 0x01, 0x00, 0x62, 0x08, 0xca, 0x64,
    0xaa, 0x54, 0x29, 0x54, 0xa4, 0x21, 0x00, 0x00, 0x00, 0x00, 0x00, 0x00, 0x47, 0x43, 0x49, 0x54,
    0xca, 0x5c, 0x48, 0x43, 0x00, 0x00, 0x82, 0x10, 0x62, 0x08, 0x62, 0x08, 0x62, 0x08, 0x62, 0x08,
    0x62, 0x10, 0x62, 0x10, 0x62, 0x08, 0x62, 0x08, 0x62, 0x08, 0x61, 0x08, 0x81, 0x10, 0x00, 0x00,
    0xa4, 0x21, 0x0b, 0x65, 0x69, 0x54, 0x84, 0x21, 0x21, 0x00, 0x62, 0x08, 0x61, 0x08, 0x61, 0x08,
    0x62, 0x08, 0x82, 0x08, 0x82, 0x08, 0x82, 0x08, 0x82, 0x08, 0x82, 0x10, 0x62, 0x08, 0x62, 0x08,
    0x62, 0x08, 0x62, 0x08, 0x62, 0x08, 0x62, 0x08, 0x62, 0x08, 0x82, 0x08, 0x82, 0x08, 0x82, 0x08,
    0xa2, 0x10, 0x00, 0x00, 0x65, 0x32, 0x0b, 0x65, 0x29, 0x4c, 0x41, 0x08, 0x61, 0x08, 0x61, 0x08,
    0x61, 0x08, 0x61, 0x08, 0x82, 0x10, 0x82, 0x08, 0x82, 0x08, 0x82, 0x08, 0x82, 0x10, 0x82, 0x08,
    0x61, 0x08, 0x62, 0x08, 0x62, 0x08, 0x62, 0x08, 0x62, 0x08, 0x62, 0x08, 0x62, 0x08, 0x82, 0x10,
    0x82, 0x08, 0x62, 0x08, 0x61, 0x08, 0x61, 0x08, 0x61, 0x08, 0x61, 0x08, 0x62, 0x08, 0x61, 0x08,
    0x61, 0x08, 0x62, 0x08, 0x82, 0x08, 0x82, 0x08, 0x82, 0x08, 0x62, 0x08, 0x62, 0x08, 0x82, 0x08,
    0x82, 0x08, 0x82, 0x08, 0x62, 0x08, 0x61, 0x08, 0x61, 0x08, 0x61, 0x08, 0x61, 0x08, 0x61, 0x08,
    0x61, 0x08, 0x61, 0x08, 0x81, 0x08, 0x61, 0x08, 0x61, 0x08, 0x2a, 0x54, 0xeb, 0x5c, 0x46, 0x2a,
    0x00, 0x00, 0x41, 0x08, 0x62, 0x08, 0x45, 0x2a, 0x65, 0x2a, 0xa4, 0x21, 0x01, 0x00, 0x61, 0x08,
    0x61, 0x08, 0x61, 0x08, 0x61, 0x08, 0x61, 0x08, 0x61, 0x08, 0x61, 0x08, 0x61, 0x08, 0x61, 0x08,
    0x61, 0x08, 0x00, 0x00, 0x0b, 0x54, 0xaa, 0x5c, 0x4a, 0x54, 0x6a, 0x54, 0x6a, 0x54, 0x6a, 0x5c,
    0x6a, 0x5c, 0x6a, 0x54, 0x6a, 0x54, 0x6a, 0x54, 0x6a, 0x54, 0xeb, 0x5c, 0x68, 0x4b, 0x00, 0x00,
    0x61, 0x08, 0x61, 0x08, 0x41, 0x08, 0x41, 0x08, 0x61, 0x08, 0x00, 0x00, 0xe4, 0x10, 0xc3, 0x10,
    0x20, 0x00, 0x41, 0x08, 0xa2, 0x10, 0x25, 0x19, 0x20, 0x08, 0x61, 0x08, 0x41, 0x08, 0x41, 0x08,
    0x41, 0x08, 0x41, 0x08, 0x41, 0x08, 0x41, 0x08, 0x41, 0x08, 0x41, 0x08, 0x41, 0x08, 0x21, 0x08,
    0x05, 0x19, 0x61, 0x08, 0x41, 0x08, 0x62, 0x08, 0x00, 0x00, 0xc3, 0x10, 0xe4, 0x10, 0x20, 0x08,
    0x41, 0x08, 0x41, 0x08, 0x62, 0x08, 0x05, 0x11, 0x20, 0x08, 0x61, 0x08, 0x41, 0x08, 0x61, 0x08,
    0x41, 0x08, 0x61, 0x08, 0x61, 0x08, 0x41, 0x08, 0x41, 0x08, 0x41, 0x08, 0x41, 0x08, 0x41, 0x08,
    0x41, 0x08, 0x61, 0x08, 0x41, 0x08, 0x41, 0x08, 0x41, 0x08, 0x41, 0x08, 0x41, 0x08, 0x41, 0x08,
    0x61, 0x08, 0x62, 0x08, 0x61, 0x08, 0x61, 0x08, 0x61, 0x08, 0x61, 0x08, 0x61, 0x08, 0x61, 0x08,
    0x61, 0x08, 0x81, 0x08, 0x81, 0x08, 0x61, 0x08, 0x61, 0x08, 0x61, 0x08, 0x61, 0x08, 0x61, 0x08,
    0x62, 0x08, 0x62, 0x08, 0x42, 0x08, 0x42, 0x08, 0x62, 0x08, 0x20, 0x08, 0x25, 0x19, 0xc3, 0x10,
    0x82, 0x10, 0xc3, 0x10, 0x41, 0x08, 0x62, 0x08, 0x62, 0x08, 0x62, 0x08, 0x62, 0x10, 0x62, 0x08,
    0x82, 0x08, 0x82, 0x08, 0x82, 0x08, 0x82, 0x10, 0x82, 0x08, 0x82, 0x10, 0x82, 0x10, 0x82, 0x10,
    0x82, 0x10, 0x82, 0x10, 0x82, 0x10, 0x82, 0x10, 0x82, 0x08, 0x62, 0x08, 0x62, 0x08, 0x82, 0x08,
    0x21, 0x08, 0xc2, 0x10, 0x8a, 0x5c, 0x0b, 0x65, 0x25, 0x2a, 0x00, 0x00, 0x82, 0x10, 0x82, 0x10,
    0x21, 0x00, 0xc2, 0x10, 0xaa, 0x5c, 0xeb, 0x5c, 0x64, 0x19, 0x01, 0x00, 0x61, 0x08, 0x49, 0x54,
    0x0b, 0x5d, 0x28, 0x3b, 0x00, 0x00, 0x82, 0x08, 0x62, 0x08, 0x21, 0x00, 0x41, 0x08, 0x8a, 0x5c,
    0x4b, 0x65, 0x68, 0x4b, 0x00, 0x00, 0x82, 0x10, 0x62, 0x08, 0x62, 0x08, 0x62, 0x08, 0x62, 0x08,
    0x62, 0x10, 0x62, 0x08, 0x62, 0x08, 0x62, 0x08, 0x62, 0x08, 0x61, 0x08, 0x61, 0x08, 0x21, 0x00,
    0xc9, 0x53, 0x2b, 0x65, 0xe7, 0x3a, 0x00, 0x00, 0x82, 0x08, 0x61, 0x08, 0x61, 0x08, 0x62, 0x08,
    0x01, 0x00, 0x00, 0x00, 0x00, 0x00, 0x00, 0x00, 0x00, 0x00, 0x01, 0x00, 0x62, 0x08, 0x62, 0x08,
    0x62, 0x08, 0x62, 0x08, 0x62, 0x08, 0x62, 0x08, 0x61, 0x08, 0x00, 0x00, 0x00, 0x00, 0x00, 0x00,
    0x00, 0x00, 0x00, 0x00, 0x86, 0x32, 0x2b, 0x65, 0x29, 0x4c, 0x41, 0x08, 0x61, 0x08, 0x61, 0x08,
    0x62, 0x08, 0x61, 0x08, 0x00, 0x00, 0x00, 0x00, 0x00, 0x00, 0x00, 0x00, 0x00, 0x00, 0x01, 0x00,
    0x62, 0x08, 0x61, 0x08, 0x62, 0x08, 0x62, 0x08, 0x62, 0x08, 0x82, 0x08, 0x41, 0x08, 0x00, 0x00,
    0x00, 0x00, 0x00, 0x00, 0x00, 0x00, 0x00, 0x00, 0x61, 0x08, 0x82, 0x08, 0x62, 0x08, 0x62, 0x08,
    0x61, 0x08, 0x01, 0x00, 0x00, 0x00, 0x00, 0x00, 0x00, 0x00, 0x61, 0x08, 0x61, 0x08, 0x00, 0x00,
    0x00, 0x00, 0x00, 0x00, 0x21, 0x00, 0x62, 0x08, 0x61, 0x08, 0x61, 0x08, 0x62, 0x08, 0x41, 0x08,
    0x00, 0x00, 0x00, 0x00, 0x00, 0x00, 0x00, 0x00, 0x41, 0x00, 0x2a, 0x54, 0xeb, 0x5c, 0x46, 0x2a,
    0x00, 0x00, 0x41, 0x00, 0xa2, 0x10, 0xea, 0x5c, 0x2a, 0x5d, 0xa8, 0x4b, 0xa2, 0x10, 0x82, 0x08,
    0x61, 0x08, 0x61, 0x08, 0x61, 0x08, 0x61, 0x08, 0x61, 0x08, 0x61, 0x08, 0x61, 0x08, 0x61, 0x08,
    0x61, 0x08, 0x00, 0x00, 0x0b, 0x54, 0xaa, 0x5c, 0x4a, 0x54, 0x6a, 0x54, 0x6a, 0x54, 0x6a, 0x5c,
    0x6a, 0x5c, 0x6a, 0x54, 0x6a, 0x54, 0x6a, 0x54, 0x6a, 0x54, 0xeb, 0x5c, 0x68, 0x4b, 0x00, 0x00,
    0x61, 0x08, 0x41, 0x08, 0x41, 0x08, 0x41, 0x08, 0x41, 0x08, 0x00, 0x00, 0xe4, 0x10, 0xc3, 0x10,
    0x20, 0x00, 0x41, 0x08, 0xa2, 0x10, 0x05, 0x11, 0x20, 0x08, 0x61, 0x08, 0x41, 0x08, 0x41, 0x08,
    0x21, 0x08, 0x82, 0x08, 0x61, 0x08, 0x41, 0x08, 0x61, 0x08, 0x41, 0x08, 0x21, 0x08, 0x25, 0x19,
    0x62, 0x08, 0x21, 0x08, 0x61, 0x08, 0x00, 0x08, 0xc3, 0x10, 0x05, 0x11, 0x20, 0x08, 0x41, 0x08,
    0x41, 0x08, 0x41, 0x08, 0x41, 0x08, 0x05, 0x11, 0x20, 0x08, 0x61, 0x08, 0x41, 0x08, 0x41, 0x08,
    0x41, 0x08, 0x41, 0x08, 0x61, 0x08, 0x41, 0x08, 0x41, 0x08, 0x41, 0x08, 0x41, 0x08, 0x41, 0x08,
    0x41, 0x08, 0x41, 0x08, 0x41, 0x08, 0x41, 0x08, 0x61, 0x08, 0x41, 0x08, 0x61, 0x08, 0x61, 0x08,
    0x61, 0x08, 0x62, 0x08, 0x61, 0x08, 0x61, 0x08, 0x61, 0x08, 0x61, 0x08, 0x61, 0x08, 0x61, 0x08,
    0x61, 0x08, 0x81, 0x08, 0x81, 0x08, 0x81, 0x08, 0x81, 0x08, 0x61, 0x08, 0x61, 0x08, 0x62, 0x08,
    0x62, 0x08, 0x62, 0x08, 0x62, 0x08, 0x62, 0x08, 0x62, 0x08, 0x41, 0x08, 0xc3, 0x10, 0xc3, 0x08,
    0xe4, 0x10, 0xc3, 0x10, 0x41, 0x08, 0x62, 0x08, 0x62, 0x08, 0x62, 0x08, 0x62, 0x08, 0x62, 0x08,
    0x82, 0x10, 0x82, 0x10, 0x82, 0x10, 0x82, 0x10, 0x82, 0x08, 0x82, 0x10, 0x82, 0x10, 0x82, 0x10,
    0x82, 0x10, 0x82, 0x10, 0x82, 0x10, 0x82, 0x08, 0x82, 0x08, 0x62, 0x08, 0x62, 0x08, 0x62, 0x08,
    0x21, 0x08, 0xc2, 0x10, 0x8a, 0x5c, 0x0b, 0x5d, 0x45, 0x2a, 0x01, 0x00, 0x82, 0x08, 0x82, 0x10,
    0x21, 0x08, 0x03, 0x19, 0xaa, 0x5c, 0x0b, 0x5d, 0x64, 0x19, 0x01, 0x00, 0x61, 0x08, 0x49, 0x5c,
    0x0b, 0x5d, 0x48, 0x43, 0x00, 0x00, 0x82, 0x10, 0x62, 0x08, 0x61, 0x08, 0x61, 0x08, 0xe3, 0x10,
    0x03, 0x19, 0xc2, 0x10, 0x41, 0x08, 0x62, 0x08, 0x62, 0x08, 0x62, 0x08, 0x82, 0x08, 0x82, 0x08,
    0x62, 0x10, 0x62, 0x08, 0x62, 0x08, 0x62, 0x08, 0x62, 0x08, 0x82, 0x08, 0x21, 0x00, 0xa2, 0x10,
    0xcb, 0x5c, 0xaa, 0x5c, 0x25, 0x2a, 0x01, 0x00, 0x62, 0x08, 0x61, 0x08, 0x82, 0x08, 0x00, 0x00,
    0xa4, 0x21, 0x86, 0x32, 0x65, 0x32, 0x65, 0x32, 0xa6, 0x32, 0x45, 0x2a, 0x01, 0x00, 0x62, 0x08,
    0x62, 0x08, 0x62, 0x08, 0x82, 0x08, 0x41, 0x08, 0x01, 0x00, 0x66, 0x32, 0x66, 0x2a, 0x45, 0x2a,
    0xa6, 0x32, 0x23, 0x11, 0x45, 0x2a, 0x2b, 0x5d, 0x4a, 0x54, 0x41, 0x08, 0x41, 0x08, 0x82, 0x08,
    0x41, 0x08, 0x21, 0x08, 0x46, 0x32, 0x45, 0x2a, 0x45, 0x2a, 0x25, 0x2a, 0x85, 0x32, 0x84, 0x21,
    0x00, 0x00, 0x82, 0x08, 0x62, 0x08, 0x62, 0x08, 0x82, 0x08, 0x00, 0x00, 0xc2, 0x10, 0x86, 0x32,
    0x45, 0x2a, 0x45, 0x2a, 0x45, 0x2a, 0x86, 0x32, 0x21, 0x00, 0x41, 0x08, 0x62, 0x08, 0x61, 0x08,
    0x21, 0x08, 0x84, 0x21, 0x86, 0x32, 0x65, 0x32, 0xe7, 0x3a, 0x62, 0x08, 0x62, 0x08, 0x66, 0x32,
    0x25, 0x2a, 0xa6, 0x32, 0x23, 0x19, 0x00, 0x00, 0x61, 0x08, 0x62, 0x08, 0x00, 0x00, 0xa2, 0x10,
    0x86, 0x32, 0x25, 0x2a, 0x45, 0x2a, 0x45, 0x2a, 0xa2, 0x10, 0x09, 0x54, 0xeb, 0x5c, 0x46, 0x2a,
    0x00, 0x00, 0x41, 0x08, 0xc2, 0x10, 0x2c, 0x65, 0xaa, 0x54, 0x29, 0x54, 0xea, 0x5c, 0x63, 0x19,
    0x00, 0x00, 0x61, 0x08, 0x61, 0x08, 0x41, 0x08, 0x61, 0x08, 0x61, 0x08, 0x61, 0x08, 0x41, 0x08,
    0x61, 0x08, 0x00, 0x00, 0x0b, 0x54, 0xaa, 0x5c, 0x4a, 0x54, 0x6a, 0x54, 0x6a, 0x54, 0x6a, 0x54,
    0x6a, 0x5c, 0x6a, 0x5c, 0x6a, 0x5c, 0x6a, 0x54, 0x6a, 0x54, 0x0b, 0x5d, 0x68, 0x4b, 0x00, 0x00,
    0x61, 0x08, 0x41, 0x08, 0x41, 0x08, 0x41, 0x08, 0x41, 0x08, 0x00, 0x00, 0xe4, 0x10, 0xc3, 0x10,
    0x20, 0x00, 0x41, 0x08, 0xa2, 0x10, 0x04, 0x11, 0x20, 0x08, 0x61, 0x08, 0x41, 0x08, 0x21, 0x00,
    0xa3, 0x08, 0x82, 0x08, 0x41, 0x08, 0x61, 0x08, 0x41, 0x08, 0x20, 0x08, 0x25, 0x19, 0x82, 0x08,
    0x21, 0x08, 0x61, 0x08, 0x00, 0x08, 0xc3, 0x10, 0x05, 0x11, 0x20, 0x08, 0x41, 0x08, 0x41, 0x08,
    0x41, 0x08, 0x00, 0x00, 0x05, 0x11, 0xc3, 0x10, 0x20, 0x08, 0x41, 0x08, 0x41, 0x08, 0x41, 0x08,
    0x41, 0x08, 0x61, 0x08, 0x61, 0x08, 0x61, 0x08, 0x41, 0x08, 0x41, 0x08, 0x41, 0x08, 0x41, 0x08,
    0x41, 0x08, 0x61, 0x08, 0x61, 0x08, 0x41, 0x08, 0x41, 0x08, 0x41, 0x08, 0x41, 0x08, 0x61, 0x08,
    0x62, 0x08, 0x61, 0x08, 0x61, 0x08, 0x61, 0x08, 0x62, 0x08, 0x61, 0x08, 0x61, 0x08, 0x61, 0x08,
    0x62, 0x08, 0x62, 0x08, 0x82, 0x08, 0x62, 0x08, 0x62, 0x08, 0x62, 0x08, 0x62, 0x08, 0x62, 0x08,
    0x62, 0x08, 0x62, 0x08, 0x62, 0x08, 0x62, 0x08, 0x62, 0x08, 0x61, 0x08, 0x61, 0x08, 0xc3, 0x10,
    0xc3, 0x10, 0x41, 0x08, 0x61, 0x08, 0x62, 0x08, 0x62, 0x08, 0x62, 0x08, 0x62, 0x08, 0x82, 0x08,
    0x82, 0x10, 0x82, 0x10, 0x82, 0x10, 0x82, 0x10, 0x82, 0x10, 0x82, 0x10, 0x82, 0x10, 0x82, 0x10,
    0x82, 0x10, 0x82, 0x10, 0x82, 0x10, 0x82, 0x08, 0x62, 0x08, 0x62, 0x08, 0x62, 0x08, 0x62, 0x08,
    0x21, 0x00, 0xa2, 0x10, 0x8a, 0x5c, 0x0a, 0x5d, 0x45, 0x2a, 0x00, 0x00, 0x82, 0x08, 0x62, 0x08,
    0x21, 0x00, 0x03, 0x19, 0xaa, 0x5c, 0xea, 0x5c, 0x84, 0x19, 0x01, 0x00, 0x62, 0x08, 0x49, 0x54,
    0xea, 0x5c, 0x48, 0x43, 0x21, 0x00, 0x41, 0x08, 0x41, 0x08, 0x62, 0x08, 0x61, 0x08, 0x21, 0x00,
    0x21, 0x00, 0x41, 0x08, 0x62, 0x08, 0x62, 0x08, 0x82, 0x08, 0x82, 0x08, 0x82, 0x08, 0x82, 0x08,
    0x82, 0x08, 0x82, 0x08, 0x82, 0x08, 0x62, 0x08, 0x62, 0x08, 0x82, 0x08, 0x00, 0x00, 0x66, 0x32,
    0x0b, 0x65, 0x09, 0x4c, 0x01, 0x00, 0x61, 0x08, 0x61, 0x08, 0x61, 0x08, 0x00, 0x00, 0xa4, 0x21,
    0x49, 0x54, 0xeb, 0x5c, 0xeb, 0x5c, 0xeb, 0x5c, 0xea, 0x5c, 0xea, 0x5c, 0xe7, 0x3a, 0x01, 0x00,
    0x41, 0x08, 0x82, 0x08, 0x00, 0x00, 0x62, 0x08, 0x28, 0x43, 0xeb, 0x5c, 0xeb, 0x5c, 0xeb, 0x5c,
    0x0b, 0x5d, 0x69, 0x54, 0x29, 0x54, 0xaa, 0x54, 0x4a, 0x54, 0x41, 0x08, 0x61, 0x08, 0x21, 0x00,
    0x21, 0x08, 0xe8, 0x3a, 0xeb, 0x5c, 0x0b, 0x5d, 0x0b, 0x5d, 0xeb, 0x5c, 0x0b, 0x5d, 0x8a, 0x5c,
    0xc5, 0x21, 0x00, 0x00, 0x82, 0x08, 0x82, 0x10, 0x00, 0x00, 0x44, 0x19, 0xc9, 0x4b, 0x0b, 0x5d,
    0xeb, 0x5c, 0xeb, 0x5c, 0xca, 0x54, 0xeb, 0x5c, 0xe7, 0x3a, 0x41, 0x08, 0x21, 0x00, 0x82, 0x10,
    0x00, 0x00, 0x48, 0x43, 0x4b, 0x65, 0xaa, 0x5c, 0x2b, 0x65, 0x89, 0x4b, 0x88, 0x43, 0x2b, 0x5d,
    0xeb, 0x5c, 0x2b, 0x5d, 0x0a, 0x54, 0x03, 0x11, 0x21, 0x00, 0x00, 0x00, 0xc2, 0x10, 0x89, 0x4b,
    0x0b, 0x5d, 0xcb, 0x5c, 0xca, 0x5c, 0xea, 0x5c, 0x49, 0x54, 0x4a, 0x54, 0xeb, 0x5c, 0x66, 0x2a,
    0x00, 0x00, 0x62, 0x08, 0x82, 0x10, 0x25, 0x2a, 0x07, 0x3b, 0xaa, 0x54, 0x49, 0x4c, 0xc8, 0x43,
    0x67, 0x43, 0x01, 0x00, 0x00, 0x00, 0x61, 0x08, 0x41, 0x08, 0x41, 0x08, 0x41, 0x08, 0x41, 0x08,
    0x61, 0x08, 0x00, 0x00, 0x0b, 0x5c, 0xaa, 0x5c, 0x4a, 0x54, 0x6a, 0x54, 0x6a, 0x54, 0x6a, 0x54,
    0x6a, 0x54, 0x6a, 0x54, 0x6a, 0x54, 0x6a, 0x54, 0x6a, 0x54, 0x0b, 0x5d, 0x68, 0x4b, 0x00, 0x00,
    0x61, 0x08, 0x41, 0x08, 0x41, 0x08, 0x41, 0x08, 0x61, 0x08, 0x20, 0x00, 0xe4, 0x10, 0xc3, 0x10,
    0x20, 0x00, 0x21, 0x08, 0x82, 0x08, 0x04, 0x11, 0x20, 0x08, 0x41, 0x08, 0x21, 0x08, 0xa3, 0x10,
    0xa3, 0x08, 0x21, 0x08, 0x61, 0x08, 0x41, 0x08, 0x21, 0x08, 0x25, 0x19, 0x62, 0x08, 0x20, 0x08,
    0x61, 0x08, 0x00, 0x00, 0xa3, 0x10, 0x25, 0x19, 0x20, 0x08, 0x41, 0x08, 0x41, 0x08, 0x41, 0x08,
    0x00, 0x00, 0x05, 0x19, 0xe4, 0x10, 0x00, 0x00, 0x41, 0x08, 0x41, 0x08, 0x41, 0x08, 0x41, 0x08,
    0x41, 0x08, 0x41, 0x08, 0x41, 0x08, 0x61, 0x08, 0x61, 0x08, 0x41, 0x08, 0x41, 0x08, 0x41, 0x08,
    0x41, 0x08, 0x61, 0x08, 0x61, 0x08, 0x41, 0x08, 0x41, 0x08, 0x41, 0x08, 0x41, 0x08, 0x41, 0x08,
    0x62, 0x08, 0x61, 0x08, 0x62, 0x08, 0x62, 0x08, 0x62, 0x08, 0x62, 0x08, 0x62, 0x08, 0x62, 0x08,
    0x62, 0x08, 0x62, 0x08, 0x62, 0x08, 0x62, 0x08, 0x62, 0x08, 0x62, 0x08, 0x62, 0x08, 0x62, 0x08,
    0x62, 0x08, 0x62, 0x08, 0x62, 0x08, 0x62, 0x08, 0x62, 0x08, 0x62, 0x08, 0x62, 0x08, 0x41, 0x08,
    0x41, 0x08, 0x61, 0x08, 0x61, 0x08, 0x62, 0x08, 0x62, 0x08, 0x62, 0x08, 0x62, 0x08, 0x82, 0x08,
    0x82, 0x08, 0x82, 0x10, 0x81, 0x10, 0x82, 0x10, 0x82, 0x10, 0x82, 0x10, 0x82, 0x10, 0x82, 0x10,
    0x82, 0x10, 0x82, 0x10, 0x82, 0x10, 0x82, 0x10, 0x62, 0x08, 0x62, 0x08, 0x62, 0x08, 0x62, 0x08,
    0x21, 0x00, 0xa2, 0x10, 0x8a, 0x5c, 0x0b, 0x5d, 0x45, 0x2a, 0x01, 0x00, 0x82, 0x10, 0x82, 0x08,
    0x00, 0x00, 0xa2, 0x10, 0xaa, 0x5c, 0xea, 0x5c, 0x84, 0x21, 0x01, 0x00, 0x82, 0x08, 0xaa, 0x5c,
    0x69, 0x54, 0xaa, 0x5c, 0x67, 0x43, 0x61, 0x08, 0xa2, 0x10, 0x41, 0x08, 0x41, 0x08, 0x62, 0x08,
    0x82, 0x08, 0x82, 0x08, 0x62, 0x08, 0x82, 0x08, 0x82, 0x10, 0x82, 0x08, 0x82, 0x10, 0x82, 0x10,
    0x82, 0x08, 0x82, 0x08, 0x62, 0x08, 0x62, 0x08, 0x62, 0x08, 0x41, 0x08, 0x61, 0x08, 0x6a, 0x5c,
    0xca, 0x5c, 0x68, 0x43, 0x21, 0x00, 0x62, 0x08, 0x61, 0x08, 0x21, 0x00, 0xa4, 0x21, 0x69, 0x54,
    0xaa, 0x54, 0x6a, 0x54, 0x29, 0x54, 0x2a, 0x54, 0x4a, 0x54, 0xaa, 0x5c, 0xca, 0x5c, 0x26, 0x2a,
    0x21, 0x00, 0x41, 0x00, 0xc2, 0x10, 0x69, 0x43, 0x0b, 0x5d, 0x6a, 0x54, 0x29, 0x54, 0x29, 0x54,
    0x2a, 0x54, 0x8a, 0x54, 0x8a, 0x5c, 0x8a, 0x54, 0x6a, 0x54, 0x41, 0x08, 0x21, 0x00, 0xa2, 0x10,
    0xe7, 0x3a, 0x0b, 0x65, 0x69, 0x54, 0x29, 0x54, 0x29, 0x54, 0x29, 0x54, 0x4a, 0x54, 0xaa, 0x54,
    0x6a, 0x54, 0x84, 0x21, 0x62, 0x08, 0x61, 0x08, 0x03, 0x19, 0xc9, 0x4b, 0xca, 0x5c, 0x6a, 0x54,
    0x29, 0x54, 0x29, 0x54, 0x29, 0x54, 0x49, 0x4c, 0xca, 0x5c, 0xc7, 0x3a, 0x82, 0x08, 0x61, 0x08,
    0x00, 0x00, 0x28, 0x3b, 0xca, 0x5c, 0x09, 0x4c, 0x29, 0x54, 0x8a, 0x54, 0x0b, 0x5d, 0x4a, 0x54,
    0x2a, 0x54, 0x29, 0x4c, 0x2b, 0x65, 0x46, 0x2a, 0x00, 0x00, 0x84, 0x21, 0xc9, 0x4b, 0xca, 0x54,
    0x49, 0x4c, 0x29, 0x54, 0x49, 0x54, 0x29, 0x54, 0x8a, 0x5c, 0x2a, 0x54, 0xeb, 0x5c, 0x66, 0x2a,
    0x00, 0x00, 0x82, 0x08, 0x62, 0x08, 0x00, 0x00, 0x44, 0x19, 0x4a, 0x54, 0x09, 0x4c, 0x69, 0x54,
    0x89, 0x54, 0x07, 0x3b, 0xc2, 0x10, 0x00, 0x00, 0x61, 0x08, 0x41, 0x08, 0x41, 0x08, 0x41, 0x08,
    0x61, 0x08, 0x00, 0x00, 0x0b, 0x5c, 0xaa, 0x5c, 0x4a, 0x54, 0x6a, 0x54, 0x6a, 0x54, 0x6a, 0x54,
    0x6a, 0x54, 0x6a, 0x54, 0x6a, 0x54, 0x6a, 0x54, 0x6a, 0x54, 0x0a, 0x5d, 0x68, 0x4b, 0x00, 0x00,
    0x61, 0x08, 0x41, 0x08, 0x41, 0x08, 0x41, 0x08, 0x61, 0x08, 0x20, 0x00, 0xe4, 0x10, 0xa3, 0x10,
    0x20, 0x08, 0x21, 0x08, 0x82, 0x08, 0x04, 0x11, 0x20, 0x08, 0x20, 0x08, 0xa3, 0x10, 0xa3, 0x10,
    0x20, 0x00, 0x61, 0x08, 0x41, 0x08, 0x21, 0x08, 0x25, 0x11, 0x62, 0x08, 0x20, 0x00, 0x61, 0x08,
    0x20, 0x08, 0xc3, 0x10, 0x25, 0x19, 0x00, 0x00, 0x41, 0x08, 0x41, 0x08, 0x61, 0x08, 0x00, 0x00,
    0x05, 0x19, 0xe4, 0x10, 0x00, 0x00, 0x41, 0x08, 0x41, 0x08, 0x41, 0x08, 0x41, 0x08, 0x20, 0x00,
    0x41, 0x08, 0x82, 0x08, 0x41, 0x08, 0x41, 0x08, 0x41, 0x08, 0x41, 0x08, 0x41, 0x08, 0x41, 0x08,
    0x41, 0x08, 0x61, 0x08, 0x61, 0x08, 0x41, 0x08, 0x41, 0x08, 0x41, 0x08, 0x41, 0x08, 0x41, 0x08,
    0x62, 0x08, 0x62, 0x08, 0x62, 0x08, 0x62, 0x08, 0x62, 0x08, 0x62, 0x08, 0x62, 0x08, 0x62, 0x08,
    0x62, 0x08, 0x62, 0x08, 0x62, 0x08, 0x62, 0x08, 0x62, 0x08, 0x62, 0x08, 0x62, 0x08, 0x62, 0x08,
    0x62, 0x08, 0x62, 0x08, 0x62, 0x08, 0x62, 0x08, 0x62, 0x08, 0x62, 0x08, 0x62, 0x08, 0x62, 0x08,
    0x62, 0x08, 0x61, 0x08, 0x61, 0x08, 0x61, 0x08, 0x82, 0x08, 0x62, 0x08, 0x62, 0x08, 0x62, 0x08,
    0x82, 0x08, 0x81, 0x10, 0x82, 0x10, 0x82, 0x10, 0x82, 0x10, 0x82, 0x10, 0x82, 0x10, 0x82, 0x10,
    0x82, 0x10, 0x82, 0x10, 0x82, 0x10, 0x82, 0x10, 0x62, 0x08, 0x62, 0x08, 0x61, 0x08, 0x61, 0x08,
    0x21, 0x00, 0xa2, 0x10, 0x8a, 0x5c, 0x0a, 0x5d, 0x05, 0x22, 0x00, 0x00, 0x01, 0x00, 0x00, 0x00,
    0x41, 0x08, 0x88, 0x4b, 0x49, 0x54, 0x0b, 0x5d, 0xa4, 0x21, 0x21, 0x00, 0x41, 0x08, 0xc4, 0x21,
    0xcb, 0x5c, 0x69, 0x54, 0x69, 0x54, 0x69, 0x54, 0x8a, 0x5c, 0xe3, 0x10, 0x61, 0x08, 0x61, 0x08,
    0x62, 0x08, 0x62, 0x08, 0x62, 0x08, 0x82, 0x08, 0x82, 0x08, 0x82, 0x08, 0x82, 0x10, 0x82, 0x08,
    0x82, 0x08, 0x82, 0x08, 0x62, 0x08, 0x62, 0x08, 0x82, 0x08, 0x01, 0x00, 0x43, 0x19, 0x8a, 0x5c,
    0xeb, 0x64, 0x23, 0x19, 0x01, 0x00, 0x82, 0x08, 0x62, 0x08, 0x00, 0x00, 0x09, 0x54, 0xa9, 0x54,
    0x6a, 0x54, 0x86, 0x32, 0x61, 0x08, 0x41, 0x08, 0x63, 0x19, 0x2a, 0x54, 0x4b, 0x65, 0xca, 0x5c,
    0x41, 0x00, 0x00, 0x00, 0xc5, 0x21, 0x4c, 0x65, 0x49, 0x4c, 0x4a, 0x54, 0xe3, 0x10, 0x41, 0x08,
    0x41, 0x00, 0x48, 0x43, 0x8a, 0x54, 0xaa, 0x54, 0x4a, 0x54, 0x61, 0x08, 0x00, 0x00, 0xc5, 0x29,
    0x4c, 0x6d, 0x29, 0x4c, 0xab, 0x5c, 0x43, 0x19, 0x41, 0x08, 0x41, 0x00, 0xe7, 0x3a, 0x8a, 0x54,
    0xea, 0x5c, 0x2a, 0x54, 0x21, 0x08, 0x01, 0x00, 0xc6, 0x3a, 0xad, 0x6d, 0xeb, 0x5c, 0xa6, 0x32,
    0x41, 0x08, 0x61, 0x08, 0x44, 0x19, 0x4a, 0x4c, 0x08, 0x4c, 0x2c, 0x65, 0x44, 0x19, 0x01, 0x00,
    0x61, 0x08, 0x82, 0x10, 0x23, 0x19, 0x4a, 0x54, 0x49, 0x54, 0xaa, 0x5c, 0xa9, 0x4b, 0xc3, 0x10,
    0x41, 0x08, 0x09, 0x4c, 0x2b, 0x5d, 0x05, 0x2a, 0x00, 0x00, 0x28, 0x3b, 0x0b, 0x5d, 0x69, 0x54,
    0x27, 0x3b, 0x61, 0x08, 0x61, 0x08, 0xa2, 0x10, 0x09, 0x54, 0x29, 0x54, 0xeb, 0x5c, 0x66, 0x2a,
    0x00, 0x00, 0x62, 0x08, 0x61, 0x08, 0x62, 0x08, 0x41, 0x08, 0x00, 0x00, 0x88, 0x43, 0x49, 0x4c,
    0x09, 0x4c, 0xca, 0x54, 0xc8, 0x4b, 0x23, 0x19, 0x00, 0x00, 0x61, 0x08, 0x41, 0x08, 0x41, 0x08,
    0x61, 0x08, 0x00, 0x00, 0x0b, 0x54, 0xaa, 0x5c, 0x4a, 0x54, 0x6a, 0x54, 0x6a, 0x54, 0x6a, 0x54,
    0x6a, 0x54, 0x6a, 0x54, 0x6a, 0x54, 0x6a, 0x54, 0x6a, 0x54, 0x0a, 0x5d, 0x68, 0x4b, 0x00, 0x00,
    0x61, 0x08, 0x41, 0x08, 0x41, 0x08, 0x41, 0x08, 0x61, 0x08, 0x00, 0x00, 0xc4, 0x10, 0xc3, 0x10,
    0x20, 0x08, 0x41, 0x08, 0x82, 0x08, 0xe4, 0x10, 0x20, 0x08, 0x20, 0x00, 0xc3, 0x10, 0x83, 0x08,
    0x20, 0x08, 0x41, 0x08, 0x41, 0x08, 0x45, 0x19, 0x82, 0x08, 0x20, 0x08, 0x62, 0x08, 0x00, 0x00,
    0xc3, 0x10, 0x25, 0x19, 0x00, 0x00, 0x41, 0x08, 0x41, 0x08, 0x61, 0x08, 0x00, 0x00, 0x05, 0x19,
    0xe4, 0x10, 0x00, 0x00, 0x41, 0x08, 0x41, 0x08, 0x41, 0x08, 0x41, 0x08, 0x21, 0x08, 0x62, 0x08,
    0xe4, 0x10, 0xc3, 0x10, 0xc3, 0x08, 0x41, 0x08, 0x41, 0x08, 0x41, 0x08, 0x41, 0x08, 0x41, 0x08,
    0x41, 0x08, 0x41, 0x08, 0x41, 0x08, 0x41, 0x08, 0x41, 0x08, 0x41, 0x08, 0x41, 0x08, 0x41, 0x08,
    0x61, 0x08, 0x62, 0x08, 0x62, 0x08, 0x62, 0x08, 0x62, 0x08, 0x62, 0x08, 0x62, 0x08, 0x62, 0x08,
    0x62, 0x08, 0x62, 0x08, 0x62, 0x08, 0x62, 0x08, 0x62, 0x08, 0x62, 0x08, 0x62, 0x08, 0x62, 0x08,
    0x62, 0x08, 0x62, 0x08, 0x62, 0x08, 0x62, 0x08, 0x62, 0x08, 0x62, 0x08, 0x62, 0x08, 0x62, 0x08,
    0x62, 0x08, 0x61, 0x08, 0x61, 0x08, 0x61, 0x08, 0x62, 0x08, 0x62, 0x08, 0x62, 0x08, 0x62, 0x08,
    0x82, 0x10, 0x81, 0x10, 0x82, 0x08, 0x82, 0x08, 0x62, 0x10, 0x82, 0x10, 0x82, 0x10, 0x82, 0x10,
    0x82, 0x10, 0x82, 0x08, 0x82, 0x10, 0x82, 0x10, 0x62, 0x08, 0x62, 0x08, 0x61, 0x08, 0x61, 0x08,
    0x21, 0x00, 0xa2, 0x10, 0xaa, 0x5c, 0xaa, 0x5c, 0x88, 0x4b, 0xa6, 0x3a, 0xe7, 0x3a, 0xe7, 0x3a,
    0x27, 0x43, 0xaa, 0x5c, 0x49, 0x4c, 0x4a, 0x54, 0x23, 0x19, 0x21, 0x08, 0x61, 0x08, 0x01, 0x00,
    0x64, 0x19, 0xaa, 0x5c, 0x8a, 0x54, 0x49, 0x54, 0x69, 0x54, 0x29, 0x54, 0xaa, 0x5c, 0xc3, 0x10,
    0x21, 0x00, 0x82, 0x08, 0x62, 0x08, 0x82, 0x08, 0x82, 0x08, 0x82, 0x08, 0x82, 0x08, 0x82, 0x08,
    0x82, 0x08, 0x62, 0x08, 0x62, 0x08, 0x62, 0x08, 0x82, 0x08, 0x00, 0x00, 0x28, 0x43, 0xca, 0x5c,
    0x29, 0x54, 0xe3, 0x10, 0x21, 0x00, 0x62, 0x08, 0x62, 0x08, 0x00, 0x00, 0x88, 0x43, 0xea, 0x5c,
    0x48, 0x43, 0x00, 0x00, 0x42, 0x00, 0x82, 0x08, 0x21, 0x00, 0x82, 0x08, 0xe5, 0x29, 0x63, 0x19,
    0x61, 0x08, 0x00, 0x00, 0x84, 0x21, 0xcb, 0x5c, 0xab, 0x5c, 0xe3, 0x10, 0x01, 0x00, 0x41, 0x08,
    0x41, 0x08, 0x20, 0x00, 0x86, 0x32, 0x0b, 0x5d, 0x29, 0x4c, 0x61, 0x08, 0x00, 0x00, 0x84, 0x21,
    0xcb, 0x5c, 0xaa, 0x5c, 0x03, 0x19, 0x01, 0x00, 0x62, 0x08, 0x62, 0x08, 0x00, 0x00, 0xe7, 0x3a,
    0x8c, 0x6d, 0xc9, 0x4b, 0x01, 0x00, 0x62, 0x08, 0xc2, 0x10, 0x84, 0x21, 0x64, 0x21, 0x41, 0x08,
    0x61, 0x08, 0xa2, 0x08, 0x01, 0x00, 0xa4, 0x21, 0xaa, 0x5c, 0xab, 0x5c, 0x03, 0x19, 0x00, 0x00,
    0x62, 0x08, 0x21, 0x00, 0x41, 0x08, 0x6a, 0x54, 0xaa, 0x5c, 0x48, 0x43, 0x20, 0x00, 0x41, 0x08,
    0x21, 0x00, 0x4a, 0x54, 0x6c, 0x65, 0x46, 0x32, 0x00, 0x00, 0xc7, 0x32, 0x0b, 0x5d, 0xa8, 0x43,
    0x00, 0x00, 0x41, 0x08, 0x41, 0x08, 0x21, 0x00, 0x61, 0x08, 0x29, 0x54, 0x0b, 0x5d, 0x46, 0x2a,
    0x00, 0x00, 0x61, 0x08, 0x41, 0x08, 0x41, 0x08, 0x61, 0x08, 0x41, 0x08, 0x61, 0x08, 0xe3, 0x10,
    0xab, 0x5c, 0x29, 0x4c, 0xa9, 0x54, 0x47, 0x43, 0x02, 0x11, 0x41, 0x00, 0x41, 0x08, 0x41, 0x08,
    0x61, 0x08, 0x00, 0x00, 0x0b, 0x54, 0xa9, 0x5c, 0x4a, 0x54, 0x6a, 0x54, 0x6a, 0x54, 0x6a, 0x54,
    0x6a, 0x54, 0x6a, 0x54, 0x6a, 0x54, 0x6a, 0x54, 0x6a, 0x54, 0x0a, 0x5d, 0x68, 0x4b, 0x00, 0x00,
    0x61, 0x08, 0x41, 0x08, 0x41, 0x08, 0x41, 0x08, 0x41, 0x08, 0x00, 0x00, 0xc4, 0x10, 0xc3, 0x10,
    0x20, 0x08, 0x41, 0x08, 0x82, 0x08, 0xe4, 0x10, 0x20, 0x08, 0x20, 0x00, 0xc4, 0x10, 0xa3, 0x10,
    0x20, 0x08, 0x20, 0x08, 0xc3, 0x10, 0xe4, 0x10, 0x00, 0x00, 0x62, 0x08, 0x20, 0x00, 0xc4, 0x10,
    0x25, 0x19, 0x00, 0x00, 0x41, 0x08, 0x41, 0x08, 0x61, 0x08, 0x20, 0x00, 0x04, 0x11, 0xc3, 0x10,
    0x00, 0x00, 0x41, 0x08, 0x41, 0x08, 0x41, 0x08, 0x41, 0x08, 0x41, 0x08, 0x20, 0x00, 0xa3, 0x08,
    0xc3, 0x08, 0x82, 0x08, 0xc3, 0x08, 0x41, 0x08, 0x41, 0x08, 0x41, 0x08, 0x41, 0x08, 0x41, 0x08,
    0x41, 0x08, 0x41, 0x08, 0x41, 0x08, 0x41, 0x08, 0x41, 0x08, 0x41, 0x08, 0x41, 0x08, 0x41, 0x08,
    0x61, 0x08, 0x61, 0x08, 0x62, 0x08, 0x62, 0x08, 0x62, 0x08, 0x62, 0x08, 0x62, 0x08, 0x62, 0x08,
    0x62, 0x08, 0x62, 0x08, 0x61, 0x08, 0x62, 0x08, 0x61, 0x08, 0x61, 0x08, 0x62, 0x08, 0x62, 0x08,
    0x62, 0x08, 0x82, 0x10, 0x82, 0x08, 0x62, 0x08, 0x62, 0x08, 0x62, 0x08, 0x62, 0x08, 0x62, 0x08,
    0x62, 0x08, 0x62, 0x08, 0x61, 0x08, 0x61, 0x08, 0x62, 0x08, 0x62, 0x08, 0x62, 0x08, 0x62, 0x08,
    0x61, 0x08, 0x81, 0x08, 0x62, 0x08, 0x62, 0x08, 0x62, 0x08, 0x62, 0x08, 0x82, 0x08, 0x82, 0x08,
    0x82, 0x08, 0x82, 0x08, 0x82, 0x08, 0x82, 0x08, 0x82, 0x08, 0x62, 0x08, 0x61, 0x08, 0x61, 0x08,
    0x21, 0x00, 0xa2, 0x10, 0xca, 0x5c, 0x6a, 0x54, 0xaa, 0x5c, 0xcb, 0x5c, 0xca, 0x5c, 0xca, 0x5c,
    0xaa, 0x5c, 0x49, 0x54, 0xca, 0x5c, 0x23, 0x19, 0x00, 0x00, 0x62, 0x08, 0x61, 0x08, 0x62, 0x08,
    0x21, 0x00, 0x03, 0x19, 0xe7, 0x3a, 0xcb, 0x5c, 0x6a, 0x54, 0x8a, 0x54, 0x69, 0x54, 0x6a, 0x5c,
    0x05, 0x2a, 0x00, 0x00, 0x82, 0x08, 0x62, 0x08, 0x62, 0x08, 0x62, 0x08, 0x62, 0x08, 0x82, 0x08,
    0x62, 0x08, 0x62, 0x08, 0x62, 0x08, 0x62, 0x08, 0x21, 0x08, 0xa2, 0x10, 0x29, 0x54, 0xea, 0x5c,
    0x86, 0x32, 0x00, 0x00, 0x82, 0x08, 0x61, 0x08, 0x62, 0x08, 0x00, 0x00, 0xc9, 0x4b, 0xca, 0x5c,
    0xc8, 0x4b, 0xe4, 0x21, 0xe3, 0x10, 0x00, 0x00, 0x01, 0x00, 0x00, 0x00, 0x00, 0x00, 0x01, 0x00,
    0x82, 0x08, 0x00, 0x00, 0x84, 0x21, 0xeb, 0x5c, 0xab, 0x5c, 0xe3, 0x10, 0x21, 0x00, 0x62, 0x08,
    0x82, 0x08, 0x00, 0x00, 0x86, 0x32, 0x2b, 0x65, 0x29, 0x4c, 0x41, 0x08, 0x00, 0x00, 0x84, 0x21,
    0xeb, 0x5c, 0xcb, 0x5c, 0xe3, 0x10, 0x21, 0x00, 0x82, 0x08, 0x62, 0x08, 0x41, 0x08, 0x82, 0x08,
    0xe2, 0x10, 0xa2, 0x10, 0x41, 0x08, 0x82, 0x08, 0x41, 0x08, 0x21, 0x08, 0x00, 0x00, 0x00, 0x00,
    0x01, 0x00, 0x21, 0x00, 0x00, 0x00, 0x64, 0x21, 0xeb, 0x5c, 0xcb, 0x5c, 0x23, 0x19, 0x00, 0x00,
    0x61, 0x08, 0x41, 0x08, 0x82, 0x08, 0x6a, 0x54, 0xeb, 0x5c, 0x45, 0x2a, 0x00, 0x00, 0xa2, 0x10,
    0x61, 0x08, 0xa2, 0x10, 0xc2, 0x10, 0x82, 0x08, 0x00, 0x00, 0xc7, 0x32, 0x2b, 0x65, 0xa8, 0x43,
    0x00, 0x00, 0x61, 0x08, 0x61, 0x08, 0x61, 0x08, 0x41, 0x08, 0x2a, 0x54, 0x0b, 0x5d, 0x46, 0x2a,
    0x00, 0x00, 0x61, 0x08, 0x41, 0x08, 0x41, 0x08, 0x41, 0x08, 0x61, 0x08, 0x41, 0x08, 0x62, 0x08,
    0x63, 0x19, 0xc6, 0x32, 0x49, 0x54, 0xca, 0x5c, 0xa9, 0x4b, 0x00, 0x00, 0x61, 0x08, 0x41, 0x08,
    0x61, 0x08, 0x00, 0x00, 0x0b, 0x54, 0x89, 0x54, 0x4a, 0x54, 0x69, 0x54, 0x6a, 0x54, 0x6a, 0x54,
    0x6a, 0x54, 0x6a, 0x54, 0x6a, 0x54, 0x8a, 0x5c, 0x6a, 0x54, 0xea, 0x5c, 0x68, 0x4b, 0x00, 0x00,
    0x61, 0x08, 0x41, 0x08, 0x41, 0x08, 0x41, 0x08, 0x41, 0x08, 0x00, 0x00, 0xc4, 0x10, 0xa3, 0x10,
    0x20, 0x08, 0x41, 0x08, 0x82, 0x08, 0x04, 0x11, 0x21, 0x08, 0x20, 0x00, 0xc4, 0x10, 0xa3, 0x10,
    0x20, 0x08, 0x20, 0x08, 0xc3, 0x10, 0xc3, 0x10, 0x20, 0x08, 0x21, 0x08, 0xa3, 0x10, 0x46, 0x19,
    0x00, 0x00, 0x41, 0x08, 0x41, 0x08, 0x41, 0x08, 0x20, 0x08, 0xe4, 0x10, 0xc3, 0x10, 0x00, 0x00,
    0x41, 0x08, 0x41, 0x08, 0x41, 0x08, 0x41, 0x08, 0x41, 0x08, 0x41, 0x08, 0x41, 0x00, 0x82, 0x08,
    0xe4, 0x10, 0xe4, 0x10, 0xa2, 0x08, 0x41, 0x08, 0x41, 0x08, 0x41, 0x08, 0x41, 0x08, 0x41, 0x08,
    0x41, 0x08, 0x41, 0x08, 0x41, 0x08, 0x41, 0x08, 0x41, 0x08, 0x41, 0x08, 0x41, 0x08, 0x41, 0x08,
    0x61, 0x08, 0x61, 0x08, 0x62, 0x08, 0x62, 0x08, 0x62, 0x08, 0x62, 0x08, 0x61, 0x08, 0x61, 0x08,
    0x42, 0x08, 0x42, 0x08, 0x61, 0x08, 0x62, 0x08, 0x61, 0x08, 0x61, 0x08, 0x62, 0x08, 0x62, 0x08,
    0x62, 0x08, 0x82, 0x08, 0x82, 0x08, 0x62, 0x08, 0x62, 0x08, 0x62, 0x08, 0x62, 0x08, 0x62, 0x08,
    0x62, 0x08, 0x62, 0x08, 0x62, 0x08, 0x61, 0x08, 0x61, 0x08, 0x61, 0x08, 0x62, 0x08, 0x62, 0x08,
    0x81, 0x08, 0x82, 0x08, 0x82, 0x08, 0x62, 0x08, 0x62, 0x08, 0x62, 0x08, 0x62, 0x08, 0x62, 0x08,
    0x62, 0x08, 0x82, 0x08, 0x82, 0x08, 0x81, 0x10, 0x82, 0x10, 0x81, 0x08, 0x61, 0x08, 0x62, 0x08,
    0x21, 0x00, 0xa2, 0x10, 0xaa, 0x5c, 0x8a, 0x54, 0x2a, 0x54, 0x09, 0x54, 0x09, 0x54, 0x09, 0x54,
    0x09, 0x54, 0x8a, 0x5c, 0x64, 0x21, 0x21, 0x00, 0x61, 0x08, 0x41, 0x08, 0x61, 0x08, 0x61, 0x08,
    0x62, 0x08, 0x21, 0x00, 0x82, 0x08, 0xa2, 0x10, 0x46, 0x32, 0x4a, 0x54, 0x6a, 0x54, 0x8a, 0x5c,
    0x6a, 0x5c, 0x25, 0x2a, 0x21, 0x00, 0x82, 0x08, 0x62, 0x08, 0x62, 0x08, 0x62, 0x08, 0x62, 0x08,
    0x62, 0x08, 0x62, 0x08, 0x61, 0x08, 0x82, 0x08, 0x00, 0x00, 0x05, 0x2a, 0x0b, 0x65, 0x8a, 0x5c,
    0x23, 0x19, 0x21, 0x00, 0x61, 0x08, 0x61, 0x08, 0x61, 0x08, 0x00, 0x00, 0x68, 0x43, 0xaa, 0x5c,
    0x69, 0x54, 0x0a, 0x5d, 0xc8, 0x4b, 0xa6, 0x3a, 0x07, 0x3b, 0xa6, 0x32, 0x01, 0x00, 0x62, 0x08,
    0x82, 0x08, 0x00, 0x00, 0x84, 0x21, 0xeb, 0x5c, 0xcb, 0x5c, 0xe3, 0x10, 0x21, 0x00, 0x61, 0x08,
    0x61, 0x08, 0x00, 0x00, 0x86, 0x32, 0x2b, 0x5d, 0x29, 0x4c, 0x41, 0x08, 0x00, 0x00, 0x84, 0x21,
    0xeb, 0x5c, 0xcb, 0x5c, 0xe3, 0x10, 0x21, 0x00, 0x61, 0x08, 0x61, 0x08, 0x62, 0x08, 0x41, 0x08,
    0x21, 0x00, 0x21, 0x00, 0x61, 0x08, 0x61, 0x08, 0x82, 0x08, 0x01, 0x00, 0x25, 0x32, 0x48, 0x43,
    0xe7, 0x42, 0x27, 0x43, 0x27, 0x43, 0x88, 0x4b, 0x8a, 0x54, 0xeb, 0x5c, 0x23, 0x19, 0x00, 0x00,
    0x61, 0x08, 0x21, 0x00, 0x82, 0x08, 0x4a, 0x54, 0xeb, 0x5c, 0x86, 0x32, 0x00, 0x00, 0x81, 0x08,
    0x61, 0x08, 0x21, 0x00, 0x21, 0x00, 0x62, 0x08, 0x00, 0x00, 0xc7, 0x3a, 0x2b, 0x65, 0xc8, 0x4b,
    0x00, 0x00, 0x61, 0x08, 0x61, 0x08, 0x41, 0x08, 0x41, 0x08, 0x2a, 0x54, 0xeb, 0x5c, 0x46, 0x2a,
    0x00, 0x00, 0x61, 0x08, 0x41, 0x08, 0x41, 0x08, 0x41, 0x08, 0x41, 0x08, 0x82, 0x08, 0x41, 0x08,
    0x00, 0x00, 0x86, 0x32, 0x6a, 0x54, 0x8a, 0x54, 0x68, 0x43, 0x00, 0x00, 0x61, 0x08, 0x41, 0x08,
    0x61, 0x08, 0x00, 0x00, 0x0b, 0x54, 0xa9, 0x54, 0x4a, 0x54, 0x6a, 0x54, 0x6a, 0x54, 0x6a, 0x54,
    0x6a, 0x54, 0x6a, 0x54, 0x6a, 0x54, 0x8a, 0x5c, 0x6a, 0x54, 0xea, 0x5c, 0x68, 0x4b, 0x00, 0x00,
    0x61, 0x08, 0x61, 0x08, 0x61, 0x08, 0x41, 0x08, 0x61, 0x08, 0x00, 0x00, 0xc3, 0x10, 0xa3, 0x10,
    0x20, 0x08, 0x41, 0x08, 0x82, 0x08, 0xe4, 0x10, 0x20, 0x08, 0x20, 0x00, 0xe4, 0x10, 0xa3, 0x10,
    0x20, 0x00, 0x20, 0x08, 0xc3, 0x10, 0xe4, 0x10, 0x20, 0x00, 0x20, 0x00, 0xe4, 0x10, 0xa3, 0x08,
    0x20, 0x08, 0x61, 0x08, 0x41, 0x08, 0x20, 0x08, 0x04, 0x11, 0xc3, 0x10, 0x20, 0x00, 0x41, 0x08,
    0x41, 0x08, 0x41, 0x08, 0x41, 0x08, 0x41, 0x08, 0x41, 0x08, 0x41, 0x08, 0xa3, 0x08, 0x41, 0x08,
    0x41, 0x08, 0x62, 0x08, 0x41, 0x08, 0x41, 0x08, 0x41, 0x08, 0x41, 0x08, 0x41, 0x08, 0x41, 0x08,
    0x41, 0x08, 0x41, 0x08, 0x41, 0x08, 0x41, 0x08, 0x61, 0x08, 0x61, 0x08, 0x41, 0x08, 0x41, 0x08,
    0x61, 0x08, 0x61, 0x08, 0x61, 0x08, 0x61, 0x08, 0x62, 0x08, 0x62, 0x08, 0x61, 0x08, 0x61, 0x08,
    0x61, 0x08, 0x61, 0x08, 0x61, 0x08, 0x61, 0x08, 0x61, 0x08, 0x61, 0x08, 0x62, 0x08, 0x62, 0x08,
    0x62, 0x08, 0x62, 0x08, 0x62, 0x08, 0x62, 0x08, 0x62, 0x08, 0x62, 0x08, 0x62, 0x08, 0x62, 0x08,
    0x62, 0x08, 0x62, 0x08, 0x62, 0x08, 0x61, 0x08, 0x61, 0x08, 0x61, 0x08, 0x62, 0x08, 0x62, 0x08,
    0x62, 0x08, 0x81, 0x08, 0x82, 0x08, 0x62, 0x08, 0x62, 0x08, 0x62, 0x08, 0x62, 0x08, 0x62, 0x08,
    0x62, 0x08, 0x82, 0x08, 0x82, 0x10, 0x81, 0x10, 0x81, 0x10, 0x81, 0x08, 0x61, 0x08, 0x61, 0x08,
    0x21, 0x00, 0xa2, 0x10, 0x8a, 0x54, 0xea, 0x5c, 0x45, 0x2a, 0x20, 0x00, 0x61, 0x08, 0x41, 0x00,
    0x41, 0x00, 0x41, 0x08, 0x21, 0x00, 0x41, 0x08, 0x41, 0x08, 0x41, 0x08, 0x41, 0x08, 0x61, 0x08,
    0x62, 0x08, 0x82, 0x08, 0x62, 0x08, 0x41, 0x08, 0x01, 0x00, 0xa2, 0x10, 0xc9, 0x4b, 0x29, 0x4c,
    0x0b, 0x65, 0x48, 0x43, 0x00, 0x00, 0x82, 0x08, 0x62, 0x08, 0x62, 0x08, 0x62, 0x08, 0x62, 0x08,
    0x62, 0x08, 0x61, 0x08, 0x61, 0x08, 0x61, 0x08, 0x20, 0x00, 0x68, 0x43, 0x0a, 0x5d, 0x65, 0x32,
    0x00, 0x00, 0x82, 0x08, 0x61, 0x08, 0x61, 0x08, 0x61, 0x08, 0x61, 0x08, 0x20, 0x00, 0xc7, 0x3a,
    0xaa, 0x5c, 0x8a, 0x54, 0xeb, 0x5c, 0x2b, 0x65, 0x0b, 0x5d, 0xca, 0x5c, 0x07, 0x3b, 0x01, 0x00,
    0x62, 0x08, 0x00, 0x00, 0x84, 0x21, 0xeb, 0x5c, 0xcb, 0x5c, 0xe3, 0x10, 0x21, 0x00, 0x61, 0x08,
    0x61, 0x08, 0x00, 0x00, 0x86, 0x32, 0x2b, 0x5d, 0x29, 0x4c, 0x61, 0x08, 0x00, 0x00, 0x84, 0x21,
    0xeb, 0x5c, 0xcb, 0x5c, 0xe3, 0x10, 0x01, 0x00, 0x61, 0x08, 0x61, 0x08, 0x62, 0x08, 0x62, 0x08,
    0x62, 0x08, 0x61, 0x08, 0x61, 0x08, 0x41, 0x08, 0x00, 0x00, 0x66, 0x32, 0x8a, 0x54, 0xea, 0x5c,
    0x4c, 0x65, 0x4c, 0x6d, 0x4c, 0x65, 0xeb, 0x5c, 0x49, 0x54, 0xeb, 0x5c, 0x23, 0x19, 0x00, 0x00,
    0x61, 0x08, 0x21, 0x00, 0x82, 0x08, 0x4a, 0x54, 0xeb, 0x5c, 0x86, 0x32, 0x00, 0x00, 0x61, 0x08,
    0x61, 0x08, 0x61, 0x08, 0x61, 0x08, 0x82, 0x08, 0x00, 0x00, 0xc7, 0x3a, 0x2b, 0x65, 0xc8, 0x4b,
    0x00, 0x00, 0x61, 0x08, 0x61, 0x08, 0x41, 0x08, 0x41, 0x08, 0x2a, 0x54, 0xeb, 0x5c, 0x46, 0x2a,
    0x00, 0x00, 0x61, 0x08, 0x41, 0x08, 0x41, 0x08, 0x61, 0x08, 0x62, 0x08, 0x00, 0x00, 0x21, 0x00,
    0x48, 0x43, 0x8a, 0x54, 0x09, 0x4c, 0xaa, 0x54, 0x48, 0x43, 0x00, 0x00, 0x61, 0x08, 0x41, 0x08,
    0x61, 0x08, 0x00, 0x00, 0x0b, 0x54, 0xa9, 0x54, 0x6a, 0x54, 0x6a, 0x54, 0x6a, 0x54, 0x6a, 0x54,
    0x6a, 0x5c, 0x6a, 0x54, 0x6a, 0x54, 0x8a, 0x5c, 0x6a, 0x54, 0xea, 0x5c, 0x68, 0x4b, 0x00, 0x00,
    0x61, 0x08, 0x61, 0x08, 0x61, 0x08, 0x41, 0x08, 0x41, 0x08, 0x20, 0x00, 0xc3, 0x08, 0xa3, 0x10,
    0x20, 0x08, 0x41, 0x08, 0x82, 0x08, 0xe4, 0x10, 0x20, 0x08, 0x20, 0x00, 0xe4, 0x10, 0xa3, 0x10,
    0x20, 0x00, 0x20, 0x00, 0xc3, 0x10, 0xe4, 0x10, 0x20, 0x00, 0x20, 0x00, 0xc4, 0x10, 0xc3, 0x10,
    0x20, 0x00, 0x61, 0x08, 0x20, 0x08, 0x05, 0x11, 0xe3, 0x10, 0x20, 0x08, 0x61, 0x08, 0x41, 0x08,
    0x41, 0x08, 0x41, 0x08, 0x41, 0x08, 0x41, 0x08, 0x41, 0x08, 0xa3, 0x08, 0x61, 0x08, 0x41, 0x08,
    0x41, 0x08, 0x41, 0x08, 0x41, 0x08, 0x41, 0x08, 0x41, 0x08, 0x61, 0x08, 0x41, 0x08, 0x41, 0x08,
    0x61, 0x08, 0x41, 0x08, 0x41, 0x08, 0x41, 0x08, 0x41, 0x08, 0x41, 0x08, 0x41, 0x08, 0x41, 0x08,
    0x61, 0x08, 0x61, 0x08, 0x62, 0x08, 0x61, 0x08, 0x61, 0x08, 0x61, 0x08, 0x61, 0x08, 0x61, 0x08,
    0x61, 0x08, 0x61, 0x08, 0x61, 0x08, 0x61, 0x08, 0x61, 0x08, 0x61, 0x08, 0x62, 0x08, 0x62, 0x08,
    0x62, 0x08, 0x62, 0x08, 0x62, 0x08, 0x62, 0x08, 0x62, 0x08, 0x62, 0x08, 0x62, 0x08, 0x62, 0x08,
    0x62, 0x08, 0x62, 0x08, 0x62, 0x08, 0x62, 0x08, 0x81, 0x08, 0x81, 0x08, 0x62, 0x08, 0x62, 0x08,
    0x62, 0x08, 0x62, 0x08, 0x82, 0x08, 0x62, 0x08, 0x62, 0x08, 0x82, 0x08, 0x82, 0x10, 0x82, 0x08,
    0x62, 0x08, 0x82, 0x08, 0x82, 0x08, 0x82, 0x08, 0x82, 0x08, 0x62, 0x08, 0x61, 0x08, 0x61, 0x08,
    0x21, 0x00, 0xa2, 0x10, 0x8a, 0x54, 0x0a, 0x5d, 0x25, 0x2a, 0x00, 0x00, 0x62, 0x08, 0x41, 0x08,
    0x41, 0x08, 0x41, 0x08, 0x61, 0x08, 0x61, 0x08, 0x41, 0x08, 0x41, 0x08, 0x41, 0x08, 0x21, 0x00,
    0x21, 0x08, 0x41, 0x08, 0x82, 0x08, 0x62, 0x08, 0x62, 0x08, 0x21, 0x00, 0x21, 0x00, 0x29, 0x54,
    0x0b, 0x5d, 0xe7, 0x3a, 0x00, 0x00, 0x82, 0x08, 0x62, 0x08, 0x62, 0x08, 0x62, 0x08, 0x62, 0x08,
    0x61, 0x08, 0x61, 0x08, 0x61, 0x08, 0x00, 0x00, 0x23, 0x19, 0xcb, 0x5c, 0xca, 0x5c, 0x84, 0x21,
    0x01, 0x00, 0x82, 0x08, 0x61, 0x08, 0x61, 0x08, 0x61, 0x08, 0x61, 0x08, 0x62, 0x08, 0x21, 0x00,
    0xc4, 0x29, 0x09, 0x54, 0xa8, 0x4b, 0xa8, 0x4b, 0x4a, 0x5c, 0xca, 0x5c, 0xca, 0x5c, 0xe7, 0x3a,
    0x61, 0x08, 0x00, 0x00, 0x84, 0x21, 0xeb, 0x5c, 0xcb, 0x5c, 0xe3, 0x10, 0x21, 0x00, 0x61, 0x08,
    0x62, 0x08, 0x00, 0x00, 0x86, 0x32, 0x2b, 0x5d, 0x29, 0x54, 0x61, 0x08, 0x00, 0x00, 0x84, 0x21,
    0xeb, 0x5c, 0xcb, 0x5c, 0xe2, 0x10, 0x00, 0x00, 0x61, 0x08, 0x61, 0x08, 0x61, 0x08, 0x41, 0x08,
    0x21, 0x08, 0x41, 0x08, 0x61, 0x08, 0x00, 0x00, 0x45, 0x2a, 0x89, 0x54, 0x8a, 0x54, 0x6a, 0x54,
    0x68, 0x43, 0x88, 0x4b, 0x88, 0x4b, 0xa8, 0x4b, 0x6a, 0x54, 0xeb, 0x5c, 0x23, 0x19, 0x00, 0x00,
    0x61, 0x08, 0x21, 0x00, 0x82, 0x08, 0x6a, 0x54, 0xeb, 0x5c, 0x66, 0x32, 0x00, 0x00, 0x61, 0x08,
    0x41, 0x08, 0x61, 0x08, 0x41, 0x08, 0x82, 0x08, 0x00, 0x00, 0xc7, 0x32, 0x0b, 0x65, 0xc8, 0x4b,
    0x00, 0x00, 0x61, 0x08, 0x61, 0x08, 0x21, 0x00, 0x41, 0x08, 0x2a, 0x54, 0xeb, 0x5c, 0x46, 0x2a,
    0x00, 0x00, 0x61, 0x08, 0x41, 0x08, 0x61, 0x08, 0x41, 0x08, 0x00, 0x00, 0x66, 0x32, 0x47, 0x3b,
    0x69, 0x54, 0xca, 0x5c, 0xa8, 0x4b, 0x61, 0x08, 0x61, 0x08, 0x41, 0x00, 0x41, 0x08, 0x41, 0x08,
    0x41, 0x08, 0x00, 0x00, 0x0b, 0x54, 0xa9, 0x5c, 0x6a, 0x54, 0x6a, 0x54, 0x6a, 0x54, 0x6a, 0x54,
    0x6a, 0x54, 0x6a, 0x54, 0x6a, 0x54, 0x8a, 0x5c, 0x6a, 0x54, 0xeb, 0x5c, 0x68, 0x4b, 0x00, 0x00,
    0x61, 0x08, 0x41, 0x08, 0x41, 0x08, 0x41, 0x08, 0x41, 0x08, 0x20, 0x00, 0xa3, 0x08, 0xa3, 0x08,
    0x20, 0x08, 0x41, 0x08, 0x82, 0x08, 0xe4, 0x10, 0x20, 0x08, 0x20, 0x00, 0xe4, 0x10, 0xa3, 0x10,
    0x20, 0x00, 0x20, 0x00, 0xc3, 0x10, 0xe4, 0x10, 0x20, 0x00, 0x00, 0x00, 0xe4, 0x10, 0xc3, 0x10,
    0x20, 0x00, 0x41, 0x08, 0x41, 0x08, 0x46, 0x11, 0x40, 0x08, 0x61, 0x08, 0x61, 0x08, 0x41, 0x08,
    0x41, 0x08, 0x41, 0x08, 0x20, 0x00, 0x20, 0x00, 0xa3, 0x08, 0x62, 0x08, 0x41, 0x08, 0x41, 0x08,
    0x41, 0x08, 0x41, 0x08, 0x41, 0x08, 0x41, 0x08, 0x41, 0x08, 0x41, 0x08, 0x41, 0x08, 0x41, 0x08,
    0x41, 0x08, 0x41, 0x08, 0x41, 0x08, 0x41, 0x08, 0x41, 0x08, 0x41, 0x08, 0x61, 0x08, 0x41, 0x08,
    0x62, 0x08, 0x62, 0x08, 0x62, 0x08, 0x61, 0x08, 0x61, 0x08, 0x61, 0x08, 0x61, 0x08, 0x61, 0x08,
    0x61, 0x08, 0x61, 0x08, 0x61, 0x08, 0x61, 0x08, 0x61, 0x08, 0x61, 0x08, 0x62, 0x08, 0x62, 0x08,
    0x62, 0x08, 0x62, 0x08, 0x62, 0x08, 0x62, 0x08, 0x62, 0x08, 0x62, 0x08, 0x62, 0x08, 0x61, 0x08,
    0x61, 0x08, 0x62, 0x08, 0x62, 0x08, 0x62, 0x08, 0x62, 0x08, 0x62, 0x08, 0x62, 0x08, 0x62, 0x08,
    0x62, 0x08, 0x62, 0x08, 0x62, 0x08, 0x62, 0x08, 0x62, 0x08, 0x82, 0x10, 0x82, 0x10, 0x62, 0x08,
    0x62, 0x08, 0x82, 0x08, 0x62, 0x10, 0x62, 0x08, 0x62, 0x08, 0x62, 0x08, 0x61, 0x08, 0x61, 0x08,
    0x21, 0x00, 0xa2, 0x10, 0x8a, 0x5c, 0x0b, 0x5d, 0x46, 0x2a, 0x00, 0x00, 0x82, 0x08, 0x61, 0x08,
    0x61, 0x08, 0x61, 0x08, 0x61, 0x08, 0x61, 0x08, 0x61, 0x08, 0x61, 0x08, 0x41, 0x08, 0xa2, 0x10,
    0xa2, 0x10, 0x82, 0x10, 0x61, 0x08, 0x62, 0x08, 0x61, 0x08, 0x41, 0x08, 0x61, 0x08, 0x4a, 0x54,
    0x0b, 0x5d, 0xe7, 0x3a, 0x00, 0x00, 0x82, 0x08, 0x62, 0x08, 0x62, 0x08, 0x62, 0x08, 0x61, 0x08,
    0x61, 0x08, 0x41, 0x08, 0x61, 0x08, 0x00, 0x00, 0xa7, 0x3a, 0xeb, 0x5c, 0x29, 0x54, 0x61, 0x08,
    0x41, 0x08, 0x61, 0x08, 0x61, 0x08, 0x61, 0x08, 0x61, 0x08, 0x61, 0x08, 0x21, 0x00, 0x01, 0x00,
    0x01, 0x00, 0x21, 0x00, 0x21, 0x00, 0x00, 0x00, 0x84, 0x21, 0xc8, 0x4b, 0xaa, 0x54, 0x69, 0x54,
    0x41, 0x08, 0x00, 0x00, 0x84, 0x21, 0xeb, 0x5c, 0xcb, 0x5c, 0xe3, 0x10, 0x21, 0x00, 0x61, 0x08,
    0x82, 0x08, 0x00, 0x00, 0xa6, 0x32, 0x2b, 0x5d, 0x29, 0x54, 0x61, 0x08, 0x00, 0x00, 0x84, 0x21,
    0xeb, 0x5c, 0xca, 0x5c, 0xe3, 0x10, 0x21, 0x00, 0x62, 0x08, 0x61, 0x08, 0x61, 0x08, 0x62, 0x08,
    0x82, 0x08, 0x62, 0x08, 0x61, 0x08, 0x00, 0x00, 0x27, 0x3b, 0xca, 0x54, 0x29, 0x54, 0xc4, 0x29,
    0x00, 0x00, 0x00, 0x00, 0x00, 0x00, 0x63, 0x19, 0xcb, 0x5c, 0xcb, 0x5c, 0x23, 0x19, 0x00, 0x00,
    0x61, 0x08, 0x21, 0x00, 0x82, 0x08, 0x6a, 0x5c, 0xeb, 0x5c, 0x66, 0x2a, 0x00, 0x00, 0x61, 0x08,
    0x61, 0x08, 0x61, 0x08, 0x61, 0x08, 0x82, 0x08, 0x00, 0x00, 0xa7, 0x32, 0x0b, 0x65, 0xc8, 0x43,
    0x01, 0x00, 0x61, 0x08, 0x61, 0x08, 0x41, 0x08, 0x61, 0x08, 0x2a, 0x54, 0xeb, 0x5c, 0x46, 0x2a,
    0x00, 0x00, 0x61, 0x08, 0x41, 0x08, 0x21, 0x00, 0xe3, 0x10, 0x84, 0x21, 0x29, 0x4c, 0xaa, 0x54,
    0x8a, 0x54, 0xc6, 0x32, 0x43, 0x19, 0x21, 0x00, 0x41, 0x08, 0x41, 0x08, 0x41, 0x08, 0x41, 0x08,
    0x41, 0x08, 0x00, 0x00, 0x0b, 0x54, 0xa9, 0x5c, 0x6a, 0x54, 0x6a, 0x54, 0x6a, 0x54, 0x6a, 0x54,
    0x6a, 0x54, 0x6a, 0x54, 0x6a, 0x54, 0x6a, 0x54, 0x6a, 0x54, 0xeb, 0x5c, 0x68, 0x4b, 0x00, 0x00,
    0x61, 0x08, 0x41, 0x08, 0x41, 0x08, 0x41, 0x08, 0x41, 0x08, 0x20, 0x00, 0xa3, 0x08, 0xa3, 0x08,
    0x20, 0x08, 0x41, 0x08, 0xa2, 0x08, 0xe4, 0x10, 0x21, 0x08, 0x20, 0x00, 0xe4, 0x10, 0xa3, 0x10,
    0x20, 0x00, 0x20, 0x00, 0xc4, 0x10, 0xe4, 0x10, 0x20, 0x00, 0x00, 0x00, 0xe4, 0x10, 0xc3, 0x10,
    0x20, 0x00, 0x61, 0x08, 0x40, 0x08, 0x46, 0x19, 0x41, 0x08, 0x41, 0x08, 0x61, 0x08, 0x61, 0x08,
    0x41, 0x08, 0x61, 0x08, 0xe4, 0x10, 0xe4, 0x10, 0x61, 0x08, 0x41, 0x08, 0x41, 0x08, 0x41, 0x08,
    0x41, 0x08, 0x41, 0x08, 0x41, 0x08, 0x41, 0x08, 0x41, 0x08, 0x41, 0x08, 0x41, 0x08, 0x41, 0x08,
    0x41, 0x08, 0x41, 0x08, 0x41, 0x08, 0x41, 0x08, 0x41, 0x08, 0x41, 0x08, 0x41, 0x08, 0x41, 0x08,
    0x62, 0x08, 0x62, 0x08, 0x62, 0x08, 0x61, 0x08, 0x61, 0x08, 0x62, 0x08, 0x61, 0x08, 0x61, 0x08,
    0x61, 0x08, 0x61, 0x08, 0x61, 0x08, 0x61, 0x08, 0x61, 0x08, 0x61, 0x08, 0x62, 0x08, 0x62, 0x08,
    0x62, 0x08, 0x62, 0x08, 0x62, 0x08, 0x62, 0x08, 0x62, 0x08, 0x62, 0x08, 0x61, 0x08, 0x61, 0x08,
    0x61, 0x08, 0x61, 0x08, 0x81, 0x08, 0x62, 0x08, 0x62, 0x08, 0x62, 0x08, 0x62, 0x08, 0x62, 0x08,
    0x62, 0x08, 0x62, 0x08, 0x62, 0x08, 0x62, 0x08, 0x62, 0x08, 0x62, 0x08, 0x62, 0x08, 0x62, 0x08,
    0x62, 0x08, 0x62, 0x08, 0x62, 0x08, 0x62, 0x08, 0x62, 0x08, 0x61, 0x08, 0x61, 0x08, 0x61, 0x08,
    0x21, 0x00, 0xa2, 0x10, 0x8a, 0x5c, 0x0b, 0x5d, 0x46, 0x2a, 0x00, 0x00, 0x82, 0x08, 0x61, 0x08,
    0x61, 0x08, 0x61, 0x08, 0x61, 0x08, 0x61, 0x08, 0x61, 0x08, 0x21, 0x00, 0xa2, 0x10, 0xcb, 0x5c,
    0x2a, 0x5d, 0xa7, 0x3a, 0x00, 0x00, 0x82, 0x08, 0x81, 0x08, 0x41, 0x08, 0x01, 0x00, 0x29, 0x54,
    0xeb, 0x5c, 0xc7, 0x3a, 0x00, 0x00, 0x82, 0x08, 0x62, 0x08, 0x62, 0x08, 0x62, 0x08, 0x61, 0x08,
    0x61, 0x08, 0x61, 0x08, 0x21, 0x00, 0x81, 0x08, 0x4a, 0x5c, 0xca, 0x5c, 0x25, 0x2a, 0x00, 0x00,
    0x62, 0x08, 0x61, 0x08, 0x62, 0x08, 0x61, 0x08, 0x61, 0x08, 0x41, 0x00, 0x23, 0x19, 0xa4, 0x21,
    0x23, 0x19, 0x21, 0x00, 0xa2, 0x10, 0xa2, 0x10, 0x00, 0x00, 0xa4, 0x21, 0x0b, 0x5d, 0xe9, 0x4b,
    0x41, 0x08, 0x00, 0x00, 0x84, 0x21, 0xcb, 0x5c, 0xaa, 0x5c, 0xa2, 0x10, 0x00, 0x00, 0x82, 0x08,
    0x82, 0x10, 0x00, 0x00, 0x45, 0x2a, 0x0b, 0x5d, 0x29, 0x4c, 0x61, 0x08, 0x00, 0x00, 0x64, 0x21,
    0xca, 0x5c, 0xaa, 0x5c, 0xa2, 0x08, 0x01, 0x00, 0x82, 0x10, 0x82, 0x08, 0x00, 0x00, 0x07, 0x3b,
    0x6b, 0x65, 0x88, 0x43, 0x01, 0x00, 0x00, 0x00, 0xc6, 0x3a, 0x2b, 0x5d, 0x27, 0x3b, 0x00, 0x00,
    0xa2, 0x08, 0xa2, 0x08, 0x00, 0x00, 0x64, 0x21, 0xcb, 0x5c, 0xcb, 0x5c, 0x23, 0x19, 0x00, 0x00,
    0x61, 0x08, 0x21, 0x00, 0x82, 0x08, 0x6a, 0x5c, 0xeb, 0x5c, 0x65, 0x2a, 0x00, 0x00, 0x61, 0x08,
    0x61, 0x08, 0x61, 0x08, 0x61, 0x08, 0x82, 0x08, 0x00, 0x00, 0xa6, 0x32, 0x0b, 0x5d, 0xa8, 0x43,
    0x00, 0x00, 0x61, 0x08, 0x61, 0x08, 0x41, 0x08, 0x01, 0x00, 0x09, 0x54, 0xeb, 0x5c, 0x46, 0x2a,
    0x00, 0x00, 0x41, 0x08, 0x41, 0x08, 0x00, 0x00, 0x45, 0x2a, 0x2b, 0x65, 0x29, 0x4c, 0xc8, 0x43,
    0xe9, 0x4b, 0xa2, 0x10, 0x00, 0x00, 0x62, 0x08, 0x61, 0x08, 0x41, 0x08, 0x41, 0x08, 0x41, 0x08,
    0x41, 0x08, 0x00, 0x00, 0x0b, 0x54, 0xa9, 0x5c, 0x6a, 0x54, 0x6a, 0x54, 0x6a, 0x54, 0x6a, 0x54,
    0x6a, 0x54, 0x6a, 0x54, 0x6a, 0x54, 0x6a, 0x54, 0x6a, 0x54, 0x0b, 0x5d, 0x68, 0x4b, 0x00, 0x00,
    0x61, 0x08, 0x41, 0x08, 0x41, 0x08, 0x41, 0x08, 0x41, 0x08, 0x20, 0x00, 0xc3, 0x08, 0xa3, 0x08,
    0x20, 0x08, 0x41, 0x08, 0xa2, 0x08, 0xe4, 0x10, 0x20, 0x08, 0x20, 0x00, 0x04, 0x11, 0xa3, 0x10,
    0x20, 0x00, 0x20, 0x00, 0xc4, 0x10, 0xe4, 0x10, 0x20, 0x00, 0x00, 0x00, 0xe4, 0x10, 0xc3, 0x10,
    0x20, 0x00, 0x61, 0x08, 0x40, 0x08, 0x46, 0x19, 0x40, 0x08, 0x41, 0x08, 0x41, 0x08, 0x41, 0x08,
    0x41, 0x08, 0x25, 0x11, 0x82, 0x10, 0xe4, 0x10, 0xa3, 0x08, 0x41, 0x08, 0x61, 0x08, 0x41, 0x08,
    0x41, 0x08, 0x41, 0x08, 0x41, 0x08, 0x41, 0x08, 0x41, 0x08, 0x41, 0x08, 0x41, 0x08, 0x41, 0x08,
    0x41, 0x08, 0x41, 0x08, 0x41, 0x08, 0x41, 0x08, 0x41, 0x08, 0x41, 0x08, 0x61, 0x08, 0x41, 0x08,
    0x62, 0x08, 0x62, 0x08, 0x62, 0x08, 0x61, 0x08, 0x61, 0x08, 0x61, 0x08, 0x61, 0x08, 0x61, 0x08,
    0x61, 0x08, 0x61, 0x08, 0x61, 0x08, 0x61, 0x08, 0x62, 0x08, 0x61, 0x08, 0x62, 0x08, 0x62, 0x08,
    0x61, 0x08, 0x62, 0x08, 0x62, 0x08, 0x62, 0x08, 0x62, 0x08, 0x81, 0x08, 0x61, 0x08, 0x61, 0x08,
    0x61, 0x10, 0x61, 0x08, 0x62, 0x08, 0x62, 0x08, 0x62, 0x08, 0x62, 0x08, 0x62, 0x08, 0x82, 0x08,
    0x62, 0x08, 0x62, 0x08, 0x62, 0x08, 0x82, 0x10, 0x62, 0x08, 0x62, 0x08, 0x62, 0x08, 0x62, 0x08,
    0x62, 0x08, 0x62, 0x08, 0x62, 0x08, 0x62, 0x08, 0x62, 0x08, 0x61, 0x08, 0x61, 0x08, 0x61, 0x08,
    0x21, 0x00, 0xa2, 0x10, 0x8a, 0x5c, 0x0b, 0x5d, 0x45, 0x2a, 0x00, 0x00, 0x82, 0x08, 0x61, 0x08,
    0x61, 0x08, 0x62, 0x08, 0x61, 0x08, 0x61, 0x08, 0x61, 0x08, 0x21, 0x00, 0xa2, 0x08, 0x0a, 0x5d,
    0x88, 0x54, 0xe8, 0x4b, 0x63, 0x21, 0x00, 0x00, 0x00, 0x00, 0x01, 0x00, 0x28, 0x43, 0x49, 0x4c,
    0x0b, 0x5d, 0x07, 0x43, 0x00, 0x00, 0x82, 0x08, 0x62, 0x08, 0x62, 0x08, 0x62, 0x08, 0x61, 0x08,
    0x61, 0x08, 0x61, 0x08, 0x00, 0x00, 0x25, 0x2a, 0xeb, 0x5c, 0xcb, 0x5c, 0x03, 0x11, 0x01, 0x00,
    0x62, 0x08, 0x61, 0x08, 0x62, 0x08, 0x62, 0x08, 0x62, 0x08, 0x21, 0x00, 0x8a, 0x5c, 0x4a, 0x65,
    0x49, 0x54, 0x43, 0x19, 0x00, 0x00, 0x01, 0x00, 0x61, 0x08, 0x27, 0x3b, 0xaa, 0x5c, 0x49, 0x54,
    0x62, 0x08, 0x00, 0x00, 0xa4, 0x21, 0x0b, 0x65, 0x49, 0x54, 0x88, 0x4b, 0x41, 0x08, 0x00, 0x00,
    0x00, 0x00, 0xe5, 0x29, 0x09, 0x4c, 0x8a, 0x54, 0x49, 0x54, 0x41, 0x08, 0x00, 0x00, 0xa4, 0x21,
    0x2b, 0x65, 0x69, 0x54, 0x88, 0x4b, 0x61, 0x08, 0x00, 0x00, 0x00, 0x00, 0xe5, 0x29, 0x49, 0x54,
    0x0a, 0x5d, 0xc9, 0x4b, 0x01, 0x00, 0x00, 0x00, 0x07, 0x3b, 0xea, 0x5c, 0xc8, 0x4b, 0xc2, 0x10,
    0x01, 0x00, 0x00, 0x00, 0x43, 0x19, 0x29, 0x54, 0x49, 0x4c, 0xca, 0x5c, 0xe3, 0x10, 0x00, 0x00,
    0x61, 0x08, 0x00, 0x00, 0x41, 0x00, 0x49, 0x54, 0xca, 0x5c, 0x25, 0x2a, 0x00, 0x00, 0x21, 0x00,
    0x41, 0x08, 0x61, 0x08, 0x61, 0x08, 0x81, 0x08, 0x00, 0x00, 0xe7, 0x3a, 0xeb, 0x64, 0x49, 0x54,
    0x45, 0x2a, 0x00, 0x00, 0x01, 0x00, 0x01, 0x00, 0xc7, 0x3a, 0x29, 0x4c, 0xcb, 0x5c, 0x46, 0x2a,
    0x00, 0x00, 0x41, 0x08, 0x62, 0x08, 0xe8, 0x53, 0xe8, 0x4b, 0x09, 0x4c, 0x0b, 0x65, 0x66, 0x32,
    0x00, 0x00, 0x61, 0x08, 0x61, 0x08, 0x41, 0x08, 0x41, 0x08, 0x41, 0x08, 0x41, 0x08, 0x41, 0x08,
    0x41, 0x08, 0x00, 0x00, 0xeb, 0x53, 0xa9, 0x54, 0x6a, 0x54, 0x6a, 0x54, 0x6a, 0x54, 0x6a, 0x54,
    0x6a, 0x54, 0x6a, 0x54, 0x6a, 0x54, 0x8a, 0x5c, 0x6a, 0x54, 0x0b, 0x65, 0x68, 0x4b, 0x00, 0x00,
    0x61, 0x08, 0x41, 0x08, 0x41, 0x08, 0x41, 0x08, 0x41, 0x08, 0x20, 0x00, 0xa3, 0x08, 0xa3, 0x08,
    0x20, 0x08, 0x41, 0x08, 0x82, 0x08, 0xe4, 0x10, 0x21, 0x08, 0x20, 0x00, 0x04, 0x11, 0xa3, 0x10,
    0x20, 0x00, 0x20, 0x00, 0xc4, 0x10, 0xe4, 0x10, 0x20, 0x00, 0x20, 0x00, 0xe4, 0x10, 0xc3, 0x10,
    0x20, 0x00, 0x41, 0x08, 0x20, 0x08, 0x46, 0x19, 0x40, 0x08, 0x41, 0x08, 0x41, 0x08, 0x41, 0x08,
    0x61, 0x08, 0x05, 0x11, 0x00, 0x08, 0x82, 0x08, 0xc3, 0x08, 0x41, 0x08, 0x41, 0x08, 0x41, 0x08,
    0x41, 0x08, 0x41, 0x08, 0x41, 0x08, 0x41, 0x08, 0x41, 0x08, 0x41, 0x08, 0x41, 0x08, 0x41, 0x08,
    0x41, 0x08, 0x41, 0x08, 0x41, 0x08, 0x41, 0x08, 0x61, 0x08, 0x41, 0x08, 0x41, 0x08, 0x41, 0x08,
    0x62, 0x08, 0x62, 0x08, 0x61, 0x08, 0x61, 0x08, 0x61, 0x08, 0x62, 0x08, 0x61, 0x08, 0x61, 0x08,
    0x61, 0x08, 0x61, 0x08, 0x61, 0x08, 0x62, 0x08, 0x62, 0x08, 0x62, 0x08, 0x62, 0x08, 0x61, 0x08,
    0x61, 0x08, 0x61, 0x08, 0x61, 0x08, 0x62, 0x08, 0x62, 0x08, 0x61, 0x08, 0x61, 0x08, 0x61, 0x08,
    0x61, 0x08, 0x61, 0x08, 0x61, 0x08, 0x62, 0x08, 0x62, 0x08, 0x62, 0x08, 0x62, 0x08, 0x82, 0x08,
    0x82, 0x08, 0x82, 0x08, 0x62, 0x08, 0x62, 0x08, 0x62, 0x08, 0x62, 0x08, 0x62, 0x08, 0x62, 0x08,
    0x62, 0x08, 0x62, 0x08, 0x62, 0x08, 0x62, 0x08, 0x62, 0x08, 0x62, 0x08, 0x61, 0x08, 0x61, 0x08,
    0x21, 0x00, 0xa2, 0x10, 0x8a, 0x54, 0xea, 0x5c, 0x45, 0x2a, 0x00, 0x00, 0x82, 0x08, 0x61, 0x08,
    0x62, 0x08, 0x62, 0x08, 0x62, 0x08, 0x61, 0x08, 0x61, 0x08, 0x41, 0x08, 0x62, 0x08, 0x27, 0x3b,
    0x49, 0x54, 0x89, 0x54, 0x29, 0x54, 0x27, 0x43, 0x47, 0x43, 0x47, 0x43, 0x69, 0x4c, 0x89, 0x54,
    0x29, 0x54, 0xe5, 0x29, 0x21, 0x00, 0x62, 0x08, 0x62, 0x08, 0x62, 0x08, 0x62, 0x08, 0x61, 0x08,
    0x61, 0x08, 0x41, 0x08, 0x00, 0x00, 0x88, 0x4b, 0xeb, 0x5c, 0x07, 0x3b, 0x41, 0x00, 0x62, 0x08,
    0x61, 0x08, 0x61, 0x08, 0x61, 0x08, 0x61, 0x08, 0x62, 0x08, 0x21, 0x00, 0xa8, 0x4b, 0x89, 0x54,
    0x69, 0x54, 0x29, 0x54, 0x27, 0x43, 0x47, 0x43, 0xc8, 0x4b, 0xa9, 0x54, 0xaa, 0x54, 0x47, 0x43,
    0x62, 0x08, 0x21, 0x00, 0x23, 0x19, 0x09, 0x4c, 0x69, 0x54, 0x8a, 0x54, 0x88, 0x4b, 0x67, 0x43,
    0x67, 0x43, 0x69, 0x54, 0xaa, 0x54, 0x49, 0x54, 0x29, 0x54, 0x41, 0x08, 0x21, 0x00, 0x03, 0x19,
    0xc9, 0x4b, 0x69, 0x54, 0xaa, 0x5c, 0x88, 0x4b, 0x27, 0x43, 0x27, 0x43, 0x28, 0x4c, 0x89, 0x54,
    0xaa, 0x5c, 0xc7, 0x3a, 0x21, 0x00, 0x00, 0x00, 0xa7, 0x3a, 0xca, 0x5c, 0x69, 0x54, 0x09, 0x54,
    0x27, 0x43, 0x47, 0x43, 0xc8, 0x4b, 0xca, 0x5c, 0x29, 0x4c, 0x49, 0x54, 0xc9, 0x4b, 0xc2, 0x10,
    0x01, 0x00, 0xe7, 0x42, 0x87, 0x43, 0x28, 0x4c, 0x49, 0x54, 0xc8, 0x4b, 0x87, 0x4b, 0x67, 0x4b,
    0x41, 0x08, 0x41, 0x08, 0x41, 0x08, 0x61, 0x08, 0x20, 0x00, 0xe5, 0x29, 0x2a, 0x54, 0x8a, 0x5c,
    0x29, 0x54, 0x47, 0x43, 0x47, 0x43, 0x47, 0x43, 0x89, 0x54, 0x09, 0x4c, 0xaa, 0x54, 0x45, 0x2a,
    0x00, 0x00, 0x41, 0x08, 0x82, 0x08, 0x8a, 0x54, 0xa9, 0x54, 0xc8, 0x4b, 0x23, 0x19, 0xa2, 0x10,
    0x41, 0x08, 0x61, 0x08, 0x41, 0x08, 0x41, 0x08, 0x41, 0x08, 0x41, 0x08, 0x41, 0x08, 0x41, 0x08,
    0x41, 0x00, 0x00, 0x00, 0xeb, 0x53, 0x89, 0x54, 0x6a, 0x54, 0x6a, 0x54, 0x6a, 0x54, 0x6a, 0x54,
    0x6a, 0x54, 0x6a, 0x54, 0x6a, 0x54, 0x8a, 0x5c, 0x6a, 0x54, 0x0b, 0x5d, 0x68, 0x4b, 0x00, 0x00,
    0x61, 0x08, 0x41, 0x08, 0x41, 0x08, 0x41, 0x08, 0x41, 0x08, 0x20, 0x08, 0xa3, 0x08, 0xa3, 0x08,
    0x20, 0x08, 0x41, 0x08, 0x82, 0x08, 0xe4, 0x10, 0x41, 0x08, 0x20, 0x00, 0xe4, 0x10, 0xa3, 0x10,
    0x20, 0x00, 0x20, 0x00, 0xe4, 0x10, 0xe4, 0x10, 0x20, 0x00, 0x20, 0x00, 0xe4, 0x10, 0xc3, 0x10,
    0x20, 0x00, 0x41, 0x08, 0x20, 0x08, 0x46, 0x19, 0x40, 0x08, 0x41, 0x08, 0x41, 0x08, 0x41, 0x08,
    0x20, 0x08, 0xe4, 0x10, 0x25, 0x11, 0x04, 0x11, 0x61, 0x08, 0x41, 0x08, 0x41, 0x08, 0x41, 0x08,
    0x41, 0x08, 0x41, 0x08, 0x41, 0x08, 0x41, 0x08, 0x41, 0x08, 0x41, 0x08, 0x41, 0x08, 0x41, 0x08,
    0x41, 0x08, 0x41, 0x08, 0x41, 0x08, 0x61, 0x08, 0x61, 0x08, 0x41, 0x08, 0x41, 0x08, 0x41, 0x08,
    0x61, 0x08, 0x61, 0x08, 0x62, 0x08, 0x62, 0x08, 0x61, 0x08, 0x62, 0x08, 0x62, 0x08, 0x62, 0x08,
    0x61, 0x08, 0x61, 0x08, 0x62, 0x08, 0x62, 0x08, 0x62, 0x08, 0x62, 0x08, 0x62, 0x08, 0x81, 0x08,
    0x61, 0x08, 0x61, 0x08, 0x61, 0x08, 0x62, 0x08, 0x62, 0x08, 0x62, 0x08, 0x61, 0x08, 0x61, 0x08,
    0x61, 0x08, 0x62, 0x08, 0x62, 0x08, 0x62, 0x08, 0x62, 0x08, 0x62, 0x08, 0x61, 0x08, 0x82, 0x10,
    0x82, 0x08, 0x82, 0x08, 0x61, 0x08, 0x62, 0x08, 0x62, 0x08, 0x62, 0x08, 0x62, 0x08, 0x62, 0x08,
    0x62, 0x08, 0x62, 0x08, 0x62, 0x08, 0x62, 0x08, 0x62, 0x08, 0x62, 0x08, 0x61, 0x08, 0x61, 0x08,
    0x21, 0x00, 0xa2, 0x10, 0xcb, 0x5c, 0x4b, 0x65, 0x86, 0x32, 0x00, 0x00, 0x82, 0x08, 0x61, 0x08,
    0x62, 0x08, 0x62, 0x08, 0x62, 0x08, 0x61, 0x08, 0x61, 0x08, 0x61, 0x08, 0x41, 0x08, 0x00, 0x00,
    0x69, 0x4b, 0x8a, 0x54, 0x8a, 0x54, 0xca, 0x5c, 0xca, 0x5c, 0xca, 0x54, 0x69, 0x4c, 0x8a, 0x54,
    0x84, 0x19, 0x00, 0x00, 0x82, 0x08, 0x62, 0x08, 0x62, 0x08, 0x62, 0x08, 0x61, 0x08, 0x61, 0x08,
    0x61, 0x08, 0x00, 0x00, 0x43, 0x19, 0xaa, 0x5c, 0x0b, 0x5d, 0x86, 0x32, 0x00, 0x00, 0x82, 0x10,
    0x62, 0x08, 0x61, 0x08, 0x61, 0x08, 0x62, 0x08, 0x62, 0x08, 0x41, 0x08, 0x21, 0x00, 0xe9, 0x53,
    0xab, 0x5c, 0x8a, 0x54, 0xeb, 0x5c, 0xeb, 0x5c, 0xcb, 0x5c, 0xca, 0x5c, 0x29, 0x54, 0x41, 0x08,
    0x41, 0x00, 0x82, 0x08, 0x00, 0x00, 0x03, 0x19, 0x4a, 0x54, 0x6a, 0x54, 0xcb, 0x5c, 0xcb, 0x5c,
    0xeb, 0x5c, 0xaa, 0x5c, 0x8a, 0x54, 0xca, 0x54, 0x8a, 0x54, 0x41, 0x08, 0x61, 0x08, 0x00, 0x00,
    0x82, 0x10, 0x6a, 0x5c, 0x8a, 0x54, 0xca, 0x5c, 0xcb, 0x5c, 0xca, 0x5c, 0x8a, 0x54, 0xca, 0x5c,
    0x48, 0x43, 0x00, 0x00, 0x61, 0x08, 0x41, 0x08, 0x21, 0x00, 0xc9, 0x4b, 0x8a, 0x54, 0x8a, 0x54,
    0xca, 0x5c, 0xeb, 0x5c, 0xea, 0x5c, 0x6a, 0x5c, 0x8a, 0x54, 0x6a, 0x54, 0x2b, 0x65, 0x23, 0x19,
    0x00, 0x00, 0x2a, 0x54, 0xea, 0x5c, 0x6a, 0x54, 0x8a, 0x54, 0xaa, 0x54, 0x0b, 0x5d, 0xca, 0x5c,
    0x41, 0x08, 0x41, 0x08, 0x61, 0x08, 0x41, 0x08, 0x61, 0x08, 0x00, 0x00, 0xc5, 0x29, 0x6a, 0x5c,
    0x6a, 0x54, 0xab, 0x5c, 0xaa, 0x54, 0xca, 0x5c, 0x4a, 0x54, 0x4a, 0x54, 0xeb, 0x5c, 0x66, 0x32,
    0x00, 0x00, 0x61, 0x08, 0x82, 0x08, 0xc9, 0x4b, 0x09, 0x4c, 0x07, 0x3b, 0x00, 0x00, 0x21, 0x00,
    0x41, 0x08, 0x41, 0x08, 0x41, 0x08, 0x41, 0x08, 0x41, 0x08, 0x41, 0x08, 0x41, 0x08, 0x41, 0x08,
    0x41, 0x00, 0x00, 0x00, 0xeb, 0x53, 0x89, 0x54, 0x4a, 0x54, 0x6a, 0x54, 0x6a, 0x54, 0x6a, 0x54,
    0x6a, 0x54, 0x6a, 0x54, 0x6a, 0x54, 0x8a, 0x54, 0x6a, 0x54, 0xea, 0x64, 0x68, 0x4b, 0x00, 0x00,
    0x61, 0x08, 0x41, 0x08, 0x41, 0x08, 0x41, 0x08, 0x61, 0x08, 0x20, 0x08, 0xa3, 0x08, 0xa3, 0x08,
    0x20, 0x08, 0x41, 0x08, 0x82, 0x08, 0xe3, 0x10, 0x41, 0x08, 0x00, 0x00, 0xe4, 0x10, 0xa3, 0x10,
    0x20, 0x08, 0x20, 0x08, 0xe4, 0x10, 0xe4, 0x10, 0x20, 0x00, 0x20, 0x00, 0xe4, 0x10, 0xc3, 0x10,
    0x20, 0x00, 0x41, 0x08, 0x20, 0x08, 0x46, 0x19, 0x40, 0x08, 0x41, 0x08, 0x41, 0x08, 0x41, 0x08,
    0x41, 0x08, 0x20, 0x08, 0x26, 0x11, 0x20, 0x08, 0x41, 0x08, 0x41, 0x08, 0x41, 0x08, 0x41, 0x08,
    0x41, 0x08, 0x41, 0x08, 0x41, 0x08, 0x41, 0x08, 0x41, 0x08, 0x41, 0x08, 0x41, 0x08, 0x41, 0x08,
    0x41, 0x08, 0x41, 0x08, 0x41, 0x08, 0x41, 0x08, 0x41, 0x08, 0x41, 0x08, 0x41, 0x08, 0x41, 0x08,
    0x61, 0x08, 0x61, 0x08, 0x62, 0x08, 0x61, 0x08, 0x61, 0x08, 0x61, 0x08, 0x61, 0x08, 0x61, 0x08,
    0x61, 0x08, 0x62, 0x08, 0x62, 0x08, 0x62, 0x08, 0x62, 0x08, 0x62, 0x08, 0x62, 0x08, 0x81, 0x08,
    0x61, 0x08, 0x61, 0x08, 0x61, 0x08, 0x62, 0x08, 0x62, 0x08, 0x62, 0x08, 0x62, 0x08, 0x62, 0x08,
    0x62, 0x08, 0x62, 0x08, 0x62, 0x08, 0x62, 0x08, 0x62, 0x08, 0x62, 0x08, 0x61, 0x08, 0x61, 0x08,
    0x61, 0x08, 0x61, 0x08, 0x62, 0x08, 0x62, 0x08, 0x62, 0x08, 0x62, 0x08, 0x61, 0x08, 0x61, 0x08,
    0x62, 0x08, 0x62, 0x08, 0x62, 0x08, 0x62, 0x08, 0x82, 0x10, 0x62, 0x08, 0x61, 0x08, 0x61, 0x08,
    0x41, 0x08, 0xa2, 0x10, 0x2a, 0x54, 0xaa, 0x5c, 0x25, 0x2a, 0x00, 0x00, 0x62, 0x08, 0x62, 0x08,
    0x62, 0x08, 0x62, 0x08, 0x62, 0x08, 0x62, 0x08, 0x62, 0x08, 0x62, 0x08, 0x62, 0x08, 0x62, 0x08,
    0x00, 0x00, 0x48, 0x43, 0x09, 0x4c, 0xa8, 0x4b, 0xc8, 0x4b, 0xa8, 0x4b, 0x29, 0x54, 0x24, 0x19,
    0x21, 0x00, 0x82, 0x08, 0x61, 0x08, 0x62, 0x08, 0x62, 0x08, 0x62, 0x08, 0x61, 0x08, 0x61, 0x08,
    0x62, 0x08, 0x00, 0x00, 0x88, 0x4b, 0xeb, 0x5c, 0xc9, 0x4b, 0x03, 0x11, 0x41, 0x08, 0x82, 0x08,
    0x62, 0x08, 0x61, 0x08, 0x61, 0x08, 0x62, 0x08, 0x61, 0x08, 0x62, 0x08, 0x41, 0x08, 0x41, 0x00,
    0x28, 0x43, 0x2a, 0x54, 0xc9, 0x53, 0xe9, 0x53, 0x0a, 0x54, 0x2a, 0x54, 0xa2, 0x08, 0x41, 0x00,
    0x61, 0x08, 0x61, 0x08, 0x61, 0x08, 0x21, 0x00, 0xc2, 0x10, 0x0a, 0x54, 0xc9, 0x4b, 0xa9, 0x4b,
    0x4a, 0x54, 0xe4, 0x29, 0xc4, 0x29, 0x6a, 0x54, 0xa8, 0x4b, 0x41, 0x08, 0x41, 0x08, 0x82, 0x08,
    0x41, 0x08, 0xc2, 0x10, 0xe9, 0x53, 0xc9, 0x4b, 0xc9, 0x4b, 0xc9, 0x4b, 0x2a, 0x54, 0x28, 0x43,
    0x00, 0x00, 0x61, 0x08, 0x61, 0x08, 0x61, 0x08, 0x41, 0x08, 0x41, 0x08, 0x88, 0x43, 0xe9, 0x4b,
    0xa8, 0x43, 0x09, 0x4c, 0xc6, 0x3a, 0x81, 0x08, 0x28, 0x43, 0xe9, 0x4b, 0x09, 0x54, 0xe3, 0x10,
    0x00, 0x00, 0x48, 0x4b, 0xe9, 0x4b, 0xa9, 0x4b, 0xe9, 0x4b, 0xc9, 0x4b, 0xe9, 0x53, 0xa9, 0x4b,
    0x61, 0x08, 0x41, 0x08, 0x61, 0x08, 0x41, 0x08, 0x41, 0x08, 0x62, 0x08, 0x00, 0x00, 0x64, 0x21,
    0x0a, 0x54, 0x88, 0x43, 0xc9, 0x4b, 0x88, 0x4b, 0xc2, 0x10, 0x68, 0x43, 0x29, 0x54, 0x05, 0x2a,
    0x00, 0x00, 0x81, 0x08, 0x41, 0x08, 0x01, 0x00, 0x00, 0x00, 0x01, 0x00, 0x41, 0x08, 0x41, 0x08,
    0x41, 0x08, 0x41, 0x08, 0x41, 0x08, 0x61, 0x08, 0x61, 0x08, 0x61, 0x08, 0x41, 0x08, 0x41, 0x08,
    0x41, 0x08, 0x00, 0x00, 0xeb, 0x53, 0x89, 0x54, 0x49, 0x54, 0x69, 0x54, 0x69, 0x54, 0x6a, 0x54,
    0x6a, 0x54, 0x6a, 0x54, 0x6a, 0x54, 0x6a, 0x54, 0x6a, 0x54, 0xea, 0x5c, 0x68, 0x4b, 0x00, 0x00,
    0x61, 0x08, 0x41, 0x08, 0x41, 0x08, 0x41, 0x08, 0x41, 0x08, 0x41, 0x08, 0xc4, 0x08, 0xa3, 0x08,
    0x41, 0x08, 0x41, 0x08, 0x82, 0x08, 0xc3, 0x10, 0x21, 0x08, 0x00, 0x00, 0xe4, 0x10, 0xa3, 0x10,
    0x20, 0x08, 0x20, 0x00, 0xc4, 0x10, 0xc4, 0x10, 0x20, 0x00, 0x20, 0x00, 0xe4, 0x10, 0xc3, 0x10,
    0x20, 0x00, 0x41, 0x08, 0x20, 0x08, 0x46, 0x19, 0x40, 0x08, 0x41, 0x08, 0x41, 0x08, 0x41, 0x08,
    0x41, 0x08, 0x61, 0x08, 0x05, 0x11, 0x20, 0x08, 0x41, 0x08, 0x41, 0x08, 0x41, 0x08, 0x41, 0x08,
    0x41, 0x08, 0x41, 0x08, 0x41, 0x08, 0x41, 0x08, 0x41, 0x08, 0x41, 0x08, 0x41, 0x08, 0x62, 0x08,
    0x41, 0x08, 0x41, 0x08, 0x41, 0x08, 0x41, 0x08, 0x41, 0x08, 0x41, 0x08, 0x41, 0x08, 0x41, 0x08,
    0x62, 0x08, 0x62, 0x08, 0x62, 0x08, 0x61, 0x08, 0x61, 0x08, 0x61, 0x08, 0x61, 0x08, 0x61, 0x08,
    0x61, 0x08, 0x61, 0x08, 0x62, 0x08, 0x62, 0x08, 0x62, 0x08, 0x61, 0x08, 0x62, 0x08, 0x81, 0x08,
    0x61, 0x08, 0x61, 0x08, 0x61, 0x08, 0x62, 0x08, 0x62, 0x08, 0x62, 0x08, 0x62, 0x08, 0x62, 0x08,
    0x62, 0x08, 0x61, 0x08, 0x61, 0x08, 0x62, 0x08, 0x62, 0x08, 0x61, 0x08, 0x61, 0x08, 0x61, 0x08,
    0x61, 0x08, 0x61, 0x08, 0x62, 0x08, 0x62, 0x08, 0x62, 0x08, 0x62, 0x08, 0x61, 0x08, 0x61, 0x08,
    0x62, 0x08, 0x62, 0x08, 0x62, 0x08, 0x62, 0x08, 0x82, 0x10, 0x82, 0x10, 0x61, 0x08, 0x61, 0x08,
    0x61, 0x08, 0x41, 0x08, 0x21, 0x00, 0x00, 0x00, 0x21, 0x00, 0x61, 0x08, 0x62, 0x08, 0x62, 0x08,
    0x62, 0x08, 0x62, 0x08, 0x62, 0x08, 0x62, 0x08, 0x62, 0x08, 0x62, 0x08, 0x61, 0x08, 0x61, 0x08,
    0x41, 0x08, 0x01, 0x00, 0x00, 0x00, 0x00, 0x00, 0x00, 0x00, 0x00, 0x00, 0x01, 0x00, 0x41, 0x08,
    0x61, 0x08, 0x61, 0x08, 0x61, 0x08, 0x62, 0x08, 0x62, 0x08, 0x62, 0x08, 0x62, 0x08, 0x62, 0x08,
    0x82, 0x08, 0x01, 0x00, 0x09, 0x54, 0xed, 0x75, 0x68, 0x4b, 0x00, 0x00, 0x82, 0x10, 0x62, 0x08,
    0x62, 0x08, 0x62, 0x08, 0x62, 0x08, 0x62, 0x08, 0x61, 0x08, 0x61, 0x08, 0x61, 0x08, 0x41, 0x00,
    0x21, 0x00, 0x00, 0x00, 0x00, 0x00, 0x00, 0x00, 0x00, 0x00, 0x01, 0x00, 0x41, 0x08, 0x61, 0x08,
    0x61, 0x08, 0x61, 0x08, 0x61, 0x08, 0x61, 0x08, 0x41, 0x08, 0x21, 0x00, 0x00, 0x00, 0x00, 0x00,
    0x00, 0x00, 0x00, 0x00, 0x00, 0x00, 0x00, 0x00, 0x00, 0x00, 0x41, 0x08, 0x41, 0x08, 0x61, 0x08,
    0x62, 0x08, 0x41, 0x08, 0x01, 0x00, 0x00, 0x00, 0x00, 0x00, 0x00, 0x00, 0x00, 0x00, 0x20, 0x00,
    0x41, 0x08, 0x41, 0x08, 0x41, 0x08, 0x61, 0x08, 0x62, 0x08, 0x41, 0x08, 0x00, 0x00, 0x00, 0x00,
    0x00, 0x00, 0x00, 0x00, 0x21, 0x00, 0x21, 0x00, 0x20, 0x00, 0x00, 0x00, 0x00, 0x00, 0x41, 0x08,
    0x41, 0x08, 0x01, 0x00, 0x00, 0x00, 0x00, 0x00, 0x00, 0x00, 0x00, 0x00, 0x00, 0x00, 0x00, 0x00,
    0x41, 0x08, 0x61, 0x08, 0x61, 0x08, 0x61, 0x08, 0x61, 0x08, 0x61, 0x08, 0x61, 0x08, 0x21, 0x00,
    0x00, 0x00, 0x00, 0x00, 0x00, 0x00, 0x21, 0x00, 0x01, 0x00, 0x00, 0x00, 0x00, 0x00, 0x21, 0x00,
    0x41, 0x08, 0x61, 0x08, 0x62, 0x08, 0x61, 0x08, 0x61, 0x08, 0x61, 0x08, 0x41, 0x08, 0x41, 0x08,
    0x41, 0x08, 0x61, 0x08, 0x61, 0x08, 0x61, 0x08, 0x62, 0x08, 0x61, 0x08, 0x61, 0x08, 0x61, 0x08,
    0x41, 0x08, 0x00, 0x00, 0x0b, 0x54, 0x89, 0x54, 0x49, 0x54, 0x69, 0x54, 0x69, 0x54, 0x6a, 0x54,
    0x6a, 0x54, 0x6a, 0x54, 0x6a, 0x54, 0x6a, 0x54, 0x6a, 0x54, 0xea, 0x64, 0x68, 0x4b, 0x00, 0x00,
    0x61, 0x08, 0x41, 0x08, 0x41, 0x08, 0x41, 0x00, 0x82, 0x08, 0x82, 0x08, 0x61, 0x08, 0x61, 0x08,
    0x41, 0x08, 0x21, 0x08, 0x82, 0x08, 0xc3, 0x10, 0x20, 0x08, 0x20, 0x00, 0xe4, 0x10, 0xa3, 0x10,
    0x20, 0x00, 0x20, 0x00, 0xc4, 0x10, 0xc4, 0x10, 0x20, 0x00, 0x00, 0x00, 0xe4, 0x10, 0xa3, 0x10,
    0x00, 0x00, 0x41, 0x08, 0x20, 0x00, 0x46, 0x19, 0x20, 0x08, 0x41, 0x08, 0x41, 0x08, 0x41, 0x08,
    0x41, 0x08, 0x41, 0x08, 0x25, 0x11, 0x20, 0x08, 0x41, 0x08, 0x41, 0x08, 0x41, 0x08, 0x41, 0x08,
    0x41, 0x08, 0x41, 0x08, 0x41, 0x08, 0x61, 0x08, 0x41, 0x08, 0x41, 0x08, 0x83, 0x08, 0x41, 0x08,
    0x41, 0x08, 0x41, 0x08, 0x41, 0x08, 0x41, 0x08, 0x41, 0x08, 0x41, 0x08, 0x41, 0x08, 0x41, 0x08,
    0x62, 0x08, 0x62, 0x08, 0x62, 0x08, 0x61, 0x08, 0x61, 0x08, 0x62, 0x08, 0x62, 0x08, 0x61, 0x08,
    0x61, 0x08, 0x61, 0x08, 0x61, 0x08, 0x61, 0x08, 0x61, 0x08, 0x61, 0x08, 0x61, 0x08, 0x81, 0x08,
    0x61, 0x08, 0x61, 0x08, 0x61, 0x08, 0x61, 0x08, 0x62, 0x08, 0x62, 0x08, 0x62, 0x08, 0x62, 0x08,
    0x62, 0x08, 0x62, 0x08, 0x62, 0x08, 0x62, 0x08, 0x62, 0x08, 0x62, 0x08, 0x61, 0x08, 0x62, 0x08,
    0x62, 0x08, 0x62, 0x08, 0x62, 0x08, 0x62, 0x08, 0x62, 0x08, 0x62, 0x08, 0x81, 0x08, 0x61, 0x08,
    0x61, 0x08, 0x61, 0x08, 0x62, 0x08, 0x62, 0x08, 0x62, 0x08, 0x82, 0x08, 0x82, 0x08, 0x81, 0x08,
    0x81, 0x08, 0x61, 0x08, 0x61, 0x08, 0x61, 0x08, 0x61, 0x08, 0x61, 0x08, 0x62, 0x08, 0x62, 0x08,
    0x62, 0x08, 0x62, 0x08, 0x62, 0x08, 0x62, 0x08, 0x62, 0x08, 0x62, 0x08, 0x61, 0x08, 0x61, 0x08,
    0x62, 0x08, 0x62, 0x08, 0x61, 0x08, 0x61, 0x08, 0x61, 0x08, 0x61, 0x08, 0x61, 0x08, 0x61, 0x08,
    0x61, 0x08, 0x61, 0x08, 0x62, 0x08, 0x62, 0x08, 0x62, 0x08, 0x62, 0x08, 0x62, 0x08, 0x62, 0x08,
    0x62, 0x08, 0x21, 0x08, 0xe5, 0x29, 0xa6, 0x32, 0xa4, 0x21, 0x21, 0x08, 0x62, 0x08, 0x62, 0x08,
    0x62, 0x08, 0x82, 0x08, 0x82, 0x08, 0x62, 0x08, 0x62, 0x08, 0x62, 0x08, 0x61, 0x08, 0x61, 0x08,
    0x61, 0x08, 0x61, 0x08, 0x61, 0x08, 0x61, 0x08, 0x61, 0x08, 0x61, 0x08, 0x61, 0x08, 0x62, 0x08,
    0x62, 0x08, 0x61, 0x08, 0x61, 0x08, 0x62, 0x08, 0x61, 0x08, 0x61, 0x08, 0x61, 0x08, 0x61, 0x08,
    0x41, 0x08, 0x41, 0x08, 0x61, 0x08, 0x61, 0x08, 0x61, 0x08, 0x61, 0x08, 0x61, 0x08, 0x61, 0x08,
    0x61, 0x08, 0x61, 0x08, 0x62, 0x08, 0x61, 0x08, 0x61, 0x08, 0x61, 0x08, 0x61, 0x08, 0x61, 0x08,
    0x61, 0x08, 0x61, 0x08, 0x61, 0x08, 0x61, 0x08, 0x62, 0x08, 0x62, 0x08, 0x61, 0x08, 0x61, 0x08,
    0x61, 0x00, 0x41, 0x08, 0x61, 0x08, 0x61, 0x08, 0x61, 0x08, 0x61, 0x08, 0x61, 0x08, 0x61, 0x08,
    0x61, 0x08, 0x61, 0x08, 0x41, 0x08, 0x41, 0x08, 0x41, 0x08, 0x61, 0x08, 0x61, 0x08, 0x61, 0x08,
    0x61, 0x08, 0x61, 0x08, 0x61, 0x08, 0x62, 0x08, 0x61, 0x08, 0x61, 0x08, 0x61, 0x08, 0x61, 0x08,
    0x61, 0x08, 0x61, 0x08, 0x61, 0x08, 0x61, 0x08, 0x61, 0x08, 0x61, 0x08, 0x61, 0x08, 0x61, 0x08,
    0x61, 0x08, 0x61, 0x08, 0x61, 0x08, 0x61, 0x08, 0x61, 0x08, 0x61, 0x08, 0x61, 0x08, 0x41, 0x08,
    0x61, 0x08, 0x61, 0x08, 0x62, 0x08, 0x62, 0x08, 0x62, 0x08, 0x62, 0x08, 0x61, 0x08, 0x61, 0x08,
    0x61, 0x08, 0x00, 0x00, 0x0b, 0x54, 0xa9, 0x54, 0x49, 0x54, 0x69, 0x54, 0x6a, 0x54, 0x6a, 0x54,
    0x6a, 0x54, 0x6a, 0x54, 0x6a, 0x54, 0x6a, 0x54, 0x6a, 0x54, 0xea, 0x5c, 0x68, 0x4b, 0x00, 0x00,
    0x41, 0x08, 0x41, 0x08, 0x21, 0x00, 0x82, 0x08, 0x82, 0x08, 0x41, 0x08, 0x41, 0x08, 0x41, 0x08,
    0x41, 0x08, 0x21, 0x00, 0x82, 0x08, 0xc3, 0x08, 0x20, 0x00, 0x00, 0x00, 0xe4, 0x10, 0xa3, 0x08,
    0x20, 0x00, 0x00, 0x00, 0xc3, 0x08, 0xc3, 0x10, 0x00, 0x00, 0x00, 0x00, 0xe4, 0x10, 0xa3, 0x08,
    0x00, 0x00, 0x41, 0x08, 0x20, 0x00, 0x46, 0x19, 0x20, 0x08, 0x41, 0x08, 0x41, 0x08, 0x41, 0x08,
    0x41, 0x08, 0x41, 0x08, 0x26, 0x19, 0x20, 0x08, 0x41, 0x08, 0x41, 0x08, 0x41, 0x08, 0x41, 0x08,
    0x41, 0x08, 0x41, 0x08, 0x41, 0x08, 0x41, 0x08, 0x41, 0x08, 0xa3, 0x08, 0x61, 0x08, 0x41, 0x08,
    0x41, 0x08, 0x41, 0x08, 0x41, 0x08, 0x41, 0x08, 0x41, 0x08, 0x41, 0x08, 0x41, 0x08, 0x41, 0x08,
    0x62, 0x08, 0x62, 0x08, 0x62, 0x08, 0x62, 0x08, 0x62, 0x08, 0x62, 0x08, 0x62, 0x08, 0x62, 0x08,
    0x61, 0x08, 0x61, 0x08, 0x61, 0x08, 0x61, 0x08, 0x61, 0x08, 0x61, 0x08, 0x61, 0x08, 0x62, 0x08,
    0x62, 0x08, 0x62, 0x08, 0x61, 0x08, 0x62, 0x08, 0x62, 0x08, 0x62, 0x08, 0x62, 0x08, 0x62, 0x08,
    0x62, 0x08, 0x62, 0x08, 0x62, 0x08, 0x62, 0x08, 0x62, 0x08, 0x62, 0x08, 0x62, 0x08, 0x62, 0x08,
    0x62, 0x08, 0x62, 0x08, 0x62, 0x08, 0x62, 0x08, 0x62, 0x08, 0x62, 0x08, 0x62, 0x08, 0x61, 0x08,
    0x61, 0x08, 0x62, 0x08, 0x62, 0x08, 0x82, 0x10, 0x82, 0x10, 0x82, 0x10, 0x81, 0x08, 0x61, 0x08,
    0x61, 0x08, 0x62, 0x08, 0x62, 0x08, 0x61, 0x08, 0x61, 0x08, 0x62, 0x08, 0x62, 0x08, 0x62, 0x08,
    0x62, 0x08, 0x62, 0x08, 0x62, 0x08, 0x62, 0x08, 0x62, 0x08, 0x62, 0x08, 0x62, 0x08, 0x62, 0x08,
    0x62, 0x08, 0x62, 0x08, 0x61, 0x08, 0x61, 0x08, 0x61, 0x08, 0x61, 0x08, 0x61, 0x08, 0x61, 0x08,
    0x61, 0x08, 0x62, 0x08, 0x62, 0x08, 0x62, 0x08, 0x62, 0x08, 0x62, 0x08, 0x62, 0x08, 0x62, 0x08,
    0x62, 0x08, 0x61, 0x08, 0x01, 0x00, 0x00, 0x00, 0x01, 0x00, 0x62, 0x08, 0x62, 0x08, 0x82, 0x08,
    0x82, 0x08, 0x82, 0x10, 0x82, 0x10, 0x82, 0x08, 0x82, 0x08, 0x62, 0x08, 0x62, 0x08, 0x62, 0x08,
    0x62, 0x08, 0x61, 0x08, 0x61, 0x08, 0x61, 0x08, 0x61, 0x08, 0x61, 0x08, 0x61, 0x08, 0x62, 0x08,
    0x62, 0x08, 0x62, 0x08, 0x62, 0x08, 0x62, 0x08, 0x61, 0x08, 0x61, 0x08, 0x61, 0x08, 0x41, 0x08,
    0x41, 0x08, 0x61, 0x08, 0x61, 0x08, 0x61, 0x08, 0x61, 0x08, 0x61, 0x08, 0x61, 0x08, 0x61, 0x08,
    0x62, 0x08, 0x61, 0x08, 0x61, 0x08, 0x61, 0x08, 0x61, 0x08, 0x61, 0x08, 0x61, 0x08, 0x61, 0x08,
    0x61, 0x08, 0x61, 0x08, 0x61, 0x08, 0x62, 0x08, 0x62, 0x08, 0x62, 0x08, 0x62, 0x08, 0x41, 0x08,
    0x41, 0x08, 0x41, 0x08, 0x41, 0x08, 0x61, 0x08, 0x61, 0x08, 0x61, 0x08, 0x61, 0x08, 0x61, 0x08,
    0x61, 0x08, 0x61, 0x08, 0x61, 0x08, 0x41, 0x08, 0x61, 0x08, 0x61, 0x08, 0x61, 0x08, 0x61, 0x08,
    0x62, 0x08, 0x62, 0x08, 0x62, 0x08, 0x62, 0x08, 0x62, 0x08, 0x62, 0x08, 0x61, 0x08, 0x61, 0x08,
    0x41, 0x08, 0x41, 0x08, 0x61, 0x08, 0x61, 0x08, 0x41, 0x08, 0x61, 0x08, 0x61, 0x08, 0x61, 0x08,
    0x61, 0x08, 0x61, 0x08, 0x62, 0x08, 0x61, 0x08, 0x61, 0x08, 0x61, 0x08, 0x61, 0x08, 0x61, 0x08,
    0x62, 0x08, 0x62, 0x08, 0x62, 0x08, 0x62, 0x08, 0x62, 0x08, 0x62, 0x08, 0x62, 0x08, 0x61, 0x08,
    0x61, 0x08, 0x00, 0x00, 0x0b, 0x54, 0xa9, 0x54, 0x49, 0x54, 0x69, 0x54, 0x69, 0x54, 0x6a, 0x54,
    0x6a, 0x54, 0x69, 0x54, 0x6a, 0x54, 0x6a, 0x54, 0x4a, 0x54, 0xea, 0x5c, 0x68, 0x4b, 0x00, 0x00,
    0x41, 0x08, 0x21, 0x00, 0x62, 0x08, 0x62, 0x08, 0x41, 0x08, 0x41, 0x08, 0x82, 0x08, 0x41, 0x08,
    0x41, 0x00, 0x20, 0x00, 0x62, 0x08, 0xa3, 0x08, 0x21, 0x08, 0x00, 0x00, 0xe4, 0x10, 0xa2, 0x08,
    0x20, 0x00, 0x00, 0x00, 0xc3, 0x08, 0xc3, 0x08, 0x00, 0x00, 0x00, 0x00, 0xe4, 0x10, 0xa3, 0x08,
    0x00, 0x00, 0x41, 0x00, 0x20, 0x00, 0x46, 0x19, 0x20, 0x08, 0x41, 0x08, 0x41, 0x08, 0x41, 0x08,
    0x41, 0x08, 0x41, 0x08, 0x26, 0x19, 0x20, 0x08, 0x41, 0x08, 0x41, 0x08, 0x41, 0x08, 0x41, 0x08,
    0x41, 0x08, 0x41, 0x08, 0x41, 0x08, 0x41, 0x08, 0xc3, 0x08, 0x61, 0x08, 0x21, 0x08, 0x41, 0x08,
    0x41, 0x08, 0x41, 0x08, 0x41, 0x08, 0x41, 0x08, 0x41, 0x08, 0x41, 0x08, 0x41, 0x08, 0x61, 0x08,
    0x61, 0x08, 0x62, 0x08, 0x62, 0x08, 0x62, 0x08, 0x62, 0x08, 0x62, 0x08, 0x62, 0x08, 0x62, 0x08,
    0x61, 0x08, 0x61, 0x08, 0x61, 0x08, 0x61, 0x08, 0x61, 0x08, 0x61, 0x08, 0x61, 0x08, 0x62, 0x08,
    0x62, 0x08, 0x62, 0x08, 0x62, 0x08, 0x62, 0x08, 0x61, 0x08, 0x61, 0x08, 0x61, 0x08, 0x61, 0x08,
    0x62, 0x08, 0x62, 0x08, 0x62, 0x08, 0x62, 0x08, 0x62, 0x08, 0x62, 0x08, 0x62, 0x08, 0x62, 0x08,
    0x62, 0x08, 0x62, 0x08, 0x62, 0x08, 0x62, 0x08, 0x62, 0x08, 0x62, 0x08, 0x62, 0x08, 0x62, 0x08,
    0x61, 0x08, 0x61, 0x08, 0x82, 0x10, 0x82, 0x10, 0x82, 0x10, 0x82, 0x10, 0x61, 0x08, 0x62, 0x08,
    0x62, 0x08, 0x62, 0x08, 0x62, 0x08, 0x62, 0x08, 0x62, 0x08, 0x62, 0x08, 0x82, 0x08, 0x82, 0x08,
    0x82, 0x08, 0x82, 0x10, 0x82, 0x08, 0x82, 0x08, 0x82, 0x08, 0x82, 0x08, 0x62, 0x08, 0x62, 0x08,
    0x62, 0x08, 0x62, 0x08, 0x62, 0x08, 0x61, 0x08, 0x61, 0x08, 0x61, 0x08, 0x61, 0x08, 0x61, 0x08,
    0x62, 0x08, 0x82, 0x08, 0x62, 0x08, 0x62, 0x08, 0x62, 0x08, 0x62, 0x08, 0x62, 0x08, 0x62, 0x08,
    0x62, 0x08, 0x61, 0x08, 0x61, 0x08, 0x82, 0x08, 0x62, 0x08, 0x62, 0x08, 0x62, 0x08, 0x82, 0x10,
    0x82, 0x10, 0x82, 0x10, 0x82, 0x10, 0x82, 0x10, 0x82, 0x08, 0x82, 0x08, 0x62, 0x08, 0x62, 0x08,
    0x62, 0x08, 0x61, 0x08, 0x61, 0x08, 0x61, 0x08, 0x61, 0x08, 0x62, 0x08, 0x62, 0x08, 0x62, 0x08,
    0x62, 0x08, 0x82, 0x08, 0x82, 0x08, 0x62, 0x08, 0x62, 0x08, 0x61, 0x08, 0x61, 0x08, 0x41, 0x08,
    0x41, 0x08, 0x61, 0x08, 0x61, 0x08, 0x61, 0x08, 0x61, 0x08, 0x62, 0x08, 0x62, 0x08, 0x62, 0x08,
    0x62, 0x08, 0x61, 0x08, 0x61, 0x08, 0x61, 0x08, 0x61, 0x08, 0x61, 0x08, 0x61, 0x08, 0x61, 0x08,
    0x61, 0x08, 0x61, 0x08, 0x62, 0x08, 0x62, 0x08, 0x62, 0x08, 0x62, 0x08, 0x62, 0x08, 0x62, 0x08,
    0x62, 0x08, 0x61, 0x08, 0x61, 0x08, 0x61, 0x08, 0x61, 0x08, 0x61, 0x08, 0x61, 0x08, 0x61, 0x08,
    0x61, 0x08, 0x61, 0x08, 0x61, 0x08, 0x61, 0x08, 0x61, 0x08, 0x62, 0x08, 0x62, 0x08, 0x62, 0x08,
    0x62, 0x08, 0x62, 0x08, 0x62, 0x08, 0x62, 0x08, 0x62, 0x08, 0x62, 0x08, 0x62, 0x08, 0x61, 0x08,
    0x61, 0x08, 0x61, 0x08, 0x61, 0x08, 0x61, 0x08, 0x61, 0x08, 0x61, 0x08, 0x61, 0x08, 0x62, 0x08,
    0x62, 0x08, 0x61, 0x08, 0x62, 0x08, 0x62, 0x08, 0x62, 0x08, 0x62, 0x08, 0x62, 0x08, 0x62, 0x08,
    0x62, 0x08, 0x62, 0x08, 0x62, 0x08, 0x62, 0x08, 0x62, 0x08, 0x62, 0x08, 0x61, 0x08, 0x61, 0x08,
    0x61, 0x08, 0x00, 0x00, 0x0b, 0x54, 0xa9, 0x54, 0x49, 0x54, 0x49, 0x54, 0x49, 0x54, 0x49, 0x54,
    0x49, 0x54, 0x49, 0x54, 0x49, 0x54, 0x69, 0x54, 0x49, 0x4c, 0xea, 0x5c, 0x68, 0x4b, 0x00, 0x00,
    0x41, 0x08, 0x41, 0x08, 0x82, 0x08, 0x21, 0x08, 0x41, 0x08, 0x82, 0x08, 0x62, 0x08, 0x21, 0x00,
    0x41, 0x00, 0x20, 0x00, 0x62, 0x08, 0xa3, 0x08, 0x20, 0x00, 0x00, 0x00, 0xc4, 0x10, 0x82, 0x08,
    0x00, 0x00, 0x00, 0x00, 0xa3, 0x08, 0xa3, 0x08, 0x00, 0x00, 0x00, 0x00, 0xc4, 0x10, 0xa3, 0x08,
    0x00, 0x00, 0x41, 0x00, 0x20, 0x00, 0x25, 0x11, 0x20, 0x08, 0x41, 0x08, 0x41, 0x08, 0x41, 0x08,
    0x41, 0x08, 0x41, 0x08, 0x26, 0x19, 0x20, 0x08, 0x41, 0x08, 0x41, 0x08, 0x41, 0x08, 0x41, 0x08,
    0x41, 0x08, 0x41, 0x08, 0x41, 0x08, 0xc4, 0x10, 0x62, 0x08, 0x41, 0x08, 0x41, 0x08, 0x41, 0x08,
    0x41, 0x08, 0x41, 0x08, 0x41, 0x08, 0x41, 0x08, 0x41, 0x08, 0x41, 0x08, 0x41, 0x08, 0x41, 0x08,
    0x61, 0x08, 0x62, 0x08, 0x62, 0x08, 0x61, 0x08, 0x61, 0x08, 0x62, 0x08, 0x62, 0x08, 0x61, 0x08,
    0x61, 0x08, 0x61, 0x08, 0x61, 0x08, 0x61, 0x08, 0x61, 0x08, 0x61, 0x08, 0x61, 0x08, 0x62, 0x08,
    0x62, 0x08, 0x62, 0x08, 0x62, 0x08, 0x62, 0x08, 0x61, 0x08, 0x61, 0x08, 0x81, 0x08, 0x61, 0x08,
    0x62, 0x08, 0x62, 0x08, 0x62, 0x08, 0x62, 0x08, 0x62, 0x08, 0x62, 0x08, 0x62, 0x08, 0x62, 0x08,
    0x62, 0x08, 0x62, 0x08, 0x62, 0x08, 0x62, 0x08, 0x62, 0x08, 0x62, 0x08, 0x62, 0x08, 0x62, 0x08,
    0x61, 0x08, 0x61, 0x08, 0x82, 0x10, 0x82, 0x10, 0x82, 0x10, 0x82, 0x10, 0x82, 0x10, 0x62, 0x08,
    0x62, 0x08, 0x62, 0x08, 0x62, 0x08, 0x62, 0x08, 0x62, 0x08, 0x82, 0x08, 0x82, 0x08, 0x82, 0x08,
    0x82, 0x08, 0x82, 0x10, 0x82, 0x10, 0x82, 0x10, 0x82, 0x10, 0x82, 0x08, 0x82, 0x10, 0x62, 0x08,
    0x62, 0x08, 0x62, 0x08, 0x62, 0x08, 0x62, 0x08, 0x62, 0x08, 0x62, 0x08, 0x62, 0x08, 0x62, 0x08,
    0x62, 0x08, 0x82, 0x10, 0x82, 0x08, 0x62, 0x08, 0x82, 0x08, 0x62, 0x08, 0x82, 0x08, 0x82, 0x10,
    0x62, 0x08, 0x61, 0x08, 0x61, 0x08, 0x61, 0x08, 0x62, 0x08, 0x62, 0x08, 0x62, 0x08, 0x82, 0x08,
    0x82, 0x10, 0x82, 0x10, 0x82, 0x10, 0x82, 0x10, 0x82, 0x08, 0x82, 0x08, 0x62, 0x08, 0x62, 0x08,
    0x62, 0x08, 0x62, 0x08, 0x62, 0x08, 0x62, 0x08, 0x62, 0x08, 0x82, 0x08, 0x82, 0x08, 0x82, 0x08,
    0x82, 0x08, 0x82, 0x10, 0x82, 0x08, 0x82, 0x08, 0x82, 0x08, 0x62, 0x08, 0x62, 0x08, 0x62, 0x08,
    0x62, 0x08, 0x61, 0x08, 0x62, 0x08, 0x62, 0x08, 0x62, 0x08, 0x62, 0x08, 0x62, 0x08, 0x62, 0x08,
    0x62, 0x08, 0x62, 0x08, 0x62, 0x08, 0x62, 0x08, 0x61, 0x08, 0x62, 0x08, 0x62, 0x08, 0x62, 0x08,
    0x62, 0x08, 0x62, 0x08, 0x62, 0x08, 0x62, 0x08, 0x82, 0x08, 0x82, 0x08, 0x62, 0x08, 0x62, 0x08,
    0x62, 0x08, 0x62, 0x08, 0x62, 0x08, 0x62, 0x08, 0x62, 0x08, 0x62, 0x08, 0x62, 0x08, 0x62, 0x08,
    0x62, 0x08, 0x62, 0x08, 0x62, 0x08, 0x62, 0x08, 0x62, 0x08, 0x82, 0x10, 0x82, 0x10, 0x82, 0x08,
    0x62, 0x08, 0x62, 0x08, 0x62, 0x08, 0x62, 0x08, 0x62, 0x08, 0x62, 0x08, 0x62, 0x08, 0x62, 0x08,
    0x62, 0x08, 0x62, 0x08, 0x61, 0x08, 0x61, 0x08, 0x61, 0x08, 0x62, 0x08, 0x62, 0x08, 0x62, 0x08,
    0x62, 0x08, 0x62, 0x08, 0x62, 0x08, 0x62, 0x08, 0x62, 0x08, 0x62, 0x08, 0x62, 0x08, 0x62, 0x08,
    0x62, 0x08, 0x62, 0x08, 0x62, 0x08, 0x62, 0x08, 0x61, 0x08, 0x61, 0x08, 0x61, 0x08, 0x61, 0x08,
    0x61, 0x08, 0x00, 0x00, 0x6c, 0x64, 0x6b, 0x6d, 0xeb, 0x64, 0xeb, 0x64, 0xeb, 0x64, 0xeb, 0x64,
    0xeb, 0x64, 0xeb, 0x64, 0xeb, 0x64, 0xeb, 0x64, 0xca, 0x5c, 0x4b, 0x6d, 0x89, 0x53, 0x00, 0x00,
    0x41, 0x08, 0x41, 0x08, 0x82, 0x08, 0x41, 0x08, 0x41, 0x08, 0xa3, 0x08, 0x20, 0x00, 0x21, 0x00,
    0x41, 0x00, 0x21, 0x00, 0x62, 0x08, 0xa2, 0x08, 0x20, 0x00, 0x00, 0x00, 0xa3, 0x08, 0x82, 0x08,
    0x00, 0x00, 0x00, 0x00, 0xa3, 0x08, 0xa3, 0x08, 0x00, 0x00, 0x00, 0x00, 0xa3, 0x08, 0x82, 0x08,
    0x00, 0x00, 0x41, 0x08, 0x20, 0x00, 0x05, 0x11, 0x20, 0x08, 0x41, 0x08, 0x41, 0x08, 0x41, 0x08,
    0x41, 0x08, 0x41, 0x08, 0x25, 0x19, 0x20, 0x08, 0x41, 0x08, 0x41, 0x08, 0x41, 0x08, 0x41, 0x08,
    0x41, 0x08, 0x41, 0x08, 0xc4, 0x10, 0x62, 0x08, 0x21, 0x08, 0x41, 0x08, 0x41, 0x08, 0x41, 0x08,
    0x41, 0x08, 0x41, 0x08, 0x41, 0x08, 0x41, 0x08, 0x41, 0x08, 0x41, 0x08, 0x41, 0x08, 0x41, 0x08,
    0x61, 0x08, 0x61, 0x08, 0x61, 0x08, 0x62, 0x08, 0x62, 0x08, 0x62, 0x08, 0x62, 0x08, 0x61, 0x08,
    0x61, 0x08, 0x61, 0x08, 0x62, 0x08, 0x62, 0x08, 0x61, 0x08, 0x62, 0x08, 0x62, 0x08, 0x62, 0x08,
    0x62, 0x08, 0x62, 0x08, 0x62, 0x08, 0x62, 0x08, 0x61, 0x08, 0x61, 0x08, 0x61, 0x08, 0x81, 0x08,
    0x61, 0x08, 0x62, 0x08, 0x62, 0x08, 0x62, 0x08, 0x62, 0x08, 0x62, 0x08, 0x62, 0x08, 0x61, 0x08,
    0x61, 0x08, 0x61, 0x08, 0x61, 0x08, 0x61, 0x08, 0x61, 0x08, 0x62, 0x08, 0x62, 0x08, 0x81, 0x08,
    0x82, 0x10, 0x82, 0x10, 0x82, 0x10, 0x82, 0x10, 0x82, 0x10, 0x82, 0x10, 0x82, 0x10, 0x62, 0x08,
    0x62, 0x08, 0x62, 0x08, 0x62, 0x08, 0x62, 0x08, 0x82, 0x08, 0x82, 0x08, 0x82, 0x08, 0x82, 0x08,
    0x82, 0x10, 0x82, 0x10, 0x82, 0x10, 0x82, 0x10, 0x82, 0x10, 0x82, 0x10, 0x62, 0x10, 0x62, 0x08,
    0x62, 0x08, 0x82, 0x08, 0x82, 0x08, 0x82, 0x10, 0x82, 0x10, 0x81, 0x10, 0x82, 0x10, 0x82, 0x08,
    0x82, 0x10, 0x82, 0x10, 0x82, 0x10, 0x82, 0x08, 0x82, 0x08, 0x82, 0x10, 0x82, 0x10, 0x82, 0x10,
    0x82, 0x08, 0x62, 0x08, 0x62, 0x08, 0x62, 0x08, 0x62, 0x08, 0x62, 0x08, 0x62, 0x08, 0x82, 0x08,
    0x82, 0x08, 0x82, 0x08, 0x82, 0x10, 0x82, 0x10, 0x62, 0x10, 0x82, 0x10, 0x82, 0x10, 0x82, 0x10,
    0x82, 0x10, 0x82, 0x08, 0x82, 0x08, 0x62, 0x08, 0x82, 0x08, 0x82, 0x08, 0x82, 0x08, 0x82, 0x08,
    0x82, 0x10, 0x82, 0x10, 0x82, 0x08, 0x82, 0x08, 0x82, 0x08, 0x82, 0x08, 0x82, 0x10, 0x82, 0x10,
    0x82, 0x08, 0x82, 0x08, 0x82, 0x08, 0x82, 0x08, 0x82, 0x10, 0x82, 0x08, 0x82, 0x08, 0x82, 0x08,
    0x82, 0x08, 0x82, 0x08, 0x62, 0x08, 0x82, 0x08, 0x82, 0x10, 0x82, 0x10, 0x62, 0x08, 0x62, 0x08,
    0x62, 0x08, 0x62, 0x08, 0x62, 0x10, 0x82, 0x08, 0x82, 0x10, 0x82, 0x10, 0x82, 0x08, 0x82, 0x08,
    0x82, 0x10, 0x82, 0x10, 0x82, 0x10, 0x62, 0x08, 0x62, 0x08, 0x62, 0x08, 0x62, 0x08, 0x62, 0x08,
    0x62, 0x08, 0x62, 0x08, 0x62, 0x08, 0x62, 0x08, 0x82, 0x08, 0x82, 0x10, 0x82, 0x10, 0x81, 0x10,
    0x61, 0x08, 0x61, 0x08, 0x62, 0x08, 0x62, 0x08, 0x62, 0x08, 0x62, 0x08, 0x62, 0x08, 0x62, 0x08,
    0x62, 0x08, 0x62, 0x08, 0x62, 0x08, 0x62, 0x08, 0x62, 0x08, 0x62, 0x08, 0x62, 0x08, 0x62, 0x08,
    0x62, 0x08, 0x62, 0x08, 0x62, 0x08, 0x62, 0x08, 0x62, 0x08, 0x62, 0x08, 0x62, 0x08, 0x62, 0x08,
    0x62, 0x08, 0x62, 0x08, 0x62, 0x08, 0x62, 0x08, 0x61, 0x08, 0x61, 0x08, 0x61, 0x08, 0x61, 0x08,
    0x61, 0x08, 0x21, 0x00, 0xe3, 0x10, 0x03, 0x19, 0x02, 0x19, 0x03, 0x19, 0xe2, 0x18, 0xe2, 0x18,
    0xe2, 0x18, 0xe2, 0x10, 0xe2, 0x10, 0xe2, 0x10, 0xc2, 0x10, 0xe2, 0x10, 0xa2, 0x10, 0x21, 0x00,
    0x41, 0x08, 0x41, 0x08, 0x82, 0x08, 0x40, 0x08, 0x41, 0x00, 0xa2, 0x08, 0x20, 0x00, 0x41, 0x08,
    0x41, 0x00, 0x21, 0x00, 0x62, 0x08, 0x82, 0x08, 0x21, 0x00, 0x20, 0x00, 0xa3, 0x10, 0x82, 0x08,
    0x20, 0x00, 0x00, 0x00, 0xa3, 0x08, 0xa3, 0x08, 0x00, 0x00, 0x00, 0x00, 0xa3, 0x08, 0x82, 0x08,
    0x00, 0x00, 0x41, 0x08, 0x20, 0x00, 0x05, 0x11, 0x20, 0x00, 0x41, 0x08, 0x41, 0x08, 0x41, 0x08,
    0x41, 0x08, 0x41, 0x08, 0x05, 0x11, 0x20, 0x08, 0x41, 0x08, 0x41, 0x08, 0x41, 0x08, 0x41, 0x08,
    0x20, 0x08, 0xc4, 0x08, 0x82, 0x08, 0x21, 0x08, 0x41, 0x08, 0x41, 0x08, 0x41, 0x08, 0x41, 0x08,
    0x41, 0x08, 0x41, 0x08, 0x41, 0x08, 0x41, 0x08, 0x41, 0x08, 0x41, 0x08, 0x41, 0x08, 0x41, 0x08,
    0x61, 0x08, 0x61, 0x08, 0x61, 0x08, 0x62, 0x08, 0x62, 0x08, 0x62, 0x08, 0x62, 0x08, 0x61, 0x08,
    0x61, 0x08, 0x61, 0x08, 0x61, 0x08, 0x61, 0x08, 0x61, 0x08, 0x62, 0x08, 0x62, 0x08, 0x62, 0x08,
    0x62, 0x08, 0x62, 0x08, 0x62, 0x08, 0x62, 0x08, 0x62, 0x08, 0x62, 0x08, 0x61, 0x08, 0x61, 0x08,
    0x61, 0x08, 0x61, 0x08, 0x62, 0x08, 0x62, 0x08, 0x62, 0x08, 0x61, 0x08, 0x61, 0x08, 0x61, 0x08,
    0x61, 0x08, 0x61, 0x08, 0x61, 0x08, 0x61, 0x08, 0x61, 0x08, 0x61, 0x08, 0x61, 0x08, 0x81, 0x08,
    0x82, 0x10, 0x82, 0x10, 0x82, 0x08, 0x82, 0x10, 0x82, 0x08, 0x82, 0x10, 0x82, 0x10, 0x62, 0x08,
    0x62, 0x08, 0x62, 0x08, 0x62, 0x08, 0x62, 0x08, 0x62, 0x08, 0x82, 0x08, 0x82, 0x08, 0x62, 0x08,
    0x62, 0x10, 0x82, 0x10, 0x82, 0x10, 0x82, 0x10, 0x82, 0x10, 0x82, 0x10, 0x82, 0x10, 0x82, 0x08,
    0x62, 0x10, 0x82, 0x08, 0x82, 0x08, 0x82, 0x10, 0x81, 0x10, 0x81, 0x10, 0x81, 0x10, 0x82, 0x10,
    0x81, 0x10, 0x82, 0x10, 0x82, 0x08, 0x82, 0x10, 0x62, 0x08, 0x62, 0x08, 0x82, 0x08, 0x82, 0x08,
    0x82, 0x08, 0x62, 0x08, 0x62, 0x08, 0x62, 0x08, 0x62, 0x08, 0x62, 0x08, 0x62, 0x08, 0x82, 0x08,
    0x82, 0x08, 0x82, 0x08, 0x82, 0x10, 0x82, 0x10, 0x82, 0x10, 0x82, 0x10, 0x82, 0x10, 0x82, 0x10,
    0x82, 0x10, 0x82, 0x10, 0x82, 0x08, 0x82, 0x08, 0x82, 0x08, 0x62, 0x08, 0x62, 0x08, 0x62, 0x08,
    0x82, 0x08, 0x82, 0x08, 0x82, 0x10, 0x82, 0x10, 0x82, 0x10, 0x82, 0x10, 0x82, 0x10, 0x82, 0x10,
    0x82, 0x10, 0x82, 0x10, 0x82, 0x10, 0x82, 0x08, 0x82, 0x08, 0x82, 0x08, 0x82, 0x08, 0x82, 0x08,
    0x82, 0x08, 0x82, 0x08, 0x82, 0x08, 0x82, 0x10, 0x82, 0x10, 0x82, 0x10, 0x82, 0x10, 0x82, 0x10,
    0x82, 0x10, 0x82, 0x10, 0x82, 0x10, 0x82, 0x10, 0x82, 0x10, 0x82, 0x10, 0x82, 0x10, 0x82, 0x10,
    0x82, 0x10, 0x82, 0x10, 0x82, 0x10, 0x82, 0x10, 0x82, 0x08, 0x82, 0x08, 0x82, 0x08, 0x62, 0x08,
    0x62, 0x08, 0x62, 0x08, 0x62, 0x08, 0x62, 0x08, 0x82, 0x08, 0x61, 0x10, 0x61, 0x08, 0x61, 0x10,
    0x61, 0x08, 0x61, 0x08, 0x62, 0x08, 0x62, 0x08, 0x62, 0x08, 0x62, 0x08, 0x61, 0x08, 0x82, 0x08,
    0x82, 0x10, 0x62, 0x08, 0x62, 0x08, 0x62, 0x08, 0x62, 0x08, 0x62, 0x08, 0x62, 0x08, 0x62, 0x08,
    0x62, 0x08, 0x62, 0x08, 0x62, 0x08, 0x62, 0x08, 0x62, 0x08, 0x62, 0x08, 0x62, 0x08, 0x62, 0x08,
    0x62, 0x08, 0x62, 0x08, 0x62, 0x08, 0x62, 0x08, 0x61, 0x08, 0x61, 0x08, 0x61, 0x08, 0x61, 0x08,
    0x61, 0x08, 0x61, 0x08, 0x00, 0x00, 0x00, 0x00, 0x00, 0x00, 0x00, 0x00, 0x00, 0x00, 0x00, 0x00,
    0x00, 0x00, 0x00, 0x00, 0x00, 0x00, 0x00, 0x00, 0x00, 0x00, 0x00, 0x00, 0x00, 0x00, 0x21, 0x00,
    0x21, 0x00, 0x61, 0x08, 0x62, 0x08, 0x00, 0x00, 0x20, 0x00, 0xa3, 0x08, 0x20, 0x00, 0x20, 0x00,
    0x41, 0x00, 0x41, 0x08, 0x41, 0x00, 0x61, 0x00, 0x21, 0x08, 0x21, 0x00, 0xa3, 0x08, 0x62, 0x08,
    0x21, 0x00, 0x20, 0x00, 0x82, 0x08, 0x62, 0x08, 0x20, 0x00, 0x20, 0x00, 0x82, 0x08, 0x62, 0x08,
    0x20, 0x00, 0x41, 0x08, 0x20, 0x08, 0xe4, 0x10, 0x20, 0x00, 0x41, 0x08, 0x41, 0x08, 0x41, 0x08,
    0x41, 0x08, 0x41, 0x08, 0x05, 0x11, 0x20, 0x08, 0x41, 0x08, 0x41, 0x08, 0x41, 0x08, 0x21, 0x08,
    0xc4, 0x10, 0x82, 0x08, 0x20, 0x00, 0x41, 0x08, 0x41, 0x08, 0x41, 0x08, 0x41, 0x08, 0x41, 0x08,
    0x41, 0x08, 0x41, 0x08, 0x41, 0x08, 0x41, 0x08, 0x41, 0x08, 0x61, 0x08, 0x41, 0x08, 0x41, 0x08,
    0x61, 0x08, 0x61, 0x08, 0x61, 0x08, 0x61, 0x08, 0x62, 0x08, 0x62, 0x08, 0x61, 0x08, 0x61, 0x08,
    0x61, 0x08, 0x61, 0x08, 0x61, 0x08, 0x42, 0x08, 0x62, 0x08, 0x62, 0x08, 0x62, 0x08, 0x62, 0x08,
    0x62, 0x08, 0x62, 0x08, 0x62, 0x08, 0x42, 0x08, 0x62, 0x08, 0x62, 0x08, 0x62, 0x08, 0x61, 0x08,
    0x81, 0x08, 0x61, 0x08, 0x62, 0x08, 0x62, 0x08, 0x62, 0x08, 0x61, 0x08, 0x61, 0x08, 0x62, 0x08,
    0x61, 0x08, 0x61, 0x08, 0x62, 0x08, 0x61, 0x08, 0x61, 0x08, 0x61, 0x08, 0x61, 0x08, 0x82, 0x08,
    0x82, 0x10, 0x82, 0x10, 0x82, 0x10, 0x82, 0x10, 0x61, 0x08, 0x61, 0x08, 0x62, 0x08, 0x62, 0x08,
    0x62, 0x08, 0x62, 0x08, 0x62, 0x08, 0x82, 0x08, 0x62, 0x08, 0x62, 0x10, 0x62, 0x08, 0x62, 0x10,
    0x82, 0x10, 0x82, 0x10, 0x82, 0x10, 0x82, 0x08, 0x82, 0x10, 0x82, 0x10, 0x82, 0x08, 0x82, 0x08,
    0x82, 0x08, 0x82, 0x10, 0x82, 0x08, 0x82, 0x10, 0x81, 0x10, 0x81, 0x10, 0x81, 0x10, 0x82, 0x10,
    0x82, 0x10, 0x82, 0x08, 0x82, 0x08, 0x82, 0x08, 0x62, 0x08, 0x62, 0x08, 0x82, 0x08, 0x82, 0x08,
    0x82, 0x08, 0x62, 0x08, 0x62, 0x08, 0x62, 0x08, 0x62, 0x08, 0x62, 0x08, 0x62, 0x08, 0x62, 0x08,
    0x62, 0x08, 0x82, 0x08, 0x82, 0x10, 0x82, 0x10, 0x82, 0x10, 0x82, 0x10, 0x82, 0x10, 0x82, 0x10,
    0x82, 0x10, 0x82, 0x10, 0x82, 0x08, 0x82, 0x08, 0x62, 0x08, 0x62, 0x08, 0x62, 0x08, 0x62, 0x08,
    0x82, 0x08, 0x82, 0x08, 0x82, 0x10, 0x82, 0x10, 0x82, 0x10, 0x82, 0x10, 0x82, 0x10, 0x82, 0x10,
    0x82, 0x10, 0x82, 0x10, 0x82, 0x10, 0x82, 0x10, 0x82, 0x08, 0x82, 0x08, 0x82, 0x08, 0x82, 0x08,
    0x62, 0x10, 0x62, 0x08, 0x82, 0x08, 0x82, 0x10, 0x82, 0x10, 0x81, 0x10, 0x82, 0x10, 0x82, 0x10,
    0x82, 0x10, 0x82, 0x10, 0x82, 0x10, 0x82, 0x10, 0x62, 0x10, 0x62, 0x10, 0x82, 0x10, 0x82, 0x10,
    0x82, 0x10, 0x82, 0x10, 0x82, 0x10, 0x82, 0x10, 0x82, 0x10, 0x82, 0x10, 0x82, 0x10, 0x82, 0x10,
    0x82, 0x08, 0x82, 0x08, 0x62, 0x08, 0x62, 0x08, 0x61, 0x08, 0x61, 0x08, 0x61, 0x08, 0x61, 0x08,
    0x61, 0x08, 0x62, 0x08, 0x62, 0x08, 0x62, 0x08, 0x82, 0x10, 0x62, 0x08, 0x61, 0x08, 0x82, 0x10,
    0x82, 0x10, 0x62, 0x08, 0x62, 0x08, 0x62, 0x08, 0x62, 0x08, 0x62, 0x08, 0x62, 0x08, 0x62, 0x08,
    0x62, 0x08, 0x62, 0x08, 0x62, 0x08, 0x62, 0x08, 0x62, 0x08, 0x62, 0x08, 0x62, 0x08, 0x62, 0x08,
    0x62, 0x08, 0x62, 0x08, 0x62, 0x08, 0x62, 0x08, 0x62, 0x08, 0x61, 0x08, 0x61, 0x08, 0x61, 0x08,
    0x61, 0x08, 0x61, 0x08, 0x41, 0x08, 0x41, 0x08, 0x41, 0x08, 0x41, 0x08, 0x41, 0x08, 0x41, 0x08,
    0x41, 0x08, 0x41, 0x08, 0x41, 0x08, 0x41, 0x00, 0x41, 0x00, 0x41, 0x00, 0x20, 0x00, 0x62, 0x10,
    0x82, 0x10, 0x62, 0x08, 0x62, 0x00, 0x82, 0x10, 0x61, 0x08, 0x62, 0x08, 0x20, 0x00, 0x82, 0x10,
    0x41, 0x08, 0x41, 0x00, 0x41, 0x08, 0x82, 0x10, 0x20, 0x00, 0x41, 0x08, 0x82, 0x08, 0x82, 0x10,
    0x21, 0x00, 0x20, 0x00, 0x82, 0x08, 0x62, 0x08, 0x20, 0x00, 0x20, 0x00, 0x82, 0x08, 0x61, 0x08,
    0x20, 0x00, 0x41, 0x00, 0x20, 0x00, 0xe4, 0x08, 0x20, 0x00, 0x41, 0x08, 0x41, 0x08, 0x41, 0x08,
    0x41, 0x08, 0x41, 0x08, 0xe5, 0x10, 0x20, 0x08, 0x41, 0x08, 0x41, 0x08, 0x20, 0x08, 0xc3, 0x08,
    0x82, 0x08, 0x20, 0x08, 0x41, 0x08, 0x41, 0x08, 0x41, 0x08, 0x41, 0x08, 0x41, 0x08, 0x41, 0x08,
    0x41, 0x08, 0x41, 0x08, 0x41, 0x08, 0x41, 0x08, 0x41, 0x08, 0x61, 0x08, 0x41, 0x08, 0x41, 0x08,
    0x61, 0x08, 0x61, 0x08, 0x61, 0x08, 0x61, 0x08, 0x62, 0x08, 0x62, 0x08, 0x61, 0x08, 0x61, 0x08,
    0x61, 0x08, 0x61, 0x08, 0x61, 0x08, 0x42, 0x08, 0x42, 0x08, 0x62, 0x08, 0x62, 0x08, 0x61, 0x08,
    0x61, 0x08, 0x61, 0x08, 0x62, 0x08, 0x62, 0x08, 0x62, 0x08, 0x62, 0x08, 0x62, 0x08, 0x62, 0x08,
    0x62, 0x08, 0x62, 0x08, 0x62, 0x08, 0x62, 0x08, 0x62, 0x08, 0x62, 0x08, 0x62, 0x08, 0x62, 0x08,
    0x62, 0x08, 0x62, 0x08, 0x62, 0x08, 0x62, 0x08, 0x61, 0x08, 0x62, 0x08, 0x62, 0x08, 0x82, 0x10,
    0x82, 0x10, 0x82, 0x10, 0x82, 0x10, 0x82, 0x10, 0x61, 0x08, 0x61, 0x08, 0x82, 0x10, 0x82, 0x08,
    0x62, 0x10, 0x82, 0x10, 0x82, 0x10, 0x82, 0x08, 0x82, 0x08, 0x82, 0x08, 0x82, 0x10, 0x82, 0x10,
    0x82, 0x10, 0x82, 0x10, 0x82, 0x10, 0x82, 0x08, 0x82, 0x10, 0x82, 0x10, 0x82, 0x08, 0x82, 0x10,
    0x82, 0x10, 0x82, 0x10, 0x82, 0x08, 0x82, 0x10, 0x82, 0x10, 0x82, 0x10, 0x82, 0x10, 0x82, 0x08,
    0x82, 0x08, 0x82, 0x08, 0x82, 0x08, 0x82, 0x08, 0x82, 0x10, 0x82, 0x10, 0x82, 0x10, 0x82, 0x10,
    0x62, 0x08, 0x82, 0x08, 0x82, 0x08, 0x82, 0x08, 0x82, 0x10, 0x82, 0x08, 0x82, 0x08, 0x82, 0x08,
    0x82, 0x10, 0x82, 0x10, 0x82, 0x10, 0x82, 0x10, 0x82, 0x10, 0x81, 0x10, 0x82, 0x10, 0x82, 0x10,
    0x82, 0x10, 0x82, 0x10, 0x82, 0x10, 0x82, 0x10, 0x82, 0x10, 0x62, 0x08, 0x62, 0x08, 0x62, 0x08,
    0x82, 0x10, 0x82, 0x08, 0x82, 0x08, 0x82, 0x10, 0x82, 0x10, 0x82, 0x10, 0x82, 0x10, 0x82, 0x10,
    0x82, 0x10, 0x82, 0x10, 0x82, 0x10, 0x82, 0x10, 0x82, 0x10, 0x82, 0x10, 0x82, 0x10, 0x82, 0x10,
    0x82, 0x10, 0x82, 0x10, 0x82, 0x10, 0x82, 0x10, 0x82, 0x10, 0x81, 0x10, 0x81, 0x10, 0x81, 0x10,
    0x82, 0x10, 0x82, 0x10, 0x82, 0x10, 0x62, 0x10, 0x62, 0x08, 0x62, 0x08, 0x62, 0x10, 0x62, 0x10,
    0x82, 0x10, 0x82, 0x10, 0x82, 0x10, 0x82, 0x10, 0x82, 0x10, 0x82, 0x10, 0x82, 0x10, 0x82, 0x10,
    0x82, 0x10, 0x82, 0x08, 0x82, 0x10, 0x82, 0x10, 0x61, 0x08, 0x61, 0x08, 0x61, 0x08, 0x62, 0x08,
    0x62, 0x08, 0x62, 0x08, 0x62, 0x08, 0x62, 0x08, 0x62, 0x08, 0x61, 0x08, 0x61, 0x08, 0x61, 0x08,
    0x82, 0x08, 0x62, 0x08, 0x62, 0x08, 0x62, 0x08, 0x62, 0x08, 0x62, 0x08, 0x62, 0x08, 0x62, 0x08,
    0x62, 0x08, 0x62, 0x08, 0x62, 0x08, 0x62, 0x08, 0x62, 0x08, 0x62, 0x08, 0x62, 0x08, 0x62, 0x08,
    0x61, 0x08, 0x62, 0x08, 0x62, 0x08, 0x62, 0x08, 0x61, 0x08, 0x61, 0x08, 0x61, 0x08, 0x61, 0x08,
    0x61, 0x08, 0x61, 0x08, 0x41, 0x08, 0x41, 0x08, 0x41, 0x08, 0x41, 0x08, 0x41, 0x08, 0x41, 0x08,
    0x41, 0x08, 0x41, 0x08, 0x41, 0x08, 0x21, 0x00, 0x21, 0x00, 0x20, 0x00, 0x20, 0x00, 0x10, 0x64,
    0x0c, 0x53, 0x00, 0x00, 0xa2, 0x10, 0x52, 0x64, 0x49, 0x3a, 0x00, 0x00, 0x04, 0x19, 0x52, 0x64,
    0x65, 0x21, 0x00, 0x00, 0xa6, 0x21, 0x11, 0x5c, 0xc3, 0x10, 0x00, 0x00, 0x49, 0x32, 0x6e, 0x53,
    0x21, 0x00, 0x00, 0x00, 0xcc, 0x3a, 0xec, 0x42, 0x00, 0x00, 0x20, 0x00, 0x4e, 0x4b, 0x29, 0x32,
    0x00, 0x00, 0x41, 0x08, 0x20, 0x00, 0xc4, 0x08, 0x20, 0x00, 0x41, 0x08, 0x41, 0x08, 0x41, 0x08,
    0x41, 0x08, 0x41, 0x08, 0xe4, 0x10, 0x20, 0x08, 0x41, 0x08, 0x41, 0x08, 0x20, 0x08, 0xc3, 0x08,
    0x61, 0x08, 0x41, 0x08, 0x41, 0x08, 0x41, 0x08, 0x41, 0x08, 0x41, 0x08, 0x41, 0x08, 0x41, 0x08,
    0x41, 0x08, 0x41, 0x08, 0x41, 0x08, 0x41, 0x08, 0x41, 0x08, 0x61, 0x08, 0x41, 0x08, 0x41, 0x08,
    0x61, 0x08, 0x61, 0x08, 0x61, 0x08, 0x62, 0x08, 0x62, 0x08, 0x62, 0x08, 0x62, 0x08, 0x61, 0x08,
    0x61, 0x08, 0x61, 0x08, 0x61, 0x08, 0x42, 0x08, 0x62, 0x08, 0x62, 0x08, 0x62, 0x08, 0x61, 0x08,
    0x61, 0x08, 0x61, 0x08, 0x61, 0x08, 0x61, 0x08, 0x61, 0x08, 0x62, 0x08, 0x62, 0x08, 0x62, 0x08,
    0x62, 0x08, 0x62, 0x08, 0x62, 0x08, 0x62, 0x08, 0x62, 0x08, 0x62, 0x08, 0x62, 0x08, 0x61, 0x08,
    0x61, 0x08, 0x62, 0x08, 0x62, 0x08, 0x62, 0x08, 0x62, 0x08, 0x62, 0x08, 0x62, 0x08, 0x62, 0x08,
    0x62, 0x10, 0x82, 0x08, 0x82, 0x10, 0x82, 0x08, 0x82, 0x08, 0x61, 0x08, 0x61, 0x08, 0x82, 0x10,
    0x82, 0x10, 0x82, 0x10, 0x82, 0x10, 0x82, 0x10, 0x82, 0x10, 0x82, 0x10, 0x82, 0x10, 0x82, 0x10,
    0x82, 0x10, 0x82, 0x10, 0x82, 0x10, 0x82, 0x10, 0x82, 0x10, 0x82, 0x10, 0x82, 0x10, 0x82, 0x10,
    0x82, 0x10, 0x82, 0x10, 0x82, 0x10, 0x82, 0x10, 0x82, 0x10, 0x82, 0x10, 0x62, 0x08, 0x62, 0x08,
    0x82, 0x10, 0x82, 0x10, 0x82, 0x08, 0x62, 0x08, 0x62, 0x08, 0x82, 0x10, 0x82, 0x10, 0x82, 0x10,
    0x82, 0x10, 0x82, 0x10, 0x82, 0x08, 0x82, 0x08, 0x82, 0x10, 0x82, 0x10, 0x82, 0x10, 0x82, 0x10,
    0x82, 0x10, 0x82, 0x10, 0x81, 0x10, 0x81, 0x10, 0x81, 0x10, 0x81, 0x10, 0x81, 0x10, 0x82, 0x10,
    0x82, 0x10, 0x82, 0x10, 0x82, 0x10, 0x82, 0x10, 0x82, 0x10, 0x82, 0x10, 0x62, 0x08, 0x62, 0x10,
    0x82, 0x10, 0x82, 0x10, 0x82, 0x10, 0x82, 0x08, 0x82, 0x10, 0x82, 0x10, 0x82, 0x10, 0x82, 0x10,
    0x82, 0x10, 0x82, 0x10, 0x82, 0x10, 0x82, 0x10, 0x82, 0x10, 0x82, 0x10, 0x82, 0x10, 0x82, 0x10,
    0x82, 0x10, 0x82, 0x10, 0x82, 0x10, 0x82, 0x10, 0x82, 0x10, 0x81, 0x10, 0x81, 0x10, 0x81, 0x10,
    0x82, 0x10, 0x82, 0x10, 0x82, 0x10, 0x62, 0x10, 0x62, 0x10, 0x62, 0x10, 0x62, 0x10, 0x62, 0x08,
    0x62, 0x10, 0x62, 0x10, 0x82, 0x10, 0x82, 0x08, 0x82, 0x10, 0x82, 0x10, 0x82, 0x10, 0x82, 0x10,
    0x82, 0x08, 0x81, 0x08, 0x82, 0x10, 0x82, 0x10, 0x62, 0x08, 0x61, 0x08, 0x62, 0x08, 0x62, 0x08,
    0x62, 0x08, 0x62, 0x08, 0x62, 0x08, 0x62, 0x08, 0x62, 0x08, 0x61, 0x08, 0x61, 0x08, 0x61, 0x08,
    0x62, 0x08, 0x62, 0x08, 0x62, 0x08, 0x62, 0x08, 0x62, 0x08, 0x61, 0x08, 0x61, 0x08, 0x61, 0x08,
    0x82, 0x10, 0x82, 0x10, 0x82, 0x10, 0x62, 0x08, 0x62, 0x08, 0x62, 0x08, 0x61, 0x08, 0x61, 0x08,
    0x61, 0x08, 0x61, 0x08, 0x61, 0x08, 0x61, 0x08, 0x61, 0x08, 0x61, 0x08, 0x61, 0x08, 0x61, 0x08,
    0x41, 0x08, 0x61, 0x08, 0x41, 0x08, 0x41, 0x08, 0x41, 0x08, 0x41, 0x08, 0x41, 0x08, 0x41, 0x08,
    0x41, 0x08, 0x41, 0x08, 0x41, 0x08, 0x41, 0x08, 0x41, 0x00, 0x20, 0x00, 0x41, 0x08, 0x8f, 0x4b,
    0xab, 0x3a, 0x00, 0x00, 0x82, 0x10, 0xd0, 0x4b, 0x29, 0x32, 0x00, 0x00, 0x25, 0x19, 0xf0, 0x4b,
    0x25, 0x19, 0x00, 0x00, 0xa7, 0x21, 0xd0, 0x53, 0xe3, 0x10, 0x00, 0x00, 0x29, 0x2a, 0x0c, 0x3b,
    0x20, 0x00, 0x00, 0x00, 0xab, 0x32, 0x8b, 0x32, 0x00, 0x00, 0x20, 0x00, 0xed, 0x3a, 0x08, 0x32,
    0x00, 0x00, 0x41, 0x00, 0x20, 0x00, 0xa3, 0x08, 0x20, 0x00, 0x41, 0x08, 0x41, 0x08, 0x41, 0x08,
    0x41, 0x08, 0x41, 0x08, 0xe5, 0x10, 0x20, 0x00, 0x41, 0x08, 0x41, 0x08, 0x20, 0x00, 0xe4, 0x10,
    0x62, 0x08, 0x41, 0x08, 0x41, 0x08, 0x41, 0x08, 0x41, 0x08, 0x41, 0x08, 0x41, 0x08, 0x41, 0x08,
    0x41, 0x08, 0x41, 0x08, 0x41, 0x08, 0x41, 0x08, 0x41, 0x08, 0x41, 0x08, 0x61, 0x08, 0x41, 0x08,
    0x61, 0x08, 0x61, 0x08, 0x61, 0x08, 0x62, 0x08, 0x62, 0x08, 0x62, 0x08, 0x62, 0x08, 0x62, 0x08,
    0x61, 0x08, 0x61, 0x08, 0x61, 0x08, 0x62, 0x08, 0x62, 0x08, 0x62, 0x08, 0x61, 0x08, 0x61, 0x08,
    0x61, 0x08, 0x61, 0x08, 0x62, 0x08, 0x62, 0x08, 0x61, 0x08, 0x62, 0x08, 0x62, 0x08, 0x62, 0x08,
    0x62, 0x08, 0x62, 0x08, 0x62, 0x08, 0x62, 0x08, 0x62, 0x08, 0x62, 0x08, 0x62, 0x08, 0x62, 0x08,
    0x61, 0x08, 0x62, 0x08, 0x62, 0x08, 0x62, 0x08, 0x62, 0x08, 0x62, 0x08, 0x62, 0x08, 0x62, 0x08,
    0x62, 0x08, 0x62, 0x08, 0x62, 0x08, 0x62, 0x08, 0x62, 0x08, 0x62, 0x08, 0x61, 0x08, 0x82, 0x10,
    0x82, 0x10, 0x82, 0x10, 0x82, 0x10, 0x82, 0x10, 0x82, 0x10, 0x82, 0x10, 0x82, 0x10, 0x82, 0x10,
    0x81, 0x10, 0x81, 0x10, 0x81, 0x10, 0x82, 0x10, 0x82, 0x10, 0x82, 0x10, 0x82, 0x10, 0x82, 0x10,
    0x82, 0x10, 0x82, 0x10, 0x82, 0x10, 0x82, 0x10, 0x82, 0x10, 0x82, 0x10, 0x62, 0x08, 0x62, 0x08,
    0x62, 0x08, 0x82, 0x08, 0x82, 0x08, 0x62, 0x08, 0x62, 0x08, 0x82, 0x10, 0x82, 0x10, 0x82, 0x10,
    0x82, 0x10, 0x82, 0x10, 0x82, 0x10, 0x82, 0x10, 0x82, 0x10, 0x82, 0x10, 0x82, 0x10, 0x82, 0x10,
    0x82, 0x10, 0x82, 0x10, 0x81, 0x10, 0x81, 0x10, 0x81, 0x10, 0x81, 0x10, 0x81, 0x10, 0x81, 0x10,
    0x81, 0x10, 0x82, 0x10, 0x82, 0x10, 0x82, 0x10, 0x82, 0x10, 0x82, 0x10, 0x82, 0x08, 0x82, 0x10,
    0x82, 0x10, 0x82, 0x10, 0x82, 0x10, 0x82, 0x08, 0x82, 0x10, 0x82, 0x08, 0x82, 0x08, 0x82, 0x10,
    0x82, 0x08, 0x82, 0x08, 0x82, 0x10, 0x82, 0x10, 0x82, 0x10, 0x82, 0x10, 0x82, 0x10, 0x82, 0x10,
    0x82, 0x10, 0x82, 0x10, 0x82, 0x10, 0x82, 0x10, 0x81, 0x10, 0x82, 0x10, 0x82, 0x10, 0x81, 0x10,
    0x82, 0x10, 0x82, 0x10, 0x82, 0x08, 0x62, 0x10, 0x62, 0x10, 0x62, 0x10, 0x62, 0x10, 0x62, 0x08,
    0x62, 0x08, 0x62, 0x08, 0x62, 0x08, 0x62, 0x10, 0x82, 0x08, 0x82, 0x10, 0x82, 0x10, 0x82, 0x10,
    0x82, 0x10, 0x82, 0x08, 0x82, 0x10, 0x82, 0x10, 0x82, 0x08, 0x82, 0x08, 0x62, 0x08, 0x62, 0x08,
    0x62, 0x08, 0x62, 0x08, 0x62, 0x08, 0x62, 0x08, 0x62, 0x08, 0x62, 0x08, 0x62, 0x08, 0x62, 0x08,
    0x62, 0x08, 0x62, 0x08, 0x62, 0x08, 0x62, 0x08, 0x62, 0x08, 0x61, 0x08, 0x61, 0x08, 0x61, 0x08,
    0x61, 0x08, 0x61, 0x08, 0x62, 0x08, 0x62, 0x08, 0x62, 0x08, 0x62, 0x08, 0x61, 0x08, 0x61, 0x08,
    0x61, 0x08, 0x61, 0x08, 0x61, 0x08, 0x61, 0x08, 0x61, 0x08, 0x61, 0x08, 0x41, 0x08, 0x41, 0x08,
    0x41, 0x08, 0x41, 0x08, 0x41, 0x08, 0x41, 0x08, 0x41, 0x08, 0x41, 0x08, 0x41, 0x08, 0x41, 0x08,
    0x41, 0x08, 0x41, 0x08, 0x41, 0x08, 0x21, 0x08, 0x41, 0x00, 0x20, 0x00, 0x20, 0x00, 0x2d, 0x43,
    0x6a, 0x3a, 0x00, 0x00, 0x82, 0x08, 0x8f, 0x4b, 0xe8, 0x29, 0x00, 0x00, 0x04, 0x19, 0xaf, 0x4b,
    0x25, 0x19, 0x00, 0x00, 0x86, 0x21, 0x8f, 0x4b, 0xc3, 0x10, 0x00, 0x00, 0x09, 0x2a, 0xec, 0x3a,
    0x00, 0x00, 0x00, 0x00, 0x8b, 0x32, 0x6a, 0x32, 0x00, 0x00, 0x00, 0x00, 0xcc, 0x32, 0xe8, 0x29,
    0x00, 0x00, 0x21, 0x00, 0x20, 0x00, 0x41, 0x00, 0x21, 0x00, 0x41, 0x00, 0x41, 0x08, 0x41, 0x08,
    0x41, 0x08, 0xe4, 0x10, 0x62, 0x08, 0x41, 0x08, 0x41, 0x08, 0x41, 0x08, 0x20, 0x00, 0xe4, 0x10,
    0x61, 0x08, 0x41, 0x08, 0x41, 0x08, 0x41, 0x08, 0x41, 0x08, 0x41, 0x08, 0x61, 0x08, 0x41, 0x08,
    0x41, 0x08, 0x41, 0x08, 0x41, 0x08, 0x41, 0x08, 0x41, 0x08, 0x41, 0x08, 0x41, 0x08, 0x41, 0x08,
    0x61, 0x08, 0x61, 0x08, 0x61, 0x08, 0x62, 0x08, 0x62, 0x08, 0x62, 0x08, 0x62, 0x08, 0x62, 0x08,
    0x62, 0x08, 0x61, 0x08, 0x61, 0x08, 0x61, 0x08, 0x61, 0x08, 0x62, 0x08, 0x61, 0x08, 0x61, 0x08,
    0x61, 0x08, 0x61, 0x08, 0x61, 0x08, 0x61, 0x08, 0x61, 0x08, 0x61, 0x08, 0x62, 0x08, 0x62, 0x08,
    0x62, 0x08, 0x62, 0x08, 0x62, 0x08, 0x62, 0x08, 0x62, 0x08, 0x62, 0x08, 0x62, 0x08, 0x62, 0x08,
    0x62, 0x08, 0x62, 0x08, 0x62, 0x08, 0x62, 0x08, 0x62, 0x08, 0x62, 0x08, 0x62, 0x08, 0x62, 0x08,
    0x62, 0x08, 0x62, 0x08, 0x62, 0x08, 0x62, 0x08, 0x62, 0x08, 0x62, 0x08, 0x62, 0x08, 0x82, 0x10,
    0x82, 0x10, 0x82, 0x10, 0x82, 0x10, 0x82, 0x10, 0x82, 0x10, 0x82, 0x10, 0x82, 0x10, 0x82, 0x10,
    0x81, 0x10, 0x81, 0x10, 0x82, 0x10, 0x82, 0x10, 0x82, 0x08, 0x82, 0x08, 0x82, 0x08, 0x82, 0x10,
    0x82, 0x10, 0x82, 0x10, 0x82, 0x10, 0x82, 0x10, 0x82, 0x10, 0x82, 0x10, 0x82, 0x08, 0x82, 0x08,
    0x62, 0x08, 0x82, 0x08, 0x62, 0x08, 0x62, 0x08, 0x82, 0x08, 0x82, 0x08, 0x82, 0x10, 0x82, 0x10,
    0x82, 0x10, 0x82, 0x10, 0x82, 0x10, 0x82, 0x10, 0x82, 0x10, 0x82, 0x10, 0x82, 0x10, 0x82, 0x10,
    0x82, 0x10, 0x82, 0x10, 0x82, 0x10, 0x81, 0x10, 0x81, 0x10, 0x82, 0x10, 0x82, 0x10, 0x82, 0x10,
    0x82, 0x10, 0x82, 0x10, 0x82, 0x10, 0x82, 0x10, 0x82, 0x10, 0x82, 0x08, 0x82, 0x10, 0x82, 0x10,
    0x81, 0x10, 0x81, 0x10, 0x82, 0x10, 0x82, 0x10, 0x82, 0x10, 0x82, 0x08, 0x82, 0x08, 0x82, 0x08,
    0x82, 0x08, 0x82, 0x08, 0x82, 0x08, 0x82, 0x08, 0x82, 0x10, 0x82, 0x10, 0x82, 0x10, 0x82, 0x10,
    0x82, 0x10, 0x82, 0x10, 0x82, 0x10, 0x82, 0x10, 0x82, 0x10, 0x81, 0x10, 0x82, 0x10, 0x81, 0x10,
    0x82, 0x10, 0x82, 0x10, 0x82, 0x10, 0x82, 0x10, 0x82, 0x10, 0x82, 0x10, 0x82, 0x10, 0x82, 0x10,
    0x62, 0x08, 0x62, 0x08, 0x62, 0x08, 0x62, 0x08, 0x62, 0x08, 0x82, 0x10, 0x82, 0x10, 0x82, 0x10,
    0x82, 0x10, 0x82, 0x10, 0x82, 0x10, 0x82, 0x10, 0x82, 0x08, 0x82, 0x08, 0x62, 0x08, 0x62, 0x08,
    0x62, 0x08, 0x62, 0x08, 0x62, 0x08, 0x62, 0x08, 0x61, 0x08, 0x62, 0x08, 0x61, 0x08, 0x42, 0x08,
    0x62, 0x08, 0x62, 0x08, 0x61, 0x08, 0x62, 0x08, 0x61, 0x08, 0x61, 0x08, 0x81, 0x08, 0x61, 0x08,
    0x61, 0x08, 0x61, 0x08, 0x61, 0x08, 0x61, 0x08, 0x62, 0x08, 0x62, 0x08, 0x61, 0x08, 0x61, 0x08,
    0x61, 0x08, 0x61, 0x08, 0x61, 0x08, 0x61, 0x08, 0x41, 0x08, 0x41, 0x08, 0x41, 0x08, 0x61, 0x08,
    0x61, 0x08, 0x41, 0x08, 0x41, 0x08, 0x41, 0x08, 0x61, 0x08, 0x41, 0x08, 0x41, 0x08, 0x41, 0x08,
    0x41, 0x08, 0x41, 0x08, 0x41, 0x08, 0x41, 0x08, 0x41, 0x08, 0x20, 0x00, 0x41, 0x00, 0x6e, 0x4b,
    0xab, 0x42, 0x00, 0x00, 0x82, 0x10, 0xf1, 0x53, 0x29, 0x32, 0x00, 0x00, 0x25, 0x21, 0x11, 0x54,
    0x45, 0x19, 0x00, 0x00, 0xa7, 0x21, 0xf0, 0x53, 0xe3, 0x18, 0x00, 0x00, 0x6a, 0x32, 0x4e, 0x43,
    0x20, 0x00, 0x00, 0x00, 0xec, 0x3a, 0xcb, 0x3a, 0x00, 0x00, 0x20, 0x00, 0xed, 0x3a, 0x08, 0x2a,
    0x00, 0x00, 0x21, 0x00, 0x20, 0x00, 0x20, 0x00, 0x21, 0x00, 0x41, 0x00, 0x41, 0x08, 0x21, 0x08,
    0xc4, 0x10, 0x62, 0x08, 0x21, 0x08, 0x41, 0x08, 0x41, 0x08, 0x41, 0x08, 0x20, 0x08, 0xe4, 0x10,
    0x61, 0x08, 0x41, 0x08, 0x41, 0x08, 0x41, 0x08, 0x41, 0x08, 0x41, 0x08, 0x41, 0x08, 0x41, 0x08,
    0x41, 0x08, 0x61, 0x08, 0x41, 0x08, 0x41, 0x08, 0x41, 0x08, 0x41, 0x08, 0x41, 0x08, 0x41, 0x08,
    0x61, 0x08, 0x61, 0x08, 0x61, 0x08, 0x61, 0x08, 0x62, 0x08, 0x62, 0x08, 0x62, 0x08, 0x62, 0x08,
    0x62, 0x08, 0x61, 0x08, 0x61, 0x08, 0x61, 0x08, 0x62, 0x08, 0x62, 0x08, 0x61, 0x08, 0x61, 0x08,
    0x61, 0x08, 0x61, 0x08, 0x61, 0x08, 0x62, 0x08, 0x61, 0x08, 0x62, 0x08, 0x62, 0x08, 0x62, 0x08,
    0x62, 0x08, 0x62, 0x08, 0x62, 0x08, 0x62, 0x08, 0x62, 0x08, 0x62, 0x08, 0x81, 0x08, 0x62, 0x08,
    0x62, 0x08, 0x62, 0x08, 0x62, 0x08, 0x62, 0x08, 0x62, 0x08, 0x62, 0x08, 0x62, 0x08, 0x62, 0x08,
    0x62, 0x08, 0x62, 0x08, 0x62, 0x08, 0x62, 0x08, 0x62, 0x08, 0x62, 0x08, 0x62, 0x08, 0x62, 0x08,
    0x82, 0x10, 0x82, 0x10, 0x82, 0x10, 0x82, 0x10, 0x82, 0x10, 0x82, 0x10, 0x82, 0x10, 0x82, 0x10,
    0x82, 0x10, 0x82, 0x10, 0x82, 0x10, 0x82, 0x08, 0x82, 0x08, 0x82, 0x08, 0x82, 0x08, 0x82, 0x08,
    0x82, 0x10, 0x82, 0x10, 0x82, 0x10, 0x82, 0x10, 0x82, 0x10, 0x82, 0x10, 0x82, 0x08, 0x82, 0x08,
    0x82, 0x08, 0x82, 0x08, 0x82, 0x10, 0x62, 0x10, 0x82, 0x08, 0x82, 0x08, 0x82, 0x10, 0x82, 0x10,
    0x82, 0x10, 0x82, 0x10, 0x82, 0x10, 0x82, 0x10, 0x82, 0x08, 0x82, 0x08, 0x82, 0x08, 0x82, 0x08,
    0x82, 0x10, 0x82, 0x10, 0x82, 0x10, 0x82, 0x10, 0x82, 0x10, 0x82, 0x10, 0x82, 0x08, 0x82, 0x08,
    0x82, 0x10, 0x82, 0x08, 0x82, 0x10, 0x82, 0x08, 0x82, 0x10, 0x82, 0x10, 0x82, 0x10, 0x82, 0x10,
    0x81, 0x10, 0x81, 0x10, 0x82, 0x10, 0x82, 0x10, 0x82, 0x10, 0x62, 0x10, 0x62, 0x10, 0x82, 0x08,
    0x82, 0x08, 0x82, 0x08, 0x82, 0x08, 0x82, 0x08, 0x82, 0x10, 0x82, 0x10, 0x82, 0x10, 0x82, 0x10,
    0x82, 0x10, 0x82, 0x10, 0x82, 0x10, 0x82, 0x10, 0x81, 0x10, 0x82, 0x10, 0x82, 0x10, 0x82, 0x10,
    0x82, 0x10, 0x82, 0x08, 0x82, 0x08, 0x82, 0x10, 0x82, 0x10, 0x82, 0x10, 0x82, 0x10, 0x82, 0x10,
    0x81, 0x08, 0x61, 0x08, 0x62, 0x08, 0x62, 0x08, 0x82, 0x08, 0x82, 0x10, 0x82, 0x10, 0x82, 0x10,
    0x82, 0x08, 0x82, 0x10, 0x62, 0x08, 0x62, 0x08, 0x82, 0x08, 0x82, 0x08, 0x62, 0x08, 0x61, 0x08,
    0x61, 0x08, 0x61, 0x08, 0x61, 0x08, 0x61, 0x08, 0x61, 0x08, 0x61, 0x08, 0x61, 0x08, 0x62, 0x08,
    0x62, 0x08, 0x61, 0x08, 0x61, 0x08, 0x61, 0x08, 0x62, 0x08, 0x61, 0x08, 0x62, 0x08, 0x62, 0x08,
    0x62, 0x08, 0x62, 0x08, 0x62, 0x08, 0x62, 0x08, 0x62, 0x08, 0x61, 0x08, 0x61, 0x08, 0x61, 0x08,
    0x61, 0x08, 0x61, 0x08, 0x41, 0x08, 0x41, 0x08, 0x41, 0x08, 0x61, 0x08, 0x41, 0x00, 0x00, 0x00,
    0x00, 0x00, 0x00, 0x00, 0x00, 0x00, 0x00, 0x00, 0x00, 0x00, 0x00, 0x00, 0x00, 0x00, 0x00, 0x00,
    0x00, 0x00, 0x00, 0x00, 0x00, 0x00, 0x00, 0x00, 0x00, 0x00, 0x00, 0x00, 0x00, 0x00, 0xa7, 0x29,
    0x04, 0x19, 0x00, 0x00, 0x00, 0x00, 0xe8, 0x29, 0xc3, 0x10, 0x00, 0x00, 0x41, 0x08, 0x29, 0x2a,
    0x61, 0x00, 0x00, 0x00, 0x82, 0x08, 0x08, 0x2a, 0x00, 0x00, 0x00, 0x00, 0x04, 0x11, 0xa7, 0x21,
    0x00, 0x00, 0x00, 0x00, 0x66, 0x19, 0x46, 0x19, 0x00, 0x00, 0x00, 0x00, 0x66, 0x19, 0xe4, 0x10,
    0x00, 0x00, 0x20, 0x00, 0x21, 0x00, 0x21, 0x00, 0x21, 0x00, 0x41, 0x00, 0x21, 0x00, 0xc3, 0x08,
    0x62, 0x08, 0x20, 0x08, 0x41, 0x08, 0x41, 0x08, 0x41, 0x08, 0x41, 0x08, 0x20, 0x08, 0x04, 0x11,
    0x62, 0x08, 0x41, 0x08, 0x41, 0x08, 0x41, 0x08, 0x41, 0x08, 0x41, 0x08, 0x41, 0x08, 0x41, 0x08,
    0x41, 0x08, 0x41, 0x08, 0x41, 0x08, 0x41, 0x08, 0x41, 0x08, 0x41, 0x08, 0x41, 0x08, 0x41, 0x08,
    0x41, 0x08, 0x61, 0x08, 0x61, 0x08, 0x61, 0x08, 0x62, 0x08, 0x62, 0x08, 0x62, 0x08, 0x62, 0x08,
    0x61, 0x08, 0x61, 0x08, 0x61, 0x08, 0x61, 0x08, 0x61, 0x08, 0x62, 0x08, 0x61, 0x08, 0x61, 0x08,
    0x61, 0x08, 0x61, 0x08, 0x61, 0x08, 0x61, 0x08, 0x61, 0x08, 0x61, 0x08, 0x61, 0x08, 0x62, 0x08,
    0x62, 0x08, 0x62, 0x08, 0x61, 0x08, 0x81, 0x08, 0x81, 0x08, 0x81, 0x08, 0x61, 0x08, 0x61, 0x08,
    0x62, 0x08, 0x62, 0x08, 0x62, 0x08, 0x62, 0x08, 0x62, 0x08, 0x62, 0x08, 0x62, 0x08, 0x62, 0x08,
    0x62, 0x08, 0x82, 0x08, 0x82, 0x08, 0x62, 0x08, 0x62, 0x08, 0x82, 0x08, 0x62, 0x08, 0x82, 0x08,
    0x82, 0x08, 0x82, 0x08, 0x82, 0x08, 0x82, 0x08, 0x82, 0x10, 0x82, 0x10, 0x82, 0x10, 0x82, 0x10,
    0x82, 0x10, 0x82, 0x10, 0x82, 0x08, 0x82, 0x08, 0x82, 0x08, 0x82, 0x08, 0x82, 0x08, 0x82, 0x10,
    0x82, 0x10, 0x82, 0x10, 0x82, 0x10, 0x82, 0x10, 0x82, 0x10, 0x82, 0x10, 0x82, 0x10, 0x82, 0x10,
    0x82, 0x10, 0x82, 0x10, 0x82, 0x10, 0x82, 0x10, 0x82, 0x10, 0x82, 0x10, 0x82, 0x10, 0x82, 0x10,
    0x81, 0x10, 0x81, 0x10, 0x82, 0x10, 0x82, 0x10, 0x82, 0x08, 0x82, 0x08, 0x82, 0x08, 0x82, 0x08,
    0x62, 0x10, 0x82, 0x10, 0x82, 0x10, 0x82, 0x10, 0x82, 0x10, 0x82, 0x08, 0x82, 0x08, 0x82, 0x08,
    0x82, 0x08, 0x82, 0x08, 0x82, 0x08, 0x82, 0x10, 0x82, 0x10, 0x82, 0x10, 0x82, 0x10, 0x82, 0x10,
    0x81, 0x10, 0x82, 0x10, 0x82, 0x10, 0x82, 0x10, 0x82, 0x10, 0x82, 0x10, 0x82, 0x10, 0x82, 0x08,
    0x82, 0x08, 0x82, 0x08, 0x82, 0x08, 0x82, 0x10, 0x82, 0x10, 0x82, 0x10, 0x82, 0x10, 0x82, 0x10,
    0x82, 0x10, 0x82, 0x10, 0x82, 0x10, 0x82, 0x10, 0x82, 0x10, 0x82, 0x10, 0x82, 0x10, 0x82, 0x10,
    0x82, 0x10, 0x82, 0x08, 0x82, 0x08, 0x82, 0x08, 0x82, 0x10, 0x82, 0x10, 0x82, 0x10, 0x82, 0x10,
    0x82, 0x08, 0x82, 0x08, 0x82, 0x10, 0x62, 0x08, 0x82, 0x08, 0x82, 0x10, 0x62, 0x08, 0x62, 0x08,
    0x82, 0x08, 0x62, 0x08, 0x62, 0x08, 0x62, 0x08, 0x82, 0x08, 0x61, 0x08, 0x61, 0x08, 0x61, 0x08,
    0x61, 0x08, 0x61, 0x08, 0x61, 0x08, 0x61, 0x08, 0x61, 0x08, 0x61, 0x08, 0x61, 0x08, 0x61, 0x08,
    0x61, 0x08, 0x61, 0x08, 0x61, 0x08, 0x61, 0x08, 0x61, 0x08, 0x61, 0x08, 0x62, 0x08, 0x62, 0x08,
    0x62, 0x08, 0x62, 0x08, 0x61, 0x08, 0x61, 0x08, 0x61, 0x08, 0x61, 0x08, 0x61, 0x08, 0x61, 0x08,
    0x41, 0x08, 0x41, 0x08, 0x41, 0x08, 0x41, 0x08, 0x41, 0x08, 0x00, 0x00, 0x60, 0x20, 0x83, 0x51,
    0x06, 0x62, 0xe5, 0x59, 0xe5, 0x59, 0xc5, 0x51, 0xc5, 0x51, 0xa5, 0x51, 0xa5, 0x51, 0xa5, 0x51,
    0xa5, 0x51, 0xa5, 0x51, 0xa5, 0x49, 0x85, 0x49, 0x85, 0x49, 0x85, 0x49, 0x85, 0x49, 0x24, 0x39,
    0x44, 0x39, 0x85, 0x41, 0x85, 0x41, 0x23, 0x31, 0x44, 0x39, 0x65, 0x41, 0x44, 0x39, 0x03, 0x31,
    0x44, 0x39, 0x64, 0x39, 0x24, 0x31, 0x03, 0x29, 0x44, 0x31, 0x44, 0x31, 0x23, 0x31, 0x03, 0x29,
    0x44, 0x31, 0x44, 0x31, 0x03, 0x31, 0x03, 0x31, 0x44, 0x31, 0x24, 0x31, 0xe3, 0x28, 0xe3, 0x28,
    0x82, 0x18, 0x01, 0x00, 0x21, 0x00, 0x41, 0x00, 0x41, 0x00, 0x21, 0x00, 0xa3, 0x08, 0x61, 0x08,
    0x21, 0x08, 0x41, 0x08, 0x41, 0x08, 0x41, 0x08, 0x41, 0x08, 0x41, 0x08, 0x20, 0x08, 0x04, 0x11,
    0x62, 0x08, 0x41, 0x08, 0x41, 0x08, 0x41, 0x08, 0x41, 0x08, 0x41, 0x08, 0x41, 0x08, 0x41, 0x08,
    0x41, 0x08, 0x41, 0x08, 0x41, 0x08, 0x41, 0x08, 0x41, 0x08, 0x41, 0x08, 0x41, 0x08, 0x41, 0x08,
    0x61, 0x08, 0x61, 0x08, 0x61, 0x08, 0x61, 0x08, 0x62, 0x08, 0x62, 0x08, 0x62, 0x08, 0x62, 0x08,
    0x61, 0x08, 0x61, 0x08, 0x61, 0x08, 0x61, 0x08, 0x61, 0x08, 0x62, 0x08, 0x61, 0x08, 0x61, 0x08,
    0x61, 0x08, 0x61, 0x08, 0x61, 0x08, 0x61, 0x08, 0x61, 0x08, 0x61, 0x08, 0x61, 0x08, 0x62, 0x08,
    0x62, 0x08, 0x62, 0x08, 0x61, 0x08, 0x61, 0x08, 0x61, 0x08, 0x81, 0x08, 0x81, 0x08, 0x61, 0x08,
    0x81, 0x08, 0x62, 0x08, 0x62, 0x08, 0x62, 0x08, 0x62, 0x08, 0x62, 0x08, 0x82, 0x08, 0x62, 0x08,
    0x62, 0x08, 0x82, 0x08, 0x81, 0x08, 0x62, 0x08, 0x82, 0x10, 0x82, 0x08, 0x82, 0x10, 0x82, 0x10,
    0x82, 0x10, 0x82, 0x08, 0x82, 0x08, 0x82, 0x08, 0x82, 0x10, 0x82, 0x10, 0x82, 0x10, 0x82, 0x10,
    0x82, 0x10, 0x82, 0x10, 0x62, 0x08, 0x82, 0x08, 0x82, 0x10, 0x82, 0x10, 0x81, 0x10, 0x81, 0x10,
    0x82, 0x10, 0x82, 0x10, 0x82, 0x08, 0x82, 0x08, 0x82, 0x10, 0x82, 0x10, 0x82, 0x10, 0x81, 0x10,
    0x81, 0x10, 0x82, 0x10, 0x82, 0x10, 0x82, 0x10, 0x82, 0x08, 0x82, 0x10, 0x82, 0x10, 0x82, 0x10,
    0x81, 0x10, 0x81, 0x10, 0x81, 0x10, 0x82, 0x10, 0x82, 0x10, 0x82, 0x08, 0x62, 0x08, 0x62, 0x08,
    0x62, 0x08, 0x82, 0x10, 0x82, 0x10, 0x82, 0x08, 0x82, 0x10, 0x82, 0x08, 0x82, 0x08, 0x82, 0x08,
    0x82, 0x08, 0x82, 0x10, 0x82, 0x10, 0x82, 0x10, 0x82, 0x10, 0x82, 0x10, 0x82, 0x10, 0x82, 0x10,
    0x82, 0x10, 0x82, 0x10, 0x82, 0x10, 0x82, 0x10, 0x82, 0x10, 0x82, 0x10, 0x82, 0x10, 0x82, 0x10,
    0x82, 0x10, 0x82, 0x10, 0x82, 0x10, 0x82, 0x10, 0x82, 0x10, 0x82, 0x10, 0x82, 0x10, 0x82, 0x10,
    0x82, 0x10, 0x82, 0x10, 0x82, 0x10, 0x82, 0x10, 0x82, 0x10, 0x82, 0x08, 0x82, 0x08, 0x82, 0x08,
    0x82, 0x08, 0x82, 0x08, 0x82, 0x08, 0x82, 0x10, 0x82, 0x10, 0x82, 0x10, 0x82, 0x10, 0x82, 0x08,
    0x82, 0x08, 0x82, 0x08, 0x82, 0x10, 0x82, 0x08, 0x82, 0x08, 0x62, 0x08, 0x62, 0x08, 0x62, 0x08,
    0x62, 0x08, 0x62, 0x08, 0x62, 0x08, 0x62, 0x08, 0x61, 0x08, 0x61, 0x08, 0x61, 0x08, 0x61, 0x08,
    0x61, 0x08, 0x41, 0x08, 0x41, 0x08, 0x41, 0x08, 0x41, 0x08, 0x61, 0x08, 0x61, 0x08, 0x61, 0x08,
    0x61, 0x08, 0x61, 0x08, 0x61, 0x08, 0x61, 0x08, 0x61, 0x08, 0x62, 0x08, 0x62, 0x08, 0x61, 0x08,
    0x61, 0x08, 0x61, 0x08, 0x61, 0x08, 0x61, 0x08, 0x61, 0x08, 0x61, 0x08, 0x61, 0x08, 0x41, 0x08,
    0x41, 0x08, 0x41, 0x08, 0x41, 0x08, 0x41, 0x00, 0x00, 0x00, 0xc3, 0x59, 0x0c, 0xa4, 0xab, 0x8b,
    0x29, 0x83, 0x08, 0x7b, 0x08, 0x7b, 0x08, 0x7b, 0x08, 0x7b, 0xe8, 0x7a, 0xe8, 0x72, 0xe8, 0x72,
    0xc8, 0x72, 0xc8, 0x72, 0xc8, 0x72, 0xc8, 0x72, 0xa8, 0x6a, 0xa7, 0x6a, 0xa7, 0x6a, 0xa8, 0x6a,
    0x87, 0x6a, 0x87, 0x62, 0x67, 0x62, 0x67, 0x62, 0x67, 0x62, 0x46, 0x5a, 0x46, 0x5a, 0x67, 0x5a,
    0x46, 0x5a, 0x26, 0x5a, 0x26, 0x52, 0x26, 0x52, 0x06, 0x52, 0x05, 0x4a, 0x06, 0x4a, 0x06, 0x4a,
    0xe5, 0x49, 0xe5, 0x49, 0xe5, 0x49, 0xe5, 0x49, 0xc5, 0x41, 0xc5, 0x41, 0xc5, 0x41, 0xc5, 0x41,
    0x06, 0x52, 0x84, 0x39, 0x41, 0x08, 0x21, 0x00, 0x41, 0x00, 0x82, 0x08, 0x41, 0x08, 0x20, 0x00,
    0x41, 0x00, 0x41, 0x00, 0x41, 0x08, 0x41, 0x08, 0x41, 0x08, 0x41, 0x08, 0x20, 0x08, 0x04, 0x11,
    0x61, 0x08, 0x41, 0x08, 0x41, 0x08, 0x41, 0x08, 0x41, 0x08, 0x41, 0x08, 0x41, 0x08, 0x41, 0x08,
    0x41, 0x08, 0x41, 0x08, 0x41, 0x08, 0x41, 0x08, 0x41, 0x08, 0x41, 0x08, 0x41, 0x08, 0x41, 0x08,
    0x61, 0x08, 0x61, 0x08, 0x61, 0x08, 0x61, 0x08, 0x61, 0x08, 0x61, 0x08, 0x62, 0x08, 0x62, 0x08,
    0x61, 0x08, 0x61, 0x08, 0x61, 0x08, 0x61, 0x08, 0x61, 0x08, 0x61, 0x08, 0x61, 0x08, 0x61, 0x08,
    0x61, 0x08, 0x61, 0x08, 0x61, 0x08, 0x61, 0x08, 0x61, 0x08, 0x61, 0x08, 0x61, 0x08, 0x61, 0x08,
    0x62, 0x08, 0x62, 0x08, 0x62, 0x08, 0x62, 0x08, 0x61, 0x08, 0x61, 0x08, 0x61, 0x08, 0x61, 0x08,
    0x81, 0x08, 0x62, 0x08, 0x62, 0x08, 0x62, 0x08, 0x62, 0x08, 0x62, 0x08, 0x82, 0x08, 0x62, 0x08,
    0x62, 0x08, 0x62, 0x08, 0x61, 0x08, 0x61, 0x08, 0x82, 0x10, 0x82, 0x08, 0x82, 0x08, 0x82, 0x08,
    0x82, 0x10, 0x82, 0x08, 0x82, 0x08, 0x82, 0x08, 0x82, 0x10, 0x82, 0x10, 0x82, 0x10, 0x62, 0x10,
    0x62, 0x10, 0x82, 0x10, 0x82, 0x10, 0x82, 0x10, 0x82, 0x10, 0x81, 0x10, 0x81, 0x10, 0x82, 0x10,
    0x82, 0x10, 0x82, 0x08, 0x82, 0x08, 0x82, 0x08, 0x82, 0x08, 0x82, 0x10, 0x82, 0x10, 0x82, 0x10,
    0x82, 0x10, 0x82, 0x10, 0x82, 0x10, 0x82, 0x08, 0x62, 0x10, 0x82, 0x10, 0x82, 0x10, 0x81, 0x10,
    0x81, 0x10, 0x81, 0x10, 0x82, 0x10, 0x82, 0x10, 0x82, 0x08, 0x62, 0x08, 0x62, 0x08, 0x62, 0x08,
    0x62, 0x08, 0x82, 0x10, 0x82, 0x10, 0x82, 0x08, 0x82, 0x08, 0x82, 0x08, 0x82, 0x08, 0x82, 0x08,
    0x82, 0x10, 0x82, 0x10, 0x82, 0x10, 0x82, 0x10, 0x82, 0x10, 0x82, 0x10, 0x82, 0x10, 0x82, 0x10,
    0x82, 0x10, 0x82, 0x10, 0x82, 0x10, 0x82, 0x10, 0x82, 0x10, 0x82, 0x10, 0x82, 0x10, 0x82, 0x10,
    0x82, 0x10, 0x82, 0x10, 0x82, 0x10, 0x82, 0x10, 0x82, 0x10, 0x82, 0x10, 0x82, 0x10, 0x82, 0x10,
    0x82, 0x10, 0x82, 0x10, 0x82, 0x08, 0x82, 0x08, 0x82, 0x08, 0x82, 0x08, 0x82, 0x08, 0x82, 0x08,
    0x82, 0x08, 0x82, 0x08, 0x82, 0x08, 0x82, 0x10, 0x82, 0x10, 0x82, 0x10, 0x82, 0x08, 0x82, 0x08,
    0x82, 0x08, 0x82, 0x08, 0x82, 0x10, 0x82, 0x10, 0x82, 0x08, 0x82, 0x08, 0x62, 0x08, 0x62, 0x08,
    0x62, 0x08, 0x62, 0x08, 0x61, 0x08, 0x61, 0x08, 0x61, 0x08, 0x61, 0x08, 0x81, 0x08, 0x62, 0x08,
    0x41, 0x08, 0x61, 0x08, 0x62, 0x08, 0x61, 0x08, 0x61, 0x08, 0x61, 0x08, 0x41, 0x08, 0x41, 0x08,
    0x40, 0x08, 0x40, 0x08, 0x40, 0x08, 0x41, 0x08, 0x61, 0x08, 0x61, 0x08, 0x61, 0x08, 0x61, 0x08,
    0x61, 0x08, 0x61, 0x08, 0x61, 0x08, 0x61, 0x08, 0x61, 0x08, 0x61, 0x08, 0x41, 0x08, 0x41, 0x08,
    0x41, 0x08, 0x41, 0x00, 0x41, 0x00, 0x00, 0x00, 0x24, 0x62, 0xaf, 0xa4, 0x26, 0x5a, 0x63, 0x49,
    0x63, 0x41, 0x43, 0x41, 0x42, 0x41, 0x22, 0x41, 0x22, 0x39, 0x22, 0x39, 0x22, 0x39, 0x22, 0x39,
    0x22, 0x39, 0x22, 0x39, 0x22, 0x39, 0x22, 0x39, 0x22, 0x31, 0x02, 0x31, 0x02, 0x31, 0x22, 0x31,
    0x22, 0x31, 0x02, 0x31, 0x02, 0x31, 0x02, 0x29, 0x02, 0x29, 0x02, 0x29, 0x02, 0x29, 0x03, 0x29,
    0x03, 0x29, 0x03, 0x29, 0x03, 0x29, 0x03, 0x21, 0x03, 0x21, 0x03, 0x21, 0x03, 0x21, 0x03, 0x21,
    0x03, 0x21, 0x03, 0x21, 0x03, 0x21, 0xe3, 0x20, 0x03, 0x21, 0x03, 0x19, 0x03, 0x19, 0x03, 0x21,
    0x04, 0x21, 0xc5, 0x41, 0x64, 0x39, 0x21, 0x00, 0x41, 0x00, 0x41, 0x00, 0x20, 0x00, 0x21, 0x00,
    0x21, 0x00, 0x21, 0x00, 0x41, 0x00, 0x41, 0x00, 0x21, 0x00, 0x41, 0x08, 0x00, 0x08, 0x04, 0x11,
    0x62, 0x08, 0x41, 0x08, 0x41, 0x08, 0x41, 0x08, 0x41, 0x08, 0x41, 0x08, 0x41, 0x08, 0x41, 0x08,
    0x41, 0x08, 0x41, 0x08, 0x41, 0x08, 0x41, 0x08, 0x41, 0x08, 0x41, 0x08, 0x41, 0x08, 0x41, 0x08,
    0x61, 0x08, 0x61, 0x08, 0x62, 0x08, 0x62, 0x08, 0x62, 0x08, 0x61, 0x08, 0x62, 0x08, 0x62, 0x08,
    0x61, 0x08, 0x61, 0x08, 0x61, 0x08, 0x61, 0x08, 0x61, 0x08, 0x61, 0x08, 0x61, 0x08, 0x61, 0x08,
    0x61, 0x08, 0x61, 0x08, 0x61, 0x08, 0x61, 0x08, 0x61, 0x08, 0x61, 0x08, 0x41, 0x08, 0x42, 0x08,
    0x62, 0x08, 0x62, 0x08, 0x62, 0x08, 0x61, 0x08, 0x62, 0x08, 0x62, 0x08, 0x61, 0x08, 0x61, 0x08,
    0x81, 0x08, 0x62, 0x08, 0x62, 0x08, 0x62, 0x08, 0x62, 0x08, 0x82, 0x08, 0x82, 0x08, 0x62, 0x08,
    0x62, 0x08, 0x62, 0x08, 0x62, 0x08, 0x62, 0x08, 0x82, 0x08, 0x82, 0x08, 0x82, 0x08, 0x82, 0x10,
    0x82, 0x10, 0x62, 0x08, 0x82, 0x08, 0x82, 0x10, 0x82, 0x10, 0x82, 0x08, 0x62, 0x08, 0x62, 0x08,
    0x62, 0x10, 0x82, 0x10, 0x81, 0x10, 0x81, 0x10, 0x81, 0x10, 0x81, 0x10, 0x82, 0x10, 0x82, 0x10,
    0x82, 0x10, 0x82, 0x08, 0x82, 0x08, 0x82, 0x08, 0x82, 0x10, 0x82, 0x10, 0x82, 0x08, 0x82, 0x10,
    0x82, 0x10, 0x82, 0x10, 0x82, 0x08, 0x82, 0x08, 0x62, 0x10, 0x82, 0x10, 0x82, 0x10, 0x82, 0x10,
    0x82, 0x10, 0x82, 0x10, 0x82, 0x10, 0x82, 0x10, 0x82, 0x08, 0x82, 0x08, 0x82, 0x08, 0x62, 0x08,
    0x82, 0x08, 0x82, 0x10, 0x82, 0x08, 0x82, 0x10, 0x82, 0x08, 0x82, 0x08, 0x82, 0x08, 0x82, 0x10,
    0x82, 0x10, 0x82, 0x10, 0x82, 0x10, 0x81, 0x10, 0x82, 0x10, 0x82, 0x10, 0x82, 0x10, 0x82, 0x10,
    0x82, 0x08, 0x82, 0x10, 0x82, 0x08, 0x82, 0x10, 0x82, 0x10, 0x82, 0x10, 0x82, 0x10, 0x82, 0x10,
    0x82, 0x10, 0x82, 0x10, 0x82, 0x10, 0x82, 0x10, 0x82, 0x10, 0x82, 0x10, 0x82, 0x10, 0x82, 0x10,
    0x82, 0x10, 0x82, 0x10, 0x82, 0x08, 0x82, 0x08, 0x82, 0x10, 0x82, 0x10, 0x82, 0x08, 0x82, 0x08,
    0x82, 0x08, 0x82, 0x10, 0x82, 0x08, 0x82, 0x10, 0x82, 0x10, 0x82, 0x08, 0x62, 0x08, 0x62, 0x08,
    0x62, 0x08, 0x62, 0x08, 0x82, 0x10, 0x82, 0x08, 0x82, 0x10, 0x82, 0x10, 0x62, 0x08, 0x61, 0x08,
    0x62, 0x08, 0x61, 0x08, 0x61, 0x08, 0x61, 0x08, 0x61, 0x08, 0x61, 0x08, 0x62, 0x08, 0x41, 0x08,
    0x61, 0x08, 0x45, 0x11, 0x66, 0x19, 0x66, 0x19, 0x66, 0x19, 0x45, 0x19, 0x04, 0x11, 0x04, 0x11,
    0xe4, 0x10, 0xc3, 0x08, 0xc3, 0x08, 0xa3, 0x08, 0x41, 0x08, 0x61, 0x08, 0x61, 0x08, 0x61, 0x08,
    0x61, 0x08, 0x61, 0x08, 0x61, 0x08, 0x61, 0x08, 0x61, 0x08, 0x41, 0x08, 0x41, 0x08, 0x41, 0x08,
    0x20, 0x00, 0x20, 0x08, 0x00, 0x00, 0xa0, 0x28, 0x6e, 0x9c, 0x26, 0x5a, 0xa3, 0x51, 0x06, 0x52,
    0xe5, 0x49, 0xc5, 0x49, 0xc5, 0x49, 0xa5, 0x49, 0xa5, 0x49, 0xa5, 0x41, 0xa5, 0x41, 0xa5, 0x41,
    0xa5, 0x41, 0xa5, 0x41, 0xa5, 0x41, 0xa5, 0x41, 0x85, 0x41, 0x85, 0x39, 0x85, 0x39, 0x85, 0x39,
    0x85, 0x39, 0x84, 0x39, 0x84, 0x39, 0x64, 0x39, 0x64, 0x39, 0x84, 0x31, 0x84, 0x31, 0x64, 0x31,
    0x65, 0x31, 0x64, 0x31, 0x64, 0x31, 0x64, 0x31, 0x65, 0x31, 0x64, 0x29, 0x64, 0x29, 0x64, 0x29,
    0x44, 0x29, 0x44, 0x29, 0x44, 0x29, 0x44, 0x29, 0x44, 0x29, 0x44, 0x29, 0x44, 0x29, 0x44, 0x29,
    0x44, 0x29, 0x04, 0x19, 0xc5, 0x41, 0xa2, 0x18, 0x21, 0x00, 0x20, 0x00, 0x21, 0x00, 0x21, 0x00,
    0x41, 0x00, 0x41, 0x00, 0x41, 0x00, 0x21, 0x00, 0x21, 0x00, 0x41, 0x08, 0x20, 0x08, 0x05, 0x11,
    0x62, 0x08, 0x41, 0x08, 0x41, 0x08, 0x41, 0x08, 0x41, 0x08, 0x41, 0x08, 0x41, 0x08, 0x41, 0x08,
    0x41, 0x08, 0x41, 0x08, 0x41, 0x08, 0x41, 0x08, 0x41, 0x08, 0x41, 0x08, 0x41, 0x08, 0x41, 0x08,
    0x61, 0x08, 0x61, 0x08, 0x62, 0x08, 0x62, 0x08, 0x62, 0x08, 0x62, 0x08, 0x62, 0x08, 0x62, 0x08,
    0x61, 0x08, 0x61, 0x08, 0x61, 0x08, 0x61, 0x08, 0x61, 0x08, 0x61, 0x08, 0x61, 0x08, 0x61, 0x08,
    0x61, 0x08, 0x61, 0x08, 0x61, 0x08, 0x61, 0x08, 0x61, 0x08, 0x61, 0x08, 0x42, 0x08, 0x42, 0x08,
    0x62, 0x08, 0x62, 0x08, 0x62, 0x08, 0x62, 0x08, 0x62, 0x08, 0x62, 0x08, 0x61, 0x08, 0x62, 0x08,
    0x62, 0x08, 0x62, 0x08, 0x62, 0x08, 0x62, 0x08, 0x62, 0x08, 0x82, 0x08, 0x82, 0x08, 0x62, 0x08,
    0x62, 0x08, 0x62, 0x08, 0x62, 0x08, 0x62, 0x08, 0x82, 0x10, 0x82, 0x10, 0x82, 0x10, 0x82, 0x10,
    0x82, 0x08, 0x62, 0x08, 0x62, 0x08, 0x82, 0x10, 0x82, 0x10, 0x82, 0x10, 0x62, 0x08, 0x62, 0x08,
    0x82, 0x10, 0x82, 0x10, 0x81, 0x10, 0x81, 0x10, 0x81, 0x10, 0x81, 0x10, 0x82, 0x10, 0x82, 0x10,
    0x82, 0x08, 0x82, 0x10, 0x82, 0x08, 0x82, 0x08, 0x82, 0x08, 0x82, 0x10, 0x82, 0x08, 0x82, 0x10,
    0x82, 0x10, 0x82, 0x10, 0x62, 0x10, 0x62, 0x10, 0x62, 0x10, 0x82, 0x08, 0x82, 0x10, 0x82, 0x10,
    0x82, 0x10, 0x82, 0x10, 0x82, 0x10, 0x82, 0x10, 0x82, 0x10, 0x82, 0x08, 0x82, 0x08, 0x82, 0x08,
    0x82, 0x10, 0x82, 0x10, 0x82, 0x10, 0x82, 0x10, 0x82, 0x08, 0x82, 0x08, 0x82, 0x08, 0x82, 0x10,
    0x82, 0x10, 0x82, 0x10, 0x82, 0x10, 0x82, 0x10, 0x82, 0x10, 0x82, 0x10, 0x82, 0x10, 0x82, 0x08,
    0x82, 0x10, 0x82, 0x10, 0x82, 0x10, 0x82, 0x10, 0x82, 0x10, 0x82, 0x10, 0x82, 0x10, 0x82, 0x10,
    0x82, 0x10, 0x82, 0x10, 0x82, 0x10, 0x82, 0x10, 0x82, 0x10, 0x82, 0x10, 0x82, 0x10, 0x82, 0x10,
    0x82, 0x10, 0x82, 0x10, 0x82, 0x10, 0x82, 0x08, 0x82, 0x08, 0x82, 0x10, 0x82, 0x08, 0x82, 0x08,
    0x82, 0x08, 0x82, 0x10, 0x82, 0x10, 0x82, 0x08, 0x82, 0x08, 0x62, 0x08, 0x62, 0x08, 0x62, 0x08,
    0x62, 0x08, 0x62, 0x08, 0x82, 0x08, 0x82, 0x08, 0x82, 0x10, 0x62, 0x08, 0x61, 0x08, 0x61, 0x08,
    0x61, 0x08, 0x61, 0x08, 0x61, 0x08, 0x61, 0x08, 0x61, 0x08, 0x61, 0x08, 0x61, 0x08, 0x61, 0x08,
    0x05, 0x11, 0x62, 0x08, 0x41, 0x08, 0x41, 0x08, 0x41, 0x08, 0x61, 0x08, 0x61, 0x08, 0x61, 0x08,
    0x61, 0x08, 0x61, 0x08, 0x61, 0x08, 0x62, 0x08, 0xa3, 0x10, 0x41, 0x08, 0x61, 0x08, 0x61, 0x08,
    0x61, 0x08, 0x61, 0x08, 0x61, 0x08, 0x61, 0x08, 0x61, 0x08, 0x61, 0x08, 0x41, 0x00, 0x20, 0x00,
    0x20, 0x00, 0x20, 0x00, 0x00, 0x00, 0xe4, 0x59, 0x8c, 0x83, 0x83, 0x51, 0x06, 0x52, 0xc5, 0x49,
    0xc5, 0x49, 0xa5, 0x49, 0xa5, 0x41, 0x84, 0x41, 0x84, 0x41, 0x84, 0x41, 0x84, 0x39, 0x84, 0x39,
    0x84, 0x39, 0x84, 0x39, 0x64, 0x39, 0x64, 0x39, 0x64, 0x39, 0x64, 0x39, 0x64, 0x31, 0x64, 0x31,
    0x64, 0x31, 0x64, 0x31, 0x44, 0x31, 0x44, 0x31, 0x44, 0x31, 0x44, 0x31, 0x44, 0x31, 0x44, 0x29,
    0x44, 0x29, 0x44, 0x29, 0x44, 0x29, 0x44, 0x29, 0x44, 0x29, 0x44, 0x29, 0x24, 0x29, 0x44, 0x21,
    0x44, 0x21, 0x24, 0x21, 0x24, 0x21, 0x24, 0x21, 0x24, 0x21, 0x24, 0x21, 0x44, 0x21, 0x44, 0x21,
    0x44, 0x29, 0x04, 0x21, 0x64, 0x31, 0xe2, 0x20, 0x01, 0x00, 0x20, 0x00, 0x20, 0x00, 0x20, 0x00,
    0x20, 0x00, 0x21, 0x00, 0x41, 0x00, 0x21, 0x00, 0x21, 0x00, 0x41, 0x08, 0x20, 0x00, 0x05, 0x11,
    0x61, 0x08, 0x41, 0x08, 0x41, 0x08, 0x41, 0x08, 0x41, 0x08, 0x41, 0x08, 0x41, 0x08, 0x41, 0x08,
    0x41, 0x08, 0x21, 0x08, 0x41, 0x08, 0x41, 0x08, 0x41, 0x08, 0x41, 0x08, 0x41, 0x08, 0x41, 0x08,
    0x62, 0x08, 0x62, 0x08, 0x62, 0x08, 0x62, 0x08, 0x61, 0x08, 0x62, 0x08, 0x62, 0x08, 0x62, 0x08,
    0x61, 0x08, 0x61, 0x08, 0x61, 0x08, 0x61, 0x08, 0x61, 0x08, 0x61, 0x08, 0x61, 0x08, 0x61, 0x08,
    0x61, 0x08, 0x61, 0x08, 0x41, 0x08, 0x20, 0x08, 0x41, 0x08, 0x62, 0x08, 0x62, 0x08, 0x61, 0x08,
    0x62, 0x08, 0x62, 0x08, 0x62, 0x08, 0x62, 0x08, 0x62, 0x08, 0x62, 0x08, 0x62, 0x08, 0x62, 0x08,
    0x62, 0x08, 0x62, 0x08, 0x62, 0x08, 0x62, 0x08, 0x61, 0x08, 0x61, 0x08, 0x81, 0x08, 0x62, 0x08,
    0x62, 0x08, 0x62, 0x08, 0x62, 0x08, 0x62, 0x08, 0x62, 0x08, 0x62, 0x10, 0x62, 0x08, 0x62, 0x08,
    0x62, 0x08, 0x61, 0x08, 0x61, 0x08, 0x82, 0x10, 0x82, 0x10, 0x82, 0x10, 0x82, 0x08, 0x62, 0x08,
    0x82, 0x08, 0x82, 0x08, 0x82, 0x10, 0x81, 0x10, 0x81, 0x10, 0x82, 0x10, 0x82, 0x10, 0x82, 0x08,
    0x82, 0x08, 0x82, 0x10, 0x82, 0x08, 0x82, 0x08, 0x82, 0x08, 0x82, 0x08, 0x82, 0x10, 0x82, 0x10,
    0x82, 0x10, 0x82, 0x10, 0x82, 0x10, 0x82, 0x10, 0x82, 0x10, 0x82, 0x10, 0x82, 0x10, 0x82, 0x10,
    0x82, 0x10, 0x82, 0x10, 0x82, 0x10, 0x82, 0x10, 0x82, 0x10, 0x82, 0x08, 0x82, 0x08, 0x82, 0x08,
    0x81, 0x10, 0x81, 0x10, 0x82, 0x10, 0x82, 0x08, 0x82, 0x08, 0x82, 0x10, 0x82, 0x10, 0x82, 0x10,
    0x82, 0x10, 0x82, 0x10, 0x82, 0x10, 0x82, 0x10, 0x82, 0x10, 0x82, 0x08, 0x82, 0x10, 0x82, 0x10,
    0x82, 0x08, 0x82, 0x10, 0x82, 0x10, 0x82, 0x10, 0x82, 0x10, 0x82, 0x10, 0x82, 0x10, 0x82, 0x10,
    0x82, 0x10, 0x82, 0x10, 0x82, 0x10, 0x82, 0x10, 0x82, 0x10, 0x82, 0x10, 0x82, 0x10, 0x82, 0x10,
    0x82, 0x10, 0x82, 0x10, 0x82, 0x10, 0x82, 0x08, 0x82, 0x08, 0x82, 0x10, 0x82, 0x10, 0x82, 0x08,
    0x82, 0x08, 0x82, 0x08, 0x62, 0x08, 0x62, 0x08, 0x62, 0x08, 0x62, 0x08, 0x62, 0x08, 0x62, 0x08,
    0x82, 0x08, 0x82, 0x08, 0x62, 0x08, 0x62, 0x08, 0x62, 0x08, 0x61, 0x08, 0x61, 0x08, 0x61, 0x08,
    0x61, 0x08, 0x61, 0x08, 0x61, 0x08, 0x61, 0x08, 0x61, 0x08, 0x61, 0x08, 0x61, 0x08, 0x04, 0x11,
    0x62, 0x08, 0x41, 0x08, 0x62, 0x08, 0x61, 0x08, 0x61, 0x08, 0x41, 0x08, 0x41, 0x08, 0x41, 0x08,
    0x41, 0x08, 0x61, 0x08, 0x61, 0x08, 0x41, 0x08, 0x82, 0x08, 0xa3, 0x10, 0x41, 0x08, 0x61, 0x08,
    0x41, 0x08, 0x41, 0x08, 0x41, 0x08, 0x41, 0x08, 0x41, 0x08, 0x20, 0x00, 0x20, 0x00, 0x20, 0x00,
    0x20, 0x00, 0x21, 0x00, 0x00, 0x08, 0x87, 0x6a, 0xc8, 0x6a, 0x83, 0x49, 0xe5, 0x49, 0xc5, 0x49,
    0xa5, 0x41, 0xa5, 0x41, 0x84, 0x41, 0x84, 0x41, 0x84, 0x39, 0x84, 0x39, 0x84, 0x39, 0x64, 0x39,
    0x64, 0x39, 0x64, 0x31, 0x64, 0x31, 0x64, 0x31, 0x44, 0x31, 0x44, 0x31, 0x44, 0x31, 0x44, 0x31,
    0x44, 0x31, 0x44, 0x31, 0x44, 0x31, 0x44, 0x29, 0x44, 0x29, 0x44, 0x29, 0x44, 0x29, 0x44, 0x29,
    0x24, 0x29, 0x24, 0x29, 0x24, 0x21, 0x24, 0x21, 0x24, 0x21, 0x24, 0x21, 0x24, 0x21, 0x24, 0x21,
    0x24, 0x21, 0x24, 0x21, 0x24, 0x21, 0x24, 0x21, 0x24, 0x21, 0x24, 0x21, 0x24, 0x21, 0x24, 0x21,
    0x24, 0x21, 0x04, 0x21, 0x44, 0x29, 0xc2, 0x20, 0x01, 0x00, 0x20, 0x00, 0x20, 0x00, 0x20, 0x00,
    0x41, 0x08, 0x41, 0x08, 0x21, 0x00, 0x21, 0x00, 0x21, 0x00, 0x41, 0x00, 0x20, 0x00, 0x04, 0x11,
    0x61, 0x08, 0x41, 0x08, 0x41, 0x08, 0x41, 0x08, 0x41, 0x08, 0x41, 0x08, 0x41, 0x08, 0x41, 0x08,
    0x62, 0x08, 0xa3, 0x08, 0x61, 0x08, 0x41, 0x08, 0x41, 0x08, 0x41, 0x08, 0x41, 0x08, 0x41, 0x08,
    0x62, 0x08, 0x62, 0x08, 0x62, 0x08, 0x62, 0x08, 0x62, 0x08, 0x62, 0x08, 0x62, 0x08, 0x62, 0x08,
    0x62, 0x08, 0x62, 0x08, 0x62, 0x08, 0x62, 0x08, 0x42, 0x08, 0x61, 0x08, 0x61, 0x08, 0x61, 0x08,
    0x61, 0x08, 0x20, 0x08, 0x62, 0x08, 0xe4, 0x10, 0x61, 0x08, 0x20, 0x08, 0x41, 0x08, 0x41, 0x08,
    0x41, 0x08, 0x41, 0x08, 0x41, 0x08, 0x41, 0x08, 0x41, 0x08, 0x41, 0x08, 0x41, 0x08, 0x41, 0x08,
    0x41, 0x08, 0x41, 0x08, 0x41, 0x08, 0x41, 0x08, 0x41, 0x08, 0x61, 0x08, 0x61, 0x08, 0x62, 0x08,
    0x62, 0x08, 0x62, 0x08, 0x62, 0x08, 0x62, 0x08, 0x62, 0x08, 0x62, 0x08, 0x62, 0x08, 0x62, 0x08,
    0x61, 0x08, 0x61, 0x08, 0x61, 0x08, 0x61, 0x08, 0x82, 0x08, 0x62, 0x08, 0x62, 0x08, 0x62, 0x08,
    0x82, 0x08, 0x82, 0x08, 0x82, 0x10, 0x82, 0x10, 0x82, 0x10, 0x82, 0x08, 0x82, 0x10, 0x82, 0x10,
    0x82, 0x10, 0x82, 0x10, 0x82, 0x10, 0x82, 0x10, 0x82, 0x08, 0x82, 0x10, 0x82, 0x10, 0x82, 0x10,
    0x82, 0x10, 0x82, 0x10, 0x82, 0x10, 0x82, 0x10, 0x82, 0x10, 0x82, 0x10, 0x82, 0x10, 0x82, 0x10,
    0x82, 0x10, 0x82, 0x10, 0x82, 0x10, 0x82, 0x10, 0x82, 0x10, 0x82, 0x08, 0x82, 0x08, 0x82, 0x10,
    0x82, 0x10, 0x82, 0x10, 0x82, 0x10, 0x82, 0x08, 0x82, 0x08, 0x82, 0x08, 0x82, 0x10, 0x82, 0x10,
    0x82, 0x10, 0x82, 0x10, 0x82, 0x10, 0x82, 0x08, 0x82, 0x08, 0x62, 0x10, 0x82, 0x10, 0x62, 0x10,
    0x82, 0x08, 0x82, 0x10, 0x82, 0x10, 0x82, 0x10, 0x82, 0x10, 0x82, 0x10, 0x82, 0x10, 0x82, 0x10,
    0x82, 0x10, 0x82, 0x10, 0x82, 0x10, 0x82, 0x10, 0x82, 0x10, 0x82, 0x10, 0x82, 0x10, 0x82, 0x08,
    0x82, 0x10, 0x62, 0x10, 0x82, 0x08, 0x82, 0x08, 0x82, 0x10, 0x82, 0x10, 0x82, 0x10, 0x82, 0x10,
    0x82, 0x08, 0x62, 0x08, 0x62, 0x08, 0x62, 0x08, 0x62, 0x08, 0x62, 0x08, 0x62, 0x08, 0x62, 0x08,
    0x41, 0x08, 0x41, 0x08, 0x62, 0x08, 0x62, 0x08, 0x61, 0x08, 0x61, 0x08, 0x61, 0x08, 0x61, 0x08,
    0x61, 0x08, 0x61, 0x08, 0x61, 0x08, 0x61, 0x08, 0x61, 0x08, 0x61, 0x08, 0xe4, 0x10, 0x62, 0x08,
    0x41, 0x08, 0x62, 0x08, 0x61, 0x08, 0x61, 0x08, 0x61, 0x08, 0x61, 0x08, 0x61, 0x08, 0x61, 0x08,
    0x61, 0x08, 0x61, 0x08, 0x61, 0x08, 0x62, 0x08, 0x41, 0x08, 0x82, 0x08, 0xa3, 0x08, 0x21, 0x08,
    0x41, 0x08, 0x41, 0x08, 0x41, 0x08, 0x41, 0x08, 0x00, 0x00, 0xc3, 0x18, 0xd3, 0x84, 0xae, 0x63,
    0x2c, 0x4b, 0x6e, 0x53, 0x65, 0x29, 0x47, 0x5a, 0xc8, 0x6a, 0x83, 0x49, 0xe5, 0x49, 0xc5, 0x49,
    0xa5, 0x41, 0xa4, 0x41, 0x84, 0x41, 0x84, 0x39, 0x84, 0x39, 0x64, 0x39, 0x64, 0x39, 0x64, 0x39,
    0x64, 0x31, 0x64, 0x31, 0x44, 0x31, 0x44, 0x31, 0x44, 0x31, 0x44, 0x31, 0x44, 0x31, 0x44, 0x31,
    0x44, 0x31, 0x44, 0x31, 0x44, 0x29, 0x24, 0x29, 0x24, 0x29, 0x44, 0x29, 0x44, 0x29, 0x24, 0x29,
    0x24, 0x21, 0x24, 0x21, 0x24, 0x21, 0x24, 0x21, 0x24, 0x21, 0x24, 0x21, 0x24, 0x21, 0x24, 0x21,
    0x24, 0x21, 0x24, 0x21, 0x23, 0x21, 0x23, 0x21, 0x24, 0x21, 0x24, 0x21, 0x24, 0x21, 0x24, 0x21,
    0x24, 0x21, 0x04, 0x21, 0x44, 0x29, 0xa1, 0x18, 0x00, 0x00, 0x8b, 0x3a, 0x8a, 0x32, 0x6a, 0x32,
    0x0d, 0x43, 0x08, 0x32, 0x00, 0x00, 0x41, 0x00, 0x21, 0x00, 0x41, 0x00, 0x20, 0x00, 0xe4, 0x10,
    0x61, 0x08, 0x41, 0x08, 0x41, 0x08, 0x41, 0x08, 0x41, 0x08, 0x41, 0x08, 0x41, 0x08, 0x21, 0x00,
    0xc3, 0x08, 0xc3, 0x08, 0xa3, 0x08, 0x21, 0x08, 0x41, 0x08, 0x41, 0x08, 0x41, 0x08, 0x41, 0x08,
    0x62, 0x08, 0x62, 0x08, 0x62, 0x08, 0x62, 0x08, 0x62, 0x08, 0x62, 0x08, 0x62, 0x08, 0x61, 0x08,
    0x61, 0x08, 0x61, 0x08, 0x61, 0x08, 0x62, 0x08, 0x61, 0x08, 0x61, 0x08, 0x61, 0x08, 0x61, 0x08,
    0x41, 0x08, 0x82, 0x10, 0x66, 0x21, 0xc3, 0x08, 0x45, 0x19, 0x82, 0x08, 0x62, 0x08, 0x82, 0x10,
    0x82, 0x08, 0x82, 0x10, 0x82, 0x10, 0x82, 0x08, 0x82, 0x08, 0x82, 0x08, 0x82, 0x08, 0x82, 0x08,
    0x82, 0x08, 0x82, 0x08, 0x82, 0x08, 0x82, 0x08, 0x82, 0x08, 0x41, 0x08, 0x61, 0x08, 0x62, 0x08,
    0x62, 0x08, 0x62, 0x08, 0x62, 0x08, 0x62, 0x08, 0x62, 0x08, 0x62, 0x08, 0x62, 0x08, 0x61, 0x08,
    0x61, 0x08, 0x61, 0x08, 0x61, 0x08, 0x61, 0x08, 0x62, 0x08, 0x62, 0x08, 0x62, 0x08, 0x62, 0x08,
    0x82, 0x08, 0x82, 0x08, 0x82, 0x08, 0x82, 0x10, 0x82, 0x10, 0x82, 0x10, 0x82, 0x10, 0x82, 0x10,
    0x82, 0x10, 0x82, 0x10, 0x82, 0x10, 0x82, 0x10, 0x82, 0x10, 0x82, 0x10, 0x82, 0x10, 0x82, 0x10,
    0x82, 0x10, 0x82, 0x10, 0x82, 0x10, 0x82, 0x10, 0x82, 0x10, 0x82, 0x10, 0x82, 0x10, 0x82, 0x10,
    0x82, 0x10, 0x82, 0x10, 0x82, 0x10, 0x82, 0x08, 0x82, 0x08, 0x82, 0x08, 0x82, 0x08, 0x82, 0x10,
    0x82, 0x10, 0x82, 0x10, 0x82, 0x10, 0x82, 0x10, 0x82, 0x08, 0x82, 0x10, 0x82, 0x10, 0x82, 0x10,
    0x82, 0x10, 0x82, 0x10, 0x82, 0x08, 0x82, 0x08, 0x82, 0x08, 0x62, 0x10, 0x82, 0x10, 0x82, 0x10,
    0x82, 0x08, 0x82, 0x10, 0x82, 0x10, 0x82, 0x10, 0x82, 0x10, 0x82, 0x10, 0x82, 0x10, 0x82, 0x10,
    0x82, 0x10, 0x82, 0x10, 0x82, 0x10, 0x82, 0x10, 0x82, 0x10, 0x82, 0x10, 0x82, 0x10, 0x82, 0x10,
    0x62, 0x10, 0x62, 0x10, 0x62, 0x10, 0x82, 0x10, 0x82, 0x10, 0x82, 0x10, 0x82, 0x10, 0x82, 0x10,
    0x82, 0x08, 0x62, 0x08, 0x62, 0x08, 0x62, 0x08, 0x62, 0x08, 0x62, 0x08, 0x61, 0x08, 0x61, 0x08,
    0xa3, 0x10, 0x82, 0x10, 0x41, 0x08, 0x61, 0x08, 0x61, 0x08, 0x61, 0x08, 0x61, 0x08, 0x61, 0x08,
    0x61, 0x08, 0x61, 0x08, 0x61, 0x08, 0x41, 0x08, 0x61, 0x08, 0xc3, 0x08, 0x61, 0x08, 0x41, 0x08,
    0x61, 0x08, 0x41, 0x08, 0x41, 0x08, 0x41, 0x08, 0x41, 0x08, 0x41, 0x08, 0x41, 0x08, 0x61, 0x08,
    0x61, 0x08, 0x61, 0x08, 0x61, 0x08, 0x61, 0x08, 0x61, 0x08, 0x41, 0x08, 0x82, 0x08, 0xa3, 0x08,
    0x41, 0x08, 0x41, 0x08, 0x41, 0x08, 0x41, 0x08, 0x00, 0x00, 0xc3, 0x18, 0x92, 0x7c, 0x6d, 0x53,
    0xeb, 0x42, 0x0c, 0x43, 0x44, 0x21, 0x27, 0x5a, 0xc8, 0x6a, 0x83, 0x49, 0xc5, 0x49, 0xa5, 0x41,
    0xa4, 0x41, 0x84, 0x41, 0x85, 0x39, 0x64, 0x39, 0x64, 0x31, 0x64, 0x31, 0x64, 0x31, 0x64, 0x31,
    0x64, 0x31, 0x44, 0x31, 0x44, 0x31, 0x44, 0x31, 0x44, 0x31, 0x44, 0x31, 0x44, 0x29, 0x44, 0x29,
    0x44, 0x29, 0x44, 0x29, 0x24, 0x29, 0x24, 0x29, 0x24, 0x29, 0x24, 0x29, 0x24, 0x21, 0x24, 0x21,
    0x24, 0x21, 0x24, 0x21, 0x24, 0x21, 0x24, 0x21, 0x24, 0x21, 0x24, 0x21, 0x24, 0x21, 0x24, 0x21,
    0x23, 0x21, 0x23, 0x21, 0x23, 0x21, 0x03, 0x21, 0x03, 0x21, 0x24, 0x21, 0x24, 0x21, 0x24, 0x21,
    0x23, 0x21, 0x04, 0x19, 0x44, 0x29, 0x81, 0x18, 0x00, 0x00, 0x8b, 0x3a, 0x8b, 0x32, 0x6a, 0x32,
    0xec, 0x3a, 0xc7, 0x29, 0x00, 0x00, 0x41, 0x00, 0x21, 0x00, 0x41, 0x00, 0x20, 0x00, 0xe4, 0x10,
    0x61, 0x08, 0x21, 0x00, 0x41, 0x08, 0x41, 0x08, 0x41, 0x08, 0x41, 0x08, 0x41, 0x08, 0x21, 0x08,
    0xa3, 0x08, 0xc3, 0x08, 0x82, 0x08, 0x21, 0x00, 0x41, 0x08, 0x41, 0x08, 0x41, 0x08, 0x41, 0x08,
    0x62, 0x08, 0x62, 0x08, 0x62, 0x08, 0x61, 0x08, 0x61, 0x08, 0x62, 0x08, 0x62, 0x08, 0x61, 0x08,
    0x61, 0x08, 0x61, 0x08, 0x61, 0x08, 0x61, 0x08, 0x61, 0x08, 0x61, 0x08, 0x61, 0x08, 0x61, 0x08,
    0x20, 0x08, 0xe4, 0x10, 0xc4, 0x10, 0x00, 0x00, 0x25, 0x19, 0x66, 0x19, 0xa3, 0x08, 0x05, 0x11,
    0xe4, 0x10, 0xe4, 0x10, 0xe4, 0x10, 0xe4, 0x10, 0xe4, 0x10, 0xe4, 0x10, 0xe4, 0x10, 0xe4, 0x10,
    0xe4, 0x10, 0xe4, 0x10, 0xe4, 0x10, 0xe4, 0x10, 0xe4, 0x10, 0xe4, 0x10, 0x40, 0x08, 0x61, 0x08,
    0x62, 0x08, 0x62, 0x08, 0x62, 0x08, 0x62, 0x08, 0x62, 0x08, 0x61, 0x08, 0x61, 0x08, 0x61, 0x08,
    0x61, 0x08, 0x61, 0x08, 0x61, 0x08, 0x61, 0x08, 0x62, 0x08, 0x62, 0x08, 0x62, 0x08, 0x62, 0x08,
    0x62, 0x08, 0x82, 0x08, 0x82, 0x08, 0x62, 0x08, 0x82, 0x10, 0x82, 0x10, 0x82, 0x10, 0x82, 0x10,
    0x82, 0x10, 0x82, 0x10, 0x82, 0x10, 0x82, 0x08, 0x82, 0x08, 0x82, 0x08, 0x82, 0x10, 0x82, 0x10,
    0x82, 0x10, 0x82, 0x10, 0x82, 0x10, 0x82, 0x10, 0x82, 0x10, 0x82, 0x10, 0x82, 0x10, 0x82, 0x10,
    0x82, 0x10, 0x82, 0x10, 0x82, 0x10, 0x82, 0x10, 0x82, 0x10, 0x82, 0x10, 0x82, 0x10, 0x82, 0x10,
    0x82, 0x10, 0x82, 0x10, 0x82, 0x10, 0x82, 0x10, 0x82, 0x08, 0x82, 0x10, 0x82, 0x10, 0x82, 0x10,
    0x82, 0x10, 0x82, 0x10, 0x82, 0x08, 0x82, 0x08, 0x82, 0x08, 0x82, 0x10, 0x82, 0x10, 0x82, 0x10,
    0x82, 0x10, 0x82, 0x10, 0x82, 0x10, 0x82, 0x08, 0x82, 0x10, 0x82, 0x10, 0x82, 0x10, 0x82, 0x10,
    0x82, 0x10, 0x82, 0x10, 0x82, 0x10, 0x62, 0x10, 0x62, 0x10, 0x62, 0x10, 0x62, 0x10, 0x62, 0x10,
    0x62, 0x10, 0x82, 0x10, 0x82, 0x10, 0x82, 0x10, 0x82, 0x10, 0x82, 0x10, 0x82, 0x10, 0x82, 0x10,
    0x82, 0x10, 0x62, 0x08, 0x62, 0x08, 0x62, 0x08, 0x61, 0x08, 0x61, 0x08, 0x82, 0x08, 0x40, 0x08,
    0x45, 0x19, 0x09, 0x22, 0x41, 0x08, 0x41, 0x08, 0x61, 0x08, 0x61, 0x08, 0x61, 0x08, 0x61, 0x08,
    0x61, 0x08, 0x61, 0x08, 0x61, 0x08, 0x61, 0x08, 0xa3, 0x08, 0x61, 0x08, 0x41, 0x08, 0x61, 0x08,
    0x61, 0x08, 0x61, 0x08, 0x41, 0x08, 0x61, 0x08, 0x61, 0x08, 0x61, 0x08, 0x61, 0x08, 0x61, 0x08,
    0x41, 0x08, 0x41, 0x08, 0x61, 0x08, 0x61, 0x08, 0x61, 0x08, 0x61, 0x08, 0x41, 0x08, 0x62, 0x08,
    0x41, 0x08, 0x41, 0x08, 0x41, 0x08, 0x41, 0x08, 0x41, 0x08, 0x20, 0x00, 0x20, 0x00, 0x00, 0x00,
    0x00, 0x00, 0x00, 0x00, 0x00, 0x00, 0x68, 0x5a, 0xc8, 0x6a, 0x83, 0x41, 0xc5, 0x49, 0xa5, 0x41,
    0x85, 0x41, 0x84, 0x39, 0x84, 0x39, 0x64, 0x31, 0x64, 0x31, 0x64, 0x31, 0x64, 0x31, 0x64, 0x31,
    0x64, 0x31, 0x44, 0x31, 0x44, 0x31, 0x44, 0x31, 0x44, 0x31, 0x44, 0x29, 0x44, 0x29, 0x44, 0x29,
    0x44, 0x29, 0x24, 0x29, 0x24, 0x29, 0x23, 0x29, 0x24, 0x29, 0x24, 0x21, 0x24, 0x21, 0x24, 0x21,
    0x24, 0x21, 0x24, 0x21, 0x24, 0x21, 0x24, 0x21, 0x24, 0x21, 0x23, 0x21, 0x23, 0x21, 0x24, 0x21,
    0x24, 0x21, 0x23, 0x21, 0x23, 0x21, 0x23, 0x21, 0x03, 0x21, 0x23, 0x21, 0x24, 0x21, 0x24, 0x21,
    0x24, 0x21, 0x04, 0x21, 0x44, 0x29, 0x81, 0x18, 0x00, 0x00, 0x00, 0x00, 0x00, 0x00, 0x00, 0x00,
    0x00, 0x00, 0x00, 0x00, 0x21, 0x00, 0x21, 0x00, 0x21, 0x00, 0x21, 0x00, 0x20, 0x00, 0xe4, 0x10,
    0x61, 0x08, 0x41, 0x00, 0x41, 0x00, 0x41, 0x08, 0x41, 0x08, 0x62, 0x08, 0xe4, 0x10, 0xe4, 0x10,
    0x82, 0x08, 0x62, 0x08, 0x41, 0x08, 0x41, 0x08, 0x41, 0x08, 0x41, 0x08, 0x41, 0x08, 0x41, 0x08,
    0x61, 0x08, 0x62, 0x08, 0x62, 0x08, 0x61, 0x08, 0x61, 0x08, 0x61, 0x08, 0x61, 0x08, 0x61, 0x08,
    0x61, 0x08, 0x61, 0x08, 0x61, 0x08, 0x61, 0x08, 0x61, 0x08, 0x61, 0x08, 0x61, 0x08, 0x61, 0x08,
    0x41, 0x08, 0x41, 0x08, 0x46, 0x11, 0x45, 0x11, 0x86, 0x19, 0x00, 0x08, 0x20, 0x08, 0x40, 0x08,
    0x40, 0x08, 0x20, 0x08, 0x20, 0x08, 0x20, 0x08, 0x41, 0x08, 0x41, 0x08, 0x40, 0x08, 0x40, 0x08,
    0x41, 0x08, 0x41, 0x08, 0x20, 0x08, 0x41, 0x08, 0x20, 0x08, 0x82, 0x08, 0x05, 0x11, 0x41, 0x08,
    0x61, 0x08, 0x62, 0x08, 0x62, 0x08, 0x62, 0x08, 0x62, 0x08, 0x62, 0x08, 0x81, 0x08, 0x41, 0x08,
    0x40, 0x08, 0x41, 0x08, 0x61, 0x08, 0x62, 0x08, 0x62, 0x08, 0x62, 0x08, 0x62, 0x08, 0x62, 0x08,
    0x62, 0x08, 0x82, 0x08, 0x82, 0x10, 0x62, 0x08, 0x82, 0x10, 0x82, 0x10, 0x82, 0x10, 0x62, 0x08,
    0x62, 0x08, 0x62, 0x08, 0x62, 0x08, 0x62, 0x08, 0x82, 0x10, 0x82, 0x08, 0x82, 0x08, 0x82, 0x08,
    0x82, 0x10, 0x82, 0x10, 0x82, 0x10, 0x82, 0x10, 0x82, 0x08, 0x82, 0x08, 0x82, 0x08, 0x62, 0x08,
    0x82, 0x10, 0x82, 0x10, 0x82, 0x10, 0x82, 0x10, 0x82, 0x10, 0x82, 0x08, 0x82, 0x08, 0x82, 0x08,
    0x82, 0x10, 0x82, 0x10, 0x82, 0x10, 0x82, 0x10, 0x82, 0x08, 0x82, 0x08, 0x82, 0x10, 0x82, 0x10,
    0x82, 0x10, 0x82, 0x08, 0x82, 0x08, 0x82, 0x08, 0x82, 0x08, 0x82, 0x08, 0x82, 0x10, 0x82, 0x10,
    0x82, 0x10, 0x82, 0x08, 0x82, 0x10, 0x82, 0x08, 0x82, 0x10, 0x82, 0x10, 0x82, 0x10, 0x82, 0x10,
    0x82, 0x10, 0x82, 0x10, 0x82, 0x10, 0x82, 0x10, 0x62, 0x10, 0x62, 0x10, 0x82, 0x10, 0x82, 0x10,
    0x82, 0x10, 0x82, 0x10, 0x82, 0x10, 0x81, 0x10, 0x81, 0x10, 0x82, 0x10, 0x82, 0x10, 0x82, 0x08,
    0x82, 0x10, 0x82, 0x10, 0x62, 0x10, 0x61, 0x08, 0x62, 0x08, 0x62, 0x08, 0x62, 0x08, 0x41, 0x08,
    0x61, 0x08, 0xa7, 0x19, 0x61, 0x08, 0x41, 0x08, 0x61, 0x08, 0x61, 0x08, 0x61, 0x08, 0x61, 0x08,
    0x61, 0x08, 0x62, 0x08, 0x82, 0x08, 0xa3, 0x08, 0xa3, 0x08, 0xa3, 0x08, 0xa3, 0x08, 0xa3, 0x08,
    0xa3, 0x08, 0xc3, 0x08, 0xc4, 0x10, 0xc4, 0x10, 0xc4, 0x10, 0xc3, 0x08, 0xa3, 0x08, 0x83, 0x08,
    0x82, 0x08, 0x82, 0x08, 0x82, 0x08, 0x61, 0x08, 0x41, 0x08, 0x41, 0x08, 0x41, 0x08, 0x41, 0x08,
    0x41, 0x08, 0x41, 0x08, 0x41, 0x08, 0x21, 0x08, 0x20, 0x00, 0x00, 0x00, 0x00, 0x00, 0x00, 0x00,
    0x00, 0x00, 0x00, 0x00, 0x00, 0x00, 0x68, 0x5a, 0xc8, 0x6a, 0x63, 0x41, 0xc5, 0x41, 0xa4, 0x41,
    0x84, 0x39, 0x84, 0x39, 0x64, 0x31, 0x64, 0x31, 0x64, 0x31, 0x64, 0x31, 0x64, 0x31, 0x64, 0x31,
    0x64, 0x31, 0x44, 0x31, 0x44, 0x31, 0x44, 0x31, 0x44, 0x31, 0x44, 0x31, 0x44, 0x29, 0x24, 0x29,
    0x44, 0x29, 0x24, 0x29, 0x23, 0x29, 0x24, 0x21, 0x24, 0x21, 0x23, 0x21, 0x23, 0x21, 0x24, 0x21,
    0x24, 0x21, 0x24, 0x21, 0x24, 0x21, 0x24, 0x21, 0x24, 0x21, 0x23, 0x21, 0x23, 0x21, 0x24, 0x21,
    0x24, 0x21, 0x24, 0x21, 0x23, 0x21, 0x04, 0x21, 0x04, 0x21, 0x24, 0x21, 0x24, 0x21, 0x24, 0x21,
    0x24, 0x21, 0x04, 0x21, 0x44, 0x29, 0xa2, 0x18, 0x00, 0x00, 0x00, 0x00, 0x00, 0x00, 0x00, 0x00,
    0x20, 0x00, 0x20, 0x00, 0x21, 0x00, 0x41, 0x00, 0x21, 0x00, 0x20, 0x00, 0xc4, 0x10, 0x82, 0x08,
    0x21, 0x00, 0x41, 0x00, 0x41, 0x00, 0x41, 0x08, 0x41, 0x08, 0xe4, 0x10, 0x82, 0x08, 0xa2, 0x08,
    0xa2, 0x08, 0x41, 0x08, 0x41, 0x08, 0x41, 0x08, 0x41, 0x08, 0x41, 0x08, 0x41, 0x08, 0x41, 0x08,
    0x61, 0x08, 0x61, 0x08, 0x61, 0x08, 0x61, 0x08, 0x61, 0x08, 0x61, 0x08, 0x61, 0x08, 0x61, 0x08,
    0x61, 0x08, 0x61, 0x08, 0x61, 0x08, 0x62, 0x08, 0x62, 0x08, 0x62, 0x08, 0x61, 0x08, 0x61, 0x08,
    0x61, 0x08, 0x41, 0x08, 0x41, 0x08, 0xc3, 0x10, 0x41, 0x08, 0x41, 0x08, 0x62, 0x08, 0x62, 0x08,
    0x62, 0x08, 0x62, 0x08, 0x62, 0x08, 0x62, 0x08, 0x62, 0x08, 0x62, 0x08, 0x61, 0x08, 0x61, 0x08,
    0x62, 0x08, 0x62, 0x08, 0x62, 0x08, 0x62, 0x08, 0x82, 0x08, 0x41, 0x08, 0x82, 0x08, 0x05, 0x11,
    0x21, 0x08, 0x61, 0x08, 0x62, 0x08, 0x62, 0x08, 0x61, 0x08, 0x41, 0x08, 0x40, 0x08, 0x61, 0x10,
    0x05, 0x11, 0xc4, 0x10, 0x41, 0x08, 0x61, 0x08, 0x62, 0x08, 0x62, 0x08, 0x62, 0x08, 0x62, 0x08,
    0x62, 0x08, 0x82, 0x10, 0x82, 0x10, 0x82, 0x08, 0x82, 0x08, 0x82, 0x08, 0x82, 0x10, 0x62, 0x08,
    0x62, 0x08, 0x62, 0x08, 0x62, 0x08, 0x62, 0x08, 0x62, 0x08, 0x82, 0x08, 0x62, 0x08, 0x62, 0x08,
    0x62, 0x08, 0x62, 0x08, 0x82, 0x10, 0x82, 0x08, 0x62, 0x08, 0x62, 0x08, 0x62, 0x08, 0x62, 0x08,
    0x82, 0x10, 0x81, 0x10, 0x81, 0x10, 0x82, 0x10, 0x82, 0x10, 0x62, 0x08, 0x62, 0x08, 0x62, 0x10,
    0x82, 0x10, 0x82, 0x10, 0x82, 0x10, 0x82, 0x10, 0x82, 0x08, 0x82, 0x08, 0x82, 0x10, 0x82, 0x10,
    0x82, 0x08, 0x82, 0x08, 0x82, 0x08, 0x82, 0x08, 0x82, 0x08, 0x82, 0x10, 0x82, 0x10, 0x82, 0x10,
    0x82, 0x10, 0x82, 0x10, 0x82, 0x08, 0x82, 0x08, 0x82, 0x08, 0x82, 0x10, 0x82, 0x10, 0x82, 0x10,
    0x82, 0x10, 0x82, 0x10, 0x82, 0x10, 0x82, 0x10, 0x82, 0x10, 0x82, 0x10, 0x82, 0x10, 0x82, 0x10,
    0x82, 0x10, 0x82, 0x10, 0x81, 0x10, 0x81, 0x10, 0x82, 0x10, 0x82, 0x10, 0x82, 0x10, 0x82, 0x10,
    0x82, 0x10, 0x82, 0x10, 0x82, 0x10, 0x61, 0x08, 0x61, 0x08, 0x61, 0x08, 0x62, 0x08, 0x41, 0x08,
    0xe4, 0x10, 0xa7, 0x21, 0x62, 0x10, 0x21, 0x08, 0x61, 0x08, 0x61, 0x08, 0x61, 0x08, 0x61, 0x08,
    0x61, 0x08, 0x61, 0x08, 0x61, 0x08, 0x41, 0x08, 0x41, 0x08, 0x41, 0x08, 0x41, 0x08, 0x41, 0x08,
    0x41, 0x08, 0x41, 0x08, 0x41, 0x08, 0x41, 0x08, 0x41, 0x08, 0x40, 0x08, 0x20, 0x08, 0x40, 0x08,
    0x40, 0x08, 0x41, 0x08, 0x41, 0x08, 0x82, 0x08, 0x62, 0x08, 0x62, 0x08, 0x62, 0x08, 0x82, 0x08,
    0x82, 0x08, 0x82, 0x08, 0x62, 0x08, 0x61, 0x08, 0x00, 0x00, 0xc3, 0x18, 0x14, 0x8d, 0xae, 0x63,
    0xeb, 0x4a, 0xeb, 0x4a, 0x24, 0x21, 0x27, 0x52, 0xa8, 0x6a, 0x63, 0x41, 0xc5, 0x41, 0x84, 0x39,
    0x84, 0x39, 0x64, 0x39, 0x64, 0x31, 0x64, 0x31, 0x64, 0x31, 0x64, 0x39, 0x64, 0x31, 0x64, 0x31,
    0x64, 0x31, 0x64, 0x31, 0x64, 0x31, 0x64, 0x31, 0x64, 0x31, 0x44, 0x31, 0x44, 0x29, 0x44, 0x29,
    0x44, 0x29, 0x23, 0x29, 0x23, 0x21, 0x23, 0x21, 0x03, 0x21, 0x23, 0x21, 0x24, 0x21, 0x24, 0x21,
    0x24, 0x21, 0x44, 0x21, 0x24, 0x21, 0x24, 0x21, 0x24, 0x21, 0x23, 0x21, 0x23, 0x21, 0x24, 0x21,
    0x23, 0x21, 0x24, 0x21, 0x24, 0x21, 0x04, 0x21, 0x04, 0x21, 0x24, 0x21, 0x24, 0x21, 0x24, 0x21,
    0x24, 0x21, 0x24, 0x19, 0x44, 0x29, 0x82, 0x18, 0x00, 0x00, 0xe8, 0x29, 0x08, 0x2a, 0x29, 0x2a,
    0x0c, 0x43, 0xe8, 0x31, 0x00, 0x00, 0x21, 0x00, 0x00, 0x00, 0xa3, 0x08, 0x82, 0x08, 0x20, 0x00,
    0x41, 0x08, 0x41, 0x08, 0x41, 0x08, 0x41, 0x08, 0x61, 0x08, 0x25, 0x11, 0xa3, 0x08, 0xc3, 0x08,
    0x61, 0x08, 0x41, 0x08, 0x41, 0x08, 0x41, 0x08, 0x41, 0x08, 0x41, 0x08, 0x41, 0x08, 0x41, 0x08,
    0x61, 0x08, 0x61, 0x08, 0x61, 0x08, 0x61, 0x08, 0x61, 0x08, 0x61, 0x08, 0x61, 0x08, 0x61, 0x08,
    0x61, 0x08, 0x61, 0x08, 0x61, 0x08, 0x61, 0x08, 0x62, 0x08, 0x62, 0x08, 0x62, 0x08, 0x61, 0x08,
    0x61, 0x08, 0x61, 0x08, 0x41, 0x08, 0x21, 0x08, 0x41, 0x08, 0x61, 0x08, 0x61, 0x08, 0x61, 0x08,
    0x61, 0x08, 0x61, 0x08, 0x61, 0x08, 0x61, 0x08, 0x61, 0x08, 0x61, 0x08, 0x61, 0x08, 0x61, 0x08,
    0x61, 0x08, 0x62, 0x08, 0x62, 0x08, 0x62, 0x08, 0x62, 0x08, 0x62, 0x08, 0x41, 0x08, 0x82, 0x08,
    0x05, 0x11, 0x41, 0x08, 0x62, 0x08, 0x61, 0x08, 0x61, 0x08, 0xa2, 0x08, 0x62, 0x08, 0x25, 0x11,
    0x04, 0x11, 0xe4, 0x10, 0xa3, 0x10, 0x41, 0x08, 0x62, 0x08, 0x62, 0x08, 0x62, 0x08, 0x62, 0x08,
    0x62, 0x08, 0x62, 0x08, 0x62, 0x08, 0x62, 0x08, 0x62, 0x08, 0x62, 0x08, 0x82, 0x08, 0x62, 0x08,
    0x62, 0x08, 0x62, 0x08, 0x62, 0x08, 0x62, 0x08, 0x82, 0x10, 0x82, 0x08, 0x62, 0x08, 0x62, 0x08,
    0x62, 0x08, 0x62, 0x08, 0x62, 0x08, 0x62, 0x08, 0x62, 0x08, 0x82, 0x08, 0x82, 0x10, 0x81, 0x10,
    0x81, 0x10, 0x81, 0x10, 0x82, 0x10, 0x82, 0x08, 0x82, 0x08, 0x62, 0x10, 0x62, 0x10, 0x62, 0x10,
    0x82, 0x10, 0x82, 0x10, 0x82, 0x10, 0x82, 0x10, 0x82, 0x08, 0x82, 0x08, 0x82, 0x10, 0x82, 0x08,
    0x82, 0x08, 0x82, 0x08, 0x82, 0x08, 0x82, 0x08, 0x82, 0x08, 0x82, 0x10, 0x82, 0x08, 0x82, 0x10,
    0x82, 0x08, 0x82, 0x10, 0x82, 0x10, 0x82, 0x08, 0x82, 0x08, 0x82, 0x08, 0x82, 0x10, 0x82, 0x08,
    0x82, 0x10, 0x82, 0x10, 0x82, 0x10, 0x82, 0x10, 0x62, 0x10, 0x82, 0x10, 0x82, 0x10, 0x82, 0x10,
    0x82, 0x10, 0x82, 0x10, 0x82, 0x10, 0x81, 0x10, 0x82, 0x08, 0x82, 0x08, 0x82, 0x08, 0x62, 0x08,
    0x62, 0x08, 0x82, 0x10, 0x81, 0x08, 0x61, 0x08, 0x62, 0x08, 0x62, 0x08, 0x62, 0x08, 0x41, 0x08,
    0x82, 0x08, 0x25, 0x19, 0x25, 0x19, 0x82, 0x08, 0x41, 0x08, 0x62, 0x08, 0x61, 0x08, 0x61, 0x08,
    0x61, 0x08, 0x61, 0x08, 0x61, 0x08, 0x61, 0x08, 0x61, 0x08, 0x61, 0x08, 0x61, 0x08, 0x61, 0x08,
    0x61, 0x08, 0x61, 0x08, 0x61, 0x08, 0x41, 0x08, 0x61, 0x08, 0x41, 0x08, 0x41, 0x08, 0x41, 0x08,
    0x41, 0x08, 0x41, 0x08, 0x41, 0x08, 0x41, 0x08, 0xa3, 0x08, 0xc4, 0x10, 0xe4, 0x10, 0x04, 0x11,
    0x05, 0x11, 0x04, 0x11, 0xc3, 0x10, 0xa3, 0x08, 0x41, 0x00, 0xe3, 0x18, 0xb2, 0x7c, 0x6d, 0x53,
    0xaa, 0x42, 0xcb, 0x42, 0x04, 0x19, 0x27, 0x52, 0xa8, 0x6a, 0x63, 0x41, 0xa5, 0x41, 0x84, 0x39,
    0x64, 0x39, 0x64, 0x31, 0x64, 0x31, 0x64, 0x39, 0x64, 0x39, 0x64, 0x31, 0x64, 0x31, 0x64, 0x31,
    0x02, 0x29, 0xc2, 0x20, 0xe2, 0x20, 0xe2, 0x20, 0xe2, 0x20, 0xc2, 0x18, 0xc2, 0x18, 0xc2, 0x18,
    0x23, 0x21, 0x24, 0x21, 0x23, 0x21, 0x23, 0x21, 0x23, 0x21, 0x23, 0x21, 0x23, 0x21, 0x24, 0x21,
    0x24, 0x21, 0xc2, 0x18, 0xa2, 0x10, 0xa2, 0x10, 0xe3, 0x18, 0x23, 0x21, 0x24, 0x21, 0x24, 0x21,
    0x24, 0x21, 0x24, 0x21, 0x04, 0x21, 0x04, 0x21, 0x04, 0x21, 0x24, 0x21, 0x04, 0x19, 0x04, 0x21,
    0x24, 0x21, 0x24, 0x19, 0x44, 0x29, 0x82, 0x18, 0x00, 0x00, 0x29, 0x32, 0x29, 0x2a, 0x49, 0x2a,
    0x0c, 0x43, 0xc7, 0x31, 0x41, 0x00, 0x83, 0x08, 0xa3, 0x08, 0x82, 0x08, 0x20, 0x00, 0x41, 0x08,
    0x41, 0x08, 0x41, 0x08, 0x41, 0x00, 0x41, 0x08, 0x41, 0x08, 0x05, 0x11, 0x41, 0x00, 0x41, 0x08,
    0x41, 0x00, 0x41, 0x00, 0x41, 0x08, 0x41, 0x08, 0x41, 0x08, 0x41, 0x08, 0x41, 0x08, 0x41, 0x08,
    0x61, 0x08, 0x61, 0x08, 0x61, 0x08, 0x61, 0x08, 0x61, 0x08, 0x61, 0x08, 0x61, 0x08, 0x61, 0x08,
    0x61, 0x08, 0x61, 0x08, 0x61, 0x08, 0x61, 0x08, 0x62, 0x08, 0x62, 0x08, 0x62, 0x08, 0x61, 0x08,
    0x61, 0x08, 0x61, 0x08, 0x41, 0x08, 0x61, 0x08, 0x61, 0x08, 0x61, 0x08, 0x61, 0x08, 0x61, 0x08,
    0x61, 0x08, 0x61, 0x08, 0x61, 0x08, 0x61, 0x08, 0x61, 0x08, 0x61, 0x08, 0x61, 0x08, 0x61, 0x08,
    0x61, 0x08, 0x61, 0x08, 0x62, 0x08, 0x62, 0x08, 0x61, 0x08, 0x61, 0x08, 0x62, 0x08, 0x41, 0x08,
    0xa2, 0x10, 0x05, 0x11, 0x20, 0x08, 0x61, 0x08, 0x25, 0x11, 0xc3, 0x08, 0xc3, 0x08, 0xe4, 0x10,
    0xe4, 0x10, 0x04, 0x11, 0xa2, 0x08, 0x41, 0x08, 0x62, 0x08, 0x62, 0x08, 0x62, 0x08, 0x62, 0x08,
    0x62, 0x08, 0x62, 0x08, 0x62, 0x08, 0x62, 0x08, 0x62, 0x08, 0x62, 0x08, 0x62, 0x08, 0x62, 0x08,
    0x62, 0x08, 0x62, 0x08, 0x62, 0x08, 0x82, 0x08, 0x82, 0x08, 0x82, 0x08, 0x82, 0x08, 0x62, 0x08,
    0x62, 0x08, 0x62, 0x08, 0x62, 0x08, 0x62, 0x08, 0x82, 0x10, 0x82, 0x10, 0x81, 0x10, 0x81, 0x10,
    0x81, 0x10, 0x81, 0x10, 0x82, 0x10, 0x82, 0x08, 0x82, 0x08, 0x82, 0x08, 0x62, 0x08, 0x62, 0x08,
    0x62, 0x08, 0x82, 0x10, 0x82, 0x10, 0x82, 0x10, 0x82, 0x08, 0x82, 0x10, 0x82, 0x10, 0x82, 0x10,
    0x82, 0x08, 0x82, 0x08, 0x82, 0x08, 0x62, 0x10, 0x82, 0x08, 0x82, 0x08, 0x82, 0x08, 0x82, 0x08,
    0x82, 0x08, 0x62, 0x08, 0x82, 0x08, 0x82, 0x08, 0x82, 0x10, 0x82, 0x10, 0x82, 0x08, 0x82, 0x10,
    0x82, 0x10, 0x82, 0x10, 0x82, 0x10, 0x82, 0x10, 0x82, 0x10, 0x82, 0x10, 0x82, 0x08, 0x82, 0x08,
    0x82, 0x10, 0x82, 0x10, 0x82, 0x08, 0x82, 0x08, 0x82, 0x08, 0x81, 0x08, 0x62, 0x08, 0x62, 0x08,
    0x82, 0x10, 0x82, 0x10, 0x82, 0x08, 0x62, 0x08, 0x62, 0x08, 0x62, 0x08, 0x62, 0x08, 0x62, 0x08,
    0x61, 0x08, 0x41, 0x08, 0x41, 0x08, 0x25, 0x19, 0xa3, 0x10, 0x41, 0x08, 0x62, 0x08, 0x61, 0x08,
    0x61, 0x08, 0x62, 0x08, 0x62, 0x08, 0x61, 0x08, 0x61, 0x08, 0x41, 0x08, 0x41, 0x08, 0x61, 0x08,
    0x61, 0x08, 0x61, 0x08, 0x41, 0x08, 0x41, 0x08, 0x41, 0x08, 0x41, 0x08, 0x41, 0x08, 0x41, 0x08,
    0x41, 0x08, 0x41, 0x08, 0x41, 0x08, 0x41, 0x08, 0x40, 0x08, 0x20, 0x08, 0x20, 0x08, 0x20, 0x08,
    0x20, 0x08, 0x20, 0x08, 0x20, 0x00, 0x21, 0x00, 0x21, 0x00, 0x20, 0x00, 0x00, 0x00, 0x00, 0x00,
    0x00, 0x00, 0x00, 0x00, 0x00, 0x00, 0x48, 0x52, 0x87, 0x62, 0x43, 0x39, 0xa5, 0x39, 0x84, 0x39,
    0x64, 0x39, 0x64, 0x31, 0x64, 0x31, 0x64, 0x31, 0x64, 0x31, 0x44, 0x31, 0x64, 0x31, 0x03, 0x29,
    0x4d, 0x63, 0x30, 0x7c, 0xef, 0x73, 0xcf, 0x73, 0xcf, 0x73, 0xef, 0x73, 0xcf, 0x73, 0xeb, 0x5a,
    0x03, 0x21, 0xe3, 0x18, 0x24, 0x21, 0x23, 0x21, 0x23, 0x21, 0x23, 0x21, 0x23, 0x21, 0x44, 0x21,
    0xa2, 0x18, 0x8a, 0x4a, 0xcf, 0x6b, 0x10, 0x74, 0x08, 0x3a, 0xe2, 0x18, 0x24, 0x21, 0x24, 0x21,
    0x24, 0x21, 0x04, 0x21, 0x04, 0x19, 0x04, 0x19, 0x04, 0x19, 0x04, 0x19, 0x04, 0x19, 0x04, 0x19,
    0x24, 0x21, 0x04, 0x19, 0x44, 0x29, 0xa2, 0x18, 0x21, 0x00, 0x00, 0x00, 0x00, 0x00, 0x00, 0x00,
    0x00, 0x00, 0x00, 0x00, 0x41, 0x00, 0x41, 0x00, 0x41, 0x00, 0x20, 0x00, 0x41, 0x08, 0x41, 0x00,
    0x41, 0x08, 0x41, 0x08, 0x41, 0x00, 0x41, 0x00, 0x41, 0x08, 0x05, 0x11, 0x20, 0x00, 0x41, 0x08,
    0x41, 0x00, 0x41, 0x08, 0x41, 0x08, 0x41, 0x08, 0x41, 0x08, 0x41, 0x08, 0x41, 0x08, 0x41, 0x08,
    0x61, 0x08, 0x61, 0x08, 0x61, 0x08, 0x61, 0x08, 0x61, 0x08, 0x61, 0x08, 0x61, 0x08, 0x61, 0x08,
    0x61, 0x08, 0x61, 0x08, 0x61, 0x08, 0x61, 0x08, 0x62, 0x08, 0x62, 0x08, 0x62, 0x08, 0x62, 0x08,
    0x61, 0x08, 0x62, 0x08, 0x62, 0x08, 0x62, 0x08, 0x62, 0x08, 0x61, 0x08, 0x61, 0x08, 0x61, 0x08,
    0x61, 0x08, 0x61, 0x08, 0x61, 0x08, 0x61, 0x08, 0x61, 0x08, 0x61, 0x08, 0x61, 0x08, 0x61, 0x08,
    0x61, 0x08, 0x61, 0x08, 0x61, 0x08, 0x61, 0x08, 0x61, 0x08, 0x61, 0x08, 0x61, 0x08, 0x62, 0x08,
    0x41, 0x08, 0x82, 0x08, 0xe4, 0x10, 0x25, 0x11, 0x61, 0x08, 0x40, 0x08, 0x41, 0x08, 0x61, 0x08,
    0xc4, 0x10, 0xa3, 0x08, 0x41, 0x08, 0x61, 0x08, 0x61, 0x08, 0x62, 0x08, 0x62, 0x08, 0x62, 0x08,
    0x62, 0x08, 0x62, 0x08, 0x62, 0x08, 0x62, 0x08, 0x62, 0x08, 0x62, 0x08, 0x61, 0x08, 0x62, 0x08,
    0x62, 0x08, 0x62, 0x08, 0x82, 0x10, 0x82, 0x10, 0x81, 0x10, 0x82, 0x10, 0x82, 0x10, 0x82, 0x10,
    0x82, 0x10, 0x62, 0x08, 0x62, 0x08, 0x62, 0x08, 0x82, 0x10, 0x82, 0x10, 0x81, 0x10, 0x81, 0x10,
    0x81, 0x10, 0x82, 0x10, 0x82, 0x08, 0x82, 0x08, 0x62, 0x08, 0x82, 0x08, 0x62, 0x08, 0x62, 0x08,
    0x62, 0x08, 0x82, 0x10, 0x81, 0x10, 0x82, 0x10, 0x82, 0x10, 0x82, 0x10, 0x82, 0x10, 0x82, 0x10,
    0x82, 0x08, 0x82, 0x08, 0x62, 0x10, 0x62, 0x10, 0x62, 0x08, 0x62, 0x08, 0x82, 0x08, 0x82, 0x08,
    0x62, 0x08, 0x62, 0x08, 0x82, 0x08, 0x82, 0x08, 0x82, 0x10, 0x82, 0x10, 0x82, 0x10, 0x82, 0x10,
    0x82, 0x10, 0x82, 0x10, 0x82, 0x10, 0x82, 0x10, 0x82, 0x10, 0x82, 0x10, 0x82, 0x10, 0x82, 0x08,
    0x82, 0x08, 0x82, 0x10, 0x62, 0x08, 0x82, 0x08, 0x82, 0x08, 0x82, 0x08, 0x82, 0x10, 0x82, 0x10,
    0x82, 0x08, 0x82, 0x08, 0x82, 0x08, 0x62, 0x08, 0x62, 0x08, 0x62, 0x08, 0x61, 0x08, 0x62, 0x08,
    0x62, 0x08, 0x82, 0x08, 0x62, 0x08, 0x41, 0x08, 0x26, 0x19, 0xa3, 0x10, 0x41, 0x08, 0x62, 0x08,
    0x61, 0x08, 0x62, 0x08, 0x62, 0x08, 0x61, 0x08, 0x61, 0x08, 0x41, 0x08, 0x41, 0x08, 0x41, 0x08,
    0x41, 0x08, 0x41, 0x08, 0x41, 0x08, 0x41, 0x08, 0x41, 0x08, 0x40, 0x08, 0x41, 0x08, 0x41, 0x08,
    0x20, 0x00, 0x40, 0x08, 0x41, 0x08, 0x40, 0x08, 0x41, 0x08, 0x41, 0x08, 0x41, 0x08, 0x41, 0x08,
    0x41, 0x08, 0x41, 0x08, 0x41, 0x08, 0x21, 0x00, 0x21, 0x00, 0x00, 0x00, 0x00, 0x00, 0x20, 0x00,
    0x20, 0x00, 0x20, 0x00, 0x00, 0x08, 0x48, 0x52, 0x67, 0x62, 0x23, 0x39, 0x85, 0x39, 0x64, 0x39,
    0x64, 0x31, 0x64, 0x31, 0x64, 0x31, 0x64, 0x31, 0x64, 0x31, 0x44, 0x29, 0x64, 0x31, 0xe3, 0x20,
    0x51, 0x7c, 0x34, 0x95, 0xf3, 0x8c, 0x34, 0x95, 0x14, 0x95, 0x14, 0x95, 0xd3, 0x8c, 0xd3, 0x84,
    0x92, 0x84, 0x24, 0x21, 0xe3, 0x18, 0x24, 0x21, 0x03, 0x21, 0x03, 0x21, 0x24, 0x21, 0xe3, 0x18,
    0x45, 0x29, 0xb3, 0x7c, 0x51, 0x7c, 0xf4, 0x84, 0x69, 0x42, 0xc2, 0x18, 0x24, 0x21, 0x04, 0x21,
    0x04, 0x21, 0x04, 0x21, 0x04, 0x19, 0x03, 0x19, 0x04, 0x19, 0x04, 0x19, 0x04, 0x19, 0x04, 0x19,
    0x04, 0x19, 0x04, 0x19, 0x44, 0x21, 0xa2, 0x18, 0x21, 0x00, 0x00, 0x00, 0x00, 0x00, 0x00, 0x00,
    0x00, 0x00, 0x20, 0x00, 0x20, 0x00, 0x21, 0x00, 0x21, 0x00, 0x21, 0x00, 0x21, 0x00, 0x21, 0x00,
    0x21, 0x00, 0x21, 0x00, 0x61, 0x00, 0x41, 0x00, 0x41, 0x08, 0x25, 0x19, 0x20, 0x00, 0x41, 0x08,
    0x41, 0x00, 0x41, 0x08, 0x41, 0x08, 0x41, 0x08, 0x41, 0x08, 0x41, 0x08, 0x41, 0x08, 0x41, 0x08,
    0x61, 0x08, 0x61, 0x08, 0x61, 0x08, 0x61, 0x08, 0x61, 0x08, 0x61, 0x08, 0x61, 0x08, 0x61, 0x08,
    0x61, 0x08, 0x61, 0x08, 0x61, 0x08, 0x61, 0x08, 0x61, 0x08, 0x61, 0x08, 0x61, 0x08, 0x62, 0x08,
    0x61, 0x08, 0x62, 0x08, 0x62, 0x08, 0x62, 0x08, 0x62, 0x08, 0x62, 0x08, 0x62, 0x08, 0x62, 0x08,
    0x42, 0x08, 0x61, 0x08, 0x61, 0x08, 0x61, 0x08, 0x61, 0x08, 0x61, 0x08, 0x61, 0x08, 0x61, 0x08,
    0x61, 0x08, 0x61, 0x08, 0x61, 0x08, 0x61, 0x08, 0x61, 0x08, 0x61, 0x08, 0x61, 0x08, 0x62, 0x08,
    0x62, 0x08, 0x41, 0x08, 0x82, 0x08, 0x82, 0x08, 0x41, 0x08, 0x82, 0x08, 0x82, 0x08, 0x62, 0x08,
    0x41, 0x08, 0x41, 0x08, 0x62, 0x08, 0x62, 0x08, 0x62, 0x08, 0x62, 0x08, 0x62, 0x08, 0x61, 0x08,
    0x61, 0x08, 0x61, 0x08, 0x62, 0x08, 0x62, 0x08, 0x62, 0x08, 0x61, 0x08, 0x61, 0x08, 0x61, 0x08,
    0x82, 0x10, 0x82, 0x10, 0x82, 0x10, 0x82, 0x10, 0x82, 0x10, 0x82, 0x10, 0x62, 0x08, 0x62, 0x08,
    0x82, 0x08, 0x62, 0x08, 0x82, 0x08, 0x82, 0x10, 0x82, 0x10, 0x82, 0x10, 0x81, 0x10, 0x81, 0x10,
    0x82, 0x10, 0x82, 0x08, 0x82, 0x10, 0x82, 0x08, 0x62, 0x08, 0x62, 0x08, 0x62, 0x08, 0x62, 0x08,
    0x82, 0x10, 0x82, 0x10, 0x82, 0x10, 0x82, 0x10, 0x82, 0x10, 0x82, 0x10, 0x82, 0x10, 0x82, 0x10,
    0x82, 0x10, 0x82, 0x10, 0x82, 0x10, 0x82, 0x08, 0x62, 0x08, 0x62, 0x08, 0x62, 0x08, 0x82, 0x08,
    0x82, 0x08, 0x62, 0x08, 0x82, 0x08, 0x82, 0x08, 0x82, 0x10, 0x82, 0x10, 0x82, 0x10, 0x82, 0x10,
    0x82, 0x10, 0x82, 0x10, 0x82, 0x10, 0x82, 0x10, 0x82, 0x10, 0x82, 0x10, 0x82, 0x10, 0x82, 0x08,
    0x62, 0x08, 0x82, 0x10, 0x82, 0x10, 0x62, 0x08, 0x82, 0x08, 0x82, 0x08, 0x82, 0x08, 0x82, 0x08,
    0x82, 0x10, 0x82, 0x08, 0x82, 0x08, 0x62, 0x08, 0x62, 0x08, 0x61, 0x08, 0x61, 0x08, 0x62, 0x08,
    0x62, 0x08, 0x62, 0x08, 0x62, 0x08, 0x61, 0x08, 0x41, 0x08, 0x25, 0x19, 0xa3, 0x10, 0x41, 0x08,
    0x82, 0x08, 0x62, 0x08, 0x62, 0x08, 0x61, 0x08, 0x61, 0x08, 0x61, 0x08, 0x41, 0x08, 0x61, 0x08,
    0x82, 0x08, 0x82, 0x08, 0x82, 0x08, 0x82, 0x08, 0x82, 0x08, 0x62, 0x08, 0x62, 0x08, 0x61, 0x08,
    0xc3, 0x10, 0xa2, 0x10, 0x82, 0x08, 0x82, 0x08, 0x82, 0x08, 0x82, 0x08, 0x82, 0x08, 0x82, 0x08,
    0x62, 0x08, 0x62, 0x08, 0x41, 0x00, 0x61, 0x08, 0x20, 0x00, 0xe3, 0x18, 0x14, 0x8d, 0xae, 0x63,
    0x0c, 0x4b, 0x2c, 0x53, 0x44, 0x21, 0x07, 0x4a, 0x67, 0x62, 0x23, 0x31, 0x85, 0x39, 0x64, 0x39,
    0x64, 0x31, 0x64, 0x31, 0x64, 0x31, 0x44, 0x31, 0x44, 0x29, 0x24, 0x29, 0x44, 0x29, 0xe3, 0x20,
    0x10, 0x74, 0xd3, 0x8c, 0xb3, 0x8c, 0x6d, 0x63, 0x6e, 0x6b, 0x6e, 0x63, 0xef, 0x73, 0x71, 0x7c,
    0x92, 0x7c, 0xef, 0x73, 0xa2, 0x10, 0x24, 0x21, 0x03, 0x21, 0x23, 0x21, 0x24, 0x21, 0x81, 0x10,
    0xcf, 0x63, 0x71, 0x7c, 0xf0, 0x6b, 0x92, 0x7c, 0x49, 0x42, 0xc3, 0x18, 0x24, 0x21, 0x04, 0x21,
    0x04, 0x19, 0x04, 0x19, 0x04, 0x19, 0x03, 0x19, 0x04, 0x19, 0x04, 0x19, 0x04, 0x19, 0x04, 0x19,
    0x04, 0x19, 0x04, 0x19, 0x44, 0x21, 0x81, 0x18, 0x00, 0x00, 0x28, 0x32, 0x28, 0x2a, 0x08, 0x2a,
    0xeb, 0x3a, 0x08, 0x32, 0x00, 0x00, 0x41, 0x08, 0x21, 0x00, 0x21, 0x00, 0x21, 0x00, 0x21, 0x00,
    0x21, 0x00, 0x62, 0x08, 0x61, 0x08, 0x20, 0x00, 0x41, 0x08, 0x25, 0x19, 0x20, 0x00, 0x41, 0x08,
    0x41, 0x08, 0x41, 0x08, 0x41, 0x08, 0x41, 0x08, 0x41, 0x08, 0x41, 0x08, 0x41, 0x08, 0x41, 0x08,
    0x61, 0x08, 0x61, 0x08, 0x61, 0x08, 0x61, 0x08, 0x61, 0x08, 0x61, 0x08, 0x61, 0x08, 0x61, 0x08,
    0x61, 0x08, 0x61, 0x08, 0x61, 0x08, 0x61, 0x08, 0x61, 0x08, 0x61, 0x08, 0x61, 0x08, 0x61, 0x08,
    0x62, 0x08, 0x62, 0x08, 0x62, 0x08, 0x62, 0x08, 0x62, 0x08, 0x62, 0x08, 0x62, 0x08, 0x62, 0x08,
    0x62, 0x08, 0x61, 0x08, 0x61, 0x08, 0x61, 0x08, 0x61, 0x08, 0x61, 0x08, 0x41, 0x08, 0x40, 0x08,
    0x61, 0x08, 0x61, 0x08, 0x61, 0x08, 0x61, 0x08, 0x61, 0x08, 0x62, 0x08, 0x62, 0x08, 0x61, 0x08,
    0x62, 0x08, 0x62, 0x08, 0x61, 0x08, 0x41, 0x08, 0x62, 0x08, 0x62, 0x08, 0x62, 0x08, 0x62, 0x08,
    0x62, 0x08, 0x62, 0x08, 0x62, 0x08, 0x62, 0x08, 0x62, 0x08, 0x61, 0x08, 0x62, 0x08, 0x62, 0x08,
    0x62, 0x08, 0x62, 0x08, 0x61, 0x08, 0x62, 0x08, 0x61, 0x08, 0x61, 0x08, 0x61, 0x08, 0x81, 0x10,
    0x81, 0x10, 0x81, 0x10, 0x82, 0x10, 0x82, 0x10, 0x82, 0x08, 0x82, 0x08, 0x82, 0x10, 0x62, 0x08,
    0x62, 0x08, 0x82, 0x08, 0x82, 0x10, 0x82, 0x10, 0x82, 0x10, 0x82, 0x10, 0x82, 0x10, 0x82, 0x10,
    0x82, 0x08, 0x82, 0x08, 0x62, 0x08, 0x62, 0x08, 0x62, 0x08, 0x62, 0x08, 0x62, 0x08, 0x62, 0x08,
    0x62, 0x08, 0x82, 0x08, 0x82, 0x08, 0x82, 0x10, 0x82, 0x10, 0x82, 0x10, 0x82, 0x10, 0x82, 0x10,
    0x82, 0x10, 0x82, 0x10, 0x82, 0x10, 0x82, 0x10, 0x82, 0x10, 0x62, 0x10, 0x82, 0x10, 0x82, 0x10,
    0x82, 0x08, 0x82, 0x08, 0x82, 0x10, 0x81, 0x10, 0x81, 0x10, 0x82, 0x10, 0x82, 0x10, 0x62, 0x10,
    0x62, 0x10, 0x82, 0x10, 0x82, 0x10, 0x82, 0x10, 0x82, 0x10, 0x82, 0x10, 0x82, 0x08, 0x62, 0x08,
    0x62, 0x08, 0x62, 0x08, 0x82, 0x10, 0x62, 0x08, 0x62, 0x08, 0x82, 0x08, 0x82, 0x08, 0x82, 0x08,
    0x82, 0x08, 0x82, 0x08, 0x82, 0x08, 0x62, 0x08, 0x62, 0x08, 0x61, 0x08, 0x62, 0x08, 0x62, 0x08,
    0x62, 0x08, 0x62, 0x08, 0x62, 0x08, 0x62, 0x08, 0x61, 0x08, 0x40, 0x08, 0x25, 0x19, 0xa3, 0x10,
    0x41, 0x08, 0x82, 0x08, 0x62, 0x08, 0x62, 0x08, 0x61, 0x08, 0x61, 0x08, 0x61, 0x08, 0xc3, 0x10,
    0x05, 0x11, 0xe4, 0x10, 0xe4, 0x10, 0xe4, 0x10, 0xe4, 0x10, 0xc4, 0x10, 0xe4, 0x10, 0xa3, 0x08,
    0xa7, 0x29, 0x25, 0x19, 0xa3, 0x08, 0xc3, 0x08, 0xc3, 0x08, 0xc3, 0x10, 0xa3, 0x08, 0xa3, 0x08,
    0x82, 0x08, 0x62, 0x08, 0x62, 0x08, 0x62, 0x08, 0x21, 0x00, 0xe3, 0x18, 0x72, 0x7c, 0x0c, 0x4b,
    0x69, 0x3a, 0xaa, 0x42, 0x04, 0x21, 0x07, 0x4a, 0x67, 0x5a, 0x23, 0x31, 0x85, 0x39, 0x64, 0x39,
    0x64, 0x31, 0x64, 0x31, 0x44, 0x31, 0x44, 0x29, 0x24, 0x29, 0x24, 0x21, 0x44, 0x29, 0xe3, 0x18,
    0x10, 0x74, 0xf3, 0x94, 0x92, 0x84, 0x81, 0x10, 0xa2, 0x18, 0xc2, 0x18, 0x81, 0x10, 0x0c, 0x5b,
    0x71, 0x7c, 0xd3, 0x84, 0x86, 0x31, 0xe3, 0x18, 0x24, 0x21, 0x24, 0x21, 0xa1, 0x10, 0x29, 0x42,
    0xb3, 0x7c, 0x30, 0x74, 0x30, 0x74, 0xb3, 0x84, 0x49, 0x42, 0xc2, 0x10, 0x24, 0x21, 0x04, 0x19,
    0x04, 0x19, 0x04, 0x19, 0xe4, 0x18, 0x04, 0x19, 0x04, 0x19, 0x04, 0x19, 0x04, 0x19, 0x04, 0x19,
    0x04, 0x19, 0x04, 0x19, 0x44, 0x21, 0x81, 0x18, 0x00, 0x00, 0x29, 0x32, 0x29, 0x2a, 0x28, 0x2a,
    0xcb, 0x3a, 0xc7, 0x29, 0x00, 0x00, 0x41, 0x08, 0x21, 0x00, 0x21, 0x00, 0x41, 0x00, 0x20, 0x00,
    0x62, 0x08, 0x62, 0x08, 0x20, 0x00, 0x21, 0x00, 0x41, 0x08, 0x25, 0x19, 0x20, 0x00, 0x41, 0x08,
    0x41, 0x08, 0x41, 0x08, 0x41, 0x08, 0x41, 0x08, 0x41, 0x08, 0x41, 0x08, 0x41, 0x08, 0x41, 0x08,
    0x61, 0x08, 0x61, 0x08, 0x61, 0x08, 0x61, 0x08, 0x61, 0x08, 0x61, 0x08, 0x61, 0x08, 0x61, 0x08,
    0x61, 0x08, 0x61, 0x08, 0x61, 0x08, 0x61, 0x08, 0x61, 0x08, 0x61, 0x08, 0x61, 0x08, 0x62, 0x08,
    0x62, 0x08, 0x62, 0x08, 0x62, 0x08, 0x62, 0x08, 0x62, 0x08, 0x62, 0x08, 0x62, 0x08, 0x62, 0x08,
    0x62, 0x08, 0x61, 0x08, 0x61, 0x08, 0x61, 0x08, 0x61, 0x08, 0x40, 0x08, 0x41, 0x08, 0xa2, 0x08,
    0x41, 0x08, 0x41, 0x08, 0x61, 0x08, 0x61, 0x08, 0x61, 0x08, 0x62, 0x08, 0x62, 0x08, 0x62, 0x08,
    0x61, 0x08, 0x61, 0x08, 0x62, 0x08, 0x62, 0x08, 0x61, 0x08, 0x61, 0x08, 0x61, 0x08, 0x62, 0x08,
    0x61, 0x08, 0x61, 0x08, 0x61, 0x08, 0x61, 0x08, 0x61, 0x08, 0x61, 0x08, 0x61, 0x08, 0x61, 0x08,
    0x61, 0x08, 0x61, 0x08, 0x61, 0x08, 0x61, 0x08, 0x41, 0x08, 0x61, 0x08, 0x82, 0x10, 0x81, 0x10,
    0x81, 0x10, 0x61, 0x08, 0x82, 0x08, 0x82, 0x08, 0x62, 0x08, 0x62, 0x08, 0x62, 0x08, 0x82, 0x08,
    0x82, 0x10, 0x82, 0x10, 0x82, 0x10, 0x82, 0x10, 0x82, 0x10, 0x82, 0x10, 0x82, 0x10, 0x82, 0x10,
    0x82, 0x08, 0x62, 0x08, 0x62, 0x08, 0x62, 0x08, 0x62, 0x08, 0x62, 0x08, 0x62, 0x08, 0x82, 0x08,
    0x82, 0x08, 0x82, 0x10, 0x82, 0x08, 0x82, 0x10, 0x82, 0x08, 0x82, 0x10, 0x82, 0x10, 0x82, 0x10,
    0x81, 0x10, 0x82, 0x10, 0x82, 0x10, 0x82, 0x10, 0x62, 0x10, 0x62, 0x10, 0x82, 0x08, 0x62, 0x08,
    0x82, 0x08, 0x82, 0x10, 0x82, 0x10, 0x81, 0x10, 0x81, 0x10, 0x82, 0x10, 0x82, 0x10, 0x62, 0x10,
    0x62, 0x10, 0x62, 0x08, 0x82, 0x10, 0x82, 0x08, 0x82, 0x10, 0x82, 0x10, 0x62, 0x08, 0x62, 0x08,
    0x62, 0x08, 0x62, 0x08, 0x62, 0x08, 0x62, 0x08, 0x62, 0x08, 0x62, 0x08, 0x82, 0x08, 0x82, 0x10,
    0x82, 0x08, 0x82, 0x08, 0x82, 0x08, 0x62, 0x08, 0x62, 0x08, 0x62, 0x08, 0x62, 0x08, 0x62, 0x08,
    0x62, 0x08, 0x62, 0x08, 0x62, 0x08, 0x62, 0x08, 0x62, 0x08, 0x61, 0x08, 0x20, 0x08, 0x25, 0x19,
    0xa3, 0x10, 0x21, 0x08, 0x41, 0x08, 0x41, 0x08, 0x41, 0x08, 0x40, 0x08, 0x41, 0x08, 0x20, 0x08,
    0x20, 0x08, 0x20, 0x08, 0x20, 0x08, 0x20, 0x08, 0x20, 0x08, 0x20, 0x08, 0x20, 0x08, 0x20, 0x08,
    0x00, 0x00, 0x20, 0x00, 0x20, 0x08, 0x20, 0x08, 0x20, 0x08, 0x20, 0x08, 0x20, 0x08, 0x20, 0x08,
    0x00, 0x08, 0x20, 0x00, 0x20, 0x00, 0x20, 0x00, 0x21, 0x00, 0x00, 0x00, 0x00, 0x00, 0x00, 0x00,
    0x00, 0x00, 0x00, 0x00, 0x00, 0x00, 0x48, 0x52, 0x67, 0x5a, 0x23, 0x31, 0x85, 0x39, 0x64, 0x31,
    0x64, 0x31, 0x44, 0x31, 0x44, 0x29, 0x44, 0x29, 0x24, 0x29, 0x24, 0x21, 0x24, 0x29, 0xc3, 0x18,
    0x10, 0x74, 0xf3, 0x8c, 0x92, 0x84, 0x03, 0x21, 0x24, 0x21, 0x44, 0x29, 0xe3, 0x18, 0xc7, 0x31,
    0x92, 0x84, 0xb2, 0x84, 0x08, 0x3a, 0xe3, 0x18, 0x24, 0x21, 0x03, 0x19, 0xc3, 0x18, 0x51, 0x74,
    0x71, 0x7c, 0x2c, 0x5b, 0x8e, 0x63, 0xb3, 0x84, 0x29, 0x42, 0xc2, 0x10, 0x24, 0x19, 0x04, 0x19,
    0x04, 0x19, 0x04, 0x19, 0x04, 0x19, 0x04, 0x19, 0x04, 0x19, 0x04, 0x19, 0x04, 0x19, 0x04, 0x19,
    0x04, 0x19, 0x04, 0x11, 0x24, 0x21, 0x81, 0x18, 0x20, 0x00, 0x00, 0x00, 0x00, 0x00, 0x00, 0x00,
    0x00, 0x00, 0x00, 0x00, 0x20, 0x00, 0x20, 0x00, 0x21, 0x00, 0x21, 0x00, 0x20, 0x00, 0x62, 0x08,
    0x82, 0x08, 0x20, 0x00, 0x21, 0x00, 0x21, 0x00, 0x41, 0x00, 0x05, 0x11, 0x20, 0x00, 0x41, 0x08,
    0x41, 0x08, 0x41, 0x08, 0x41, 0x08, 0x41, 0x08, 0x41, 0x08, 0x41, 0x08, 0x41, 0x08, 0x41, 0x08,
    0x61, 0x08, 0x61, 0x08, 0x61, 0x08, 0x61, 0x08, 0x61, 0x08, 0x61, 0x08, 0x61, 0x08, 0x61, 0x08,
    0x42, 0x08, 0x61, 0x08, 0x61, 0x08, 0x61, 0x08, 0x61, 0x08, 0x61, 0x08, 0x61, 0x08, 0x62, 0x08,
    0x62, 0x08, 0x62, 0x08, 0x61, 0x08, 0x61, 0x08, 0x61, 0x08, 0x62, 0x08, 0x62, 0x08, 0x62, 0x08,
    0x61, 0x08, 0x61, 0x08, 0x61, 0x08, 0x61, 0x08, 0x40, 0x08, 0x62, 0x08, 0xa7, 0x21, 0x05, 0x11,
    0x46, 0x11, 0x41, 0x08, 0x61, 0x08, 0x61, 0x08, 0x62, 0x08, 0x62, 0x08, 0x61, 0x08, 0x62, 0x08,
    0x61, 0x08, 0x61, 0x08, 0x62, 0x08, 0x62, 0x08, 0x62, 0x08, 0x62, 0x08, 0x62, 0x08, 0x62, 0x08,
    0x62, 0x08, 0x62, 0x08, 0x62, 0x08, 0x62, 0x08, 0x62, 0x08, 0x62, 0x08, 0x62, 0x08, 0x62, 0x08,
    0x62, 0x08, 0x61, 0x08, 0x61, 0x08, 0x41, 0x08, 0x82, 0x08, 0x62, 0x08, 0x61, 0x08, 0x82, 0x10,
    0x82, 0x08, 0x62, 0x08, 0x62, 0x08, 0x62, 0x08, 0x62, 0x08, 0x62, 0x08, 0x62, 0x08, 0x62, 0x08,
    0x82, 0x10, 0x82, 0x10, 0x82, 0x10, 0x82, 0x10, 0x82, 0x10, 0x82, 0x10, 0x82, 0x10, 0x82, 0x08,
    0x82, 0x10, 0x82, 0x08, 0x62, 0x08, 0x62, 0x08, 0x62, 0x08, 0x62, 0x08, 0x82, 0x08, 0x82, 0x08,
    0x82, 0x08, 0x82, 0x08, 0x82, 0x08, 0x82, 0x08, 0x82, 0x08, 0x82, 0x10, 0x82, 0x10, 0x81, 0x10,
    0x81, 0x10, 0x81, 0x10, 0x82, 0x10, 0x82, 0x10, 0x62, 0x08, 0x62, 0x08, 0x62, 0x08, 0x62, 0x08,
    0x82, 0x08, 0x82, 0x10, 0x81, 0x10, 0x81, 0x10, 0x81, 0x10, 0x82, 0x10, 0x62, 0x08, 0x62, 0x08,
    0x62, 0x08, 0x62, 0x08, 0x82, 0x10, 0x62, 0x08, 0x62, 0x08, 0x62, 0x08, 0x62, 0x08, 0x62, 0x08,
    0x62, 0x08, 0x62, 0x08, 0x62, 0x08, 0x62, 0x08, 0x62, 0x08, 0x62, 0x08, 0x62, 0x08, 0x62, 0x08,
    0x61, 0x08, 0x81, 0x10, 0x81, 0x10, 0x81, 0x10, 0x81, 0x10, 0x61, 0x10, 0x62, 0x08, 0x62, 0x08,
    0x62, 0x08, 0x62, 0x08, 0x62, 0x08, 0x62, 0x08, 0x61, 0x08, 0x62, 0x08, 0x61, 0x08, 0x41, 0x08,
    0x04, 0x11, 0x04, 0x11, 0x04, 0x11, 0xe4, 0x10, 0x04, 0x11, 0x04, 0x11, 0x04, 0x11, 0x04, 0x11,
    0x04, 0x11, 0x04, 0x11, 0x04, 0x11, 0x04, 0x11, 0xe4, 0x10, 0xe4, 0x10, 0xe4, 0x10, 0xe4, 0x10,
    0xe4, 0x10, 0xe4, 0x10, 0xe4, 0x10, 0xe4, 0x10, 0xe4, 0x10, 0xe4, 0x10, 0xc4, 0x10, 0xc3, 0x08,
    0xc3, 0x08, 0xa3, 0x08, 0xa3, 0x08, 0x82, 0x08, 0x62, 0x00, 0x20, 0x00, 0x41, 0x08, 0x41, 0x08,
    0x41, 0x08, 0x41, 0x08, 0x20, 0x08, 0x27, 0x52, 0x47, 0x5a, 0x23, 0x31, 0x85, 0x39, 0x64, 0x31,
    0x64, 0x31, 0x44, 0x29, 0x44, 0x29, 0x44, 0x29, 0x24, 0x21, 0x24, 0x21, 0x24, 0x21, 0xc2, 0x18,
    0x10, 0x74, 0xf3, 0x8c, 0x92, 0x84, 0x03, 0x21, 0x44, 0x21, 0x64, 0x29, 0x03, 0x21, 0xe7, 0x39,
    0xb3, 0x84, 0xb3, 0x84, 0x07, 0x3a, 0xe3, 0x18, 0x44, 0x21, 0x81, 0x10, 0x2d, 0x5b, 0x92, 0x7c,
    0x10, 0x74, 0xe3, 0x18, 0xcf, 0x6b, 0x92, 0x7c, 0x28, 0x3a, 0xc3, 0x10, 0x24, 0x19, 0x04, 0x19,
    0x04, 0x19, 0x04, 0x19, 0x04, 0x19, 0x03, 0x11, 0x03, 0x11, 0x04, 0x19, 0x04, 0x19, 0x04, 0x19,
    0x04, 0x19, 0x04, 0x11, 0x24, 0x21, 0x81, 0x18, 0x20, 0x00, 0x20, 0x00, 0x00, 0x00, 0x20, 0x00,
    0x41, 0x08, 0x21, 0x00, 0x21, 0x00, 0x41, 0x00, 0x41, 0x00, 0x21, 0x00, 0x62, 0x08, 0x82, 0x08,
    0x20, 0x00, 0x21, 0x00, 0x20, 0x00, 0x21, 0x00, 0x41, 0x00, 0xe4, 0x10, 0x20, 0x08, 0x41, 0x08,
    0x41, 0x08, 0x41, 0x08, 0x41, 0x08, 0x41, 0x08, 0x41, 0x08, 0x41, 0x08, 0x41, 0x08, 0x41, 0x08,
    0x61, 0x08, 0x61, 0x08, 0x61, 0x08, 0x61, 0x08, 0x61, 0x08, 0x61, 0x08, 0x62, 0x08, 0x42, 0x08,
    0x42, 0x08, 0x61, 0x08, 0x61, 0x08, 0x61, 0x08, 0x61, 0x08, 0x61, 0x08, 0x61, 0x08, 0x62, 0x08,
    0x62, 0x08, 0x61, 0x08, 0x61, 0x08, 0x61, 0x08, 0x61, 0x08, 0x61, 0x08, 0x62, 0x08, 0x62, 0x08,
    0x61, 0x08, 0x61, 0x08, 0x61, 0x08, 0x61, 0x08, 0x00, 0x08, 0x25, 0x11, 0xc3, 0x10, 0x00, 0x08,
    0xe4, 0x10, 0xe4, 0x10, 0x00, 0x08, 0x62, 0x08, 0x62, 0x08, 0x62, 0x08, 0x62, 0x08, 0x61, 0x08,
    0x61, 0x08, 0x62, 0x08, 0x62, 0x08, 0x61, 0x08, 0x41, 0x08, 0x41, 0x08, 0x41, 0x08, 0x41, 0x08,
    0x41, 0x08, 0x41, 0x08, 0x41, 0x08, 0x41, 0x08, 0x41, 0x08, 0x41, 0x08, 0x41, 0x08, 0x41, 0x08,
    0x41, 0x08, 0x41, 0x08, 0x20, 0x08, 0xe4, 0x10, 0x05, 0x11, 0xc4, 0x10, 0x82, 0x08, 0x61, 0x08,
    0x82, 0x08, 0x62, 0x10, 0x62, 0x08, 0x62, 0x08, 0x62, 0x08, 0x62, 0x08, 0x62, 0x08, 0x62, 0x08,
    0x82, 0x10, 0x82, 0x10, 0x82, 0x10, 0x82, 0x10, 0x82, 0x10, 0x82, 0x10, 0x82, 0x10, 0x82, 0x08,
    0x82, 0x10, 0x82, 0x10, 0x82, 0x10, 0x82, 0x10, 0x62, 0x08, 0x82, 0x08, 0x82, 0x08, 0x82, 0x08,
    0x82, 0x10, 0x82, 0x08, 0x82, 0x10, 0x82, 0x08, 0x82, 0x10, 0x82, 0x08, 0x82, 0x08, 0x82, 0x10,
    0x82, 0x10, 0x62, 0x08, 0x62, 0x08, 0x62, 0x08, 0x62, 0x08, 0x62, 0x08, 0x62, 0x08, 0x62, 0x08,
    0x62, 0x08, 0x82, 0x10, 0x81, 0x10, 0x82, 0x10, 0x82, 0x10, 0x82, 0x10, 0x62, 0x08, 0x62, 0x08,
    0x62, 0x08, 0x61, 0x08, 0x82, 0x08, 0x62, 0x08, 0x62, 0x08, 0x62, 0x08, 0x62, 0x08, 0x62, 0x08,
    0x62, 0x08, 0x82, 0x08, 0x82, 0x08, 0x62, 0x08, 0x62, 0x08, 0x62, 0x08, 0x62, 0x08, 0x62, 0x08,
    0x62, 0x08, 0x81, 0x10, 0x81, 0x10, 0x81, 0x10, 0x81, 0x10, 0x81, 0x10, 0x82, 0x10, 0x62, 0x08,
    0x62, 0x08, 0x62, 0x08, 0x62, 0x08, 0x62, 0x08, 0x61, 0x08, 0x61, 0x08, 0x61, 0x08, 0x61, 0x08,
    0x41, 0x08, 0xa3, 0x10, 0xa2, 0x10, 0x82, 0x08, 0xa2, 0x08, 0xa2, 0x10, 0x82, 0x10, 0x82, 0x08,
    0x82, 0x08, 0x82, 0x08, 0x82, 0x08, 0x82, 0x08, 0x82, 0x08, 0x82, 0x08, 0x82, 0x08, 0x82, 0x08,
    0x82, 0x08, 0x82, 0x08, 0x82, 0x08, 0x62, 0x08, 0x62, 0x08, 0x62, 0x08, 0x62, 0x08, 0x61, 0x08,
    0x61, 0x08, 0x41, 0x08, 0x41, 0x08, 0x41, 0x08, 0x00, 0x00, 0xe4, 0x18, 0x35, 0x8d, 0x8e, 0x5b,
    0xeb, 0x4a, 0x0c, 0x4b, 0x24, 0x21, 0xe6, 0x49, 0x47, 0x5a, 0x22, 0x31, 0x84, 0x31, 0x64, 0x31,
    0x44, 0x31, 0x44, 0x29, 0x24, 0x29, 0x24, 0x29, 0x23, 0x21, 0x23, 0x21, 0x24, 0x21, 0xc2, 0x18,
    0x10, 0x74, 0x13, 0x95, 0x71, 0x84, 0x61, 0x08, 0xa1, 0x10, 0xa2, 0x10, 0x40, 0x08, 0x4d, 0x5b,
    0xb2, 0x84, 0xb2, 0x84, 0xc6, 0x31, 0x03, 0x19, 0xe3, 0x18, 0x86, 0x31, 0x92, 0x74, 0x71, 0x7c,
    0x28, 0x3a, 0x82, 0x08, 0xef, 0x6b, 0x92, 0x7c, 0x28, 0x3a, 0xc3, 0x10, 0x24, 0x19, 0x04, 0x19,
    0x04, 0x19, 0x04, 0x19, 0x04, 0x11, 0x03, 0x11, 0x03, 0x11, 0x04, 0x11, 0x04, 0x11, 0x04, 0x11,
    0x04, 0x19, 0xe4, 0x10, 0x24, 0x19, 0x81, 0x10, 0x00, 0x00, 0xe8, 0x29, 0x29, 0x2a, 0x29, 0x2a,
    0x0c, 0x43, 0x28, 0x3a, 0x20, 0x00, 0x82, 0x08, 0x82, 0x08, 0x82, 0x08, 0x82, 0x08, 0x20, 0x00,
    0x21, 0x00, 0x21, 0x00, 0x41, 0x08, 0x41, 0x08, 0x20, 0x00, 0xe4, 0x10, 0x20, 0x00, 0x41, 0x08,
    0x41, 0x08, 0x41, 0x08, 0x41, 0x08, 0x41, 0x08, 0x41, 0x08, 0x41, 0x00, 0x41, 0x08, 0x41, 0x08,
    0x61, 0x08, 0x61, 0x08, 0x61, 0x08, 0x61, 0x08, 0x42, 0x08, 0x62, 0x08, 0x61, 0x08, 0x62, 0x08,
    0x61, 0x08, 0x61, 0x08, 0x61, 0x08, 0x61, 0x08, 0x61, 0x08, 0x62, 0x08, 0x62, 0x08, 0x62, 0x08,
    0x62, 0x08, 0x62, 0x08, 0x61, 0x08, 0x62, 0x08, 0x62, 0x08, 0x62, 0x08, 0x62, 0x08, 0x62, 0x08,
    0x61, 0x08, 0x61, 0x08, 0x61, 0x08, 0x61, 0x08, 0x20, 0x08, 0xa3, 0x08, 0x05, 0x11, 0x62, 0x08,
    0x66, 0x19, 0xe4, 0x10, 0x83, 0x08, 0x41, 0x08, 0x62, 0x08, 0x62, 0x08, 0x62, 0x08, 0x61, 0x08,
    0x61, 0x08, 0x62, 0x08, 0x62, 0x08, 0x82, 0x08, 0x82, 0x08, 0x62, 0x08, 0x62, 0x08, 0x62, 0x08,
    0x62, 0x08, 0x62, 0x08, 0x62, 0x08, 0x62, 0x08, 0x82, 0x08, 0x82, 0x08, 0x82, 0x08, 0x82, 0x08,
    0x82, 0x08, 0x82, 0x10, 0x61, 0x08, 0xe4, 0x10, 0xa2, 0x08, 0xc3, 0x10, 0xc3, 0x10, 0x61, 0x08,
    0x62, 0x08, 0x62, 0x08, 0x62, 0x08, 0x62, 0x08, 0x62, 0x08, 0x62, 0x08, 0x62, 0x08, 0x62, 0x08,
    0x82, 0x10, 0x82, 0x10, 0x81, 0x10, 0x81, 0x10, 0x61, 0x08, 0x82, 0x10, 0x82, 0x10, 0x82, 0x08,
    0x82, 0x10, 0x82, 0x08, 0x82, 0x10, 0x82, 0x10, 0x82, 0x10, 0x82, 0x10, 0x82, 0x10, 0x81, 0x10,
    0x82, 0x10, 0x82, 0x10, 0x82, 0x10, 0x82, 0x08, 0x82, 0x08, 0x82, 0x10, 0x82, 0x08, 0x82, 0x10,
    0x82, 0x10, 0x62, 0x08, 0x62, 0x08, 0x62, 0x08, 0x62, 0x08, 0x62, 0x08, 0x62, 0x08, 0x62, 0x08,
    0x62, 0x08, 0x62, 0x08, 0x82, 0x10, 0x82, 0x10, 0x82, 0x08, 0x82, 0x08, 0x82, 0x08, 0x62, 0x08,
    0x62, 0x08, 0x81, 0x08, 0x82, 0x08, 0x82, 0x08, 0x62, 0x08, 0x62, 0x08, 0x62, 0x08, 0x62, 0x08,
    0x82, 0x08, 0x82, 0x08, 0x81, 0x08, 0x81, 0x08, 0x62, 0x08, 0x62, 0x08, 0x62, 0x08, 0x62, 0x08,
    0x62, 0x08, 0x82, 0x10, 0x81, 0x10, 0x81, 0x10, 0x82, 0x10, 0x82, 0x10, 0x82, 0x10, 0x61, 0x08,
    0x61, 0x08, 0x61, 0x08, 0x62, 0x08, 0x61, 0x08, 0x61, 0x08, 0x61, 0x08, 0x61, 0x08, 0x61, 0x08,
    0x61, 0x08, 0x41, 0x08, 0x41, 0x08, 0x41, 0x08, 0x41, 0x08, 0x41, 0x08, 0x41, 0x08, 0x41, 0x08,
    0x41, 0x08, 0x41, 0x08, 0x41, 0x08, 0x41, 0x08, 0x41, 0x08, 0x41, 0x08, 0x41, 0x08, 0x41, 0x08,
    0x41, 0x08, 0x41, 0x08, 0x41, 0x08, 0x41, 0x08, 0x41, 0x08, 0x41, 0x08, 0x21, 0x08, 0x21, 0x08,
    0x21, 0x08, 0x21, 0x00, 0x21, 0x00, 0x21, 0x00, 0x00, 0x00, 0xc3, 0x18, 0x51, 0x74, 0x0c, 0x4b,
    0x69, 0x3a, 0x8a, 0x3a, 0xe3, 0x18, 0xe7, 0x49, 0x47, 0x5a, 0x02, 0x31, 0x64, 0x31, 0x64, 0x31,
    0x44, 0x29, 0x44, 0x29, 0x44, 0x29, 0x24, 0x21, 0x24, 0x21, 0x03, 0x21, 0x24, 0x21, 0xc2, 0x18,
    0x10, 0x74, 0xd3, 0x8c, 0x92, 0x84, 0xab, 0x52, 0xab, 0x4a, 0xcb, 0x52, 0x6d, 0x63, 0xd3, 0x84,
    0x51, 0x74, 0x31, 0x74, 0xe3, 0x18, 0x24, 0x21, 0xa2, 0x10, 0xd0, 0x63, 0x92, 0x7c, 0x8e, 0x63,
    0xa2, 0x10, 0x04, 0x19, 0xcf, 0x6b, 0x92, 0x7c, 0x08, 0x3a, 0xc3, 0x10, 0x24, 0x19, 0x04, 0x19,
    0x04, 0x19, 0x04, 0x19, 0x04, 0x11, 0x04, 0x11, 0x04, 0x11, 0x04, 0x11, 0x04, 0x11, 0x04, 0x11,
    0x04, 0x19, 0xe4, 0x10, 0x24, 0x19, 0x81, 0x10, 0x00, 0x00, 0xc8, 0x29, 0xe8, 0x29, 0x08, 0x2a,
    0x8a, 0x3a, 0x86, 0x29, 0x00, 0x00, 0x21, 0x00, 0x20, 0x00, 0x20, 0x00, 0x20, 0x00, 0x21, 0x00,
    0x21, 0x00, 0x41, 0x08, 0x41, 0x08, 0x00, 0x00, 0xa3, 0x08, 0xa3, 0x08, 0x20, 0x00, 0x41, 0x08,
    0x41, 0x08, 0x41, 0x08, 0x41, 0x08, 0x41, 0x08, 0x41, 0x08, 0x41, 0x08, 0x41, 0x08, 0x41, 0x08,
    0x61, 0x08, 0x61, 0x08, 0x42, 0x08, 0x42, 0x08, 0x61, 0x08, 0x61, 0x08, 0x61, 0x08, 0x61, 0x08,
    0x61, 0x08, 0x61, 0x08, 0x61, 0x08, 0x62, 0x08, 0x61, 0x08, 0x62, 0x08, 0x62, 0x08, 0x62, 0x08,
    0x62, 0x08, 0x62, 0x08, 0x62, 0x08, 0x62, 0x08, 0x62, 0x08, 0x62, 0x08, 0x62, 0x08, 0x62, 0x08,
    0x61, 0x08, 0x61, 0x08, 0x61, 0x08, 0x61, 0x08, 0x61, 0x08, 0x40, 0x08, 0xc3, 0x10, 0x25, 0x11,
    0xa2, 0x10, 0x00, 0x08, 0xc3, 0x08, 0xa3, 0x08, 0x21, 0x08, 0x62, 0x08, 0x62, 0x08, 0x61, 0x08,
    0x61, 0x08, 0x62, 0x08, 0x61, 0x08, 0xc4, 0x10, 0xc4, 0x10, 0xc4, 0x10, 0xc4, 0x10, 0xc3, 0x08,
    0xc4, 0x08, 0xc4, 0x10, 0xc4, 0x08, 0xc4, 0x08, 0xc4, 0x08, 0xe4, 0x08, 0xe4, 0x10, 0xe4, 0x10,
    0xe4, 0x10, 0xc4, 0x10, 0xc3, 0x08, 0xe5, 0x10, 0xc3, 0x10, 0xe4, 0x10, 0x82, 0x08, 0x62, 0x08,
    0x62, 0x08, 0x62, 0x08, 0x62, 0x08, 0x62, 0x08, 0x62, 0x08, 0x62, 0x08, 0x62, 0x08, 0x61, 0x08,
    0x61, 0x08, 0x81, 0x10, 0x81, 0x10, 0x81, 0x10, 0x81, 0x10, 0x81, 0x10, 0x82, 0x10, 0x82, 0x10,
    0x82, 0x10, 0x82, 0x10, 0x81, 0x10, 0x81, 0x10, 0x81, 0x10, 0x81, 0x10, 0x82, 0x10, 0x82, 0x10,
    0x82, 0x08, 0x82, 0x08, 0x82, 0x08, 0x82, 0x08, 0x82, 0x08, 0x82, 0x08, 0x82, 0x08, 0x82, 0x08,
    0x62, 0x08, 0x62, 0x08, 0x62, 0x08, 0x62, 0x08, 0x62, 0x08, 0x62, 0x08, 0x62, 0x08, 0x62, 0x08,
    0x62, 0x08, 0x62, 0x08, 0x62, 0x08, 0x62, 0x08, 0x82, 0x08, 0x82, 0x08, 0x82, 0x08, 0x82, 0x08,
    0x82, 0x08, 0x81, 0x08, 0x81, 0x08, 0x82, 0x08, 0x81, 0x08, 0x62, 0x08, 0x62, 0x08, 0x62, 0x08,
    0x81, 0x08, 0x81, 0x08, 0x61, 0x08, 0x61, 0x08, 0x61, 0x08, 0x62, 0x08, 0x62, 0x08, 0x62, 0x08,
    0x62, 0x08, 0x62, 0x08, 0x62, 0x08, 0x62, 0x08, 0x62, 0x08, 0x62, 0x08, 0x62, 0x08, 0x62, 0x08,
    0x61, 0x08, 0x61, 0x08, 0x62, 0x08, 0x62, 0x08, 0x62, 0x08, 0x62, 0x08, 0x62, 0x08, 0x61, 0x08,
    0x61, 0x08, 0x61, 0x08, 0x61, 0x08, 0x61, 0x08, 0x61, 0x08, 0x61, 0x08, 0x61, 0x08, 0x61, 0x08,
    0x61, 0x08, 0x61, 0x08, 0x61, 0x08, 0x61, 0x08, 0x61, 0x08, 0x61, 0x08, 0x61, 0x08, 0x61, 0x08,
    0x61, 0x08, 0x61, 0x08, 0x61, 0x08, 0x61, 0x08, 0x61, 0x08, 0x61, 0x08, 0x41, 0x08, 0x41, 0x08,
    0x41, 0x08, 0x41, 0x08, 0x41, 0x00, 0x41, 0x00, 0x21, 0x00, 0x00, 0x00, 0x00, 0x00, 0x00, 0x00,
    0x00, 0x00, 0x00, 0x00, 0x00, 0x00, 0x27, 0x52, 0x47, 0x52, 0x02, 0x29, 0x64, 0x31, 0x64, 0x31,
    0x44, 0x29, 0x44, 0x29, 0x24, 0x29, 0x24, 0x21, 0x24, 0x21, 0x23, 0x21, 0x24, 0x21, 0xc3, 0x18,
    0x10, 0x74, 0xd2, 0x8c, 0x92, 0x84, 0xb3, 0x8c, 0x92, 0x7c, 0xb2, 0x7c, 0x92, 0x7c, 0x51, 0x74,
    0xf3, 0x8c, 0x28, 0x3a, 0xe3, 0x18, 0xa1, 0x10, 0x49, 0x3a, 0x92, 0x74, 0x51, 0x7c, 0x65, 0x21,
    0xe3, 0x18, 0x03, 0x19, 0xef, 0x6b, 0x92, 0x7c, 0x08, 0x3a, 0xc2, 0x10, 0x24, 0x19, 0x04, 0x19,
    0x04, 0x11, 0x04, 0x11, 0x04, 0x11, 0x04, 0x11, 0x04, 0x11, 0x04, 0x11, 0x04, 0x11, 0x04, 0x11,
    0x04, 0x19, 0xe4, 0x10, 0x04, 0x19, 0x81, 0x10, 0x20, 0x00, 0x00, 0x00, 0x00, 0x00, 0x00, 0x00,
    0x00, 0x00, 0x00, 0x00, 0x21, 0x00, 0x21, 0x00, 0x21, 0x00, 0x21, 0x00, 0x41, 0x00, 0x41, 0x00,
    0x41, 0x00, 0x41, 0x08, 0x20, 0x00, 0xc3, 0x10, 0xa3, 0x10, 0x20, 0x08, 0x41, 0x08, 0x41, 0x08,
    0x41, 0x08, 0x41, 0x08, 0x41, 0x08, 0x41, 0x08, 0x41, 0x08, 0x41, 0x08, 0x41, 0x08, 0x41, 0x08,
    0x61, 0x08, 0x62, 0x08, 0x42, 0x08, 0x42, 0x08, 0x61, 0x08, 0x61, 0x08, 0x61, 0x08, 0x61, 0x08,
    0x61, 0x08, 0x61, 0x08, 0x61, 0x08, 0x61, 0x08, 0x61, 0x08, 0x62, 0x08, 0x62, 0x08, 0x62, 0x08,
    0x62, 0x08, 0x62, 0x08, 0x62, 0x08, 0x62, 0x08, 0x62, 0x08, 0x62, 0x08, 0x62, 0x08, 0x62, 0x08,
    0x61, 0x08, 0x61, 0x08, 0x61, 0x08, 0x61, 0x08, 0x61, 0x08, 0x61, 0x08, 0x21, 0x08, 0x20, 0x08,
    0x21, 0x08, 0x61, 0x08, 0x20, 0x08, 0xc4, 0x08, 0xa3, 0x08, 0x21, 0x08, 0x62, 0x08, 0x61, 0x08,
    0x61, 0x08, 0x61, 0x08, 0x61, 0x08, 0x41, 0x08, 0x41, 0x08, 0x41, 0x08, 0x41, 0x08, 0x41, 0x08,
    0x41, 0x08, 0x41, 0x08, 0x41, 0x08, 0x41, 0x08, 0x41, 0x08, 0x41, 0x08, 0x41, 0x08, 0x41, 0x08,
    0x41, 0x08, 0x41, 0x08, 0x20, 0x08, 0x04, 0x11, 0x41, 0x08, 0x62, 0x08, 0x61, 0x08, 0x62, 0x10,
    0x62, 0x10, 0x82, 0x08, 0x62, 0x08, 0x62, 0x08, 0x62, 0x08, 0x62, 0x08, 0x61, 0x08, 0x61, 0x08,
    0x81, 0x10, 0x81, 0x10, 0x81, 0x10, 0x81, 0x10, 0x81, 0x10, 0x82, 0x10, 0x82, 0x10, 0x82, 0x10,
    0x62, 0x08, 0x62, 0x08, 0x82, 0x10, 0x81, 0x10, 0x81, 0x10, 0x81, 0x10, 0x82, 0x10, 0x82, 0x10,
    0x62, 0x08, 0x62, 0x08, 0x62, 0x08, 0x62, 0x08, 0x82, 0x08, 0x82, 0x08, 0x82, 0x10, 0x62, 0x08,
    0x62, 0x08, 0x62, 0x08, 0x62, 0x08, 0x62, 0x08, 0x62, 0x08, 0x62, 0x08, 0x62, 0x08, 0x62, 0x08,
    0x62, 0x08, 0x62, 0x08, 0x62, 0x08, 0x62, 0x08, 0x62, 0x08, 0x62, 0x08, 0x82, 0x10, 0x62, 0x08,
    0x62, 0x08, 0x62, 0x08, 0x62, 0x08, 0x61, 0x08, 0x62, 0x08, 0x62, 0x08, 0x62, 0x08, 0x62, 0x08,
    0x62, 0x08, 0x62, 0x08, 0x62, 0x08, 0x62, 0x08, 0x62, 0x08, 0x62, 0x08, 0x62, 0x08, 0x62, 0x08,
    0x62, 0x08, 0x62, 0x08, 0x62, 0x08, 0x62, 0x08, 0x62, 0x08, 0x62, 0x08, 0x62, 0x08, 0x62, 0x08,
    0x62, 0x08, 0x62, 0x08, 0x62, 0x08, 0x62, 0x08, 0x61, 0x08, 0x61, 0x08, 0x62, 0x08, 0x61, 0x08,
    0x61, 0x08, 0x61, 0x08, 0x61, 0x08, 0x61, 0x08, 0x61, 0x08, 0x41, 0x08, 0x20, 0x08, 0x20, 0x08,
    0x20, 0x08, 0x20, 0x08, 0x20, 0x08, 0x20, 0x08, 0x20, 0x08, 0x20, 0x08, 0x20, 0x08, 0x20, 0x08,
    0x20, 0x08, 0x20, 0x08, 0x20, 0x08, 0x20, 0x08, 0x20, 0x08, 0x20, 0x00, 0x00, 0x00, 0x00, 0x00,
    0x00, 0x00, 0x00, 0x00, 0x00, 0x00, 0x00, 0x00, 0x00, 0x00, 0x00, 0x00, 0x41, 0x08, 0x21, 0x08,
    0x20, 0x00, 0x21, 0x00, 0x20, 0x08, 0x27, 0x52, 0x27, 0x52, 0x02, 0x29, 0x64, 0x31, 0x44, 0x31,
    0x44, 0x29, 0x44, 0x29, 0x24, 0x29, 0x24, 0x21, 0x24, 0x21, 0x23, 0x21, 0x24, 0x21, 0xc2, 0x18,
    0x10, 0x74, 0xb2, 0x84, 0x92, 0x84, 0x31, 0x74, 0x30, 0x74, 0x10, 0x74, 0x30, 0x74, 0x10, 0x74,
    0x08, 0x3a, 0xc2, 0x10, 0x03, 0x19, 0x04, 0x21, 0x51, 0x74, 0x71, 0x74, 0x69, 0x42, 0x61, 0x08,
    0xe3, 0x18, 0xc3, 0x10, 0xcf, 0x6b, 0x72, 0x74, 0xe8, 0x31, 0x82, 0x08, 0x03, 0x19, 0x04, 0x11,
    0x04, 0x11, 0x04, 0x11, 0x04, 0x11, 0x04, 0x11, 0x03, 0x11, 0x03, 0x11, 0x04, 0x11, 0x03, 0x11,
    0x03, 0x11, 0xe4, 0x10, 0x24, 0x19, 0x81, 0x10, 0x20, 0x00, 0x00, 0x00, 0x00, 0x00, 0x00, 0x00,
    0x41, 0x08, 0x20, 0x00, 0x00, 0x00, 0x00, 0x00, 0x00, 0x00, 0x00, 0x00, 0x00, 0x00, 0x00, 0x00,
    0x00, 0x00, 0x00, 0x00, 0xa3, 0x10, 0xc3, 0x10, 0x20, 0x00, 0x41, 0x08, 0x41, 0x08, 0x41, 0x08,
    0x41, 0x08, 0x41, 0x08, 0x41, 0x08, 0x41, 0x08, 0x41, 0x08, 0x41, 0x08, 0x41, 0x08, 0x41, 0x08,
    0x62, 0x08, 0x62, 0x08, 0x62, 0x08, 0x62, 0x08, 0x61, 0x08, 0x61, 0x08, 0x61, 0x08, 0x61, 0x08,
    0x61, 0x08, 0x61, 0x08, 0x61, 0x08, 0x61, 0x08, 0x62, 0x08, 0x62, 0x08, 0x62, 0x08, 0x62, 0x08,
    0x62, 0x08, 0x62, 0x08, 0x62, 0x08, 0x62, 0x08, 0x62, 0x08, 0x62, 0x08, 0x62, 0x08, 0x62, 0x08,
    0x62, 0x08, 0x61, 0x08, 0x61, 0x08, 0x61, 0x08, 0x61, 0x08, 0x61, 0x08, 0x61, 0x08, 0x62, 0x08,
    0x61, 0x08, 0x61, 0x08, 0x61, 0x08, 0x20, 0x08, 0xc4, 0x10, 0x82, 0x08, 0x41, 0x08, 0x62, 0x08,
    0x61, 0x08, 0x61, 0x08, 0x61, 0x08, 0x62, 0x08, 0x62, 0x08, 0x62, 0x08, 0x62, 0x08, 0x62, 0x08,
    0x62, 0x08, 0x62, 0x08, 0x62, 0x08, 0x62, 0x08, 0x62, 0x08, 0x62, 0x08, 0x62, 0x08, 0x62, 0x08,
    0x62, 0x08, 0x62, 0x08, 0x61, 0x08, 0x05, 0x11, 0x41, 0x08, 0x62, 0x08, 0x62, 0x08, 0x62, 0x08,
    0x81, 0x08, 0x81, 0x08, 0x82, 0x08, 0x62, 0x08, 0x62, 0x08, 0x62, 0x08, 0x62, 0x08, 0x62, 0x10,
    0x81, 0x08, 0x82, 0x10, 0x81, 0x10, 0x81, 0x10, 0x81, 0x10, 0x82, 0x10, 0x62, 0x08, 0x82, 0x08,
    0x82, 0x10, 0x62, 0x08, 0x81, 0x08, 0x81, 0x10, 0x81, 0x10, 0x81, 0x10, 0x82, 0x10, 0x82, 0x08,
    0x62, 0x08, 0x62, 0x08, 0x62, 0x08, 0x62, 0x08, 0x82, 0x10, 0x82, 0x10, 0x82, 0x10, 0x62, 0x08,
    0x62, 0x08, 0x62, 0x08, 0x62, 0x08, 0x62, 0x08, 0x62, 0x08, 0x62, 0x08, 0x62, 0x08, 0x62, 0x08,
    0x62, 0x08, 0x62, 0x08, 0x62, 0x08, 0x62, 0x08, 0x62, 0x08, 0x62, 0x08, 0x62, 0x08, 0x62, 0x08,
    0x62, 0x08, 0x62, 0x08, 0x62, 0x08, 0x62, 0x08, 0x62, 0x08, 0x62, 0x08, 0x62, 0x08, 0x62, 0x08,
    0x62, 0x08, 0x62, 0x08, 0x62, 0x08, 0x62, 0x08, 0x62, 0x08, 0x62, 0x08, 0x62, 0x08, 0x62, 0x08,
    0x62, 0x08, 0x62, 0x08, 0x62, 0x08, 0x62, 0x08, 0x62, 0x08, 0x62, 0x08, 0x62, 0x08, 0x62, 0x08,
    0x62, 0x08, 0x62, 0x08, 0x62, 0x08, 0x62, 0x08, 0x62, 0x08, 0x62, 0x08, 0x61, 0x08, 0x61, 0x08,
    0x61, 0x08, 0x61, 0x08, 0x61, 0x08, 0x61, 0x08, 0x20, 0x08, 0x82, 0x08, 0x25, 0x11, 0x04, 0x11,
    0x05, 0x11, 0x25, 0x19, 0x25, 0x11, 0x25, 0x19, 0x25, 0x19, 0x25, 0x19, 0x25, 0x19, 0x25, 0x19,
    0x25, 0x19, 0x25, 0x19, 0x25, 0x19, 0x25, 0x19, 0x25, 0x11, 0x25, 0x19, 0x25, 0x11, 0x25, 0x11,
    0x25, 0x11, 0x04, 0x11, 0xe4, 0x10, 0xc3, 0x10, 0x82, 0x08, 0x25, 0x21, 0x34, 0x8d, 0xae, 0x5b,
    0xeb, 0x4a, 0x0c, 0x4b, 0x24, 0x21, 0xe7, 0x49, 0x27, 0x52, 0x02, 0x29, 0x64, 0x31, 0x44, 0x29,
    0x44, 0x29, 0x44, 0x29, 0x24, 0x29, 0x24, 0x21, 0x24, 0x21, 0x23, 0x21, 0x23, 0x21, 0xc2, 0x18,
    0xf0, 0x73, 0xd2, 0x84, 0x51, 0x7c, 0xc3, 0x18, 0xe3, 0x18, 0xc3, 0x18, 0xe3, 0x18, 0xa2, 0x10,
    0xa2, 0x10, 0x24, 0x21, 0xa2, 0x10, 0x08, 0x3a, 0x92, 0x7c, 0x10, 0x6c, 0xaf, 0x63, 0xcf, 0x6b,
    0xcf, 0x6b, 0xcf, 0x6b, 0x10, 0x6c, 0x10, 0x6c, 0xaf, 0x63, 0x10, 0x74, 0x86, 0x29, 0xc3, 0x10,
    0x04, 0x19, 0x04, 0x11, 0x04, 0x11, 0x04, 0x11, 0x03, 0x11, 0x03, 0x11, 0x04, 0x11, 0x03, 0x11,
    0x03, 0x11, 0xe4, 0x10, 0x24, 0x19, 0x81, 0x10, 0x00, 0x00, 0x08, 0x2a, 0x49, 0x2a, 0x49, 0x2a,
    0x0c, 0x43, 0x49, 0x3a, 0x41, 0x00, 0xc3, 0x08, 0xc3, 0x08, 0xc3, 0x08, 0xe4, 0x10, 0xe4, 0x10,
    0xe4, 0x10, 0x04, 0x11, 0xc3, 0x10, 0x20, 0x00, 0x41, 0x08, 0x41, 0x08, 0x41, 0x08, 0x41, 0x08,
    0x41, 0x08, 0x41, 0x08, 0x41, 0x08, 0x41, 0x08, 0x41, 0x08, 0x41, 0x08, 0x41, 0x08, 0x41, 0x08,
    0x61, 0x08, 0x62, 0x08, 0x62, 0x08, 0x61, 0x08, 0x61, 0x08, 0x61, 0x08, 0x61, 0x08, 0x61, 0x08,
    0x61, 0x08, 0x61, 0x08, 0x61, 0x08, 0x61, 0x08, 0x62, 0x08, 0x61, 0x08, 0x61, 0x08, 0x61, 0x08,
    0x61, 0x08, 0x61, 0x08, 0x62, 0x08, 0x61, 0x08, 0x62, 0x08, 0x62, 0x08, 0x62, 0x08, 0x62, 0x08,
    0x62, 0x08, 0x62, 0x08, 0x61, 0x08, 0x61, 0x08, 0x61, 0x08, 0x61, 0x08, 0x61, 0x08, 0x61, 0x08,
    0x61, 0x08, 0x61, 0x08, 0x61, 0x08, 0x41, 0x08, 0x41, 0x08, 0x62, 0x08, 0x61, 0x08, 0x61, 0x08,
    0x61, 0x08, 0x61, 0x08, 0x61, 0x08, 0x61, 0x08, 0x61, 0x08, 0x62, 0x08, 0x62, 0x08, 0x62, 0x08,
    0x62, 0x08, 0x61, 0x08, 0x61, 0x08, 0x62, 0x08, 0x62, 0x08, 0x62, 0x08, 0x62, 0x08, 0x62, 0x08,
    0x62, 0x08, 0x61, 0x08, 0x41, 0x08, 0x05, 0x11, 0x41, 0x08, 0x62, 0x08, 0x62, 0x08, 0x61, 0x08,
    0x81, 0x10, 0x62, 0x10, 0x82, 0x08, 0x82, 0x08, 0x62, 0x08, 0x82, 0x08, 0x82, 0x10, 0x82, 0x10,
    0x62, 0x08, 0x82, 0x10, 0x82, 0x10, 0x82, 0x10, 0x82, 0x10, 0x82, 0x10, 0x62, 0x08, 0x82, 0x08,
    0x82, 0x10, 0x82, 0x10, 0x81, 0x10, 0x81, 0x10, 0x81, 0x10, 0x82, 0x10, 0x82, 0x08, 0x62, 0x08,
    0x62, 0x08, 0x62, 0x08, 0x62, 0x08, 0x61, 0x08, 0x81, 0x10, 0x82, 0x10, 0x62, 0x08, 0x62, 0x08,
    0x62, 0x08, 0x62, 0x08, 0x62, 0x08, 0x62, 0x08, 0x62, 0x08, 0x61, 0x08, 0x62, 0x08, 0x62, 0x08,
    0x62, 0x08, 0x62, 0x08, 0x62, 0x08, 0x62, 0x08, 0x62, 0x08, 0x62, 0x08, 0x62, 0x08, 0x62, 0x08,
    0x62, 0x08, 0x62, 0x08, 0x62, 0x08, 0x62, 0x08, 0x62, 0x08, 0x62, 0x08, 0x61, 0x08, 0x61, 0x08,
    0x61, 0x08, 0x61, 0x08, 0x61, 0x08, 0x62, 0x08, 0x62, 0x08, 0x61, 0x08, 0x61, 0x08, 0x61, 0x08,
    0x62, 0x08, 0x61, 0x08, 0x61, 0x08, 0x62, 0x08, 0x62, 0x08, 0x62, 0x08, 0x62, 0x08, 0x62, 0x08,
    0x62, 0x08, 0x62, 0x08, 0x62, 0x08, 0x62, 0x08, 0x62, 0x08, 0x61, 0x08, 0x61, 0x08, 0x61, 0x08,
    0x61, 0x08, 0x61, 0x08, 0x61, 0x08, 0x20, 0x08, 0x82, 0x08, 0x25, 0x11, 0x82, 0x08, 0xa2, 0x10,
    0xa2, 0x10, 0xa2, 0x10, 0xa2, 0x10, 0xa2, 0x10, 0xa2, 0x10, 0xa2, 0x10, 0xa2, 0x10, 0xa2, 0x10,
    0x82, 0x08, 0x82, 0x08, 0x82, 0x08, 0x82, 0x08, 0x82, 0x08, 0x82, 0x08, 0x82, 0x08, 0x82, 0x08,
    0x82, 0x08, 0x62, 0x08, 0x62, 0x08, 0x61, 0x08, 0x41, 0x00, 0xc3, 0x18, 0x10, 0x6c, 0xeb, 0x42,
    0x49, 0x32, 0x6a, 0x3a, 0xe3, 0x18, 0xe7, 0x49, 0x27, 0x52, 0x02, 0x29, 0x64, 0x31, 0x44, 0x29,
    0x44, 0x29, 0x44, 0x29, 0x24, 0x29, 0x24, 0x21, 0x24, 0x21, 0x03, 0x21, 0x23, 0x21, 0xc2, 0x18,
    0xef, 0x73, 0xb2, 0x84, 0x51, 0x7c, 0xc2, 0x18, 0xe3, 0x18, 0xe3, 0x18, 0xe3, 0x18, 0x03, 0x19,
    0x03, 0x21, 0x04, 0x21, 0xa2, 0x10, 0x29, 0x3a, 0x14, 0x8d, 0x72, 0x7c, 0xb3, 0x7c, 0xb3, 0x7c,
    0x92, 0x7c, 0x92, 0x74, 0xf0, 0x6b, 0xf0, 0x63, 0x10, 0x6c, 0xd3, 0x84, 0xa7, 0x29, 0xc3, 0x10,
    0x04, 0x19, 0x04, 0x11, 0x04, 0x11, 0x04, 0x11, 0x03, 0x11, 0x03, 0x11, 0x03, 0x11, 0x03, 0x11,
    0x03, 0x11, 0x04, 0x11, 0x24, 0x19, 0x81, 0x10, 0x00, 0x00, 0xe8, 0x29, 0x08, 0x2a, 0x08, 0x2a,
    0xaa, 0x3a, 0xc7, 0x29, 0x21, 0x00, 0x62, 0x08, 0x62, 0x08, 0x61, 0x08, 0x62, 0x08, 0x62, 0x08,
    0x82, 0x08, 0x82, 0x08, 0x20, 0x00, 0x41, 0x00, 0x41, 0x00, 0x41, 0x00, 0x41, 0x08, 0x41, 0x08,
    0x41, 0x08, 0x41, 0x08, 0x41, 0x08, 0x41, 0x08, 0x41, 0x08, 0x41, 0x08, 0x41, 0x08, 0x41, 0x08,
    0x61, 0x08, 0x61, 0x08, 0x61, 0x08, 0x61, 0x08, 0x61, 0x08, 0x61, 0x08, 0x61, 0x08, 0x61, 0x08,
    0x61, 0x08, 0x61, 0x08, 0x61, 0x08, 0x61, 0x08, 0x61, 0x08, 0x61, 0x08, 0x61, 0x08, 0x61, 0x08,
    0x61, 0x08, 0x61, 0x08, 0x61, 0x08, 0x61, 0x08, 0x61, 0x08, 0x62, 0x08, 0x62, 0x08, 0x62, 0x08,
    0x62, 0x08, 0x62, 0x08, 0x61, 0x08, 0x61, 0x08, 0x61, 0x08, 0x61, 0x08, 0x61, 0x08, 0x61, 0x08,
    0x61, 0x08, 0x61, 0x08, 0x61, 0x08, 0x61, 0x08, 0x61, 0x08, 0x61, 0x08, 0x61, 0x08, 0x61, 0x08,
    0x61, 0x08, 0x62, 0x08, 0x61, 0x08, 0x61, 0x08, 0x61, 0x08, 0x61, 0x08, 0x62, 0x08, 0x62, 0x08,
    0x62, 0x08, 0x62, 0x08, 0x62, 0x08, 0x62, 0x08, 0x62, 0x08, 0x62, 0x08, 0x62, 0x08, 0x62, 0x08,
    0x61, 0x08, 0x61, 0x08, 0x61, 0x08, 0x05, 0x11, 0x41, 0x08, 0x62, 0x08, 0x62, 0x08, 0x62, 0x08,
    0x82, 0x08, 0x82, 0x08, 0x82, 0x08, 0x82, 0x08, 0x82, 0x08, 0x82, 0x08, 0x82, 0x08, 0x62, 0x08,
    0x62, 0x08, 0x62, 0x08, 0x62, 0x08, 0x82, 0x10, 0x82, 0x10, 0x82, 0x10, 0x82, 0x10, 0x82, 0x10,
    0x82, 0x10, 0x82, 0x10, 0x81, 0x10, 0x81, 0x10, 0x82, 0x10, 0x62, 0x08, 0x62, 0x08, 0x62, 0x08,
    0x62, 0x08, 0x62, 0x08, 0x62, 0x08, 0x61, 0x08, 0x61, 0x08, 0x82, 0x10, 0x62, 0x08, 0x62, 0x08,
    0x62, 0x08, 0x62, 0x08, 0x62, 0x08, 0x62, 0x08, 0x61, 0x08, 0x61, 0x08, 0x61, 0x08, 0x61, 0x08,
    0x62, 0x08, 0x62, 0x08, 0x61, 0x08, 0x62, 0x08, 0x62, 0x08, 0x62, 0x08, 0x62, 0x08, 0x62, 0x08,
    0x62, 0x08, 0x62, 0x08, 0x62, 0x08, 0x62, 0x08, 0x61, 0x08, 0x61, 0x08, 0x61, 0x08, 0x61, 0x08,
    0x61, 0x08, 0x61, 0x08, 0x61, 0x08, 0x61, 0x08, 0x61, 0x08, 0x61, 0x08, 0x61, 0x08, 0x62, 0x08,
    0x62, 0x08, 0x62, 0x08, 0x61, 0x08, 0x61, 0x08, 0x61, 0x08, 0x61, 0x08, 0x62, 0x08, 0x61, 0x08,
    0x61, 0x08, 0x62, 0x08, 0x62, 0x08, 0x62, 0x08, 0x61, 0x08, 0x61, 0x08, 0x61, 0x08, 0x61, 0x08,
    0x61, 0x08, 0x61, 0x08, 0x20, 0x08, 0x82, 0x08, 0x46, 0x19, 0x40, 0x08, 0x20, 0x08, 0x41, 0x08,
    0x41, 0x08, 0x40, 0x08, 0x40, 0x08, 0x41, 0x08, 0x41, 0x08, 0x41, 0x08, 0x41, 0x08, 0x41, 0x08,
    0x20, 0x08, 0x20, 0x08, 0x20, 0x08, 0x20, 0x08, 0x20, 0x08, 0x21, 0x08, 0x20, 0x08, 0x21, 0x08,
    0x21, 0x00, 0x21, 0x00, 0x21, 0x00, 0x20, 0x00, 0x21, 0x00, 0x00, 0x00, 0x00, 0x00, 0x00, 0x00,
    0x00, 0x00, 0x00, 0x00, 0x00, 0x08, 0x27, 0x52, 0x27, 0x52, 0x02, 0x29, 0x44, 0x29, 0x44, 0x29,
    0x44, 0x29, 0x24, 0x29, 0x24, 0x21, 0x24, 0x21, 0x03, 0x21, 0x03, 0x21, 0x23, 0x21, 0xc2, 0x18,
    0xef, 0x6b, 0xb2, 0x84, 0x31, 0x74, 0xc2, 0x18, 0x03, 0x21, 0x03, 0x21, 0xe3, 0x18, 0xe3, 0x18,
    0x03, 0x19, 0x03, 0x19, 0xe3, 0x18, 0x45, 0x21, 0x28, 0x3a, 0x08, 0x3a, 0x08, 0x3a, 0x08, 0x3a,
    0x08, 0x3a, 0x08, 0x3a, 0xcf, 0x63, 0x31, 0x6c, 0xab, 0x4a, 0xa7, 0x31, 0x04, 0x19, 0xe4, 0x10,
    0x04, 0x11, 0x04, 0x11, 0x04, 0x11, 0x04, 0x11, 0x03, 0x11, 0x03, 0x11, 0x04, 0x11, 0x03, 0x11,
    0x03, 0x11, 0x04, 0x11, 0x24, 0x19, 0x81, 0x10, 0x21, 0x00, 0x00, 0x00, 0x00, 0x00, 0x00, 0x00,
    0x00, 0x00, 0x00, 0x00, 0x20, 0x00, 0x00, 0x00, 0x00, 0x00, 0x20, 0x00, 0x20, 0x00, 0x20, 0x00,
    0x21, 0x00, 0x21, 0x00, 0x21, 0x00, 0x21, 0x00, 0x21, 0x00, 0x21, 0x00, 0x41, 0x08, 0x41, 0x08,
    0x41, 0x08, 0x41, 0x08, 0x41, 0x08, 0x41, 0x08, 0x41, 0x08, 0x41, 0x08, 0x41, 0x08, 0x40, 0x08,
    0x61, 0x08, 0x61, 0x08, 0x61, 0x08, 0x61, 0x08, 0x61, 0x08, 0x61, 0x08, 0x61, 0x08, 0x61, 0x08,
    0x61, 0x08, 0x61, 0x08, 0x61, 0x08, 0x61, 0x08, 0x61, 0x08, 0x61, 0x08, 0x61, 0x08, 0x61, 0x08,
    0x61, 0x08, 0x61, 0x08, 0x61, 0x08, 0x62, 0x08, 0x61, 0x08, 0x62, 0x08, 0x62, 0x08, 0x61, 0x08,
    0x62, 0x08, 0x42, 0x08, 0x42, 0x08, 0x61, 0x08, 0x61, 0x08, 0x61, 0x08, 0x61, 0x08, 0x61, 0x08,
    0x61, 0x08, 0x61, 0x08, 0x61, 0x08, 0x61, 0x08, 0x61, 0x08, 0x61, 0x08, 0x61, 0x08, 0x62, 0x08,
    0x62, 0x08, 0x61, 0x08, 0x61, 0x08, 0x61, 0x08, 0x61, 0x08, 0x61, 0x08, 0x62, 0x08, 0x62, 0x08,
    0x62, 0x08, 0x61, 0x08, 0x62, 0x08, 0x62, 0x08, 0x62, 0x08, 0x62, 0x08, 0x62, 0x08, 0x62, 0x08,
    0x61, 0x08, 0x61, 0x08, 0x61, 0x08, 0x82, 0x08, 0x61, 0x08, 0x62, 0x08, 0x62, 0x08, 0x62, 0x08,
    0x82, 0x08, 0x82, 0x08, 0x82, 0x08, 0x82, 0x08, 0x82, 0x08, 0x82, 0x08, 0x62, 0x08, 0x62, 0x08,
    0x62, 0x08, 0x62, 0x08, 0x62, 0x08, 0x62, 0x08, 0x61, 0x08, 0x82, 0x10, 0x82, 0x10, 0x82, 0x10,
    0x82, 0x10, 0x82, 0x10, 0x81, 0x10, 0x82, 0x10, 0x82, 0x10, 0x62, 0x08, 0x62, 0x08, 0x62, 0x08,
    0x62, 0x08, 0x62, 0x08, 0x62, 0x08, 0x61, 0x08, 0x61, 0x08, 0x61, 0x08, 0x41, 0x08, 0x61, 0x08,
    0x62, 0x08, 0x62, 0x08, 0x61, 0x08, 0x61, 0x08, 0x61, 0x08, 0x61, 0x08, 0x61, 0x08, 0x61, 0x08,
    0x61, 0x08, 0x61, 0x08, 0x61, 0x08, 0x61, 0x08, 0x61, 0x08, 0x61, 0x08, 0x61, 0x08, 0x61, 0x08,
    0x62, 0x08, 0x61, 0x08, 0x61, 0x08, 0x61, 0x08, 0x61, 0x08, 0x61, 0x08, 0x61, 0x08, 0x61, 0x08,
    0x61, 0x08, 0x61, 0x08, 0x61, 0x08, 0x61, 0x08, 0x61, 0x08, 0x61, 0x08, 0x41, 0x08, 0x00, 0x08,
    0x20, 0x08, 0x61, 0x08, 0x61, 0x08, 0x61, 0x08, 0x61, 0x08, 0x61, 0x08, 0x61, 0x08, 0x61, 0x08,
    0x61, 0x08, 0x61, 0x08, 0x61, 0x08, 0x61, 0x08, 0x61, 0x08, 0x61, 0x08, 0x61, 0x08, 0x61, 0x08,
    0x61, 0x08, 0x40, 0x08, 0x82, 0x08, 0x66, 0x19, 0x41, 0x08, 0x41, 0x08, 0x61, 0x08, 0x61, 0x08,
    0x61, 0x08, 0x61, 0x08, 0x61, 0x08, 0x61, 0x08, 0x61, 0x08, 0x61, 0x08, 0x20, 0x08, 0x20, 0x08,
    0x20, 0x08, 0x20, 0x08, 0x20, 0x08, 0x20, 0x08, 0x20, 0x08, 0x20, 0x00, 0x20, 0x08, 0x20, 0x00,
    0x20, 0x00, 0x00, 0x00, 0x00, 0x00, 0x00, 0x00, 0x20, 0x00, 0x00, 0x00, 0x61, 0x08, 0x62, 0x08,
    0x61, 0x08, 0x62, 0x08, 0x20, 0x08, 0x07, 0x4a, 0x07, 0x4a, 0xe2, 0x28, 0x44, 0x29, 0x44, 0x29,
    0x24, 0x29, 0x24, 0x21, 0x24, 0x21, 0x23, 0x21, 0x03, 0x21, 0x03, 0x21, 0x03, 0x21, 0xc2, 0x10,
    0xaf, 0x6b, 0x92, 0x7c, 0x10, 0x74, 0xc2, 0x18, 0x03, 0x21, 0x03, 0x19, 0x03, 0x19, 0x03, 0x19,
    0xe3, 0x18, 0xe3, 0x18, 0x03, 0x19, 0xe3, 0x18, 0x82, 0x08, 0x82, 0x08, 0x82, 0x08, 0x82, 0x08,
    0x61, 0x08, 0x82, 0x08, 0x8e, 0x5b, 0x10, 0x6c, 0xc7, 0x31, 0x61, 0x00, 0x04, 0x11, 0xe4, 0x10,
    0xe4, 0x10, 0x04, 0x11, 0x04, 0x11, 0x04, 0x11, 0x04, 0x11, 0x03, 0x11, 0x03, 0x11, 0x03, 0x11,
    0x04, 0x11, 0x04, 0x11, 0x24, 0x19, 0x81, 0x10, 0x21, 0x00, 0x20, 0x00, 0x20, 0x00, 0x41, 0x00,
    0x62, 0x08, 0x41, 0x08, 0x20, 0x00, 0x00, 0x00, 0x00, 0x00, 0x00, 0x00, 0x00, 0x00, 0x20, 0x00,
    0x20, 0x00, 0x20, 0x00, 0x40, 0x00, 0x21, 0x00, 0x21, 0x00, 0x20, 0x00, 0x20, 0x00, 0x41, 0x08,
    0x41, 0x08, 0x41, 0x08, 0x41, 0x08, 0x41, 0x08, 0x41, 0x08, 0x41, 0x08, 0x41, 0x08, 0x40, 0x08,
    0x61, 0x08, 0x61, 0x08, 0x42, 0x08, 0x42, 0x08, 0x62, 0x08, 0x61, 0x08, 0x62, 0x08, 0x61, 0x08,
    0x61, 0x08, 0x61, 0x08, 0x62, 0x08, 0x61, 0x08, 0x61, 0x08, 0x61, 0x08, 0x61, 0x08, 0x61, 0x08,
    0x61, 0x08, 0x61, 0x08, 0x61, 0x08, 0x61, 0x08, 0x61, 0x08, 0x62, 0x08, 0x62, 0x08, 0x61, 0x08,
    0x61, 0x08, 0x61, 0x08, 0x61, 0x08, 0x61, 0x08, 0x61, 0x08, 0x61, 0x08, 0x61, 0x08, 0x61, 0x08,
    0x61, 0x08, 0x61, 0x08, 0x61, 0x08, 0x61, 0x08, 0x61, 0x08, 0x61, 0x08, 0x62, 0x08, 0x62, 0x08,
    0x62, 0x08, 0x61, 0x08, 0x61, 0x08, 0x61, 0x08, 0x62, 0x08, 0x62, 0x08, 0x62, 0x08, 0x61, 0x08,
    0x61, 0x08, 0x81, 0x08, 0x62, 0x08, 0x62, 0x08, 0x62, 0x08, 0x62, 0x08, 0x62, 0x08, 0x62, 0x08,
    0x62, 0x08, 0x62, 0x08, 0x62, 0x08, 0x61, 0x08, 0x62, 0x08, 0x62, 0x08, 0x62, 0x08, 0x62, 0x08,
    0x62, 0x08, 0x62, 0x08, 0x62, 0x08, 0x82, 0x08, 0x82, 0x08, 0x82, 0x08, 0x82, 0x10, 0x62, 0x08,
    0x62, 0x08, 0x62, 0x08, 0x62, 0x08, 0x61, 0x08, 0x61, 0x08, 0x82, 0x10, 0x82, 0x10, 0x82, 0x08,
    0x82, 0x08, 0x62, 0x08, 0x62, 0x08, 0x62, 0x08, 0x62, 0x08, 0x62, 0x08, 0x62, 0x08, 0x62, 0x08,
    0x62, 0x08, 0x62, 0x08, 0x62, 0x08, 0x62, 0x08, 0x61, 0x08, 0x41, 0x08, 0xa2, 0x08, 0x41, 0x08,
    0x61, 0x08, 0x82, 0x08, 0x82, 0x08, 0x82, 0x08, 0x62, 0x08, 0x62, 0x08, 0x61, 0x08, 0x62, 0x08,
    0x61, 0x08, 0x61, 0x08, 0x61, 0x08, 0x61, 0x08, 0x61, 0x08, 0x61, 0x08, 0x62, 0x08, 0x62, 0x08,
    0x61, 0x08, 0x61, 0x08, 0x61, 0x08, 0x61, 0x08, 0x61, 0x08, 0x61, 0x08, 0x61, 0x08, 0x61, 0x08,
    0x61, 0x08, 0x61, 0x08, 0x62, 0x08, 0x61, 0x08, 0x62, 0x08, 0x61, 0x08, 0x41, 0x08, 0x45, 0x19,
    0x25, 0x11, 0x61, 0x08, 0x41, 0x08, 0x61, 0x08, 0x61, 0x08, 0x61, 0x08, 0x61, 0x08, 0x61, 0x08,
    0x61, 0x08, 0x61, 0x08, 0x61, 0x08, 0x61, 0x08, 0x41, 0x08, 0x41, 0x08, 0x61, 0x08, 0x61, 0x08,
    0x40, 0x08, 0x82, 0x08, 0x66, 0x19, 0x41, 0x08, 0x41, 0x08, 0x81, 0x08, 0x61, 0x08, 0x61, 0x08,
    0x61, 0x08, 0x61, 0x08, 0x61, 0x08, 0x61, 0x08, 0x41, 0x08, 0x62, 0x08, 0xe4, 0x10, 0xc3, 0x10,
    0xc3, 0x10, 0xc3, 0x10, 0xc3, 0x10, 0xe3, 0x10, 0xe4, 0x10, 0xe4, 0x10, 0xe4, 0x10, 0xe4, 0x10,
    0xc3, 0x10, 0xc3, 0x10, 0xa3, 0x08, 0xa2, 0x08, 0x41, 0x00, 0x04, 0x19, 0x55, 0x8d, 0xcf, 0x5b,
    0x0c, 0x4b, 0x4d, 0x4b, 0x24, 0x21, 0xc6, 0x41, 0x07, 0x4a, 0xe2, 0x20, 0x44, 0x29, 0x44, 0x29,
    0x24, 0x21, 0x24, 0x21, 0x23, 0x21, 0x23, 0x21, 0x03, 0x21, 0x03, 0x19, 0x03, 0x21, 0xa2, 0x10,
    0x10, 0x74, 0xf3, 0x84, 0x92, 0x7c, 0xc2, 0x18, 0xe3, 0x18, 0x03, 0x19, 0x03, 0x19, 0xe3, 0x18,
    0xe3, 0x18, 0xe3, 0x18, 0xe3, 0x18, 0xe3, 0x18, 0x04, 0x19, 0x04, 0x19, 0x04, 0x19, 0x04, 0x19,
    0xe3, 0x18, 0xe4, 0x18, 0xf0, 0x6b, 0x72, 0x74, 0x29, 0x3a, 0xc3, 0x10, 0x04, 0x19, 0x04, 0x11,
    0x04, 0x11, 0x04, 0x11, 0x04, 0x11, 0x04, 0x11, 0x04, 0x11, 0x04, 0x11, 0x04, 0x11, 0x04, 0x11,
    0x04, 0x11, 0xe4, 0x10, 0x24, 0x19, 0x81, 0x10, 0x00, 0x00, 0x08, 0x2a, 0x49, 0x2a, 0x49, 0x2a,
    0x4d, 0x43, 0x29, 0x3a, 0x21, 0x00, 0x82, 0x08, 0x82, 0x08, 0xa2, 0x08, 0xa3, 0x08, 0xa3, 0x08,
    0xa3, 0x08, 0xa3, 0x08, 0x40, 0x00, 0x20, 0x00, 0x41, 0x00, 0x40, 0x00, 0x20, 0x08, 0x41, 0x08,
    0x41, 0x08, 0x41, 0x08, 0x41, 0x08, 0x41, 0x08, 0x41, 0x08, 0x41, 0x08, 0x41, 0x08, 0x40, 0x08,
    0x61, 0x08, 0x61, 0x08, 0x42, 0x08, 0x42, 0x08, 0x62, 0x08, 0x61, 0x08, 0x61, 0x08, 0x61, 0x08,
    0x61, 0x08, 0x61, 0x08, 0x61, 0x08, 0x61, 0x08, 0x61, 0x08, 0x61, 0x08, 0x61, 0x08, 0x61, 0x08,
    0x61, 0x08, 0x61, 0x08, 0x61, 0x08, 0x61, 0x08, 0x61, 0x08, 0x61, 0x08, 0x61, 0x08, 0x61, 0x08,
    0x61, 0x08, 0x61, 0x08, 0x62, 0x08, 0x61, 0x08, 0x61, 0x08, 0x61, 0x08, 0x61, 0x08, 0x61, 0x08,
    0x61, 0x08, 0x61, 0x08, 0x61, 0x08, 0x61, 0x08, 0x61, 0x08, 0x61, 0x08, 0x62, 0x08, 0x62, 0x08,
    0x42, 0x08, 0x61, 0x08, 0x61, 0x08, 0x62, 0x08, 0x62, 0x08, 0x61, 0x08, 0x61, 0x08, 0x61, 0x08,
    0x61, 0x08, 0x61, 0x08, 0x62, 0x08, 0x62, 0x08, 0x62, 0x08, 0x81, 0x08, 0x61, 0x08, 0x81, 0x08,
    0x62, 0x08, 0x62, 0x08, 0x62, 0x08, 0x62, 0x08, 0x62, 0x08, 0x62, 0x08, 0x62, 0x08, 0x62, 0x08,
    0x62, 0x08, 0x62, 0x08, 0x62, 0x08, 0x81, 0x08, 0x82, 0x08, 0x82, 0x10, 0x62, 0x08, 0x62, 0x08,
    0x62, 0x08, 0x62, 0x08, 0x61, 0x08, 0x81, 0x10, 0x81, 0x10, 0x81, 0x10, 0x82, 0x10, 0x82, 0x10,
    0x62, 0x08, 0x62, 0x08, 0x62, 0x08, 0x62, 0x08, 0x62, 0x08, 0x62, 0x08, 0x62, 0x08, 0x61, 0x08,
    0x61, 0x08, 0x62, 0x08, 0x62, 0x08, 0x61, 0x08, 0x41, 0x08, 0x25, 0x19, 0xe4, 0x10, 0x05, 0x11,
    0x41, 0x08, 0x20, 0x08, 0x41, 0x08, 0x40, 0x08, 0x20, 0x08, 0x20, 0x08, 0x20, 0x08, 0x20, 0x08,
    0x20, 0x08, 0x20, 0x08, 0x20, 0x08, 0x20, 0x08, 0x20, 0x08, 0x20, 0x08, 0x20, 0x08, 0x20, 0x08,
    0x20, 0x08, 0x20, 0x08, 0x20, 0x08, 0x20, 0x08, 0x20, 0x08, 0x20, 0x08, 0x20, 0x08, 0x20, 0x08,
    0x20, 0x08, 0x20, 0x08, 0x20, 0x08, 0x20, 0x08, 0x20, 0x08, 0x00, 0x08, 0xe4, 0x10, 0x05, 0x19,
    0x62, 0x08, 0x46, 0x11, 0x41, 0x08, 0x41, 0x08, 0x61, 0x08, 0x61, 0x08, 0x61, 0x08, 0x61, 0x08,
    0x61, 0x08, 0x61, 0x08, 0x61, 0x08, 0x61, 0x08, 0x61, 0x08, 0x61, 0x08, 0x61, 0x08, 0x40, 0x08,
    0x82, 0x08, 0x66, 0x19, 0x41, 0x08, 0x41, 0x08, 0x62, 0x08, 0x61, 0x08, 0x61, 0x08, 0x61, 0x08,
    0x61, 0x08, 0x61, 0x08, 0x61, 0x08, 0x41, 0x08, 0x61, 0x08, 0x25, 0x19, 0xc3, 0x10, 0xc3, 0x10,
    0xc3, 0x10, 0xc3, 0x10, 0xc3, 0x10, 0xc3, 0x10, 0xc3, 0x10, 0xc3, 0x10, 0xa3, 0x10, 0xa3, 0x10,
    0xa3, 0x08, 0x82, 0x08, 0x82, 0x08, 0x62, 0x08, 0x41, 0x00, 0xa3, 0x10, 0xef, 0x63, 0xca, 0x42,
    0x08, 0x32, 0x28, 0x32, 0xc3, 0x18, 0xe7, 0x41, 0x07, 0x4a, 0xe2, 0x20, 0x44, 0x29, 0x24, 0x29,
    0x24, 0x21, 0x24, 0x21, 0x23, 0x21, 0x03, 0x21, 0x03, 0x19, 0x03, 0x19, 0x03, 0x19, 0xc2, 0x18,
    0x69, 0x42, 0x0c, 0x53, 0xcb, 0x52, 0xc3, 0x18, 0x03, 0x19, 0x03, 0x19, 0xe3, 0x18, 0xe3, 0x18,
    0xe3, 0x18, 0xe3, 0x18, 0xe3, 0x18, 0xe3, 0x18, 0xe3, 0x18, 0xe3, 0x18, 0xe3, 0x18, 0xe3, 0x18,
    0xc3, 0x10, 0xc3, 0x10, 0x6a, 0x42, 0xcb, 0x4a, 0x66, 0x21, 0xc3, 0x10, 0x04, 0x11, 0x04, 0x11,
    0x04, 0x11, 0x04, 0x11, 0x04, 0x11, 0x04, 0x11, 0x04, 0x11, 0x04, 0x11, 0x04, 0x11, 0x04, 0x11,
    0x04, 0x11, 0xe4, 0x10, 0x24, 0x19, 0x81, 0x10, 0x00, 0x00, 0xc7, 0x29, 0xe8, 0x21, 0xc7, 0x21,
    0x6a, 0x32, 0x86, 0x29, 0x41, 0x00, 0x82, 0x08, 0x82, 0x08, 0x82, 0x08, 0xa2, 0x08, 0xa2, 0x08,
    0x82, 0x08, 0x82, 0x08, 0xc3, 0x08, 0x20, 0x00, 0x20, 0x00, 0x41, 0x08, 0x41, 0x08, 0x41, 0x08,
    0x41, 0x08, 0x41, 0x00, 0x41, 0x00, 0x41, 0x00, 0x41, 0x08, 0x41, 0x08, 0x41, 0x08, 0x40, 0x08,
    0x61, 0x08, 0x61, 0x08, 0x42, 0x08, 0x42, 0x08, 0x42, 0x08, 0x62, 0x08, 0x61, 0x08, 0x61, 0x08,
    0x61, 0x08, 0x61, 0x08, 0x61, 0x08, 0x61, 0x08, 0x61, 0x08, 0x61, 0x08, 0x61, 0x08, 0x61, 0x08,
    0x61, 0x08, 0x61, 0x08, 0x61, 0x08, 0x61, 0x08, 0x61, 0x08, 0x61, 0x08, 0x61, 0x08, 0x61, 0x08,
    0x61, 0x08, 0x61, 0x08, 0x61, 0x08, 0x61, 0x08, 0x61, 0x08, 0x61, 0x08, 0x61, 0x08, 0x61, 0x08,
    0x61, 0x08, 0x61, 0x08, 0x61, 0x08, 0x61, 0x08, 0x61, 0x08, 0x61, 0x08, 0x61, 0x08, 0x62, 0x08,
    0x61, 0x08, 0x61, 0x08, 0x61, 0x08, 0x61, 0x08, 0x61, 0x08, 0x61, 0x08, 0x61, 0x08, 0x61, 0x08,
    0x61, 0x08, 0x62, 0x08, 0x62, 0x08, 0x62, 0x08, 0x62, 0x08, 0x62, 0x08, 0x61, 0x08, 0x81, 0x08,
    0x62, 0x08, 0x62, 0x08, 0x62, 0x08, 0x62, 0x08, 0x62, 0x08, 0x62, 0x08, 0x62, 0x08, 0x62, 0x08,
    0x62, 0x08, 0x62, 0x08, 0x61, 0x08, 0x61, 0x08, 0x82, 0x10, 0x82, 0x10, 0x82, 0x10, 0x82, 0x10,
    0x62, 0x08, 0x62, 0x08, 0x61, 0x08, 0x81, 0x10, 0x81, 0x10, 0x82, 0x10, 0x82, 0x10, 0x62, 0x08,
    0x62, 0x08, 0x62, 0x08, 0x62, 0x08, 0x62, 0x08, 0x62, 0x08, 0x82, 0x08, 0x61, 0x08, 0x61, 0x08,
    0x61, 0x08, 0x61, 0x08, 0x61, 0x08, 0x41, 0x08, 0xa3, 0x10, 0xe4, 0x10, 0x00, 0x00, 0x62, 0x08,
    0x87, 0x19, 0x04, 0x19, 0x04, 0x11, 0x04, 0x11, 0x04, 0x11, 0x04, 0x11, 0x04, 0x11, 0x04, 0x11,
    0x04, 0x11, 0x05, 0x11, 0x05, 0x11, 0x05, 0x11, 0x04, 0x11, 0x04, 0x11, 0x05, 0x11, 0x25, 0x11,
    0x25, 0x11, 0x25, 0x11, 0x05, 0x11, 0x05, 0x11, 0x05, 0x11, 0x05, 0x11, 0x05, 0x11, 0x05, 0x11,
    0x05, 0x11, 0x05, 0x11, 0x05, 0x11, 0x05, 0x11, 0x05, 0x11, 0xe4, 0x10, 0x67, 0x11, 0x62, 0x08,
    0x00, 0x08, 0x82, 0x08, 0x46, 0x19, 0x20, 0x08, 0x41, 0x08, 0x41, 0x08, 0x41, 0x08, 0x41, 0x08,
    0x41, 0x08, 0x41, 0x08, 0x41, 0x08, 0x41, 0x08, 0x41, 0x08, 0x41, 0x08, 0x20, 0x08, 0x62, 0x08,
    0x66, 0x19, 0x41, 0x08, 0x41, 0x08, 0x62, 0x08, 0x61, 0x08, 0x61, 0x08, 0x61, 0x08, 0x61, 0x08,
    0x61, 0x08, 0x61, 0x08, 0x41, 0x08, 0x41, 0x08, 0x25, 0x19, 0x61, 0x08, 0x20, 0x08, 0x41, 0x08,
    0x40, 0x08, 0x20, 0x08, 0x20, 0x08, 0x20, 0x08, 0x40, 0x08, 0x20, 0x08, 0x20, 0x08, 0x20, 0x08,
    0x20, 0x00, 0x20, 0x00, 0x20, 0x00, 0x20, 0x00, 0x41, 0x00, 0x20, 0x00, 0x00, 0x00, 0x00, 0x00,
    0x00, 0x00, 0x00, 0x00, 0x00, 0x00, 0x07, 0x4a, 0x06, 0x4a, 0xe2, 0x20, 0x44, 0x29, 0x24, 0x21,
    0x24, 0x21, 0x23, 0x21, 0x03, 0x21, 0x03, 0x21, 0x03, 0x19, 0x03, 0x19, 0x03, 0x19, 0x03, 0x21,
    0xa2, 0x10, 0x61, 0x08, 0x81, 0x10, 0xe3, 0x18, 0x03, 0x19, 0xe3, 0x18, 0xe3, 0x18, 0xe3, 0x18,
    0xe3, 0x18, 0xe3, 0x18, 0xe3, 0x18, 0xe3, 0x18, 0xe3, 0x18, 0xe3, 0x18, 0xe3, 0x18, 0xc3, 0x10,
    0xe3, 0x18, 0xe3, 0x18, 0x82, 0x08, 0x82, 0x08, 0xc3, 0x10, 0x04, 0x11, 0x04, 0x11, 0x04, 0x11,
    0x04, 0x11, 0x04, 0x11, 0x04, 0x11, 0xe4, 0x10, 0x04, 0x11, 0x04, 0x11, 0x04, 0x11, 0x04, 0x11,
    0x04, 0x11, 0x04, 0x11, 0x24, 0x19, 0x81, 0x10, 0x21, 0x00, 0x00, 0x00, 0x00, 0x00, 0x00, 0x00,
    0x00, 0x00, 0x00, 0x00, 0x20, 0x00, 0x20, 0x00, 0x20, 0x00, 0x20, 0x00, 0x20, 0x00, 0x20, 0x00,
    0x20, 0x00, 0x00, 0x00, 0x61, 0x08, 0xc4, 0x10, 0x20, 0x00, 0x41, 0x08, 0x41, 0x08, 0x41, 0x08,
    0x41, 0x08, 0x41, 0x08, 0x41, 0x00, 0x41, 0x00, 0x41, 0x08, 0x41, 0x08, 0x41, 0x08, 0x41, 0x08,
    0x61, 0x08, 0x61, 0x08, 0x42, 0x08, 0x42, 0x08, 0x42, 0x08, 0x61, 0x08, 0x61, 0x08, 0x61, 0x08,
    0x61, 0x08, 0x61, 0x08, 0x61, 0x08, 0x61, 0x08, 0x61, 0x08, 0x61, 0x08, 0x61, 0x08, 0x61, 0x08,
    0x61, 0x08, 0x61, 0x08, 0x61, 0x08, 0x42, 0x08, 0x62, 0x08, 0x61, 0x08, 0x61, 0x08, 0x61, 0x08,
    0x61, 0x08, 0x61, 0x08, 0x61, 0x08, 0x61, 0x08, 0x61, 0x08, 0x61, 0x08, 0x61, 0x08, 0x61, 0x08,
    0x61, 0x08, 0x61, 0x08, 0x61, 0x08, 0x61, 0x08, 0x61, 0x08, 0x61, 0x08, 0x61, 0x08, 0x61, 0x08,
    0x61, 0x08, 0x61, 0x08, 0x61, 0x08, 0x61, 0x08, 0x61, 0x08, 0x61, 0x08, 0x61, 0x08, 0x61, 0x08,
    0x62, 0x08, 0x62, 0x08, 0x62, 0x08, 0x62, 0x08, 0x62, 0x08, 0x62, 0x08, 0x62, 0x08, 0x62, 0x08,
    0x62, 0x08, 0x62, 0x08, 0x62, 0x08, 0x62, 0x08, 0x62, 0x08, 0x62, 0x08, 0x62, 0x08, 0x62, 0x08,
    0x62, 0x08, 0x62, 0x08, 0x62, 0x08, 0x61, 0x08, 0x61, 0x08, 0x61, 0x08, 0x82, 0x10, 0x82, 0x10,
    0x82, 0x08, 0x62, 0x08, 0x62, 0x08, 0x81, 0x08, 0x61, 0x08, 0x82, 0x08, 0x62, 0x08, 0x62, 0x08,
    0x62, 0x08, 0x62, 0x08, 0x62, 0x08, 0x62, 0x08, 0x62, 0x08, 0x61, 0x08, 0x61, 0x08, 0x61, 0x08,
    0x61, 0x08, 0x61, 0x08, 0x61, 0x08, 0x41, 0x08, 0x62, 0x08, 0x25, 0x11, 0x41, 0x00, 0x04, 0x19,
    0x25, 0x19, 0x82, 0x08, 0xa3, 0x10, 0xa3, 0x10, 0xa3, 0x10, 0xa3, 0x10, 0xa3, 0x10, 0xc3, 0x10,
    0xc3, 0x10, 0xa3, 0x10, 0xc3, 0x10, 0xc3, 0x10, 0xc3, 0x10, 0xc3, 0x10, 0xc3, 0x10, 0xc3, 0x10,
    0xc3, 0x10, 0xc3, 0x10, 0xa3, 0x10, 0xa3, 0x10, 0xa3, 0x10, 0xc3, 0x10, 0xa3, 0x10, 0xa3, 0x10,
    0xa3, 0x10, 0xa3, 0x10, 0xa3, 0x10, 0xa2, 0x10, 0xa3, 0x10, 0xa3, 0x10, 0x61, 0x08, 0x05, 0x11,
    0xa2, 0x10, 0x00, 0x08, 0xa2, 0x08, 0x46, 0x19, 0x61, 0x08, 0x62, 0x08, 0x62, 0x08, 0x82, 0x08,
    0x82, 0x08, 0x82, 0x08, 0x82, 0x08, 0x82, 0x08, 0x82, 0x08, 0x82, 0x08, 0x82, 0x10, 0x45, 0x19,
    0x41, 0x08, 0x41, 0x08, 0x61, 0x08, 0x61, 0x08, 0x61, 0x08, 0x41, 0x08, 0x61, 0x08, 0x61, 0x08,
    0x61, 0x08, 0x41, 0x08, 0x41, 0x08, 0x25, 0x19, 0x61, 0x08, 0x41, 0x08, 0x61, 0x08, 0x61, 0x08,
    0x62, 0x08, 0x41, 0x08, 0x40, 0x08, 0x40, 0x08, 0x20, 0x08, 0x20, 0x08, 0x20, 0x08, 0x20, 0x08,
    0x21, 0x08, 0x20, 0x00, 0x20, 0x00, 0x20, 0x00, 0x20, 0x00, 0x00, 0x00, 0x41, 0x08, 0x41, 0x08,
    0x21, 0x08, 0x41, 0x00, 0x00, 0x08, 0xe7, 0x49, 0x06, 0x4a, 0xe2, 0x20, 0x44, 0x29, 0x24, 0x21,
    0x24, 0x21, 0x23, 0x21, 0x03, 0x21, 0x03, 0x21, 0x03, 0x19, 0x03, 0x21, 0x03, 0x19, 0x03, 0x21,
    0x23, 0x21, 0x24, 0x21, 0x24, 0x21, 0x03, 0x19, 0x03, 0x19, 0x03, 0x19, 0x03, 0x19, 0xe3, 0x18,
    0x03, 0x19, 0xe4, 0x18, 0xe3, 0x18, 0xe3, 0x18, 0xe3, 0x18, 0xe3, 0x18, 0xe3, 0x18, 0xe3, 0x18,
    0xe3, 0x18, 0xe3, 0x18, 0x04, 0x19, 0x04, 0x19, 0x04, 0x19, 0x04, 0x11, 0x04, 0x11, 0x04, 0x11,
    0x04, 0x11, 0x04, 0x11, 0x04, 0x11, 0x04, 0x11, 0x04, 0x11, 0x04, 0x11, 0x04, 0x11, 0x04, 0x11,
    0x04, 0x11, 0x04, 0x11, 0x24, 0x19, 0x81, 0x10, 0x21, 0x00, 0x00, 0x00, 0x20, 0x00, 0x20, 0x00,
    0x41, 0x08, 0x20, 0x00, 0x20, 0x00, 0x21, 0x00, 0x21, 0x00, 0x41, 0x00, 0x41, 0x08, 0x41, 0x08,
    0x41, 0x00, 0x41, 0x08, 0x20, 0x00, 0x82, 0x08, 0xe4, 0x10, 0x20, 0x00, 0x41, 0x08, 0x41, 0x00,
    0x41, 0x00, 0x41, 0x08, 0x41, 0x08, 0x41, 0x08, 0x41, 0x08, 0x41, 0x08, 0x41, 0x08, 0x41, 0x08,
    0x61, 0x08, 0x61, 0x08, 0x41, 0x08, 0x42, 0x08, 0x61, 0x08, 0x61, 0x08, 0x61, 0x08, 0x61, 0x08,
    0x61, 0x08, 0x61, 0x08, 0x62, 0x08, 0x61, 0x08, 0x61, 0x08, 0x61, 0x08, 0x61, 0x08, 0x61, 0x08,
    0x61, 0x08, 0x61, 0x08, 0x62, 0x08, 0x42, 0x08, 0x62, 0x08, 0x61, 0x08, 0x61, 0x08, 0x61, 0x08,
    0x61, 0x08, 0x61, 0x08, 0x61, 0x08, 0x61, 0x08, 0x61, 0x08, 0x61, 0x08, 0x61, 0x08, 0x61, 0x08,
    0x61, 0x08, 0x61, 0x08, 0x61, 0x08, 0x61, 0x08, 0x61, 0x08, 0x61, 0x08, 0x61, 0x08, 0x61, 0x08,
    0x61, 0x08, 0x61, 0x08, 0x61, 0x08, 0x62, 0x08, 0x62, 0x08, 0x61, 0x08, 0x61, 0x08, 0x62, 0x08,
    0x62, 0x08, 0x62, 0x08, 0x62, 0x08, 0x62, 0x08, 0x62, 0x08, 0x61, 0x08, 0x61, 0x08, 0x61, 0x08,
    0x62, 0x08, 0x62, 0x08, 0x62, 0x08, 0x62, 0x08, 0x62, 0x08, 0x62, 0x08, 0x62, 0x08, 0x62, 0x08,
    0x62, 0x08, 0x62, 0x08, 0x62, 0x08, 0x61, 0x08, 0x61, 0x08, 0x61, 0x08, 0x61, 0x08, 0x61, 0x08,
    0x61, 0x08, 0x62, 0x08, 0x62, 0x08, 0x62, 0x08, 0x62, 0x08, 0x62, 0x08, 0x62, 0x08, 0x62, 0x08,
    0x82, 0x08, 0x82, 0x10, 0x82, 0x10, 0x62, 0x08, 0x62, 0x08, 0x62, 0x08, 0x62, 0x08, 0x62, 0x08,
    0x62, 0x08, 0x61, 0x08, 0x61, 0x08, 0x61, 0x08, 0x40, 0x08, 0xa3, 0x10, 0x46, 0x11, 0x24, 0x19,
    0x20, 0x00, 0x41, 0x08, 0x41, 0x08, 0x41, 0x08, 0x41, 0x08, 0x41, 0x08, 0x41, 0x08, 0x41, 0x08,
    0x41, 0x08, 0x41, 0x08, 0x41, 0x08, 0x41, 0x08, 0x41, 0x08, 0x41, 0x08, 0x41, 0x08, 0x41, 0x08,
    0x41, 0x08, 0x41, 0x08, 0x41, 0x08, 0x41, 0x08, 0x41, 0x08, 0x41, 0x08, 0x41, 0x08, 0x41, 0x08,
    0x41, 0x08, 0x41, 0x08, 0x41, 0x08, 0x41, 0x08, 0x41, 0x08, 0x41, 0x08, 0x20, 0x08, 0x40, 0x08,
    0x46, 0x11, 0x82, 0x08, 0x00, 0x08, 0xa3, 0x08, 0x05, 0x11, 0xe4, 0x10, 0x05, 0x11, 0x05, 0x11,
    0x04, 0x11, 0x04, 0x11, 0x04, 0x11, 0x05, 0x11, 0x04, 0x11, 0x04, 0x11, 0x05, 0x19, 0x41, 0x08,
    0x41, 0x08, 0x61, 0x08, 0x61, 0x08, 0x61, 0x08, 0x41, 0x08, 0x41, 0x08, 0x41, 0x08, 0x61, 0x08,
    0x41, 0x08, 0x61, 0x08, 0x45, 0x19, 0x61, 0x08, 0x20, 0x08, 0x61, 0x08, 0x41, 0x08, 0x61, 0x08,
    0x41, 0x08, 0xa2, 0x08, 0xc3, 0x10, 0xc3, 0x10, 0xc3, 0x10, 0xc3, 0x10, 0xc3, 0x10, 0xc3, 0x10,
    0xe3, 0x10, 0xc3, 0x10, 0xc3, 0x10, 0xc3, 0x10, 0x61, 0x00, 0x04, 0x19, 0xf4, 0x8c, 0x8e, 0x5b,
    0xab, 0x42, 0xec, 0x42, 0x04, 0x21, 0xa6, 0x41, 0x07, 0x4a, 0xe2, 0x20, 0x44, 0x29, 0x24, 0x21,
    0x23, 0x21, 0x03, 0x21, 0x03, 0x21, 0x03, 0x21, 0x03, 0x21, 0x03, 0x19, 0x03, 0x19, 0x03, 0x19,
    0xe3, 0x18, 0xe2, 0x18, 0xe3, 0x18, 0x03, 0x19, 0x03, 0x19, 0x03, 0x19, 0xa2, 0x10, 0xe3, 0x18,
    0x04, 0x19, 0x04, 0x19, 0xe3, 0x18, 0xe3, 0x18, 0xe3, 0x18, 0x04, 0x19, 0xe3, 0x10, 0x04, 0x19,
    0xe3, 0x10, 0xc3, 0x08, 0x03, 0x11, 0x04, 0x11, 0x04, 0x19, 0x04, 0x11, 0xe3, 0x10, 0x04, 0x11,
    0x04, 0x11, 0x04, 0x11, 0x04, 0x11, 0x04, 0x11, 0x04, 0x11, 0x04, 0x11, 0x04, 0x11, 0x04, 0x11,
    0x04, 0x11, 0x04, 0x11, 0x24, 0x19, 0x81, 0x10, 0x00, 0x00, 0x08, 0x2a, 0x28, 0x22, 0x28, 0x22,
    0x0c, 0x3b, 0x28, 0x3a, 0x20, 0x00, 0x62, 0x08, 0x62, 0x08, 0x41, 0x08, 0x21, 0x00, 0x41, 0x08,
    0x41, 0x00, 0x41, 0x08, 0x41, 0x08, 0x20, 0x00, 0x82, 0x08, 0xc3, 0x10, 0x20, 0x00, 0x41, 0x00,
    0x41, 0x00, 0x41, 0x00, 0x41, 0x08, 0x41, 0x08, 0x41, 0x08, 0x41, 0x08, 0x41, 0x08, 0x41, 0x08,
    0x61, 0x08, 0x61, 0x08, 0x61, 0x08, 0x61, 0x08, 0x61, 0x08, 0x61, 0x08, 0x61, 0x08, 0x61, 0x08,
    0x61, 0x08, 0x61, 0x08, 0x61, 0x08, 0x61, 0x08, 0x61, 0x08, 0x61, 0x08, 0x61, 0x08, 0x61, 0x08,
    0x61, 0x08, 0x61, 0x08, 0x62, 0x08, 0x42, 0x08, 0x62, 0x08, 0x62, 0x08, 0x61, 0x08, 0x61, 0x08,
    0x61, 0x08, 0x61, 0x08, 0x61, 0x08, 0x61, 0x08, 0x61, 0x08, 0x61, 0x08, 0x61, 0x08, 0x61, 0x08,
    0x61, 0x08, 0x61, 0x08, 0x61, 0x08, 0x61, 0x08, 0x61, 0x08, 0x61, 0x08, 0x61, 0x08, 0x61, 0x08,
    0x61, 0x08, 0x61, 0x08, 0x61, 0x08, 0x62, 0x08, 0x62, 0x08, 0x62, 0x08, 0x62, 0x08, 0x62, 0x08,
    0x62, 0x08, 0x62, 0x08, 0x61, 0x08, 0x61, 0x08, 0x61, 0x08, 0x61, 0x08, 0x61, 0x08, 0x61, 0x08,
    0x61, 0x08, 0x62, 0x08, 0x62, 0x08, 0x62, 0x08, 0x62, 0x08, 0x62, 0x08, 0x62, 0x08, 0x62, 0x08,
    0x62, 0x08, 0x62, 0x08, 0x62, 0x08, 0x62, 0x08, 0x61, 0x08, 0x61, 0x08, 0x61, 0x08, 0x61, 0x08,
    0x61, 0x08, 0x62, 0x08, 0x62, 0x08, 0x62, 0x08, 0x62, 0x08, 0x62, 0x08, 0x62, 0x08, 0x62, 0x08,
    0x82, 0x08, 0x82, 0x08, 0x82, 0x10, 0x62, 0x08, 0x62, 0x08, 0x62, 0x08, 0x62, 0x08, 0x62, 0x08,
    0x62, 0x08, 0x62, 0x08, 0x61, 0x08, 0x61, 0x08, 0x61, 0x08, 0x41, 0x08, 0x40, 0x08, 0x20, 0x08,
    0x61, 0x08, 0x62, 0x08, 0x62, 0x08, 0x62, 0x08, 0x62, 0x08, 0x62, 0x08, 0x62, 0x08, 0x62, 0x08,
    0x62, 0x08, 0x62, 0x08, 0x62, 0x08, 0x62, 0x08, 0x62, 0x08, 0x62, 0x08, 0x62, 0x08, 0x62, 0x08,
    0x62, 0x08, 0x62, 0x08, 0x62, 0x08, 0x62, 0x08, 0x62, 0x08, 0x62, 0x08, 0x62, 0x08, 0x62, 0x08,
    0x61, 0x08, 0x62, 0x08, 0x61, 0x08, 0x62, 0x08, 0x62, 0x08, 0x61, 0x08, 0x62, 0x08, 0x41, 0x08,
    0x20, 0x08, 0x46, 0x11, 0x82, 0x10, 0x20, 0x08, 0x40, 0x08, 0x20, 0x08, 0x20, 0x08, 0x20, 0x08,
    0x20, 0x08, 0x40, 0x08, 0x40, 0x08, 0x40, 0x08, 0x40, 0x08, 0x40, 0x08, 0x21, 0x08, 0x41, 0x08,
    0x61, 0x08, 0x41, 0x08, 0x41, 0x08, 0x41, 0x08, 0x41, 0x08, 0x41, 0x08, 0x61, 0x08, 0x41, 0x08,
    0x61, 0x08, 0x45, 0x19, 0x82, 0x08, 0x21, 0x08, 0x61, 0x08, 0x41, 0x08, 0x61, 0x08, 0x20, 0x08,
    0xc3, 0x10, 0xe4, 0x10, 0xa3, 0x08, 0xc3, 0x10, 0xc3, 0x10, 0xc3, 0x10, 0xc3, 0x10, 0xc3, 0x10,
    0xc3, 0x10, 0xc3, 0x10, 0xa3, 0x08, 0xa2, 0x08, 0x61, 0x00, 0xc3, 0x18, 0xf0, 0x6b, 0xcb, 0x42,
    0x28, 0x32, 0x69, 0x3a, 0xc3, 0x18, 0xc6, 0x41, 0x06, 0x4a, 0xe2, 0x20, 0x44, 0x21, 0x23, 0x21,
    0x23, 0x21, 0x03, 0x21, 0x03, 0x21, 0x03, 0x21, 0x03, 0x19, 0x03, 0x19, 0x03, 0x19, 0xe3, 0x18,
    0x03, 0x21, 0x24, 0x21, 0x44, 0x21, 0x03, 0x19, 0xc2, 0x10, 0xc2, 0x10, 0x86, 0x29, 0xc2, 0x10,
    0xc3, 0x10, 0x24, 0x19, 0x04, 0x19, 0x04, 0x19, 0xe3, 0x10, 0xa2, 0x08, 0x04, 0x19, 0xa2, 0x10,
    0x04, 0x19, 0x45, 0x21, 0xa2, 0x08, 0x04, 0x11, 0xc3, 0x10, 0xe3, 0x10, 0x45, 0x21, 0xa3, 0x08,
    0x04, 0x11, 0x04, 0x11, 0x04, 0x11, 0x04, 0x11, 0x04, 0x11, 0x04, 0x11, 0x04, 0x11, 0x04, 0x11,
    0x04, 0x11, 0x04, 0x11, 0x24, 0x19, 0x81, 0x10, 0x00, 0x00, 0xc7, 0x29, 0xe7, 0x21, 0xe7, 0x21,
    0xaa, 0x3a, 0xc7, 0x29, 0x41, 0x00, 0xa3, 0x08, 0x82, 0x08, 0xa3, 0x08, 0x41, 0x08, 0x20, 0x00,
    0x41, 0x00, 0x41, 0x00, 0x41, 0x08, 0x41, 0x08, 0x00, 0x00, 0x62, 0x08, 0xa3, 0x08, 0x20, 0x00,
    0x40, 0x00, 0x41, 0x00, 0x41, 0x00, 0x41, 0x08, 0x41, 0x08, 0x41, 0x08, 0x41, 0x08, 0x41, 0x08,
    0x61, 0x08, 0x61, 0x08, 0x61, 0x08, 0x61, 0x08, 0x61, 0x08, 0x61, 0x08, 0x61, 0x08, 0x61, 0x08,
    0x61, 0x08, 0x61, 0x08, 0x61, 0x08, 0x61, 0x08, 0x61, 0x08, 0x61, 0x08, 0x61, 0x08, 0x61, 0x08,
    0x61, 0x08, 0x61, 0x08, 0x62, 0x08, 0x42, 0x08, 0x42, 0x08, 0x42, 0x08, 0x62, 0x08, 0x62, 0x08,
    0x61, 0x08, 0x61, 0x08, 0x61, 0x08, 0x61, 0x08, 0x61, 0x08, 0x61, 0x08, 0x61, 0x08, 0x61, 0x08,
    0x61, 0x08, 0x61, 0x08, 0x61, 0x08, 0x61, 0x08, 0x61, 0x08, 0x61, 0x08, 0x61, 0x08, 0x61, 0x08,
    0x61, 0x08, 0x61, 0x08, 0x61, 0x08, 0x61, 0x08, 0x62, 0x08, 0x61, 0x08, 0x62, 0x08, 0x62, 0x08,
    0x61, 0x08, 0x61, 0x08, 0x61, 0x08, 0x61, 0x08, 0x61, 0x08, 0x61, 0x08, 0x61, 0x08, 0x61, 0x08,
    0x61, 0x08, 0x62, 0x08, 0x62, 0x08, 0x62, 0x08, 0x62, 0x08, 0x62, 0x08, 0x62, 0x08, 0x62, 0x08,
    0x62, 0x08, 0x62, 0x08, 0x62, 0x08, 0x62, 0x08, 0x81, 0x08, 0x61, 0x08, 0x82, 0x10, 0x61, 0x08,
    0x61, 0x08, 0x62, 0x08, 0x62, 0x08, 0x62, 0x08, 0x62, 0x08, 0x62, 0x08, 0x62, 0x08, 0x62, 0x08,
    0x62, 0x08, 0x62, 0x08, 0x82, 0x08, 0x82, 0x08, 0x62, 0x08, 0x62, 0x08, 0x62, 0x08, 0x62, 0x08,
    0x62, 0x08, 0x62, 0x08, 0x62, 0x08, 0x61, 0x08, 0x61, 0x08, 0x62, 0x08, 0x82, 0x08, 0x62, 0x08,
    0x62, 0x08, 0x62, 0x08, 0x62, 0x08, 0x62, 0x08, 0x62, 0x08, 0x62, 0x08, 0x62, 0x08, 0x62, 0x08,
    0x62, 0x08, 0x62, 0x08, 0x62, 0x08, 0x62, 0x08, 0x62, 0x08, 0x62, 0x08, 0x62, 0x08, 0x62, 0x08,
    0x62, 0x08, 0x62, 0x08, 0x62, 0x08, 0x62, 0x08, 0x62, 0x08, 0x62, 0x08, 0x62, 0x08, 0x62, 0x08,
    0x62, 0x08, 0x61, 0x08, 0x61, 0x08, 0x61, 0x08, 0x61, 0x08, 0x61, 0x08, 0x61, 0x08, 0x61, 0x08,
    0x41, 0x08, 0x20, 0x08, 0x46, 0x11, 0x82, 0x08, 0x20, 0x08, 0x62, 0x08, 0x61, 0x08, 0x61, 0x08,
    0x61, 0x08, 0x62, 0x08, 0x61, 0x08, 0x61, 0x08, 0x61, 0x08, 0x61, 0x08, 0x61, 0x08, 0x61, 0x08,
    0x41, 0x08, 0x41, 0x08, 0x41, 0x08, 0x41, 0x08, 0x41, 0x08, 0x61, 0x08, 0x41, 0x08, 0x41, 0x08,
    0x45, 0x19, 0x82, 0x08, 0x40, 0x08, 0x61, 0x08, 0x41, 0x08, 0x61, 0x08, 0x20, 0x08, 0xc3, 0x10,
    0xe4, 0x10, 0x20, 0x08, 0x20, 0x08, 0x20, 0x08, 0x20, 0x08, 0x40, 0x08, 0x20, 0x08, 0x21, 0x08,
    0x21, 0x08, 0x21, 0x08, 0x20, 0x08, 0x20, 0x00, 0x20, 0x00, 0x00, 0x00, 0x00, 0x00, 0x00, 0x00,
    0x00, 0x00, 0x00, 0x00, 0x00, 0x00, 0x07, 0x4a, 0xe6, 0x41, 0xe2, 0x20, 0x44, 0x21, 0x23, 0x21,
    0x23, 0x21, 0x23, 0x21, 0x03, 0x21, 0x03, 0x21, 0x03, 0x21, 0x03, 0x21, 0xa2, 0x10, 0xab, 0x4a,
    0xb3, 0x7c, 0x72, 0x7c, 0xb3, 0x84, 0x44, 0x21, 0x04, 0x19, 0x31, 0x6c, 0xb3, 0x7c, 0x72, 0x7c,
    0x45, 0x21, 0x04, 0x19, 0xf0, 0x6b, 0x10, 0x74, 0x92, 0x7c, 0x6a, 0x42, 0x61, 0x08, 0x09, 0x32,
    0x11, 0x64, 0x51, 0x74, 0xcb, 0x4a, 0x82, 0x08, 0x66, 0x21, 0xd0, 0x5b, 0x11, 0x6c, 0xeb, 0x4a,
    0xa2, 0x08, 0x04, 0x11, 0x04, 0x11, 0x04, 0x11, 0x04, 0x11, 0x04, 0x11, 0x04, 0x11, 0x04, 0x11,
    0x04, 0x11, 0x04, 0x11, 0x24, 0x19, 0x81, 0x10, 0x00, 0x00, 0x00, 0x00, 0x00, 0x00, 0x00, 0x00,
    0x00, 0x00, 0x00, 0x00, 0x20, 0x00, 0x20, 0x00, 0x20, 0x00, 0x20, 0x00, 0xa3, 0x08, 0x41, 0x08,
    0x20, 0x00, 0x41, 0x00, 0x41, 0x00, 0x41, 0x08, 0x41, 0x08, 0x20, 0x00, 0x82, 0x08, 0xa3, 0x08,
    0x20, 0x00, 0x41, 0x00, 0x41, 0x00, 0x21, 0x00, 0x41, 0x00, 0x41, 0x08, 0x41, 0x08, 0x41, 0x08,
    0x61, 0x08, 0x61, 0x08, 0x61, 0x08, 0x61, 0x08, 0x61, 0x08, 0x61, 0x08, 0x61, 0x08, 0x61, 0x08,
    0x61, 0x08, 0x61, 0x08, 0x61, 0x08, 0x61, 0x08, 0x61, 0x08, 0x61, 0x08, 0x61, 0x08, 0x61, 0x08,
    0x61, 0x08, 0x61, 0x08, 0x61, 0x08, 0x61, 0x08, 0x42, 0x08, 0x42, 0x08, 0x61, 0x08, 0x61, 0x08,
    0x61, 0x08, 0x61, 0x08, 0x61, 0x08, 0x61, 0x08, 0x61, 0x08, 0x61, 0x08, 0x62, 0x08, 0x62, 0x08,
    0x61, 0x08, 0x61, 0x08, 0x61, 0x08, 0x61, 0x08, 0x61, 0x08, 0x61, 0x08, 0x61, 0x08, 0x61, 0x08,
    0x61, 0x08, 0x61, 0x08, 0x61, 0x08, 0x61, 0x08, 0x61, 0x08, 0x61, 0x08, 0x61, 0x08, 0x61, 0x08,
    0x61, 0x08, 0x61, 0x08, 0x61, 0x08, 0x61, 0x08, 0x61, 0x08, 0x41, 0x08, 0x61, 0x08, 0x61, 0x08,
    0x61, 0x08, 0x62, 0x08, 0x62, 0x08, 0x62, 0x08, 0x62, 0x08, 0x62, 0x08, 0x62, 0x08, 0x62, 0x08,
    0x82, 0x08, 0x82, 0x08, 0x62, 0x08, 0x62, 0x08, 0x61, 0x08, 0x61, 0x08, 0x82, 0x10, 0x61, 0x08,
    0x61, 0x08, 0x62, 0x08, 0x62, 0x08, 0x62, 0x08, 0x62, 0x08, 0x62, 0x08, 0x62, 0x08, 0x62, 0x08,
    0x62, 0x08, 0x82, 0x08, 0x82, 0x08, 0x82, 0x08, 0x82, 0x08, 0x62, 0x08, 0x62, 0x08, 0x62, 0x08,
    0x62, 0x08, 0x62, 0x08, 0x62, 0x08, 0x62, 0x08, 0x62, 0x08, 0x62, 0x08, 0x62, 0x08, 0x62, 0x08,
    0x62, 0x08, 0x62, 0x08, 0x62, 0x08, 0x62, 0x08, 0x62, 0x08, 0x62, 0x08, 0x62, 0x08, 0x61, 0x08,
    0x62, 0x08, 0x62, 0x08, 0x62, 0x08, 0x62, 0x08, 0x62, 0x08, 0x62, 0x08, 0x62, 0x08, 0x62, 0x08,
    0x62, 0x08, 0x62, 0x08, 0x62, 0x08, 0x61, 0x08, 0x61, 0x08, 0x62, 0x08, 0x62, 0x08, 0x62, 0x08,
    0x62, 0x08, 0x61, 0x08, 0x61, 0x08, 0x61, 0x08, 0x61, 0x08, 0x61, 0x08, 0x61, 0x08, 0x61, 0x08,
    0x62, 0x08, 0x41, 0x08, 0x40, 0x08, 0x46, 0x11, 0x62, 0x08, 0x20, 0x08, 0x41, 0x08, 0x41, 0x08,
    0x61, 0x08, 0x61, 0x08, 0x61, 0x08, 0x61, 0x08, 0x61, 0x08, 0x61, 0x08, 0x61, 0x08, 0x61, 0x08,
    0x41, 0x08, 0x41, 0x08, 0x41, 0x08, 0x41, 0x08, 0x61, 0x08, 0x41, 0x08, 0x41, 0x08, 0x25, 0x19,
    0x61, 0x08, 0x40, 0x08, 0x61, 0x08, 0x41, 0x08, 0x61, 0x08, 0x20, 0x08, 0xc3, 0x10, 0x05, 0x11,
    0x20, 0x08, 0x61, 0x08, 0x61, 0x08, 0x61, 0x08, 0x61, 0x08, 0x40, 0x08, 0x41, 0x08, 0x21, 0x08,
    0x21, 0x08, 0x21, 0x00, 0x20, 0x00, 0x20, 0x00, 0x20, 0x00, 0x00, 0x00, 0x41, 0x08, 0x41, 0x08,
    0x20, 0x00, 0x21, 0x00, 0x00, 0x08, 0xe7, 0x41, 0xe6, 0x41, 0xe2, 0x18, 0x24, 0x21, 0x23, 0x21,
    0x03, 0x21, 0x03, 0x21, 0x03, 0x21, 0x03, 0x21, 0x03, 0x19, 0x23, 0x21, 0x81, 0x10, 0x4d, 0x5b,
    0x8a, 0x42, 0x00, 0x00, 0xc3, 0x10, 0x81, 0x10, 0xec, 0x4a, 0x0c, 0x4b, 0x00, 0x00, 0xec, 0x4a,
    0x8a, 0x42, 0xe3, 0x08, 0xf0, 0x73, 0xc3, 0x10, 0x45, 0x19, 0x72, 0x6c, 0xe3, 0x18, 0xcc, 0x42,
    0x45, 0x19, 0x00, 0x00, 0x30, 0x64, 0xa2, 0x10, 0x0d, 0x4b, 0x29, 0x32, 0x41, 0x00, 0x10, 0x64,
    0x45, 0x21, 0xe3, 0x08, 0x04, 0x11, 0x04, 0x11, 0x04, 0x11, 0x04, 0x11, 0x04, 0x11, 0x04, 0x11,
    0x04, 0x11, 0xe4, 0x10, 0x24, 0x19, 0x81, 0x10, 0x20, 0x00, 0x00, 0x00, 0x00, 0x00, 0x20, 0x00,
    0x41, 0x00, 0x21, 0x00, 0x21, 0x00, 0x41, 0x00, 0x41, 0x00, 0x21, 0x00, 0x20, 0x00, 0xe4, 0x10,
    0x41, 0x08, 0x20, 0x00, 0x41, 0x08, 0x21, 0x00, 0x21, 0x00, 0x41, 0x08, 0x20, 0x00, 0x82, 0x08,
    0x41, 0x08, 0x21, 0x00, 0x61, 0x08, 0x41, 0x08, 0x21, 0x00, 0x41, 0x08, 0x41, 0x08, 0x41, 0x08,
    0x61, 0x08, 0x61, 0x08, 0x61, 0x08, 0x61, 0x08, 0x61, 0x08, 0x61, 0x08, 0x61, 0x08, 0x42, 0x08,
    0x42, 0x08, 0x61, 0x08, 0x61, 0x08, 0x61, 0x08, 0x61, 0x08, 0x61, 0x08, 0x61, 0x08, 0x61, 0x08,
    0x61, 0x08, 0x61, 0x08, 0x61, 0x08, 0x61, 0x08, 0x61, 0x08, 0x42, 0x08, 0x61, 0x08, 0x61, 0x08,
    0x61, 0x08, 0x61, 0x08, 0x61, 0x08, 0x61, 0x08, 0x61, 0x08, 0x61, 0x08, 0x61, 0x08, 0x61, 0x08,
    0x61, 0x08, 0x61, 0x08, 0x61, 0x08, 0x61, 0x08, 0x61, 0x08, 0x61, 0x08, 0x61, 0x08, 0x61, 0x08,
    0x61, 0x08, 0x61, 0x08, 0x61, 0x08, 0x61, 0x08, 0x61, 0x08, 0x61, 0x08, 0x61, 0x08, 0x61, 0x08,
    0x61, 0x08, 0x61, 0x08, 0x61, 0x08, 0x41, 0x08, 0x20, 0x08, 0x41, 0x08, 0x41, 0x08, 0x61, 0x08,
    0x61, 0x08, 0x61, 0x08, 0x62, 0x08, 0x62, 0x08, 0x62, 0x08, 0x62, 0x08, 0x62, 0x08, 0x61, 0x08,
    0x82, 0x10, 0x82, 0x10, 0x62, 0x08, 0x62, 0x08, 0x62, 0x08, 0x82, 0x08, 0x82, 0x08, 0x61, 0x08,
    0x61, 0x08, 0x61, 0x08, 0x62, 0x08, 0x62, 0x08, 0x62, 0x08, 0x62, 0x08, 0x62, 0x08, 0x62, 0x08,
    0x81, 0x08, 0x82, 0x10, 0x81, 0x10, 0x82, 0x10, 0x81, 0x10, 0x61, 0x08, 0x62, 0x08, 0x62, 0x08,
    0x62, 0x08, 0x62, 0x08, 0x62, 0x08, 0x62, 0x08, 0x62, 0x08, 0x62, 0x08, 0x62, 0x08, 0x62, 0x08,
    0x62, 0x08, 0x62, 0x08, 0x62, 0x08, 0x62, 0x08, 0x62, 0x08, 0x62, 0x08, 0x62, 0x08, 0x62, 0x08,
    0x62, 0x08, 0x62, 0x08, 0x62, 0x08, 0x62, 0x08, 0x62, 0x08, 0x62, 0x08, 0x61, 0x08, 0x62, 0x08,
    0x62, 0x08, 0x62, 0x08, 0x62, 0x08, 0x62, 0x08, 0x62, 0x08, 0x62, 0x08, 0x62, 0x08, 0x62, 0x08,
    0x62, 0x08, 0x62, 0x08, 0x61, 0x08, 0x61, 0x08, 0x61, 0x08, 0x61, 0x08, 0x61, 0x08, 0x61, 0x08,
    0x61, 0x08, 0x61, 0x08, 0x41, 0x08, 0x40, 0x08, 0x46, 0x11, 0x62, 0x08, 0x20, 0x08, 0x61, 0x08,
    0x61, 0x08, 0x61, 0x08, 0x61, 0x08, 0x61, 0x08, 0x61, 0x08, 0x61, 0x08, 0x61, 0x08, 0x61, 0x08,
    0x61, 0x08, 0x61, 0x08, 0x41, 0x08, 0x61, 0x08, 0x61, 0x08, 0x41, 0x08, 0x25, 0x19, 0x61, 0x08,
    0x20, 0x08, 0x61, 0x08, 0x41, 0x08, 0x61, 0x08, 0x20, 0x08, 0xc3, 0x10, 0x25, 0x11, 0x20, 0x08,
    0x41, 0x08, 0x41, 0x08, 0x61, 0x08, 0x41, 0x08, 0x61, 0x08, 0xc3, 0x10, 0xc3, 0x10, 0xc3, 0x10,
    0xa3, 0x10, 0xa2, 0x08, 0x82, 0x08, 0x82, 0x08, 0x41, 0x00, 0x04, 0x19, 0x14, 0x8d, 0x6d, 0x53,
    0x8a, 0x3a, 0xcb, 0x42, 0xe3, 0x18, 0xa6, 0x41, 0xe6, 0x41, 0xe2, 0x18, 0x24, 0x21, 0x03, 0x21,
    0x03, 0x21, 0x03, 0x21, 0x03, 0x21, 0x03, 0x21, 0x03, 0x21, 0x24, 0x21, 0x82, 0x10, 0x2d, 0x5b,
    0x2d, 0x5b, 0x45, 0x21, 0xa6, 0x31, 0xa2, 0x10, 0x8a, 0x42, 0xb2, 0x84, 0x65, 0x29, 0x00, 0x00,
    0x82, 0x00, 0x45, 0x19, 0xef, 0x73, 0x61, 0x00, 0xa2, 0x08, 0x10, 0x5c, 0x45, 0x21, 0x81, 0x08,
    0xe3, 0x10, 0x08, 0x32, 0xec, 0x42, 0xc3, 0x10, 0xe3, 0x10, 0xc3, 0x10, 0xa3, 0x08, 0xaf, 0x5b,
    0x24, 0x19, 0xe3, 0x08, 0x04, 0x11, 0x04, 0x11, 0x04, 0x11, 0x04, 0x11, 0x04, 0x11, 0x04, 0x11,
    0x04, 0x11, 0xe4, 0x08, 0x24, 0x19, 0x81, 0x10, 0x00, 0x00, 0xe7, 0x29, 0xe8, 0x21, 0x08, 0x22,
    0x0c, 0x3b, 0x08, 0x3a, 0x00, 0x00, 0x41, 0x08, 0x21, 0x00, 0x41, 0x00, 0x21, 0x00, 0x21, 0x00,
    0xe4, 0x10, 0x41, 0x08, 0x20, 0x00, 0x41, 0x08, 0x41, 0x00, 0x41, 0x08, 0x41, 0x08, 0x21, 0x00,
    0x41, 0x00, 0x20, 0x00, 0x62, 0x08, 0x41, 0x08, 0x21, 0x08, 0x41, 0x08, 0x41, 0x08, 0x41, 0x08,
    0x61, 0x08, 0x61, 0x08, 0x61, 0x08, 0x61, 0x08, 0x61, 0x08, 0x61, 0x08, 0x61, 0x08, 0x42, 0x08,
    0x42, 0x08, 0x61, 0x08, 0x61, 0x08, 0x61, 0x08, 0x61, 0x08, 0x61, 0x08, 0x61, 0x08, 0x61, 0x08,
    0x61, 0x08, 0x61, 0x08, 0x61, 0x08, 0x61, 0x08, 0x61, 0x08, 0x61, 0x08, 0x61, 0x08, 0x62, 0x08,
    0x61, 0x08, 0x61, 0x08, 0x61, 0x08, 0x61, 0x08, 0x61, 0x08, 0x61, 0x08, 0x61, 0x08, 0x61, 0x08,
    0x61, 0x08, 0x61, 0x08, 0x61, 0x08, 0x61, 0x08, 0x61, 0x08, 0x61, 0x08, 0x61, 0x08, 0x61, 0x08,
    0x61, 0x08, 0x61, 0x08, 0x61, 0x08, 0x61, 0x08, 0x61, 0x08, 0x61, 0x08, 0x61, 0x08, 0x61, 0x08,
    0x61, 0x08, 0x61, 0x08, 0x61, 0x08, 0x20, 0x08, 0x04, 0x11, 0x05, 0x11, 0xa3, 0x08, 0x41, 0x08,
    0x61, 0x08, 0x61, 0x08, 0x61, 0x08, 0x62, 0x08, 0x62, 0x08, 0x62, 0x08, 0x62, 0x08, 0x82, 0x10,
    0x82, 0x10, 0x61, 0x08, 0x62, 0x08, 0x62, 0x08, 0x62, 0x08, 0x62, 0x08, 0x82, 0x08, 0x62, 0x08,
    0x61, 0x08, 0x61, 0x08, 0x61, 0x08, 0x61, 0x08, 0x61, 0x08, 0x61, 0x08, 0x61, 0x08, 0x61, 0x08,
    0x61, 0x08, 0x81, 0x10, 0x81, 0x10, 0x81, 0x10, 0x81, 0x10, 0x62, 0x08, 0x62, 0x08, 0x62, 0x08,
    0x62, 0x08, 0x62, 0x08, 0x62, 0x08, 0x62, 0x08, 0x62, 0x08, 0x62, 0x08, 0x62, 0x08, 0x62, 0x08,
    0x62, 0x08, 0x62, 0x08, 0x62, 0x08, 0x62, 0x08, 0x62, 0x08, 0x62, 0x08, 0x62, 0x08, 0x61, 0x08,
    0x81, 0x08, 0x62, 0x08, 0x62, 0x08, 0x62, 0x08, 0x62, 0x08, 0x62, 0x08, 0x61, 0x08, 0x62, 0x08,
    0x62, 0x08, 0x62, 0x08, 0x62, 0x08, 0x62, 0x08, 0x62, 0x08, 0x62, 0x08, 0x62, 0x08, 0x62, 0x08,
    0x62, 0x08, 0x62, 0x08, 0x61, 0x08, 0x62, 0x08, 0x61, 0x08, 0x62, 0x08, 0x62, 0x08, 0x61, 0x08,
    0x61, 0x08, 0x61, 0x08, 0x61, 0x08, 0x41, 0x08, 0x20, 0x08, 0x46, 0x11, 0x62, 0x08, 0x20, 0x08,
    0x61, 0x08, 0x61, 0x08, 0x61, 0x08, 0x41, 0x08, 0x41, 0x08, 0x41, 0x08, 0x41, 0x08, 0x41, 0x08,
    0x61, 0x08, 0x61, 0x08, 0x61, 0x08, 0x41, 0x08, 0x41, 0x08, 0x25, 0x19, 0x82, 0x08, 0x21, 0x08,
    0x61, 0x08, 0x41, 0x08, 0x61, 0x08, 0x20, 0x08, 0xa3, 0x10, 0x25, 0x11, 0x20, 0x08, 0x61, 0x08,
    0x41, 0x08, 0x61, 0x08, 0x41, 0x08, 0x21, 0x08, 0x25, 0x11, 0xc4, 0x10, 0xc3, 0x10, 0xc3, 0x10,
    0xc3, 0x08, 0xa3, 0x08, 0x82, 0x08, 0xa3, 0x08, 0x62, 0x00, 0xe3, 0x18, 0x31, 0x74, 0xeb, 0x42,
    0x08, 0x32, 0x49, 0x32, 0xc3, 0x18, 0xc6, 0x41, 0xe6, 0x41, 0xc2, 0x18, 0x24, 0x21, 0x03, 0x21,
    0x03, 0x21, 0x03, 0x21, 0x03, 0x21, 0x03, 0x21, 0x03, 0x19, 0x24, 0x21, 0xa2, 0x10, 0xeb, 0x4a,
    0xb3, 0x84, 0x92, 0x7c, 0x8e, 0x63, 0xc3, 0x10, 0xc3, 0x10, 0xaa, 0x4a, 0xd3, 0x8c, 0x30, 0x7c,
    0xc3, 0x10, 0x04, 0x11, 0x31, 0x74, 0xef, 0x73, 0x30, 0x6c, 0x69, 0x3a, 0xc2, 0x10, 0xe3, 0x10,
    0xe8, 0x31, 0xf4, 0x84, 0xcb, 0x4a, 0x61, 0x08, 0x24, 0x11, 0x82, 0x08, 0x0c, 0x43, 0xcb, 0x42,
    0xa2, 0x08, 0x24, 0x11, 0x04, 0x11, 0x04, 0x11, 0x04, 0x11, 0x04, 0x11, 0x04, 0x11, 0x04, 0x11,
    0x04, 0x11, 0xe4, 0x08, 0x04, 0x19, 0x81, 0x10, 0x00, 0x00, 0xe7, 0x21, 0xe7, 0x21, 0xc7, 0x21,
    0x6a, 0x32, 0x86, 0x29, 0x00, 0x00, 0x41, 0x08, 0x21, 0x00, 0x41, 0x00, 0x41, 0x08, 0x21, 0x08,
    0x41, 0x00, 0xe4, 0x10, 0x41, 0x08, 0x20, 0x00, 0x41, 0x00, 0x41, 0x00, 0x41, 0x00, 0x41, 0x00,
    0x41, 0x00, 0x20, 0x00, 0x62, 0x08, 0x41, 0x08, 0x21, 0x08, 0x41, 0x08, 0x41, 0x08, 0x41, 0x08,
    0x61, 0x08, 0x61, 0x08, 0x61, 0x08, 0x61, 0x08, 0x61, 0x08, 0x61, 0x08, 0x61, 0x08, 0x42, 0x08,
    0x41, 0x08, 0x61, 0x08, 0x61, 0x08, 0x61, 0x08, 0x61, 0x08, 0x61, 0x08, 0x61, 0x08, 0x42, 0x08,
    0x61, 0x08, 0x61, 0x08, 0x61, 0x08, 0x61, 0x08, 0x61, 0x08, 0x61, 0x08, 0x62, 0x08, 0x62, 0x08,
    0x61, 0x08, 0x61, 0x08, 0x61, 0x08, 0x61, 0x08, 0x61, 0x08, 0x61, 0x08, 0x61, 0x08, 0x61, 0x08,
    0x61, 0x08, 0x61, 0x08, 0x61, 0x08, 0x61, 0x08, 0x61, 0x08, 0x61, 0x08, 0x61, 0x08, 0x61, 0x08,
    0x61, 0x08, 0x61, 0x08, 0x61, 0x08, 0x61, 0x08, 0x61, 0x08, 0x61, 0x08, 0x61, 0x08, 0x61, 0x08,
    0x61, 0x08, 0x61, 0x08, 0x61, 0x08, 0x41, 0x08, 0x05, 0x11, 0xa2, 0x08, 0x04, 0x11, 0x82, 0x08,
    0x41, 0x08, 0x61, 0x08, 0x61, 0x08, 0x62, 0x08, 0x62, 0x08, 0x62, 0x08, 0x62, 0x08, 0x61, 0x08,
    0x61, 0x08, 0x61, 0x08, 0x62, 0x08, 0x62, 0x08, 0x62, 0x08, 0x62, 0x08, 0x62, 0x08, 0x62, 0x08,
    0x62, 0x08, 0x61, 0x08, 0x61, 0x08, 0x61, 0x08, 0x61, 0x08, 0x61, 0x08, 0x61, 0x08, 0x61, 0x08,
    0x61, 0x08, 0x61, 0x08, 0x81, 0x10, 0x81, 0x10, 0x81, 0x10, 0x62, 0x08, 0x62, 0x08, 0x62, 0x08,
    0x62, 0x08, 0x61, 0x08, 0x62, 0x08, 0x61, 0x08, 0x62, 0x08, 0x62, 0x08, 0x62, 0x08, 0x62, 0x08,
    0x62, 0x08, 0x62, 0x08, 0x62, 0x08, 0x62, 0x08, 0x62, 0x08, 0x62, 0x08, 0x62, 0x08, 0x61, 0x08,
    0x81, 0x08, 0x81, 0x08, 0x62, 0x08, 0x62, 0x08, 0x62, 0x08, 0x62, 0x08, 0x61, 0x08, 0x62, 0x08,
    0x61, 0x08, 0x62, 0x08, 0x62, 0x08, 0x62, 0x08, 0x62, 0x08, 0x62, 0x08, 0x61, 0x08, 0x61, 0x08,
    0x62, 0x08, 0x62, 0x08, 0x62, 0x08, 0x62, 0x08, 0x62, 0x08, 0x62, 0x08, 0x62, 0x08, 0x62, 0x08,
    0x61, 0x08, 0x61, 0x08, 0x61, 0x08, 0x61, 0x08, 0x41, 0x08, 0x20, 0x08, 0x46, 0x11, 0x82, 0x08,
    0x40, 0x08, 0x61, 0x08, 0x61, 0x08, 0x41, 0x08, 0x41, 0x08, 0x41, 0x08, 0x41, 0x08, 0x41, 0x08,
    0x41, 0x08, 0x61, 0x08, 0x41, 0x08, 0x41, 0x08, 0x25, 0x19, 0x82, 0x08, 0x20, 0x08, 0x61, 0x08,
    0x41, 0x08, 0x61, 0x08, 0x20, 0x08, 0xa3, 0x10, 0x25, 0x19, 0x20, 0x08, 0x41, 0x08, 0x41, 0x08,
    0x41, 0x08, 0x41, 0x08, 0x20, 0x08, 0x26, 0x19, 0x82, 0x10, 0x20, 0x08, 0x20, 0x08, 0x20, 0x08,
    0x20, 0x00, 0x20, 0x00, 0x20, 0x00, 0x20, 0x00, 0x21, 0x00, 0x00, 0x00, 0x00, 0x00, 0x00, 0x00,
    0x00, 0x00, 0x00, 0x00, 0x00, 0x00, 0xe7, 0x41, 0xc6, 0x41, 0xc2, 0x18, 0x24, 0x21, 0x03, 0x21,
    0x03, 0x21, 0x03, 0x21, 0x03, 0x21, 0x03, 0x19, 0x03, 0x19, 0x24, 0x21, 0x82, 0x08, 0x4d, 0x5b,
    0x28, 0x3a, 0x00, 0x00, 0x61, 0x00, 0x03, 0x19, 0x45, 0x19, 0x41, 0x00, 0x00, 0x00, 0x6d, 0x5b,
    0x2c, 0x53, 0x82, 0x08, 0xaf, 0x63, 0x86, 0x29, 0x45, 0x21, 0xa2, 0x08, 0x03, 0x11, 0xc3, 0x10,
    0x61, 0x00, 0x20, 0x00, 0xcf, 0x63, 0x86, 0x21, 0x20, 0x00, 0x6b, 0x3a, 0x4d, 0x4b, 0x61, 0x00,
    0x04, 0x11, 0x04, 0x11, 0x04, 0x11, 0x04, 0x11, 0x04, 0x11, 0x04, 0x11, 0x04, 0x11, 0x04, 0x11,
    0x04, 0x11, 0xe4, 0x08, 0x04, 0x19, 0x61, 0x10, 0x21, 0x00, 0x00, 0x00, 0x00, 0x00, 0x00, 0x00,
    0x00, 0x00, 0x00, 0x00, 0x21, 0x00, 0x21, 0x00, 0x21, 0x00, 0x21, 0x00, 0x41, 0x00, 0x41, 0x08,
    0x41, 0x08, 0x20, 0x08, 0xe4, 0x10, 0x41, 0x08, 0x21, 0x00, 0x41, 0x00, 0x41, 0x00, 0x21, 0x00,
    0x41, 0x08, 0x20, 0x00, 0x62, 0x08, 0x41, 0x08, 0x21, 0x08, 0x41, 0x08, 0x41, 0x08, 0x41, 0x08,
    0x61, 0x08, 0x61, 0x08, 0x61, 0x08, 0x61, 0x08, 0x61, 0x08, 0x61, 0x08, 0x61, 0x08, 0x62, 0x08,
    0x61, 0x08, 0x61, 0x08, 0x61, 0x08, 0x61, 0x08, 0x61, 0x08, 0x61, 0x08, 0x61, 0x08, 0x62, 0x08,
    0x62, 0x08, 0x61, 0x08, 0x61, 0x08, 0x61, 0x08, 0x61, 0x08, 0x61, 0x08, 0x61, 0x08, 0x61, 0x08,
    0x61, 0x08, 0x61, 0x08, 0x61, 0x08, 0x61, 0x08, 0x61, 0x08, 0x61, 0x08, 0x61, 0x08, 0x61, 0x08,
    0x61, 0x08, 0x61, 0x08, 0x41, 0x08, 0x20, 0x08, 0x20, 0x08, 0x20, 0x08, 0x20, 0x08, 0x20, 0x08,
    0x20, 0x08, 0x20, 0x08, 0x20, 0x08, 0x20, 0x08, 0x20, 0x08, 0x20, 0x08, 0x20, 0x08, 0x20, 0x08,
    0x20, 0x08, 0x20, 0x08, 0x20, 0x08, 0x20, 0x08, 0x62, 0x08, 0xc4, 0x08, 0x04, 0x11, 0x41, 0x08,
    0x61, 0x08, 0x61, 0x08, 0x61, 0x08, 0x42, 0x08, 0x42, 0x08, 0x62, 0x08, 0x62, 0x08, 0x62, 0x08,
    0x61, 0x08, 0x61, 0x08, 0x62, 0x08, 0x62, 0x08, 0x62, 0x08, 0x62, 0x08, 0x62, 0x08, 0x62, 0x08,
    0x62, 0x08, 0x62, 0x08, 0x62, 0x08, 0x62, 0x08, 0x62, 0x08, 0x61, 0x08, 0x62, 0x08, 0x61, 0x08,
    0x62, 0x08, 0x61, 0x08, 0x61, 0x08, 0x61, 0x08, 0x61, 0x08, 0x62, 0x08, 0x62, 0x08, 0x62, 0x08,
    0x61, 0x08, 0x61, 0x08, 0x62, 0x08, 0x62, 0x08, 0x62, 0x08, 0x61, 0x08, 0x61, 0x08, 0x62, 0x08,
    0x62, 0x08, 0x62, 0x08, 0x61, 0x08, 0x61, 0x08, 0x61, 0x08, 0x61, 0x08, 0x61, 0x08, 0x61, 0x08,
    0x61, 0x08, 0x61, 0x08, 0x62, 0x08, 0x62, 0x08, 0x61, 0x08, 0x62, 0x08, 0x61, 0x08, 0x42, 0x08,
    0x62, 0x08, 0x61, 0x08, 0x61, 0x08, 0x62, 0x08, 0x62, 0x08, 0x61, 0x08, 0x61, 0x08, 0x62, 0x08,
    0x62, 0x08, 0x62, 0x08, 0x62, 0x08, 0x62, 0x08, 0x62, 0x08, 0x61, 0x08, 0x62, 0x08, 0x61, 0x08,
    0x61, 0x08, 0x61, 0x08, 0x61, 0x08, 0x61, 0x08, 0x61, 0x08, 0x41, 0x08, 0x20, 0x08, 0x66, 0x11,
    0x41, 0x08, 0x41, 0x08, 0x41, 0x08, 0x41, 0x08, 0x41, 0x08, 0x41, 0x08, 0x61, 0x08, 0x61, 0x08,
    0x61, 0x08, 0x41, 0x08, 0x41, 0x08, 0x25, 0x11, 0x82, 0x08, 0x20, 0x08, 0x61, 0x08, 0x41, 0x08,
    0x61, 0x08, 0x20, 0x08, 0xa3, 0x08, 0x46, 0x19, 0x20, 0x08, 0x41, 0x08, 0x41, 0x08, 0x41, 0x08,
    0x41, 0x08, 0x20, 0x08, 0x46, 0x19, 0xa2, 0x10, 0x20, 0x08, 0x61, 0x08, 0x61, 0x08, 0x41, 0x08,
    0x41, 0x08, 0x21, 0x00, 0x20, 0x00, 0x20, 0x00, 0x20, 0x00, 0x00, 0x00, 0x41, 0x08, 0x41, 0x08,
    0x41, 0x08, 0x41, 0x00, 0x00, 0x00, 0xc6, 0x41, 0xc6, 0x41, 0xc2, 0x18, 0x24, 0x21, 0x03, 0x21,
    0x03, 0x21, 0x03, 0x21, 0x03, 0x19, 0x03, 0x19, 0x03, 0x19, 0x04, 0x21, 0x82, 0x08, 0x4d, 0x5b,
    0xcb, 0x52, 0xe3, 0x18, 0x86, 0x29, 0x82, 0x08, 0x6e, 0x63, 0x4d, 0x5b, 0x61, 0x08, 0xab, 0x3a,
    0xec, 0x4a, 0xc2, 0x08, 0xaf, 0x63, 0xa2, 0x08, 0xc3, 0x08, 0x04, 0x11, 0xc3, 0x08, 0x31, 0x74,
    0xa6, 0x29, 0xa3, 0x08, 0xcf, 0x5b, 0x04, 0x19, 0xa7, 0x21, 0xf1, 0x63, 0xe3, 0x18, 0x45, 0x19,
    0x04, 0x11, 0x04, 0x09, 0x04, 0x11, 0x04, 0x11, 0xe4, 0x10, 0x04, 0x11, 0x04, 0x11, 0x04, 0x09,
    0xe3, 0x10, 0xe4, 0x08, 0x04, 0x19, 0x81, 0x10, 0x21, 0x00, 0x20, 0x00, 0x20, 0x00, 0x20, 0x00,
    0x41, 0x00, 0x20, 0x00, 0x21, 0x00, 0x21, 0x00, 0x21, 0x00, 0x21, 0x00, 0x21, 0x00, 0x41, 0x08,
    0x41, 0x08, 0x00, 0x00, 0x82, 0x08, 0xa3, 0x08, 0x00, 0x00, 0x41, 0x00, 0x41, 0x00, 0x21, 0x00,
    0x41, 0x08, 0x20, 0x00, 0x62, 0x08, 0x41, 0x08, 0x21, 0x08, 0x41, 0x08, 0x41, 0x08, 0x41, 0x08,
    0x61, 0x08, 0x61, 0x08, 0x61, 0x08, 0x61, 0x08, 0x61, 0x08, 0x61, 0x08, 0x61, 0x08, 0x61, 0x08,
    0x61, 0x08, 0x61, 0x08, 0x61, 0x08, 0x61, 0x08, 0x61, 0x08, 0x61, 0x08, 0x61, 0x08, 0x62, 0x08,
    0x62, 0x08, 0x61, 0x08, 0x61, 0x08, 0x61, 0x08, 0x61, 0x08, 0x61, 0x08, 0x61, 0x08, 0x61, 0x08,
    0x61, 0x08, 0x61, 0x08, 0x61, 0x08, 0x61, 0x08, 0x61, 0x08, 0x41, 0x08, 0x61, 0x08, 0x61, 0x08,
    0x61, 0x08, 0x41, 0x08, 0x61, 0x08, 0x46, 0x11, 0x25, 0x11, 0x25, 0x11, 0x25, 0x11, 0x25, 0x11,
    0x45, 0x11, 0x25, 0x11, 0x25, 0x11, 0x25, 0x11, 0x25, 0x11, 0x25, 0x11, 0x25, 0x11, 0x25, 0x11,
    0x25, 0x11, 0x05, 0x11, 0x04, 0x11, 0xe4, 0x10, 0x62, 0x08, 0xc3, 0x10, 0x61, 0x08, 0x41, 0x08,
    0x61, 0x08, 0x61, 0x08, 0x61, 0x08, 0x42, 0x08, 0x42, 0x08, 0x61, 0x08, 0x61, 0x08, 0x62, 0x08,
    0x62, 0x08, 0x62, 0x08, 0x62, 0x08, 0x62, 0x08, 0x62, 0x08, 0x62, 0x08, 0x62, 0x08, 0x62, 0x08,
    0x62, 0x08, 0x62, 0x08, 0x62, 0x08, 0x62, 0x08, 0x62, 0x08, 0x62, 0x08, 0x62, 0x08, 0x62, 0x08,
    0x62, 0x08, 0x62, 0x08, 0x62, 0x08, 0x62, 0x08, 0x62, 0x08, 0x62, 0x08, 0x81, 0x08, 0x82, 0x10,
    0x82, 0x10, 0x82, 0x10, 0x62, 0x08, 0x62, 0x08, 0x61, 0x08, 0x82, 0x10, 0x61, 0x08, 0x62, 0x08,
    0x62, 0x08, 0x62, 0x08, 0x61, 0x08, 0x62, 0x08, 0x61, 0x08, 0x61, 0x08, 0x61, 0x08, 0x61, 0x08,
    0x61, 0x08, 0x61, 0x08, 0x62, 0x08, 0x61, 0x08, 0x61, 0x08, 0x61, 0x08, 0x61, 0x08, 0x61, 0x08,
    0x61, 0x08, 0x61, 0x08, 0x61, 0x08, 0x61, 0x08, 0x61, 0x08, 0x61, 0x08, 0x61, 0x08, 0x61, 0x08,
    0x62, 0x08, 0x62, 0x08, 0x61, 0x08, 0x61, 0x08, 0x61, 0x08, 0x61, 0x08, 0x61, 0x08, 0x61, 0x08,
    0x61, 0x08, 0x61, 0x08, 0x61, 0x08, 0x61, 0x08, 0x61, 0x08, 0x61, 0x08, 0x20, 0x08, 0xe4, 0x10,
    0xc4, 0x08, 0x82, 0x08, 0x82, 0x08, 0x62, 0x08, 0x41, 0x08, 0x20, 0x00, 0x20, 0x08, 0x20, 0x08,
    0x20, 0x08, 0x41, 0x08, 0x25, 0x11, 0x82, 0x08, 0x20, 0x08, 0x61, 0x08, 0x41, 0x08, 0x61, 0x08,
    0x20, 0x08, 0xa3, 0x10, 0x46, 0x19, 0x20, 0x08, 0x41, 0x08, 0x61, 0x08, 0x41, 0x08, 0x41, 0x08,
    0x20, 0x00, 0x46, 0x19, 0xc3, 0x10, 0x20, 0x08, 0x41, 0x08, 0x41, 0x08, 0x41, 0x08, 0x61, 0x08,
    0x82, 0x08, 0x82, 0x08, 0x62, 0x08, 0x61, 0x08, 0x20, 0x00, 0xe4, 0x18, 0xd3, 0x84, 0x4d, 0x4b,
    0xaa, 0x3a, 0xeb, 0x42, 0x03, 0x19, 0x85, 0x39, 0xc6, 0x39, 0xc2, 0x18, 0x04, 0x21, 0x03, 0x19,
    0x03, 0x19, 0x03, 0x19, 0x03, 0x19, 0x03, 0x19, 0x03, 0x19, 0x04, 0x19, 0xa2, 0x10, 0xab, 0x4a,
    0x92, 0x7c, 0x51, 0x74, 0x92, 0x84, 0x45, 0x21, 0x04, 0x19, 0x10, 0x6c, 0x51, 0x74, 0x8e, 0x5b,
    0xe3, 0x10, 0x24, 0x19, 0x8e, 0x63, 0xe4, 0x10, 0xe3, 0x10, 0x04, 0x11, 0xa2, 0x08, 0x28, 0x32,
    0xf0, 0x6b, 0xaf, 0x5b, 0x49, 0x3a, 0x61, 0x00, 0x2d, 0x4b, 0xcf, 0x63, 0xcf, 0x63, 0x72, 0x74,
    0x86, 0x21, 0xc3, 0x08, 0x04, 0x11, 0xe4, 0x10, 0xe3, 0x08, 0xe3, 0x08, 0x04, 0x09, 0x04, 0x11,
    0x04, 0x11, 0xe4, 0x08, 0x04, 0x11, 0x81, 0x10, 0x00, 0x00, 0x08, 0x2a, 0x08, 0x2a, 0x08, 0x22,
    0xeb, 0x3a, 0x08, 0x32, 0x00, 0x00, 0x41, 0x00, 0x21, 0x00, 0x21, 0x00, 0x21, 0x00, 0x21, 0x00,
    0x41, 0x00, 0x00, 0x00, 0x82, 0x08, 0xa3, 0x08, 0x00, 0x00, 0x41, 0x00, 0x41, 0x00, 0x41, 0x00,
    0x41, 0x00, 0x21, 0x00, 0x41, 0x00, 0x41, 0x08, 0x41, 0x08, 0x41, 0x08, 0x41, 0x08, 0x41, 0x08,
    0x61, 0x08, 0x42, 0x08, 0x61, 0x08, 0x61, 0x08, 0x61, 0x08, 0x61, 0x08, 0x61, 0x08, 0x61, 0x08,
    0x61, 0x08, 0x61, 0x08, 0x61, 0x08, 0x61, 0x08, 0x61, 0x08, 0x61, 0x08, 0x61, 0x08, 0x42, 0x08,
    0x42, 0x08, 0x61, 0x08, 0x61, 0x08, 0x61, 0x08, 0x61, 0x08, 0x61, 0x08, 0x61, 0x08, 0x61, 0x08,
    0x61, 0x08, 0x61, 0x08, 0x61, 0x08, 0x61, 0x08, 0x41, 0x08, 0x41, 0x08, 0x61, 0x08, 0x61, 0x08,
    0x41, 0x08, 0x41, 0x08, 0x46, 0x19, 0x82, 0x10, 0x61, 0x08, 0x61, 0x08, 0x61, 0x08, 0x61, 0x08,
    0x61, 0x08, 0x61, 0x08, 0x61, 0x08, 0x61, 0x08, 0x61, 0x08, 0x61, 0x08, 0x61, 0x08, 0x61, 0x08,
    0x61, 0x08, 0x61, 0x08, 0x61, 0x08, 0x61, 0x08, 0x41, 0x08, 0x41, 0x08, 0x41, 0x08, 0x61, 0x08,
    0x61, 0x08, 0x61, 0x08, 0x61, 0x08, 0x61, 0x08, 0x61, 0x08, 0x61, 0x08, 0x62, 0x08, 0x62, 0x08,
    0x62, 0x08, 0x62, 0x08, 0x62, 0x08, 0x62, 0x08, 0x62, 0x08, 0x62, 0x08, 0x62, 0x08, 0x62, 0x08,
    0x62, 0x08, 0x62, 0x08, 0x62, 0x08, 0x62, 0x08, 0x62, 0x08, 0x62, 0x08, 0x62, 0x08, 0x62, 0x08,
    0x62, 0x08, 0x62, 0x08, 0x62, 0x08, 0x62, 0x08, 0x62, 0x08, 0x62, 0x08, 0x61, 0x08, 0x82, 0x08,
    0x82, 0x10, 0x62, 0x08, 0x62, 0x08, 0x62, 0x08, 0x61, 0x08, 0x82, 0x10, 0x61, 0x08, 0x62, 0x08,
    0x62, 0x08, 0x62, 0x08, 0x62, 0x08, 0x62, 0x08, 0x61, 0x08, 0x61, 0x08, 0x42, 0x08, 0x61, 0x08,
    0x62, 0x08, 0x62, 0x08, 0x61, 0x08, 0x61, 0x08, 0x61, 0x08, 0x61, 0x08, 0x61, 0x08, 0x61, 0x08,
    0x61, 0x08, 0x61, 0x08, 0x61, 0x08, 0x61, 0x08, 0x61, 0x08, 0x61, 0x08, 0x61, 0x08, 0x61, 0x08,
    0x62, 0x08, 0x62, 0x08, 0x62, 0x08, 0x62, 0x08, 0x61, 0x08, 0x61, 0x08, 0x61, 0x08, 0x41, 0x08,
    0x61, 0x08, 0x41, 0x08, 0x41, 0x08, 0x41, 0x08, 0x41, 0x08, 0x41, 0x08, 0x41, 0x08, 0x41, 0x08,
    0x41, 0x08, 0x41, 0x08, 0x41, 0x08, 0x40, 0x00, 0x82, 0x08, 0x05, 0x11, 0xe4, 0x10, 0x04, 0x11,
    0x04, 0x11, 0x45, 0x11, 0x82, 0x08, 0x20, 0x08, 0x61, 0x08, 0x41, 0x08, 0x61, 0x08, 0x20, 0x08,
    0xa2, 0x08, 0x66, 0x19, 0x20, 0x08, 0x41, 0x08, 0x61, 0x08, 0x41, 0x08, 0x41, 0x08, 0x20, 0x08,
    0x46, 0x19, 0xc3, 0x10, 0x20, 0x08, 0x61, 0x08, 0x41, 0x08, 0x20, 0x08, 0x61, 0x08, 0x05, 0x11,
    0xa3, 0x08, 0xa3, 0x08, 0xa2, 0x08, 0x82, 0x08, 0x41, 0x00, 0xc3, 0x10, 0xcf, 0x63, 0xaa, 0x42,
    0x28, 0x32, 0x49, 0x32, 0xc3, 0x10, 0x85, 0x39, 0xc6, 0x39, 0xc2, 0x18, 0x04, 0x21, 0x03, 0x19,
    0x03, 0x19, 0x03, 0x19, 0x03, 0x19, 0x03, 0x19, 0xe3, 0x18, 0x03, 0x19, 0xe3, 0x18, 0xe3, 0x18,
    0xa2, 0x10, 0xa2, 0x10, 0xa2, 0x10, 0xe3, 0x10, 0xc3, 0x10, 0xa2, 0x08, 0x04, 0x19, 0xa2, 0x10,
    0x03, 0x11, 0x04, 0x11, 0xe3, 0x10, 0xe3, 0x10, 0xe3, 0x10, 0xe3, 0x10, 0xe3, 0x10, 0x82, 0x00,
    0xc3, 0x08, 0xe3, 0x10, 0xa2, 0x08, 0xe3, 0x10, 0xc2, 0x08, 0xa2, 0x08, 0x82, 0x00, 0xa2, 0x08,
    0xe3, 0x08, 0x04, 0x11, 0x04, 0x11, 0xe3, 0x08, 0xe3, 0x08, 0xe3, 0x08, 0xe3, 0x08, 0xe3, 0x08,
    0x04, 0x11, 0xe3, 0x08, 0x04, 0x11, 0x81, 0x10, 0x00, 0x00, 0xc7, 0x21, 0xc7, 0x21, 0xc7, 0x21,
    0x69, 0x32, 0x86, 0x29, 0x00, 0x00, 0x21, 0x00, 0x21, 0x00, 0x21, 0x00, 0x21, 0x00, 0x21, 0x00,
    0x41, 0x00, 0x00, 0x00, 0x82, 0x08, 0xa3, 0x08, 0x00, 0x00, 0x41, 0x08, 0x41, 0x08, 0x41, 0x00,
    0x41, 0x00, 0x21, 0x00, 0x21, 0x00, 0x41, 0x08, 0x41, 0x08, 0x41, 0x08, 0x41, 0x08, 0x41, 0x08,
    0x42, 0x08, 0x42, 0x08, 0x42, 0x08, 0x61, 0x08, 0x61, 0x08, 0x61, 0x08, 0x61, 0x08, 0x61, 0x08,
    0x61, 0x08, 0x61, 0x08, 0x61, 0x08, 0x61, 0x08, 0x61, 0x08, 0x61, 0x08, 0x61, 0x08, 0x42, 0x08,
    0x42, 0x08, 0x61, 0x08, 0x61, 0x08, 0x61, 0x08, 0x61, 0x08, 0x61, 0x08, 0x61, 0x08, 0x61, 0x08,
    0x61, 0x08, 0x61, 0x08, 0x61, 0x08, 0x61, 0x08, 0x41, 0x08, 0x61, 0x08, 0x61, 0x08, 0x61, 0x08,
    0x41, 0x08, 0x25, 0x11, 0x82, 0x08, 0x20, 0x08, 0x61, 0x08, 0x61, 0x08, 0x61, 0x08, 0x41, 0x08,
    0x41, 0x08, 0x41, 0x08, 0x41, 0x08, 0x41, 0x08, 0x41, 0x08, 0x41, 0x08, 0x61, 0x08, 0x61, 0x08,
    0x41, 0x08, 0x41, 0x08, 0x41, 0x08, 0x41, 0x08, 0x61, 0x08, 0x61, 0x08, 0x61, 0x08, 0x61, 0x08,
    0x61, 0x08, 0x61, 0x08, 0x61, 0x08, 0x62, 0x08, 0x62, 0x08, 0x61, 0x08, 0x61, 0x08, 0x62, 0x08,
    0x62, 0x08, 0x62, 0x08, 0x62, 0x08, 0x62, 0x08, 0x62, 0x08, 0x82, 0x08, 0x62, 0x08, 0x62, 0x08,
    0x62, 0x08, 0x62, 0x08, 0x62, 0x08, 0x62, 0x08, 0x62, 0x08, 0x62, 0x08, 0x62, 0x08, 0x62, 0x08,
    0x62, 0x08, 0x62, 0x08, 0x62, 0x08, 0x62, 0x08, 0x62, 0x08, 0x62, 0x08, 0x62, 0x08, 0x62, 0x08,
    0x62, 0x08, 0x62, 0x08, 0x62, 0x08, 0x62, 0x08, 0x62, 0x08, 0x62, 0x08, 0x62, 0x08, 0x62, 0x08,
    0x62, 0x08, 0x62, 0x08, 0x61, 0x08, 0x61, 0x08, 0x62, 0x08, 0x62, 0x08, 0x42, 0x08, 0x42, 0x08,
    0x62, 0x08, 0x62, 0x08, 0x61, 0x08, 0x61, 0x08, 0x61, 0x08, 0x61, 0x08, 0x61, 0x08, 0x61, 0x08,
    0x62, 0x08, 0x61, 0x08, 0x61, 0x08, 0x61, 0x08, 0x61, 0x08, 0x61, 0x08, 0x61, 0x08, 0x61, 0x08,
    0x61, 0x08, 0x61, 0x08, 0x61, 0x08, 0x61, 0x08, 0x61, 0x08, 0x61, 0x08, 0x61, 0x08, 0x41, 0x08,
    0x41, 0x08, 0x41, 0x08, 0x41, 0x08, 0x41, 0x08, 0x41, 0x08, 0x41, 0x08, 0x41, 0x08, 0x41, 0x08,
    0x41, 0x08, 0x41, 0x08, 0x41, 0x08, 0x41, 0x08, 0x61, 0x08, 0x82, 0x08, 0x82, 0x08, 0x82, 0x08,
    0x82, 0x08, 0x61, 0x08, 0x41, 0x08, 0x61, 0x08, 0x41, 0x08, 0x61, 0x08, 0x20, 0x08, 0x82, 0x08,
    0x66, 0x19, 0x40, 0x08, 0x41, 0x08, 0x61, 0x08, 0x41, 0x08, 0x41, 0x08, 0x20, 0x08, 0x46, 0x19,
    0xe4, 0x10, 0x20, 0x08, 0x61, 0x08, 0x61, 0x08, 0x41, 0x08, 0x41, 0x08, 0x25, 0x11, 0x61, 0x08,
    0x20, 0x00, 0x21, 0x00, 0x20, 0x00, 0x20, 0x00, 0x20, 0x00, 0x00, 0x00, 0x00, 0x00, 0x00, 0x00,
    0x00, 0x00, 0x00, 0x00, 0x00, 0x00, 0xc6, 0x39, 0xa5, 0x39, 0xc2, 0x18, 0x04, 0x21, 0x03, 0x19,
    0x03, 0x19, 0x03, 0x19, 0xe3, 0x18, 0xe3, 0x18, 0xe3, 0x18, 0xe3, 0x18, 0x03, 0x19, 0x03, 0x19,
    0xe3, 0x10, 0x03, 0x11, 0x03, 0x11, 0xe3, 0x10, 0x04, 0x19, 0x04, 0x19, 0xe3, 0x10, 0x04, 0x11,
    0x04, 0x11, 0x04, 0x11, 0xe4, 0x10, 0xe4, 0x10, 0xe3, 0x10, 0xe3, 0x10, 0xe3, 0x10, 0xe4, 0x10,
    0xe3, 0x08, 0xe3, 0x08, 0x04, 0x11, 0xe4, 0x10, 0xe3, 0x08, 0xe3, 0x08, 0xe3, 0x08, 0xe3, 0x08,
    0xe3, 0x10, 0x04, 0x09, 0xe3, 0x08, 0xe3, 0x08, 0xe3, 0x08, 0xe3, 0x08, 0xe3, 0x08, 0xe3, 0x08,
    0xe3, 0x08, 0xe3, 0x08, 0x04, 0x11, 0x81, 0x10, 0x20, 0x00, 0x00, 0x00, 0x00, 0x00, 0x00, 0x00,
    0x00, 0x00, 0x00, 0x00, 0x20, 0x00, 0x20, 0x00, 0x20, 0x00, 0x21, 0x00, 0x21, 0x00, 0x21, 0x00,
    0x41, 0x00, 0x00, 0x00, 0x83, 0x08, 0xa3, 0x08, 0x00, 0x00, 0x41, 0x08, 0x41, 0x08, 0x41, 0x08,
    0x41, 0x00, 0x41, 0x00, 0x41, 0x00, 0x41, 0x00, 0x41, 0x00, 0x41, 0x08, 0x41, 0x08, 0x41, 0x08,
    0x42, 0x08, 0x42, 0x08, 0x42, 0x08, 0x61, 0x08, 0x61, 0x08, 0x61, 0x08, 0x61, 0x08, 0x61, 0x08,
    0x61, 0x08, 0x61, 0x08, 0x61, 0x08, 0x61, 0x08, 0x61, 0x08, 0x61, 0x08, 0x42, 0x08, 0x42, 0x08,
    0x42, 0x08, 0x61, 0x08, 0x61, 0x08, 0x61, 0x08, 0x61, 0x08, 0x61, 0x08, 0x61, 0x08, 0x61, 0x08,
    0x61, 0x08, 0x61, 0x08, 0x41, 0x08, 0x41, 0x08, 0x41, 0x08, 0x41, 0x08, 0x61, 0x08, 0x40, 0x08,
    0x25, 0x11, 0xa2, 0x10, 0x41, 0x08, 0x62, 0x08, 0x61, 0x08, 0x61, 0x08, 0x61, 0x08, 0x61, 0x08,
    0x62, 0x08, 0x61, 0x08, 0x61, 0x08, 0x61, 0x08, 0x61, 0x08, 0x61, 0x08, 0x61, 0x08, 0x61, 0x08,
    0x61, 0x08, 0x61, 0x08, 0x61, 0x08, 0x61, 0x08, 0x61, 0x08, 0x61, 0x08, 0x61, 0x08, 0x61, 0x08,
    0x61, 0x08, 0x62, 0x08, 0x62, 0x08, 0x62, 0x08, 0x62, 0x08, 0x61, 0x08, 0x61, 0x08, 0x61, 0x08,
    0x61, 0x08, 0x62, 0x08, 0x62, 0x08, 0x62, 0x08, 0x62, 0x08, 0x82, 0x10, 0x82, 0x10, 0x81, 0x08,
    0x61, 0x08, 0x62, 0x08, 0x61, 0x08, 0x61, 0x08, 0x62, 0x08, 0x62, 0x08, 0x62, 0x08, 0x62, 0x08,
    0x62, 0x08, 0x62, 0x08, 0x62, 0x08, 0x62, 0x08, 0x62, 0x08, 0x62, 0x08, 0x62, 0x08, 0x62, 0x08,
    0x62, 0x08, 0x62, 0x08, 0x62, 0x08, 0x62, 0x08, 0x62, 0x08, 0x62, 0x08, 0x62, 0x08, 0x62, 0x08,
    0x62, 0x08, 0x61, 0x08, 0x61, 0x08, 0x61, 0x08, 0x62, 0x08, 0x62, 0x08, 0x62, 0x08, 0x62, 0x08,
    0x62, 0x08, 0x62, 0x08, 0x61, 0x08, 0x61, 0x08, 0x61, 0x08, 0x41, 0x08, 0x20, 0x08, 0x61, 0x08,
    0x40, 0x08, 0x61, 0x08, 0x61, 0x08, 0x61, 0x08, 0x61, 0x08, 0x61, 0x08, 0x62, 0x08, 0x62, 0x08,
    0x61, 0x08, 0x62, 0x08, 0x61, 0x08, 0x61, 0x08, 0x61, 0x08, 0x61, 0x08, 0x61, 0x08, 0x61, 0x08,
    0x61, 0x08, 0x61, 0x08, 0x61, 0x08, 0x61, 0x08, 0x61, 0x08, 0x61, 0x08, 0x61, 0x08, 0x61, 0x08,
    0x61, 0x08, 0x41, 0x08, 0x41, 0x08, 0x41, 0x08, 0x61, 0x08, 0x41, 0x08, 0x41, 0x08, 0x41, 0x08,
    0x41, 0x08, 0x41, 0x08, 0x61, 0x08, 0x61, 0x08, 0x62, 0x08, 0x41, 0x08, 0x82, 0x08, 0x46, 0x19,
    0x40, 0x08, 0x41, 0x08, 0x61, 0x08, 0x41, 0x08, 0x41, 0x08, 0x40, 0x08, 0x25, 0x11, 0xe3, 0x10,
    0x20, 0x08, 0x61, 0x08, 0x61, 0x08, 0x41, 0x08, 0x41, 0x08, 0x25, 0x11, 0x61, 0x08, 0x41, 0x08,
    0x61, 0x08, 0x41, 0x08, 0x41, 0x00, 0x21, 0x00, 0x21, 0x00, 0x00, 0x00, 0x41, 0x08, 0x41, 0x08,
    0x20, 0x00, 0x41, 0x00, 0x00, 0x00, 0xc6, 0x41, 0xa5, 0x39, 0xc2, 0x18, 0x04, 0x21, 0xe3, 0x18,
    0xe3, 0x18, 0xe3, 0x18, 0xe3, 0x18, 0xe3, 0x18, 0xe3, 0x18, 0xe3, 0x18, 0x03, 0x19, 0x03, 0x19,
    0x03, 0x11, 0x03, 0x11, 0x03, 0x11, 0xe3, 0x10, 0xe4, 0x10, 0xe4, 0x10, 0x04, 0x11, 0x04, 0x11,
    0x04, 0x11, 0x04, 0x11, 0xe4, 0x10, 0xe4, 0x10, 0xe3, 0x10, 0xe3, 0x08, 0xe3, 0x08, 0xe3, 0x08,
    0xe3, 0x08, 0xe3, 0x10, 0xe3, 0x08, 0xe3, 0x08, 0xe3, 0x08, 0xe3, 0x08, 0xe3, 0x08, 0xe3, 0x08,
    0xe3, 0x08, 0xe3, 0x08, 0xe3, 0x08, 0xe3, 0x08, 0xe3, 0x08, 0xe3, 0x08, 0xe3, 0x08, 0xe3, 0x08,
    0xe3, 0x08, 0xe3, 0x08, 0x03, 0x11, 0x81, 0x10, 0x20, 0x00, 0x20, 0x00, 0x20, 0x00, 0x20, 0x00,
    0x41, 0x08, 0x20, 0x00, 0x20, 0x00, 0x20, 0x00, 0x20, 0x00, 0x20, 0x00, 0x21, 0x00, 0x21, 0x00,
    0x41, 0x00, 0x00, 0x00, 0x83, 0x08, 0xa3, 0x08, 0x00, 0x00, 0x41, 0x08, 0x41, 0x08, 0x41, 0x08,
    0x41, 0x08, 0x41, 0x00, 0x41, 0x00, 0x41, 0x00, 0x41, 0x00, 0x41, 0x00, 0x41, 0x08, 0x41, 0x08,
    0x61, 0x08, 0x61, 0x08, 0x61, 0x08, 0x61, 0x08, 0x61, 0x08, 0x61, 0x08, 0x61, 0x08, 0x61, 0x08,
    0x61, 0x08, 0x61, 0x08, 0x61, 0x08, 0x61, 0x08, 0x61, 0x08, 0x61, 0x08, 0x61, 0x08, 0x42, 0x08,
    0x61, 0x08, 0x61, 0x08, 0x61, 0x08, 0x61, 0x08, 0x61, 0x08, 0x61, 0x08, 0x61, 0x08, 0x61, 0x08,
    0x61, 0x08, 0x61, 0x08, 0x41, 0x08, 0x41, 0x08, 0x61, 0x08, 0x61, 0x08, 0x40, 0x08, 0x05, 0x11,
    0xa3, 0x10, 0x41, 0x08, 0x62, 0x08, 0x62, 0x08, 0x61, 0x08, 0x61, 0x08, 0x61, 0x08, 0x62, 0x08,
    0x62, 0x08, 0x62, 0x08, 0x62, 0x08, 0x61, 0x08, 0x61, 0x08, 0x61, 0x08, 0x61, 0x08, 0x61, 0x08,
    0x61, 0x08, 0x62, 0x08, 0x62, 0x08, 0x62, 0x08, 0x61, 0x08, 0x61, 0x08, 0x61, 0x08, 0x62, 0x08,
    0x62, 0x08, 0x62, 0x08, 0x62, 0x08, 0x62, 0x08, 0x62, 0x08, 0x62, 0x08, 0x61, 0x08, 0x61, 0x08,
    0x61, 0x08, 0x61, 0x08, 0x62, 0x08, 0x62, 0x08, 0x62, 0x08, 0x82, 0x10, 0x82, 0x10, 0x82, 0x08,
    0x61, 0x08, 0x82, 0x08, 0x81, 0x08, 0x61, 0x08, 0x61, 0x08, 0x61, 0x08, 0x81, 0x08, 0x81, 0x08,
    0x61, 0x08, 0x62, 0x08, 0x62, 0x08, 0x62, 0x08, 0x62, 0x08, 0x62, 0x08, 0x62, 0x08, 0x62, 0x08,
    0x62, 0x08, 0x62, 0x08, 0x62, 0x08, 0x61, 0x08, 0x61, 0x08, 0x61, 0x08, 0x62, 0x08, 0x62, 0x08,
    0x62, 0x08, 0x61, 0x08, 0x61, 0x08, 0x61, 0x08, 0x61, 0x08, 0x62, 0x08, 0x62, 0x08, 0x62, 0x08,
    0x62, 0x08, 0x62, 0x08, 0x61, 0x08, 0x61, 0x08, 0x41, 0x08, 0x41, 0x08, 0x66, 0x19, 0x66, 0x11,
    0x05, 0x11, 0x20, 0x08, 0x40, 0x08, 0x40, 0x08, 0x40, 0x08, 0x20, 0x08, 0x40, 0x08, 0x20, 0x08,
    0x20, 0x08, 0x20, 0x08, 0x20, 0x08, 0x20, 0x08, 0x20, 0x08, 0x20, 0x08, 0x20, 0x08, 0x20, 0x08,
    0x20, 0x08, 0x20, 0x08, 0x20, 0x08, 0x20, 0x08, 0x20, 0x08, 0x20, 0x08, 0x20, 0x08, 0x20, 0x08,
    0x20, 0x08, 0x20, 0x08, 0x20, 0x08, 0x20, 0x00, 0x20, 0x00, 0x20, 0x08, 0x20, 0x08, 0x20, 0x00,
    0x20, 0x00, 0x20, 0x00, 0x20, 0x00, 0x20, 0x08, 0x20, 0x08, 0x62, 0x08, 0x45, 0x19, 0x41, 0x08,
    0x41, 0x08, 0x61, 0x08, 0x61, 0x08, 0x61, 0x08, 0x40, 0x08, 0xc3, 0x10, 0x05, 0x11, 0x00, 0x08,
    0x61, 0x08, 0x61, 0x08, 0x41, 0x08, 0x41, 0x08, 0x25, 0x11, 0x82, 0x08, 0x41, 0x08, 0x61, 0x08,
    0x41, 0x08, 0x41, 0x08, 0x41, 0x00, 0x41, 0x00, 0x00, 0x00, 0xc3, 0x18, 0xf3, 0x7c, 0x4d, 0x4b,
    0xaa, 0x3a, 0xeb, 0x3a, 0xe4, 0x10, 0x64, 0x39, 0xa5, 0x39, 0xc2, 0x10, 0x04, 0x21, 0xe3, 0x18,
    0xe3, 0x18, 0xe3, 0x18, 0xe3, 0x18, 0xe3, 0x18, 0xe3, 0x18, 0xe3, 0x18, 0xe3, 0x10, 0xe3, 0x10,
    0x03, 0x11, 0xe3, 0x10, 0xe3, 0x10, 0xe3, 0x10, 0xe3, 0x10, 0xe3, 0x10, 0x04, 0x11, 0x04, 0x11,
    0xe3, 0x10, 0xe4, 0x10, 0xe4, 0x10, 0xe4, 0x10, 0xe3, 0x10, 0xe3, 0x10, 0xe3, 0x08, 0xe3, 0x08,
    0xe3, 0x08, 0xe3, 0x08, 0xe3, 0x08, 0xe3, 0x08, 0xe3, 0x08, 0xe3, 0x08, 0xe3, 0x08, 0xe3, 0x08,
    0xe3, 0x08, 0xe3, 0x08, 0xe3, 0x08, 0xe3, 0x08, 0xe3, 0x08, 0xe3, 0x08, 0xe3, 0x08, 0xe3, 0x08,
    0xe3, 0x08, 0xe3, 0x08, 0x03, 0x11, 0x81, 0x10, 0x00, 0x00, 0xe8, 0x29, 0x08, 0x22, 0x08, 0x22,
    0xeb, 0x3a, 0xe7, 0x31, 0x00, 0x00, 0x21, 0x00, 0x20, 0x00, 0x20, 0x00, 0x20, 0x00, 0x21, 0x00,
    0x41, 0x00, 0x00, 0x00, 0x82, 0x08, 0xa3, 0x08, 0x00, 0x00, 0x41, 0x08, 0x41, 0x08, 0x41, 0x08,
    0x41, 0x08, 0x41, 0x08, 0x41, 0x00, 0x21, 0x00, 0x41, 0x00, 0x41, 0x08, 0x41, 0x00, 0x41, 0x08,
    0x61, 0x08, 0x61, 0x08, 0x61, 0x08, 0x61, 0x08, 0x61, 0x08, 0x61, 0x08, 0x61, 0x08, 0x61, 0x08,
    0x61, 0x08, 0x61, 0x08, 0x61, 0x08, 0x61, 0x08, 0x61, 0x08, 0x61, 0x08, 0x61, 0x08, 0x61, 0x08,
    0x61, 0x08, 0x61, 0x08, 0x61, 0x08, 0x61, 0x08, 0x61, 0x08, 0x61, 0x08, 0x61, 0x08, 0x61, 0x08,
    0x61, 0x08, 0x61, 0x08, 0x61, 0x08, 0x41, 0x08, 0x40, 0x08, 0x20, 0x08, 0xe4, 0x10, 0xa3, 0x10,
    0x41, 0x08, 0x62, 0x08, 0x62, 0x08, 0x62, 0x08, 0x61, 0x08, 0x61, 0x08, 0x62, 0x08, 0x42, 0x08,
    0x42, 0x08, 0x62, 0x08, 0x62, 0x08, 0x62, 0x08, 0x62, 0x08, 0x62, 0x08, 0x62, 0x08, 0x61, 0x08,
    0x62, 0x08, 0x62, 0x08, 0x62, 0x08, 0x62, 0x08, 0x61, 0x08, 0x61, 0x08, 0x61, 0x08, 0x62, 0x08,
    0x62, 0x08, 0x62, 0x08, 0x62, 0x08, 0x62, 0x08, 0x62, 0x08, 0x62, 0x08, 0x62, 0x08, 0x61, 0x08,
    0x61, 0x08, 0x61, 0x08, 0x62, 0x08, 0x62, 0x08, 0x62, 0x08, 0x82, 0x08, 0x82, 0x08, 0x82, 0x08,
    0x82, 0x08, 0x82, 0x10, 0x81, 0x10, 0x61, 0x08, 0x61, 0x08, 0x61, 0x08, 0x61, 0x08, 0x61, 0x08,
    0x61, 0x08, 0x61, 0x08, 0x61, 0x08, 0x61, 0x08, 0x62, 0x08, 0x62, 0x08, 0x62, 0x08, 0x61, 0x08,
    0x61, 0x08, 0x61, 0x08, 0x61, 0x08, 0x61, 0x08, 0x61, 0x08, 0x61, 0x08, 0x62, 0x08, 0x62, 0x08,
    0x62, 0x08, 0x61, 0x08, 0x61, 0x08, 0x61, 0x08, 0x61, 0x08, 0x62, 0x08, 0x62, 0x08, 0x62, 0x08,
    0x61, 0x08, 0x61, 0x08, 0x61, 0x08, 0x61, 0x08, 0x00, 0x08, 0x25, 0x11, 0x04, 0x11, 0x00, 0x08,
    0x04, 0x11, 0x25, 0x11, 0xc3, 0x10, 0xe4, 0x10, 0xe4, 0x10, 0xe4, 0x10, 0xe4, 0x10, 0xe4, 0x10,
    0xe4, 0x10, 0xe4, 0x10, 0xe4, 0x10, 0xe4, 0x10, 0xc4, 0x10, 0xe4, 0x10, 0xe4, 0x10, 0xe4, 0x10,
    0xe4, 0x10, 0xe4, 0x10, 0xe4, 0x10, 0xe4, 0x10, 0xc4, 0x10, 0xe4, 0x10, 0xe4, 0x10, 0xc4, 0x10,
    0xe4, 0x10, 0xe4, 0x10, 0xe4, 0x10, 0xe4, 0x10, 0xe4, 0x10, 0xe4, 0x10, 0xe4, 0x10, 0xe4, 0x10,
    0xe4, 0x10, 0xe4, 0x10, 0xe4, 0x10, 0xe4, 0x10, 0xe4, 0x10, 0x46, 0x19, 0x41, 0x08, 0x41, 0x08,
    0x61, 0x08, 0x41, 0x08, 0x41, 0x08, 0x61, 0x08, 0x20, 0x08, 0xc3, 0x10, 0xc3, 0x10, 0x20, 0x08,
    0x61, 0x08, 0x41, 0x08, 0x41, 0x08, 0x25, 0x11, 0x82, 0x08, 0x41, 0x08, 0x61, 0x08, 0x41, 0x08,
    0x41, 0x08, 0x62, 0x08, 0x41, 0x08, 0x41, 0x08, 0x00, 0x00, 0xa3, 0x10, 0x10, 0x64, 0xcb, 0x3a,
    0x28, 0x2a, 0x49, 0x2a, 0xc3, 0x08, 0x24, 0x31, 0xa5, 0x39, 0xc3, 0x10, 0x04, 0x21, 0xe3, 0x18,
    0xe3, 0x18, 0xe3, 0x18, 0xe3, 0x18, 0xe3, 0x18, 0xe3, 0x18, 0xe3, 0x10, 0xe3, 0x10, 0xe3, 0x10,
    0xe4, 0x10, 0xe3, 0x10, 0x04, 0x11, 0x04, 0x11, 0xe4, 0x10, 0xe3, 0x10, 0xe4, 0x10, 0xe4, 0x10,
    0xe4, 0x10, 0xe4, 0x10, 0xe3, 0x10, 0xe3, 0x10, 0xe3, 0x10, 0xe3, 0x08, 0xe3, 0x08, 0xe3, 0x08,
    0xe3, 0x08, 0xe3, 0x08, 0xe3, 0x08, 0xe3, 0x08, 0xe3, 0x08, 0xe3, 0x08, 0xe3, 0x08, 0xe3, 0x08,
    0xe3, 0x08, 0xe3, 0x08, 0xe3, 0x08, 0xe3, 0x08, 0xe3, 0x08, 0xe3, 0x08, 0xe3, 0x08, 0xe3, 0x08,
    0xe3, 0x08, 0xe3, 0x08, 0x03, 0x19, 0x81, 0x10, 0x00, 0x00, 0xa7, 0x21, 0xc7, 0x21, 0xc7, 0x21,
    0x6a, 0x2a, 0x65, 0x21, 0x00, 0x00, 0x41, 0x00, 0x20, 0x00, 0x21, 0x00, 0x20, 0x00, 0x21, 0x00,
    0x21, 0x00, 0x00, 0x00, 0x82, 0x08, 0xa3, 0x08, 0x00, 0x00, 0x41, 0x08, 0x41, 0x08, 0x41, 0x08,
    0x41, 0x00, 0x41, 0x08, 0x41, 0x08, 0x21, 0x00, 0x41, 0x08, 0x41, 0x08, 0x41, 0x08, 0x41, 0x00,
    0x61, 0x08, 0x61, 0x08, 0x61, 0x08, 0x61, 0x08, 0x61, 0x08, 0x61, 0x08, 0x61, 0x08, 0x61, 0x08,
    0x61, 0x08, 0x61, 0x08, 0x61, 0x08, 0x61, 0x08, 0x61, 0x08, 0x61, 0x08, 0x61, 0x08, 0x61, 0x08,
    0x61, 0x08, 0x61, 0x08, 0x61, 0x08, 0x61, 0x08, 0x61, 0x08, 0x61, 0x08, 0x61, 0x08, 0x61, 0x08,
    0x61, 0x08, 0x41, 0x08, 0x41, 0x08, 0x61, 0x08, 0x82, 0x08, 0xe4, 0x10, 0xa2, 0x08, 0x20, 0x08,
    0x62, 0x08, 0x62, 0x08, 0x62, 0x08, 0x61, 0x08, 0x42, 0x08, 0x62, 0x08, 0x62, 0x08, 0x42, 0x08,
    0x42, 0x08, 0x61, 0x08, 0x61, 0x08, 0x61, 0x08, 0x62, 0x08, 0x62, 0x08, 0x62, 0x08, 0x62, 0x08,
    0x61, 0x08, 0x62, 0x08, 0x62, 0x08, 0x62, 0x08, 0x62, 0x08, 0x61, 0x08, 0x61, 0x08, 0x62, 0x08,
    0x62, 0x08, 0x62, 0x08, 0x62, 0x08, 0x62, 0x08, 0x62, 0x08, 0x62, 0x08, 0x62, 0x08, 0x62, 0x08,
    0x61, 0x08, 0x61, 0x08, 0x62, 0x08, 0x62, 0x08, 0x62, 0x08, 0x62, 0x08, 0x62, 0x08, 0x82, 0x08,
    0x82, 0x08, 0x82, 0x08, 0x81, 0x08, 0x61, 0x08, 0x61, 0x08, 0x61, 0x08, 0x81, 0x08, 0x62, 0x08,
    0x81, 0x08, 0x81, 0x08, 0x62, 0x08, 0x82, 0x08, 0x81, 0x08, 0x61, 0x08, 0x61, 0x08, 0x61, 0x08,
    0x61, 0x08, 0x61, 0x08, 0x61, 0x08, 0x61, 0x08, 0x61, 0x08, 0x62, 0x08, 0x62, 0x08, 0x62, 0x08,
    0x62, 0x08, 0x62, 0x08, 0x61, 0x08, 0x61, 0x08, 0x61, 0x08, 0x62, 0x08, 0x62, 0x08, 0x61, 0x08,
    0x61, 0x08, 0x61, 0x08, 0x61, 0x08, 0x61, 0x08, 0x20, 0x08, 0x05, 0x11, 0xc3, 0x10, 0x00, 0x08,
    0x25, 0x19, 0x25, 0x11, 0xa3, 0x10, 0xe4, 0x10, 0xc4, 0x10, 0xc4, 0x10, 0xc3, 0x10, 0xc3, 0x10,
    0xc3, 0x10, 0xc3, 0x10, 0xc3, 0x10, 0xc3, 0x10, 0xc3, 0x10, 0xc3, 0x10, 0xc3, 0x10, 0xc3, 0x10,
    0xc3, 0x10, 0xc3, 0x10, 0xc3, 0x10, 0xc3, 0x10, 0xc3, 0x10, 0xc3, 0x10, 0xc3, 0x10, 0xc3, 0x10,
    0xc3, 0x10, 0xc3, 0x10, 0xc3, 0x10, 0xc3, 0x10, 0xa3, 0x10, 0xc3, 0x10, 0xc3, 0x10, 0xc3, 0x10,
    0xc3, 0x10, 0xc3, 0x10, 0xc3, 0x10, 0xa2, 0x10, 0xc3, 0x10, 0x25, 0x19, 0x20, 0x08, 0x62, 0x08,
    0x41, 0x08, 0x41, 0x08, 0x41, 0x08, 0x41, 0x08, 0x20, 0x08, 0xc3, 0x10, 0xe4, 0x10, 0x20, 0x08,
    0x61, 0x08, 0x41, 0x08, 0x25, 0x11, 0x82, 0x08, 0x41, 0x08, 0x61, 0x08, 0x61, 0x08, 0x41, 0x08,
    0x82, 0x08, 0x62, 0x08, 0x41, 0x08, 0x41, 0x08, 0x41, 0x08, 0x21, 0x00, 0x00, 0x00, 0x00, 0x00,
    0x00, 0x00, 0x00, 0x00, 0x00, 0x00, 0xe3, 0x20, 0xe5, 0x49, 0xc3, 0x10, 0x03, 0x21, 0x03, 0x19,
    0xe3, 0x18, 0xe3, 0x18, 0xe3, 0x18, 0xe3, 0x18, 0x03, 0x11, 0x03, 0x11, 0x03, 0x11, 0xe3, 0x10,
    0xe3, 0x10, 0x04, 0x11, 0x04, 0x11, 0x04, 0x11, 0x04, 0x11, 0x04, 0x11, 0xe4, 0x10, 0xe4, 0x10,
    0xe4, 0x10, 0xe4, 0x10, 0xe4, 0x10, 0xe3, 0x10, 0xe3, 0x10, 0xe3, 0x08, 0xe3, 0x08, 0xe3, 0x08,
    0xe3, 0x08, 0xe3, 0x08, 0xe3, 0x08, 0xe3, 0x08, 0xe3, 0x08, 0xe3, 0x08, 0xe3, 0x08, 0xe3, 0x08,
    0xe3, 0x08, 0xe3, 0x08, 0xe3, 0x08, 0xe3, 0x08, 0xe3, 0x08, 0xe3, 0x08, 0xe3, 0x08, 0xe3, 0x08,
    0x03, 0x09, 0xe4, 0x08, 0x24, 0x19, 0x61, 0x10, 0x21, 0x00, 0x00, 0x00, 0x00, 0x00, 0x00, 0x00,
    0x00, 0x00, 0x00, 0x00, 0x20, 0x00, 0x82, 0x08, 0x21, 0x00, 0x20, 0x00, 0x21, 0x00, 0x21, 0x00,
    0x41, 0x00, 0x00, 0x00, 0x82, 0x08, 0xa3, 0x08, 0x00, 0x00, 0x41, 0x00, 0x41, 0x08, 0x41, 0x08,
    0x41, 0x00, 0x41, 0x08, 0x41, 0x08, 0x41, 0x08, 0x41, 0x08, 0x41, 0x08, 0x41, 0x08, 0x41, 0x00,
    0x61, 0x08, 0x61, 0x08, 0x61, 0x08, 0x61, 0x08, 0x61, 0x08, 0x61, 0x08, 0x61, 0x08, 0x61, 0x08,
    0x61, 0x08, 0x61, 0x08, 0x61, 0x08, 0x61, 0x08, 0x61, 0x08, 0x61, 0x08, 0x61, 0x08, 0x61, 0x08,
    0x61, 0x08, 0x61, 0x08, 0x61, 0x08, 0x61, 0x08, 0x61, 0x08, 0x61, 0x08, 0x61, 0x08, 0x61, 0x08,
    0x41, 0x08, 0x41, 0x08, 0x41, 0x08, 0xc4, 0x10, 0xc3, 0x08, 0xe4, 0x10, 0x82, 0x08, 0x41, 0x08,
    0x62, 0x08, 0x61, 0x08, 0x61, 0x08, 0x61, 0x08, 0x61, 0x08, 0x62, 0x08, 0x62, 0x08, 0x42, 0x08,
    0x42, 0x08, 0x61, 0x08, 0x61, 0x08, 0x61, 0x08, 0x62, 0x08, 0x62, 0x08, 0x62, 0x08, 0x62, 0x08,
    0x61, 0x08, 0x62, 0x08, 0x62, 0x08, 0x62, 0x08, 0x62, 0x08, 0x62, 0x08, 0x62, 0x08, 0x61, 0x08,
    0x62, 0x08, 0x62, 0x08, 0x62, 0x08, 0x62, 0x08, 0x62, 0x08, 0x62, 0x08, 0x61, 0x08, 0x61, 0x08,
    0x61, 0x08, 0x61, 0x08, 0x61, 0x08, 0x62, 0x08, 0x62, 0x08, 0x62, 0x08, 0x62, 0x08, 0x62, 0x08,
    0x82, 0x08, 0x82, 0x08, 0x61, 0x08, 0x61, 0x08, 0x62, 0x08, 0x62, 0x08, 0x62, 0x08, 0x62, 0x08,
    0x62, 0x08, 0x62, 0x08, 0x62, 0x08, 0x62, 0x08, 0x62, 0x08, 0x62, 0x08, 0x61, 0x08, 0x61, 0x08,
    0x61, 0x08, 0x61, 0x08, 0x61, 0x08, 0x61, 0x08, 0x62, 0x08, 0x62, 0x08, 0x62, 0x08, 0x62, 0x08,
    0x62, 0x08, 0x62, 0x08, 0x62, 0x08, 0x62, 0x08, 0x62, 0x08, 0x62, 0x08, 0x62, 0x08, 0x62, 0x08,
    0x62, 0x08, 0x61, 0x08, 0x61, 0x08, 0x61, 0x08, 0x41, 0x08, 0x41, 0x08, 0x45, 0x11, 0x86, 0x11,
    0x45, 0x11, 0x20, 0x08, 0x41, 0x08, 0x41, 0x08, 0x41, 0x08, 0x41, 0x08, 0x41, 0x08, 0x41, 0x08,
    0x41, 0x08, 0x41, 0x08, 0x41, 0x08, 0x41, 0x08, 0x41, 0x08, 0x41, 0x08, 0x41, 0x08, 0x41, 0x08,
    0x41, 0x08, 0x41, 0x08, 0x41, 0x08, 0x40, 0x08, 0x40, 0x08, 0x41, 0x08, 0x41, 0x08, 0x41, 0x08,
    0x41, 0x08, 0x41, 0x08, 0x41, 0x08, 0x41, 0x08, 0x41, 0x08, 0x41, 0x08, 0x41, 0x08, 0x41, 0x08,
    0x41, 0x08, 0x41, 0x08, 0x41, 0x08, 0x20, 0x08, 0x41, 0x08, 0x25, 0x11, 0x40, 0x08, 0x61, 0x08,
    0x41, 0x08, 0x41, 0x08, 0x41, 0x08, 0x41, 0x08, 0x20, 0x08, 0xc3, 0x10, 0xe4, 0x10, 0x20, 0x08,
    0x41, 0x08, 0x25, 0x11, 0x61, 0x08, 0x40, 0x08, 0x61, 0x08, 0x61, 0x08, 0x41, 0x08, 0x82, 0x08,
    0x82, 0x08, 0x41, 0x08, 0x41, 0x08, 0x41, 0x08, 0x41, 0x08, 0x41, 0x08, 0x41, 0x08, 0x20, 0x00,
    0x00, 0x00, 0x00, 0x00, 0x00, 0x00, 0x62, 0x08, 0xa4, 0x41, 0x64, 0x31, 0xc3, 0x10, 0x03, 0x19,
    0x03, 0x19, 0xe3, 0x18, 0xe3, 0x18, 0xe3, 0x18, 0x03, 0x11, 0x03, 0x11, 0x03, 0x11, 0xe3, 0x10,
    0x03, 0x11, 0x03, 0x11, 0x04, 0x11, 0x04, 0x11, 0x04, 0x11, 0x03, 0x11, 0x04, 0x11, 0xe3, 0x10,
    0xe3, 0x10, 0xe3, 0x10, 0xe3, 0x10, 0xe3, 0x10, 0xe3, 0x10, 0xe3, 0x10, 0xe3, 0x08, 0xe3, 0x08,
    0xe3, 0x08, 0xe3, 0x08, 0xe3, 0x08, 0xe3, 0x08, 0xe3, 0x08, 0xe3, 0x08, 0xe3, 0x08, 0xe3, 0x08,
    0xe3, 0x08, 0xe3, 0x08, 0xe3, 0x08, 0xe3, 0x08, 0xe3, 0x08, 0xe3, 0x08, 0xe3, 0x08, 0xe3, 0x10,
    0xe3, 0x08, 0x04, 0x09, 0xe2, 0x20, 0x41, 0x08, 0x20, 0x00, 0x00, 0x00, 0x00, 0x00, 0x20, 0x00,
    0x20, 0x00, 0x21, 0x00, 0x21, 0x00, 0x41, 0x00, 0xa3, 0x08, 0x41, 0x00, 0x20, 0x00, 0x21, 0x00,
    0x41, 0x00, 0x00, 0x00, 0x82, 0x08, 0x83, 0x08, 0x00, 0x00, 0x41, 0x00, 0x21, 0x00, 0x41, 0x08,
    0x41, 0x08, 0x41, 0x08, 0x41, 0x08, 0x41, 0x08, 0x41, 0x08, 0x41, 0x08, 0x41, 0x08, 0x41, 0x00,
    0x61, 0x08, 0x61, 0x08, 0x61, 0x08, 0x61, 0x08, 0x61, 0x08, 0x61, 0x08, 0x61, 0x08, 0x61, 0x08,
    0x61, 0x08, 0x61, 0x08, 0x61, 0x08, 0x61, 0x08, 0x61, 0x08, 0x61, 0x08, 0x61, 0x08, 0x61, 0x08,
    0x61, 0x08, 0x61, 0x08, 0x61, 0x08, 0x61, 0x08, 0x61, 0x08, 0x61, 0x08, 0x61, 0x08, 0x61, 0x08,
    0x41, 0x08, 0x41, 0x08, 0x40, 0x08, 0xe5, 0x10, 0xa2, 0x08, 0xc3, 0x10, 0xc3, 0x10, 0x41, 0x08,
    0x62, 0x08, 0x61, 0x08, 0x61, 0x08, 0x61, 0x08, 0x62, 0x08, 0x62, 0x08, 0x62, 0x08, 0x42, 0x08,
    0x42, 0x08, 0x61, 0x08, 0x61, 0x08, 0x61, 0x08, 0x61, 0x08, 0x61, 0x08, 0x62, 0x08, 0x62, 0x08,
    0x62, 0x08, 0x62, 0x08, 0x62, 0x08, 0x62, 0x08, 0x62, 0x08, 0x62, 0x08, 0x61, 0x08, 0x61, 0x08,
    0x61, 0x08, 0x61, 0x08, 0x62, 0x08, 0x62, 0x08, 0x62, 0x08, 0x62, 0x08, 0x61, 0x08, 0x61, 0x08,
    0x61, 0x08, 0x61, 0x08, 0x61, 0x08, 0x62, 0x08, 0x62, 0x08, 0x62, 0x08, 0x62, 0x08, 0x62, 0x08,
    0x62, 0x08, 0x61, 0x08, 0x61, 0x08, 0x61, 0x08, 0x62, 0x08, 0x62, 0x08, 0x62, 0x08, 0x62, 0x08,
    0x62, 0x08, 0x62, 0x08, 0x62, 0x08, 0x62, 0x08, 0x62, 0x08, 0x62, 0x08, 0x62, 0x08, 0x62, 0x08,
    0x62, 0x08, 0x62, 0x08, 0x62, 0x08, 0x62, 0x08, 0x62, 0x08, 0x62, 0x08, 0x62, 0x08, 0x62, 0x08,
    0x62, 0x08, 0x62, 0x08, 0x62, 0x08, 0x62, 0x08, 0x62, 0x08, 0x62, 0x08, 0x62, 0x08, 0x62, 0x08,
    0x62, 0x08, 0x61, 0x08, 0x61, 0x08, 0x61, 0x08, 0x61, 0x08, 0x41, 0x08, 0x20, 0x08, 0x61, 0x08,
    0x20, 0x08, 0x61, 0x08, 0x62, 0x08, 0x62, 0x08, 0x62, 0x08, 0x62, 0x08, 0x61, 0x08, 0x61, 0x08,
    0x62, 0x08, 0x62, 0x08, 0x62, 0x08, 0x62, 0x08, 0x62, 0x08, 0x62, 0x08, 0x62, 0x08, 0x62, 0x08,
    0x61, 0x08, 0x61, 0x08, 0x61, 0x08, 0x61, 0x08, 0x61, 0x08, 0x61, 0x08, 0x61, 0x08, 0x61, 0x08,
    0x61, 0x08, 0x61, 0x08, 0x61, 0x08, 0x61, 0x08, 0x61, 0x08, 0x61, 0x08, 0x61, 0x08, 0x61, 0x08,
    0x61, 0x08, 0x61, 0x08, 0x61, 0x08, 0x41, 0x08, 0x61, 0x08, 0x45, 0x19, 0x40, 0x08, 0x61, 0x08,
    0x41, 0x08, 0x41, 0x08, 0x41, 0x08, 0x61, 0x08, 0x20, 0x08, 0xc4, 0x10, 0xe4, 0x10, 0x20, 0x08,
    0x61, 0x08, 0x25, 0x11, 0x20, 0x08, 0x61, 0x08, 0x61, 0x08, 0x41, 0x08, 0xa3, 0x08, 0xa2, 0x08,
    0x41, 0x08, 0x41, 0x08, 0x41, 0x08, 0x41, 0x08, 0x41, 0x08, 0x41, 0x08, 0x41, 0x08, 0x21, 0x00,
    0x20, 0x00, 0x20, 0x00, 0x00, 0x00, 0x41, 0x00, 0xa2, 0x10, 0x84, 0x41, 0x64, 0x31, 0x24, 0x21,
    0x04, 0x19, 0xe4, 0x10, 0xe4, 0x10, 0xe4, 0x10, 0xe4, 0x10, 0xe4, 0x10, 0xe3, 0x10, 0xe3, 0x10,
    0xe3, 0x10, 0xe3, 0x10, 0xe4, 0x10, 0xe4, 0x10, 0x04, 0x11, 0xe4, 0x08, 0xe4, 0x08, 0xe4, 0x08,
    0xe4, 0x08, 0xe4, 0x08, 0xe4, 0x08, 0xe4, 0x08, 0xe4, 0x08, 0xe4, 0x08, 0xe4, 0x08, 0xe3, 0x08,
    0xe4, 0x08, 0xe4, 0x08, 0xe4, 0x08, 0xe4, 0x08, 0x04, 0x09, 0xe4, 0x00, 0xe4, 0x08, 0xe4, 0x08,
    0xe3, 0x00, 0xe3, 0x00, 0xe3, 0x00, 0xe3, 0x00, 0xe3, 0x00, 0xe3, 0x08, 0xe4, 0x08, 0xe4, 0x08,
    0x04, 0x11, 0xe3, 0x20, 0x61, 0x08, 0x21, 0x00, 0x00, 0x00, 0x00, 0x00, 0x00, 0x00, 0x20, 0x00,
    0x20, 0x00, 0x20, 0x00, 0x21, 0x00, 0x21, 0x00, 0x41, 0x00, 0xc3, 0x10, 0x41, 0x00, 0x20, 0x00,
    0x41, 0x00, 0x20, 0x00, 0x82, 0x08, 0x82, 0x08, 0x00, 0x00, 0x41, 0x00, 0x41, 0x00, 0x41, 0x08,
    0x41, 0x08, 0x41, 0x08, 0x41, 0x08, 0x41, 0x08, 0x41, 0x08, 0x41, 0x08, 0x41, 0x08, 0x41, 0x00,
    0x61, 0x08, 0x61, 0x08, 0x61, 0x08, 0x61, 0x08, 0x41, 0x08, 0x41, 0x08, 0x61, 0x08, 0x61, 0x08,
    0x61, 0x08, 0x61, 0x08, 0x61, 0x08, 0x61, 0x08, 0x61, 0x08, 0x61, 0x08, 0x61, 0x08, 0x61, 0x08,
    0x61, 0x08, 0x61, 0x08, 0x61, 0x08, 0x61, 0x08, 0x61, 0x08, 0x61, 0x08, 0x61, 0x08, 0x41, 0x08,
    0x41, 0x08, 0x41, 0x08, 0x41, 0x08, 0x82, 0x08, 0xe4, 0x10, 0xe4, 0x10, 0x61, 0x08, 0x41, 0x08,
    0x61, 0x08, 0x61, 0x08, 0x61, 0x08, 0x62, 0x08, 0x62, 0x08, 0x62, 0x08, 0x62, 0x08, 0x62, 0x08,
    0x62, 0x08, 0x61, 0x08, 0x61, 0x08, 0x61, 0x08, 0x61, 0x08, 0x62, 0x08, 0x62, 0x08, 0x62, 0x08,
    0x62, 0x08, 0x62, 0x08, 0x62, 0x08, 0x62, 0x08, 0x62, 0x08, 0x62, 0x08, 0x61, 0x08, 0x61, 0x08,
    0x61, 0x08, 0x61, 0x08, 0x62, 0x08, 0x62, 0x08, 0x62, 0x08, 0x61, 0x08, 0x61, 0x08, 0x61, 0x08,
    0x61, 0x08, 0x61, 0x08, 0x61, 0x08, 0x62, 0x08, 0x62, 0x08, 0x62, 0x08, 0x62, 0x08, 0x61, 0x08,
    0x61, 0x08, 0x61, 0x08, 0x61, 0x08, 0x61, 0x08, 0x62, 0x08, 0x62, 0x08, 0x62, 0x08, 0x62, 0x08,
    0x62, 0x08, 0x62, 0x08, 0x62, 0x08, 0x62, 0x08, 0x62, 0x08, 0x62, 0x08, 0x62, 0x08, 0x62, 0x08,
    0x62, 0x08, 0x62, 0x08, 0x62, 0x08, 0x62, 0x08, 0x62, 0x08, 0x62, 0x08, 0x62, 0x08, 0x62, 0x08,
    0x62, 0x08, 0x62, 0x08, 0x62, 0x08, 0x62, 0x08, 0x62, 0x08, 0x62, 0x08, 0x62, 0x08, 0x42, 0x08,
    0x61, 0x08, 0x61, 0x08, 0x61, 0x08, 0x61, 0x08, 0x61, 0x08, 0x61, 0x08, 0x61, 0x08, 0x41, 0x08,
    0x61, 0x08, 0x61, 0x08, 0x61, 0x08, 0x61, 0x08, 0x61, 0x08, 0x61, 0x08, 0x61, 0x08, 0x61, 0x08,
    0x61, 0x08, 0x61, 0x08, 0x61, 0x08, 0x61, 0x08, 0x61, 0x08, 0x61, 0x08, 0x61, 0x08, 0x61, 0x08,
    0x61, 0x08, 0x61, 0x08, 0x61, 0x08, 0x61, 0x08, 0x41, 0x08, 0x41, 0x08, 0x41, 0x08, 0x61, 0x08,
    0x61, 0x08, 0x61, 0x08, 0x61, 0x08, 0x61, 0x08, 0x61, 0x08, 0x61, 0x08, 0x41, 0x08, 0x41, 0x08,
    0x41, 0x08, 0x41, 0x08, 0x41, 0x08, 0x41, 0x08, 0x61, 0x08, 0x46, 0x19, 0x41, 0x08, 0x61, 0x08,
    0x41, 0x08, 0x41, 0x08, 0x41, 0x08, 0x61, 0x08, 0x20, 0x08, 0xc3, 0x10, 0xe4, 0x10, 0x20, 0x08,
    0x61, 0x08, 0x25, 0x11, 0x40, 0x08, 0x61, 0x08, 0x41, 0x08, 0xa3, 0x08, 0xa3, 0x08, 0x21, 0x08,
    0x41, 0x08, 0x41, 0x08, 0x41, 0x08, 0x41, 0x08, 0x41, 0x08, 0x41, 0x08, 0x41, 0x08, 0x21, 0x00,
    0x21, 0x00, 0x20, 0x00, 0x20, 0x00, 0x00, 0x00, 0x41, 0x00, 0x82, 0x08, 0x02, 0x29, 0x43, 0x39,
    0x64, 0x39, 0x64, 0x31, 0x44, 0x31, 0x44, 0x31, 0x64, 0x31, 0x44, 0x31, 0x44, 0x31, 0x44, 0x31,
    0x44, 0x31, 0x44, 0x31, 0x44, 0x31, 0x44, 0x31, 0x44, 0x31, 0x24, 0x29, 0x24, 0x29, 0x24, 0x29,
    0x24, 0x29, 0x24, 0x29, 0x24, 0x29, 0x24, 0x29, 0x24, 0x29, 0x24, 0x29, 0x24, 0x21, 0x24, 0x29,
    0x44, 0x29, 0x44, 0x29, 0x24, 0x29, 0x24, 0x29, 0x24, 0x29, 0x24, 0x21, 0x24, 0x29, 0x24, 0x29,
    0x24, 0x21, 0x03, 0x21, 0x04, 0x21, 0x03, 0x21, 0x03, 0x21, 0x03, 0x21, 0x03, 0x21, 0x23, 0x29,
    0xc2, 0x20, 0x41, 0x08, 0x21, 0x00, 0x00, 0x00, 0x00, 0x00, 0x00, 0x00, 0x00, 0x00, 0x20, 0x00,
    0x20, 0x00, 0x21, 0x00, 0x21, 0x00, 0x41, 0x00, 0x21, 0x00, 0x41, 0x08, 0xe4, 0x10, 0x41, 0x00,
    0x21, 0x00, 0x21, 0x00, 0x41, 0x08, 0x82, 0x08, 0x20, 0x00, 0x20, 0x00, 0x41, 0x00, 0x41, 0x00,
    0x41, 0x08, 0x41, 0x08, 0x41, 0x08, 0x41, 0x08, 0x41, 0x08, 0x41, 0x08, 0x41, 0x08, 0x41, 0x08,
    0x41, 0x08, 0x41, 0x08, 0x41, 0x08, 0x41, 0x08, 0x41, 0x08, 0x61, 0x08, 0x61, 0x08, 0x61, 0x08,
    0x61, 0x08, 0x61, 0x08, 0x61, 0x08, 0x61, 0x08, 0x61, 0x08, 0x61, 0x08, 0x61, 0x08, 0x61, 0x08,
    0x61, 0x08, 0x61, 0x08, 0x61, 0x08, 0x61, 0x08, 0x61, 0x08, 0x61, 0x08, 0x61, 0x08, 0x41, 0x08,
    0x41, 0x08, 0x41, 0x08, 0x41, 0x08, 0x41, 0x08, 0x41, 0x08, 0x41, 0x08, 0x41, 0x08, 0x61, 0x08,
    0x61, 0x08, 0x62, 0x08, 0x61, 0x08, 0x62, 0x08, 0x62, 0x08, 0x62, 0x08, 0x61, 0x08, 0x61, 0x08,
    0x61, 0x08, 0x61, 0x08, 0x61, 0x08, 0x61, 0x08, 0x61, 0x08, 0x62, 0x08, 0x62, 0x08, 0x62, 0x08,
    0x62, 0x08, 0x62, 0x08, 0x61, 0x08, 0x62, 0x08, 0x61, 0x08, 0x61, 0x08, 0x81, 0x08, 0x82, 0x10,
    0x61, 0x08, 0x61, 0x08, 0x61, 0x08, 0x61, 0x08, 0x62, 0x08, 0x62, 0x08, 0x61, 0x08, 0x61, 0x08,
    0x61, 0x08, 0x62, 0x08, 0x62, 0x08, 0x62, 0x08, 0x62, 0x08, 0x62, 0x08, 0x62, 0x08, 0x61, 0x08,
    0x61, 0x08, 0x61, 0x08, 0x61, 0x08, 0x62, 0x08, 0x62, 0x08, 0x62, 0x08, 0x62, 0x08, 0x62, 0x08,
    0x62, 0x08, 0x62, 0x08, 0x62, 0x08, 0x62, 0x08, 0x62, 0x08, 0x62, 0x08, 0x62, 0x08, 0x62, 0x08,
    0x62, 0x08, 0x62, 0x08, 0x62, 0x08, 0x62, 0x08, 0x62, 0x08, 0x62, 0x08, 0x61, 0x08, 0x61, 0x08,
    0x62, 0x08, 0x62, 0x08, 0x62, 0x08, 0x62, 0x08, 0x62, 0x08, 0x62, 0x08, 0x61, 0x08, 0x61, 0x08,
    0x61, 0x08, 0x61, 0x08, 0x61, 0x08, 0x61, 0x08, 0x61, 0x08, 0x61, 0x08, 0x61, 0x08, 0x61, 0x08,
    0x61, 0x08, 0x61, 0x08, 0x61, 0x08, 0x61, 0x08, 0x61, 0x08, 0x61, 0x08, 0x61, 0x08, 0x61, 0x08,
    0x61, 0x08, 0x62, 0x08, 0x61, 0x08, 0x61, 0x08, 0x61, 0x08, 0x61, 0x08, 0x61, 0x08, 0x61, 0x08,
    0x61, 0x08, 0x61, 0x08, 0x61, 0x08, 0x61, 0x08, 0x41, 0x08, 0x41, 0x08, 0x41, 0x08, 0x41, 0x08,
    0x41, 0x08, 0x41, 0x08, 0x41, 0x08, 0x41, 0x08, 0x61, 0x08, 0x41, 0x08, 0x41, 0x08, 0x41, 0x08,
    0x41, 0x08, 0x41, 0x08, 0x41, 0x08, 0x41, 0x08, 0x61, 0x08, 0x25, 0x19, 0x20, 0x08, 0x41, 0x08,
    0x21, 0x08, 0x41, 0x08, 0x41, 0x08, 0x61, 0x08, 0x20, 0x08, 0xc3, 0x10, 0xc4, 0x10, 0x20, 0x08,
    0x61, 0x08, 0x46, 0x19, 0x40, 0x08, 0x41, 0x08, 0xa3, 0x08, 0xa3, 0x08, 0x21, 0x08, 0x41, 0x08,
    0x41, 0x08, 0x41, 0x08, 0x41, 0x08, 0x41, 0x08, 0x41, 0x08, 0x41, 0x08, 0x41, 0x08, 0x41, 0x00,
    0x21, 0x00, 0x20, 0x00, 0x20, 0x00, 0x00, 0x00, 0x00, 0x00, 0x20, 0x00, 0x41, 0x00, 0x21, 0x00,
    0x00, 0x00, 0x20, 0x00, 0x21, 0x00, 0x00, 0x00, 0x00, 0x00, 0x21, 0x00, 0x21, 0x00, 0x00, 0x00,
    0x00, 0x00, 0x41, 0x00, 0x21, 0x08, 0x00, 0x00, 0x00, 0x00, 0x41, 0x08, 0x21, 0x00, 0x00, 0x00,
    0x20, 0x00, 0x41, 0x08, 0x21, 0x00, 0x00, 0x00, 0x20, 0x00, 0x41, 0x08, 0x20, 0x00, 0x00, 0x00,
    0x21, 0x00, 0x41, 0x08, 0x20, 0x00, 0x00, 0x00, 0x21, 0x00, 0x21, 0x00, 0x00, 0x00, 0x00, 0x00,
    0x21, 0x00, 0x21, 0x00, 0x00, 0x00, 0x00, 0x00, 0x20, 0x00, 0x21, 0x00, 0x00, 0x00, 0x00, 0x00,
    0x20, 0x00, 0x20, 0x00, 0x00, 0x00, 0x00, 0x00, 0x00, 0x00, 0x00, 0x00, 0x20, 0x00, 0x20, 0x00,
    0x21, 0x00, 0x21, 0x00, 0x41, 0x08, 0x41, 0x08, 0x41, 0x08, 0x21, 0x00, 0x41, 0x08, 0xc4, 0x10,
    0x20, 0x08, 0x21, 0x00, 0x21, 0x00, 0x41, 0x00, 0x82, 0x08, 0x21, 0x00, 0x20, 0x00, 0x21, 0x00,
    0x21, 0x00, 0x41, 0x08, 0x41, 0x08, 0x41, 0x08, 0x41, 0x08, 0x41, 0x08, 0x41, 0x08, 0x41, 0x00,
    0x41, 0x08, 0x41, 0x08, 0x41, 0x08, 0x41, 0x08, 0x41, 0x08, 0x61, 0x08, 0x61, 0x08, 0x61, 0x08,
    0x61, 0x08, 0x61, 0x08, 0x61, 0x08, 0x61, 0x08, 0x61, 0x08, 0x61, 0x08, 0x61, 0x08, 0x61, 0x08,
    0x61, 0x08, 0x61, 0x08, 0x61, 0x08, 0x61, 0x08, 0x61, 0x08, 0x61, 0x08, 0x61, 0x08, 0x61, 0x08,
    0x41, 0x08, 0x41, 0x08, 0x41, 0x08, 0x61, 0x08, 0x61, 0x08, 0x61, 0x08, 0x61, 0x08, 0x61, 0x08,
    0x61, 0x08, 0x62, 0x08, 0x62, 0x08, 0x61, 0x08, 0x61, 0x08, 0x61, 0x08, 0x61, 0x08, 0x61, 0x08,
    0x61, 0x08, 0x61, 0x08, 0x61, 0x08, 0x61, 0x08, 0x61, 0x08, 0x61, 0x08, 0x62, 0x08, 0x62, 0x08,
    0x62, 0x08, 0x62, 0x08, 0x61, 0x08, 0x61, 0x08, 0x61, 0x08, 0x61, 0x08, 0x62, 0x08, 0x62, 0x08,
    0x62, 0x08, 0x62, 0x08, 0x61, 0x08, 0x61, 0x08, 0x62, 0x08, 0x61, 0x08, 0x61, 0x08, 0x61, 0x08,
    0x61, 0x08, 0x62, 0x08, 0x62, 0x08, 0x62, 0x08, 0x62, 0x08, 0x62, 0x08, 0x61, 0x08, 0x61, 0x08,
    0x61, 0x08, 0x81, 0x08, 0x62, 0x08, 0x62, 0x08, 0x62, 0x08, 0x62, 0x08, 0x62, 0x08, 0x62, 0x08,
    0x62, 0x08, 0x62, 0x08, 0x62, 0x08, 0x62, 0x08, 0x62, 0x08, 0x62, 0x08, 0x62, 0x08, 0x62, 0x08,
    0x62, 0x08, 0x62, 0x08, 0x62, 0x08, 0x61, 0x08, 0x61, 0x08, 0x62, 0x08, 0x61, 0x08, 0x61, 0x08,
    0x61, 0x08, 0x62, 0x08, 0x62, 0x08, 0x62, 0x08, 0x62, 0x08, 0x62, 0x08, 0x62, 0x08, 0x61, 0x08,
    0x61, 0x08, 0x61, 0x08, 0x61, 0x08, 0x61, 0x08, 0x61, 0x08, 0x61, 0x08, 0x61, 0x08, 0x61, 0x08,
    0x61, 0x08, 0x61, 0x08, 0x61, 0x08, 0x61, 0x08, 0x61, 0x08, 0x61, 0x08, 0x61, 0x08, 0x61, 0x08,
    0x62, 0x08, 0x62, 0x08, 0x61, 0x08, 0x61, 0x08, 0x61, 0x08, 0x61, 0x08, 0x61, 0x08, 0x61, 0x08,
    0x61, 0x08, 0x61, 0x08, 0x61, 0x08, 0x61, 0x08, 0x61, 0x08, 0x41, 0x08, 0x41, 0x08, 0x41, 0x08,
    0x41, 0x08, 0x41, 0x08, 0x61, 0x08, 0x41, 0x08, 0x41, 0x08, 0x41, 0x08, 0x41, 0x08, 0x41, 0x08,
    0x41, 0x08, 0x41, 0x08, 0x41, 0x08, 0x41, 0x08, 0x61, 0x08, 0x46, 0x11, 0x61, 0x08, 0x82, 0x08,
    0x82, 0x08, 0x61, 0x08, 0x41, 0x08, 0x41, 0x08, 0x00, 0x00, 0xc3, 0x10, 0xc4, 0x10, 0x20, 0x08,
    0x61, 0x08, 0x46, 0x19, 0x40, 0x08, 0x41, 0x08, 0xe4, 0x10, 0x41, 0x08, 0x41, 0x08, 0x41, 0x08,
    0x41, 0x08, 0x41, 0x08, 0x41, 0x08, 0x41, 0x08, 0x41, 0x08, 0x41, 0x08, 0x41, 0x08, 0x41, 0x08,
    0x21, 0x00, 0x21, 0x00, 0x20, 0x00, 0x00, 0x00, 0x00, 0x00, 0x00, 0x00, 0x00, 0x00, 0xa3, 0x10,
    0xa7, 0x21, 0x41, 0x00, 0x00, 0x00, 0xe3, 0x10, 0x86, 0x21, 0x00, 0x00, 0x00, 0x00, 0x25, 0x11,
    0x86, 0x19, 0x00, 0x00, 0x00, 0x00, 0x86, 0x19, 0x45, 0x19, 0x00, 0x00, 0x20, 0x00, 0x86, 0x19,
    0xe4, 0x10, 0x00, 0x00, 0x41, 0x00, 0x86, 0x19, 0xc3, 0x08, 0x00, 0x00, 0x61, 0x08, 0x87, 0x19,
    0x82, 0x08, 0x00, 0x00, 0x82, 0x08, 0x46, 0x19, 0x41, 0x00, 0x00, 0x00, 0xc3, 0x08, 0x25, 0x11,
    0x00, 0x00, 0x00, 0x00, 0xc3, 0x08, 0xe3, 0x10, 0x00, 0x00, 0x00, 0x00, 0x05, 0x11, 0xc3, 0x10,
    0x00, 0x00, 0x00, 0x00, 0x00, 0x00, 0x00, 0x00, 0x00, 0x00, 0x20, 0x00, 0x20, 0x00, 0x20, 0x00,
    0x21, 0x00, 0x21, 0x00, 0x41, 0x08, 0x41, 0x08, 0x41, 0x08, 0x41, 0x08, 0x20, 0x00, 0x41, 0x08,
    0xe4, 0x10, 0x20, 0x00, 0x41, 0x00, 0x41, 0x00, 0x41, 0x00, 0x82, 0x08, 0x21, 0x00, 0x21, 0x00,
    0x21, 0x00, 0x21, 0x00, 0x41, 0x08, 0x41, 0x08, 0x41, 0x08, 0x41, 0x08, 0x41, 0x08, 0x41, 0x00,
    0x41, 0x08, 0x41, 0x08, 0x41, 0x08, 0x41, 0x08, 0x41, 0x08, 0x61, 0x08, 0x61, 0x08, 0x61, 0x08,
    0x61, 0x08, 0x61, 0x08, 0x61, 0x08, 0x61, 0x08, 0x61, 0x08, 0x61, 0x08, 0x61, 0x08, 0x61, 0x08,
    0x61, 0x08, 0x61, 0x08, 0x41, 0x08, 0x41, 0x08, 0x61, 0x08, 0x61, 0x08, 0x61, 0x08, 0x61, 0x08,
    0x61, 0x08, 0x61, 0x08, 0x61, 0x08, 0x61, 0x08, 0x61, 0x08, 0x61, 0x08, 0x62, 0x08, 0x62, 0x08,
    0x62, 0x08, 0x42, 0x08, 0x42, 0x08, 0x61, 0x08, 0x62, 0x08, 0x62, 0x08, 0x61, 0x08, 0x62, 0x08,
    0x62, 0x08, 0x61, 0x08, 0x61, 0x08, 0x61, 0x08, 0x61, 0x08, 0x61, 0x08, 0x62, 0x08, 0x62, 0x08,
    0x61, 0x08, 0x61, 0x08, 0x61, 0x08, 0x61, 0x08, 0x61, 0x08, 0x61, 0x08, 0x62, 0x08, 0x62, 0x08,
    0x61, 0x08, 0x62, 0x08, 0x62, 0x08, 0x62, 0x08, 0x81, 0x08, 0x81, 0x08, 0x61, 0x08, 0x61, 0x08,
    0x61, 0x08, 0x62, 0x08, 0x62, 0x08, 0x62, 0x08, 0x62, 0x08, 0x62, 0x08, 0x61, 0x08, 0x61, 0x08,
    0x61, 0x08, 0x62, 0x08, 0x62, 0x08, 0x62, 0x08, 0x61, 0x08, 0x62, 0x08, 0x62, 0x08, 0x62, 0x08,
    0x62, 0x08, 0x62, 0x08, 0x62, 0x08, 0x62, 0x08, 0x62, 0x08, 0x62, 0x08, 0x61, 0x08, 0x61, 0x08,
    0x61, 0x08, 0x62, 0x08, 0x81, 0x08, 0x61, 0x08, 0x61, 0x08, 0x61, 0x08, 0x61, 0x08, 0x61, 0x08,
    0x61, 0x08, 0x62, 0x08, 0x62, 0x08, 0x62, 0x08, 0x62, 0x08, 0x62, 0x08, 0x62, 0x08, 0x61, 0x08,
    0x61, 0x08, 0x61, 0x08, 0x61, 0x08, 0x61, 0x08, 0x61, 0x08, 0x61, 0x08, 0x61, 0x08, 0x61, 0x08,
    0x61, 0x08, 0x61, 0x08, 0x61, 0x08, 0x61, 0x08, 0x61, 0x08, 0x61, 0x08, 0x62, 0x08, 0x62, 0x08,
    0x62, 0x08, 0x62, 0x08, 0x62, 0x08, 0x61, 0x08, 0x61, 0x08, 0x61, 0x08, 0x61, 0x08, 0x61, 0x08,
    0x61, 0x08, 0x61, 0x08, 0x61, 0x08, 0x61, 0x08, 0x61, 0x08, 0x61, 0x08, 0x61, 0x08, 0x61, 0x08,
    0x61, 0x08, 0x61, 0x08, 0x61, 0x08, 0x41, 0x08, 0x61, 0x08, 0x61, 0x08, 0x61, 0x08, 0x61, 0x08,
    0x61, 0x08, 0x61, 0x08, 0x61, 0x08, 0x61, 0x08, 0x41, 0x08, 0xa3, 0x08, 0xe4, 0x10, 0xc3, 0x10,
    0xe4, 0x10, 0xe4, 0x08, 0x20, 0x08, 0x41, 0x08, 0x00, 0x00, 0xc3, 0x10, 0xc4, 0x10, 0x20, 0x08,
    0x61, 0x08, 0x26, 0x19, 0x20, 0x08, 0x41, 0x08, 0xe4, 0x10, 0x41, 0x08, 0x41, 0x08, 0x41, 0x08,
    0x41, 0x08, 0x61, 0x08, 0x61, 0x08, 0x41, 0x08, 0x41, 0x08, 0x41, 0x08, 0x41, 0x08, 0x41, 0x08,
    0x21, 0x00, 0x21, 0x00, 0x21, 0x00, 0x20, 0x00, 0x00, 0x00, 0x20, 0x00, 0x00, 0x00, 0x25, 0x19,
    0x8a, 0x2a, 0x61, 0x08, 0x00, 0x00, 0x45, 0x19, 0x29, 0x2a, 0x20, 0x00, 0x00, 0x00, 0xc7, 0x19,
    0x29, 0x22, 0x00, 0x00, 0x00, 0x00, 0x09, 0x22, 0xa7, 0x19, 0x00, 0x00, 0x21, 0x00, 0x29, 0x22,
    0x65, 0x19, 0x00, 0x00, 0x61, 0x08, 0x29, 0x22, 0x04, 0x11, 0x00, 0x00, 0xa3, 0x08, 0x4a, 0x22,
    0xa2, 0x08, 0x00, 0x00, 0xc3, 0x08, 0x08, 0x22, 0x61, 0x08, 0x00, 0x00, 0x25, 0x11, 0xc7, 0x19,
    0x00, 0x00, 0x00, 0x00, 0x46, 0x11, 0x65, 0x19, 0x00, 0x00, 0x00, 0x00, 0x86, 0x19, 0x45, 0x19,
    0x00, 0x00, 0x00, 0x00, 0x00, 0x00, 0x00, 0x00, 0x00, 0x00, 0x20, 0x00, 0x20, 0x00, 0x20, 0x00,
    0x21, 0x00, 0x21, 0x00, 0x21, 0x00, 0x20, 0x00, 0x41, 0x08, 0x41, 0x00, 0x41, 0x08, 0x20, 0x00,
    0x61, 0x08, 0xe4, 0x10, 0x20, 0x00, 0x41, 0x08, 0x41, 0x00, 0x41, 0x00, 0x82, 0x08, 0x21, 0x00,
    0x21, 0x00, 0x21, 0x00, 0x20, 0x00, 0x41, 0x08, 0x41, 0x08, 0x41, 0x08, 0x41, 0x08, 0x41, 0x08,
    0x61, 0x08, 0x61, 0x08, 0x41, 0x08, 0x41, 0x08, 0x41, 0x08, 0x61, 0x08, 0x61, 0x08, 0x61, 0x08,
    0x61, 0x08, 0x61, 0x08, 0x61, 0x08, 0x61, 0x08, 0x61, 0x08, 0x61, 0x08, 0x61, 0x08, 0x61, 0x08,
    0x61, 0x08, 0x61, 0x08, 0x41, 0x08, 0x41, 0x08, 0x61, 0x08, 0x61, 0x08, 0x61, 0x08, 0x61, 0x08,
    0x61, 0x08, 0x61, 0x08, 0x61, 0x08, 0x61, 0x08, 0x62, 0x08, 0x62, 0x08, 0x62, 0x08, 0x62, 0x08,
    0x62, 0x08, 0x42, 0x08, 0x61, 0x08, 0x61, 0x08, 0x61, 0x08, 0x62, 0x08, 0x62, 0x08, 0x62, 0x08,
    0x62, 0x08, 0x61, 0x08, 0x61, 0x08, 0x61, 0x08, 0x61, 0x08, 0x61, 0x08, 0x61, 0x08, 0x61, 0x08,
    0x61, 0x08, 0x61, 0x08, 0x61, 0x08, 0x61, 0x08, 0x61, 0x08, 0x61, 0x08, 0x62, 0x08, 0x62, 0x08,
    0x62, 0x08, 0x62, 0x08, 0x62, 0x08, 0x62, 0x08, 0x62, 0x08, 0x81, 0x08, 0x61, 0x08, 0x61, 0x08,
    0x62, 0x08, 0x62, 0x08, 0x62, 0x08, 0x62, 0x08, 0x62, 0x08, 0x61, 0x08, 0x61, 0x08, 0x61, 0x08,
    0x81, 0x08, 0x62, 0x08, 0x62, 0x08, 0x62, 0x08, 0x62, 0x08, 0x62, 0x08, 0x62, 0x08, 0x62, 0x08,
    0x62, 0x08, 0x62, 0x08, 0x62, 0x08, 0x62, 0x08, 0x62, 0x08, 0x62, 0x08, 0x61, 0x08, 0x61, 0x08,
    0x61, 0x08, 0x81, 0x08, 0x61, 0x08, 0x61, 0x08, 0x61, 0x08, 0x61, 0x08, 0x61, 0x08, 0x61, 0x08,
    0x61, 0x08, 0x61, 0x08, 0x62, 0x08, 0x42, 0x08, 0x62, 0x08, 0x62, 0x08, 0x61, 0x08, 0x61, 0x08,
    0x61, 0x08, 0x81, 0x08, 0x81, 0x08, 0x61, 0x08, 0x61, 0x08, 0x61, 0x08, 0x61, 0x08, 0x41, 0x08,
    0x41, 0x08, 0x61, 0x08, 0x61, 0x08, 0x61, 0x08, 0x61, 0x08, 0x61, 0x08, 0x62, 0x08, 0x62, 0x08,
    0x62, 0x08, 0x62, 0x08, 0x61, 0x08, 0x61, 0x08, 0x61, 0x08, 0x61, 0x08, 0x61, 0x08, 0x61, 0x08,
    0x61, 0x08, 0x61, 0x08, 0x61, 0x08, 0x61, 0x08, 0x61, 0x08, 0x61, 0x08, 0x61, 0x08, 0x61, 0x08,
    0x61, 0x08, 0x61, 0x08, 0x61, 0x08, 0x61, 0x08, 0x61, 0x08, 0x61, 0x08, 0x61, 0x08, 0x61, 0x08,
    0x61, 0x08, 0x61, 0x08, 0x61, 0x08, 0x61, 0x08, 0x61, 0x08, 0x41, 0x08, 0x41, 0x08, 0x20, 0x08,
    0x41, 0x08, 0xc4, 0x08, 0x20, 0x08, 0x41, 0x08, 0x00, 0x00, 0xc4, 0x10, 0xe4, 0x10, 0x00, 0x08,
    0x41, 0x08, 0x26, 0x19, 0x20, 0x08, 0x41, 0x08, 0x05, 0x11, 0x41, 0x08, 0x41, 0x08, 0x41, 0x08,
    0x61, 0x08, 0x61, 0x08, 0x61, 0x08, 0x61, 0x08, 0x41, 0x08, 0x41, 0x08, 0x41, 0x08, 0x41, 0x08,
    0x41, 0x08, 0x41, 0x00, 0x21, 0x00, 0x21, 0x00, 0x20, 0x00, 0x21, 0x00, 0x00, 0x00, 0x25, 0x19,
    0x8b, 0x2a, 0x61, 0x08, 0x00, 0x00, 0x45, 0x11, 0x29, 0x22, 0x20, 0x00, 0x00, 0x00, 0xc7, 0x21,
    0xe8, 0x21, 0x00, 0x00, 0x00, 0x00, 0x08, 0x22, 0x86, 0x19, 0x00, 0x00, 0x21, 0x00, 0x08, 0x22,
    0x65, 0x19, 0x00, 0x00, 0x62, 0x08, 0x08, 0x22, 0xe4, 0x10, 0x00, 0x00, 0xa3, 0x10, 0x29, 0x22,
    0xa2, 0x08, 0x00, 0x00, 0xc4, 0x08, 0x28, 0x22, 0x61, 0x08, 0x00, 0x00, 0x25, 0x11, 0xc7, 0x19,
    0x00, 0x00, 0x00, 0x00, 0x66, 0x19, 0x66, 0x19, 0x00, 0x00, 0x00, 0x00, 0xa7, 0x19, 0x45, 0x19,
    0x00, 0x00, 0x00, 0x00, 0x00, 0x00, 0x20, 0x00, 0x20, 0x00, 0x20, 0x00, 0x20, 0x00, 0x21, 0x00,
    0x21, 0x00, 0x21, 0x00, 0x21, 0x00, 0x21, 0x00, 0x41, 0x00, 0x41, 0x00, 0x21, 0x00, 0x41, 0x08,
    0x20, 0x00, 0x61, 0x08, 0xc4, 0x10, 0x41, 0x08, 0x41, 0x08, 0x21, 0x00, 0x41, 0x00, 0x82, 0x08,
    0x21, 0x00, 0x21, 0x00, 0x41, 0x00, 0x41, 0x08, 0x41, 0x08, 0x41, 0x08, 0x41, 0x08, 0x41, 0x00,
    0x61, 0x08, 0x61, 0x08, 0x41, 0x08, 0x41, 0x08, 0x41, 0x08, 0x61, 0x08, 0x61, 0x08, 0x61, 0x08,
    0x61, 0x08, 0x61, 0x08, 0x61, 0x08, 0x61, 0x08, 0x42, 0x08, 0x61, 0x08, 0x61, 0x08, 0x61, 0x08,
    0x61, 0x08, 0x61, 0x08, 0x61, 0x08, 0x61, 0x08, 0x61, 0x08, 0x61, 0x08, 0x61, 0x08, 0x61, 0x08,
    0x61, 0x08, 0x61, 0x08, 0x61, 0x08, 0x61, 0x08, 0x62, 0x08, 0x42, 0x08, 0x62, 0x08, 0x61, 0x08,
    0x61, 0x08, 0x62, 0x08, 0x61, 0x08, 0x61, 0x08, 0x61, 0x08, 0x62, 0x08, 0x62, 0x08, 0x61, 0x08,
    0x61, 0x08, 0x61, 0x08, 0x61, 0x08, 0x61, 0x08, 0x61, 0x08, 0x61, 0x08, 0x61, 0x08, 0x61, 0x08,
    0x61, 0x08, 0x61, 0x08, 0x61, 0x08, 0x61, 0x08, 0x61, 0x08, 0x62, 0x08, 0x62, 0x08, 0x61, 0x08,
    0x62, 0x08, 0x62, 0x08, 0x62, 0x08, 0x62, 0x08, 0x62, 0x08, 0x62, 0x08, 0x62, 0x08, 0x62, 0x08,
    0x62, 0x08, 0x62, 0x08, 0x62, 0x08, 0x62, 0x08, 0x61, 0x08, 0x61, 0x08, 0x61, 0x08, 0x61, 0x08,
    0x62, 0x08, 0x62, 0x08, 0x62, 0x08, 0x62, 0x08, 0x62, 0x08, 0x62, 0x08, 0x62, 0x08, 0x62, 0x08,
    0x62, 0x08, 0x62, 0x08, 0x62, 0x08, 0x62, 0x08, 0x62, 0x08, 0x62, 0x08, 0x62, 0x08, 0x61, 0x08,
    0x61, 0x08, 0x81, 0x08, 0x61, 0x08, 0x61, 0x08, 0x61, 0x08, 0x61, 0x08, 0x61, 0x08, 0x61, 0x08,
    0x61, 0x08, 0x62, 0x08, 0x62, 0x08, 0x42, 0x08, 0x62, 0x08, 0x62, 0x08, 0x61, 0x08, 0x61, 0x08,
    0x61, 0x08, 0x81, 0x08, 0x61, 0x08, 0x62, 0x08, 0x61, 0x08, 0x61, 0x08, 0x42, 0x08, 0x41, 0x08,
    0x42, 0x08, 0x61, 0x08, 0x61, 0x08, 0x61, 0x08, 0x61, 0x08, 0x62, 0x08, 0x61, 0x08, 0x62, 0x08,
    0x42, 0x08, 0x61, 0x08, 0x61, 0x08, 0x61, 0x08, 0x61, 0x08, 0x61, 0x08, 0x61, 0x08, 0x61, 0x08,
    0x61, 0x08, 0x61, 0x08, 0x61, 0x08, 0x61, 0x08, 0x61, 0x08, 0x61, 0x08, 0x61, 0x08, 0x61, 0x08,
    0x61, 0x08, 0x61, 0x08, 0x61, 0x08, 0x61, 0x08, 0x61, 0x08, 0x61, 0x08, 0x61, 0x08, 0x61, 0x08,
    0x61, 0x08, 0x41, 0x08, 0x41, 0x08, 0x41, 0x08, 0x61, 0x08, 0x61, 0x08, 0x61, 0x08, 0x41, 0x08,
    0x61, 0x08, 0xe4, 0x08, 0x20, 0x08, 0x41, 0x08, 0x00, 0x00, 0xc4, 0x10, 0xc4, 0x10, 0x00, 0x00,
    0x41, 0x08, 0x26, 0x19, 0x20, 0x08, 0x41, 0x08, 0x25, 0x11, 0x41, 0x08, 0x41, 0x08, 0x41, 0x08,
    0x61, 0x08, 0x61, 0x08, 0x61, 0x08, 0x41, 0x08, 0x41, 0x08, 0x41, 0x08, 0x41, 0x08, 0x41, 0x08,
    0x41, 0x08, 0x41, 0x08, 0x41, 0x00, 0x21, 0x00, 0x21, 0x00, 0x41, 0x00, 0x00, 0x00, 0x86, 0x21,
    0x6e, 0x43, 0x82, 0x08, 0x00, 0x00, 0xa7, 0x21, 0xec, 0x32, 0x20, 0x00, 0x00, 0x00, 0x6a, 0x2a,
    0xab, 0x32, 0x00, 0x00, 0x00, 0x00, 0xab, 0x2a, 0x28, 0x2a, 0x00, 0x00, 0x41, 0x08, 0xcb, 0x32,
    0xe7, 0x21, 0x00, 0x00, 0x62, 0x08, 0xab, 0x32, 0x45, 0x19, 0x00, 0x00, 0xe4, 0x10, 0xec, 0x32,
    0xe3, 0x10, 0x00, 0x00, 0x25, 0x11, 0xcb, 0x32, 0x82, 0x08, 0x00, 0x00, 0x86, 0x19, 0x69, 0x2a,
    0x20, 0x00, 0x00, 0x00, 0xe8, 0x21, 0xe8, 0x21, 0x00, 0x00, 0x00, 0x00, 0x29, 0x22, 0xa7, 0x21,
    0x00, 0x00, 0x20, 0x00, 0x00, 0x00, 0x20, 0x00, 0x20, 0x00, 0x20, 0x00, 0x21, 0x00, 0x21, 0x00,
    0x21, 0x00, 0x21, 0x00, 0x21, 0x00, 0x40, 0x00, 0x40, 0x00, 0x21, 0x00, 0x41, 0x00, 0x21, 0x00,
    0x41, 0x00, 0x00, 0x00, 0x82, 0x08, 0xc4, 0x10, 0x20, 0x00, 0x41, 0x00, 0x21, 0x00, 0x41, 0x00,
    0x41, 0x08, 0x21, 0x00, 0x41, 0x00, 0x41, 0x08, 0x41, 0x08, 0x41, 0x08, 0x41, 0x08, 0x41, 0x08,
    0x61, 0x08, 0x61, 0x08, 0x41, 0x08, 0x41, 0x08, 0x41, 0x08, 0x41, 0x08, 0x61, 0x08, 0x61, 0x08,
    0x61, 0x08, 0x61, 0x08, 0x61, 0x08, 0x61, 0x08, 0x42, 0x08, 0x61, 0x08, 0x61, 0x08, 0x61, 0x08,
    0x61, 0x08, 0x61, 0x08, 0x61, 0x08, 0x61, 0x08, 0x61, 0x08, 0x61, 0x08, 0x61, 0x08, 0x61, 0x08,
    0x61, 0x08, 0x61, 0x08, 0x61, 0x08, 0x61, 0x08, 0x61, 0x08, 0x42, 0x08, 0x61, 0x08, 0x61, 0x08,
    0x61, 0x08, 0x61, 0x08, 0x61, 0x08, 0x61, 0x08, 0x61, 0x08, 0x61, 0x08, 0x62, 0x08, 0x61, 0x08,
    0x61, 0x08, 0x61, 0x08, 0x61, 0x08, 0x61, 0x08, 0x61, 0x08, 0x61, 0x08, 0x61, 0x08, 0x61, 0x08,
    0x62, 0x08, 0x42, 0x08, 0x61, 0x08, 0x62, 0x08, 0x61, 0x08, 0x61, 0x08, 0x62, 0x08, 0x62, 0x08,
    0x62, 0x08, 0x62, 0x08, 0x62, 0x08, 0x62, 0x08, 0x62, 0x08, 0x62, 0x08, 0x62, 0x08, 0x62, 0x08,
    0x62, 0x08, 0x62, 0x08, 0x62, 0x08, 0x62, 0x08, 0x61, 0x08, 0x61, 0x08, 0x62, 0x08, 0x62, 0x08,
    0x62, 0x08, 0x62, 0x08, 0x61, 0x08, 0x61, 0x08, 0x61, 0x08, 0x61, 0x08, 0x62, 0x08, 0x62, 0x08,
    0x62, 0x08, 0x62, 0x08, 0x61, 0x08, 0x62, 0x08, 0x62, 0x08, 0x62, 0x08, 0x62, 0x08, 0x62, 0x08,
    0x61, 0x08, 0x61, 0x08, 0x61, 0x08, 0x61, 0x08, 0x61, 0x08, 0x61, 0x08, 0x61, 0x08, 0x61, 0x08,
    0x61, 0x08, 0x62, 0x08, 0x62, 0x08, 0x62, 0x08, 0x62, 0x08, 0x61, 0x08, 0x61, 0x08, 0x61, 0x08,
    0x81, 0x08, 0x62, 0x08, 0x62, 0x08, 0x61, 0x08, 0x61, 0x08, 0x61, 0x08, 0x42, 0x08, 0x42, 0x08,
    0x42, 0x08, 0x61, 0x08, 0x61, 0x08, 0x61, 0x08, 0x61, 0x08, 0x62, 0x08, 0x61, 0x08, 0x61, 0x08,
    0x61, 0x08, 0x61, 0x08, 0x61, 0x08, 0x61, 0x08, 0x61, 0x08, 0x61, 0x08, 0x40, 0x08, 0x40, 0x08,
    0x41, 0x08, 0x61, 0x08, 0x61, 0x08, 0x61, 0x08, 0x61, 0x08, 0x61, 0x08, 0x61, 0x08, 0x61, 0x08,
    0x61, 0x08, 0x41, 0x08, 0x41, 0x08, 0x41, 0x08, 0x61, 0x08, 0x41, 0x08, 0x41, 0x08, 0x41, 0x08,
    0x41, 0x08, 0x41, 0x08, 0x41, 0x08, 0x41, 0x08, 0x41, 0x08, 0xa3, 0x08, 0x41, 0x08, 0x41, 0x08,
    0x41, 0x08, 0x61, 0x08, 0x41, 0x08, 0x41, 0x08, 0x00, 0x00, 0xc4, 0x10, 0xc4, 0x10, 0x00, 0x00,
    0x41, 0x08, 0x26, 0x19, 0x40, 0x08, 0x41, 0x08, 0x25, 0x11, 0x41, 0x08, 0x41, 0x08, 0x41, 0x08,
    0x61, 0x08, 0x61, 0x08, 0x61, 0x08, 0x41, 0x08, 0x41, 0x08, 0x41, 0x08, 0x41, 0x08, 0x41, 0x08,
    0x41, 0x08, 0x41, 0x08, 0x41, 0x08, 0x41, 0x08, 0x41, 0x08, 0x41, 0x08, 0x20, 0x00, 0xa3, 0x10,
    0xe8, 0x29, 0x41, 0x08, 0x00, 0x00, 0x04, 0x19, 0xa7, 0x21, 0x00, 0x00, 0x00, 0x00, 0x45, 0x19,
    0x86, 0x21, 0x00, 0x00, 0x00, 0x00, 0xa6, 0x21, 0x24, 0x19, 0x00, 0x00, 0x20, 0x00, 0xa7, 0x21,
    0xe3, 0x10, 0x00, 0x00, 0x21, 0x00, 0xa7, 0x21, 0xa2, 0x10, 0x00, 0x00, 0x61, 0x08, 0xa6, 0x21,
    0x62, 0x08, 0x20, 0x00, 0xa2, 0x08, 0xa7, 0x21, 0x41, 0x00, 0x00, 0x00, 0xc3, 0x10, 0x86, 0x19,
    0x00, 0x00, 0x00, 0x00, 0x25, 0x19, 0x24, 0x11, 0x00, 0x00, 0x00, 0x00, 0x45, 0x19, 0xc3, 0x10,
    0x00, 0x00, 0x20, 0x00, 0x20, 0x00, 0x20, 0x00, 0x21, 0x00, 0x21, 0x00, 0x21, 0x00, 0x21, 0x00,
    0x21, 0x00, 0x21, 0x00, 0x21, 0x00, 0x21, 0x00, 0x40, 0x00, 0x40, 0x00, 0x40, 0x00, 0x41, 0x00,
    0x41, 0x00, 0x21, 0x00, 0x41, 0x00, 0xc4, 0x10, 0x20, 0x00, 0x41, 0x00, 0x21, 0x00, 0x21, 0x00,
    0x21, 0x00, 0x21, 0x00, 0x41, 0x00, 0x41, 0x08, 0x41, 0x08, 0x41, 0x08, 0x41, 0x08, 0x41, 0x00,
    0x61, 0x08, 0x61, 0x08, 0x42, 0x08, 0x41, 0x08, 0x41, 0x08, 0x41, 0x08, 0x41, 0x08, 0x61, 0x08,
    0x61, 0x08, 0x61, 0x08, 0x61, 0x08, 0x61, 0x08, 0x61, 0x08, 0x61, 0x08, 0x61, 0x08, 0x61, 0x08,
    0x61, 0x08, 0x61, 0x08, 0x61, 0x08, 0x61, 0x08, 0x61, 0x08, 0x61, 0x08, 0x61, 0x08, 0x61, 0x08,
    0x61, 0x08, 0x61, 0x08, 0x61, 0x08, 0x61, 0x08, 0x61, 0x08, 0x61, 0x08, 0x61, 0x08, 0x61, 0x08,
    0x61, 0x08, 0x61, 0x08, 0x61, 0x08, 0x62, 0x08, 0x62, 0x08, 0x61, 0x08, 0x61, 0x08, 0x61, 0x08,
    0x61, 0x08, 0x61, 0x08, 0x61, 0x08, 0x62, 0x08, 0x61, 0x08, 0x61, 0x08, 0x62, 0x08, 0x61, 0x08,
    0x42, 0x08, 0x42, 0x08, 0x42, 0x08, 0x42, 0x08, 0x42, 0x08, 0x42, 0x08, 0x61, 0x08, 0x62, 0x08,
    0x62, 0x08, 0x62, 0x08, 0x62, 0x08, 0x61, 0x08, 0x61, 0x08, 0x61, 0x08, 0x62, 0x08, 0x62, 0x08,
    0x62, 0x08, 0x62, 0x08, 0x62, 0x08, 0x62, 0x08, 0x62, 0x08, 0x62, 0x08, 0x62, 0x08, 0x61, 0x08,
    0x61, 0x08, 0x61, 0x08, 0x61, 0x08, 0x61, 0x08, 0x61, 0x08, 0x61, 0x08, 0x61, 0x08, 0x62, 0x08,
    0x62, 0x08, 0x61, 0x08, 0x61, 0x08, 0x61, 0x08, 0x62, 0x08, 0x62, 0x08, 0x62, 0x08, 0x62, 0x08,
    0x62, 0x08, 0x62, 0x08, 0x62, 0x08, 0x62, 0x08, 0x61, 0x08, 0x61, 0x08, 0x61, 0x08, 0x61, 0x08,
    0x61, 0x08, 0x61, 0x08, 0x61, 0x08, 0x62, 0x08, 0x61, 0x08, 0x61, 0x08, 0x61, 0x08, 0x62, 0x08,
    0x62, 0x08, 0x62, 0x08, 0x62, 0x08, 0x61, 0x08, 0x61, 0x08, 0x61, 0x08, 0x62, 0x08, 0x62, 0x08,
    0x62, 0x08, 0x61, 0x08, 0x61, 0x08, 0x61, 0x08, 0x61, 0x08, 0x61, 0x08, 0x61, 0x08, 0x61, 0x08,
    0x61, 0x08, 0x61, 0x08, 0x61, 0x08, 0x61, 0x08, 0x61, 0x08, 0x41, 0x08, 0xa3, 0x08, 0xc4, 0x08,
    0x61, 0x08, 0x41, 0x08, 0x61, 0x08, 0x61, 0x08, 0x61, 0x08, 0x61, 0x08, 0x61, 0x08, 0x61, 0x08,
    0x41, 0x08, 0x41, 0x08, 0x41, 0x08, 0x41, 0x08, 0x41, 0x08, 0x41, 0x08, 0x41, 0x08, 0x41, 0x08,
    0x41, 0x08, 0x41, 0x08, 0x41, 0x08, 0x41, 0x08, 0x20, 0x08, 0xc3, 0x08, 0x41, 0x08, 0x41, 0x08,
    0x41, 0x08, 0x41, 0x08, 0x41, 0x08, 0x41, 0x08, 0x20, 0x08, 0xc3, 0x10, 0xc4, 0x10, 0x00, 0x00,
    0x41, 0x08, 0x46, 0x19, 0x20, 0x08, 0x41, 0x08, 0x46, 0x19, 0x41, 0x08, 0x41, 0x08, 0x41, 0x08,
    0x41, 0x08, 0x61, 0x08, 0x41, 0x08, 0x41, 0x08, 0x41, 0x08, 0x41, 0x08, 0x41, 0x08, 0x41, 0x08,
    0x41, 0x08, 0x41, 0x08, 0x41, 0x08, 0x41, 0x08, 0x41, 0x08, 0x41, 0x08, 0x21, 0x00, 0x00, 0x00,
    0x62, 0x00, 0x20, 0x00, 0x21, 0x00, 0x21, 0x00, 0x41, 0x00, 0x00, 0x00, 0x00, 0x00, 0x20, 0x00,
    0x41, 0x00, 0x20, 0x00, 0x00, 0x00, 0x62, 0x00, 0x21, 0x00, 0x00, 0x00, 0x00, 0x00, 0x62, 0x00,
    0x00, 0x00, 0x20, 0x00, 0x00, 0x00, 0x62, 0x00, 0x41, 0x00, 0x20, 0x00, 0x00, 0x00, 0x00, 0x00,
    0x00, 0x00, 0x20, 0x00, 0x20, 0x00, 0x83, 0x08, 0x00, 0x00, 0x00, 0x00, 0x21, 0x00, 0x62, 0x00,
    0x00, 0x00, 0x00, 0x00, 0x42, 0x00, 0x41, 0x00, 0x00, 0x00, 0x00, 0x00, 0x41, 0x00, 0x20, 0x00,
    0x00, 0x00, 0x20, 0x00, 0x20, 0x00, 0x20, 0x00, 0x20, 0x00, 0x21, 0x00, 0x41, 0x00, 0x20, 0x00,
    0x21, 0x00, 0x21, 0x00, 0x21, 0x00, 0x21, 0x00, 0x41, 0x00, 0x41, 0x08, 0x41, 0x08, 0x41, 0x00,
    0x21, 0x00, 0x21, 0x00, 0x41, 0x08, 0xc4, 0x10, 0x00, 0x00, 0x41, 0x00, 0x21, 0x00, 0x21, 0x00,
    0x21, 0x00, 0x21, 0x00, 0x41, 0x08, 0x41, 0x08, 0x41, 0x08, 0x41, 0x08, 0x41, 0x08, 0x41, 0x08,
    0x61, 0x08, 0x41, 0x08, 0x41, 0x08, 0x41, 0x08, 0x61, 0x08, 0x61, 0x08, 0x61, 0x08, 0x61, 0x08,
    0x61, 0x08, 0x61, 0x08, 0x61, 0x08, 0x61, 0x08, 0x61, 0x08, 0x61, 0x08, 0x61, 0x08, 0x61, 0x08,
    0x61, 0x08, 0x61, 0x08, 0x61, 0x08, 0x61, 0x08, 0x61, 0x08, 0x61, 0x08, 0x61, 0x08, 0x61, 0x08,
    0x61, 0x08, 0x61, 0x08, 0x61, 0x08, 0x61, 0x08, 0x61, 0x08, 0x61, 0x08, 0x61, 0x08, 0x61, 0x08,
    0x61, 0x08, 0x61, 0x08, 0x61, 0x08, 0x62, 0x08, 0x42, 0x08, 0x61, 0x08, 0x61, 0x08, 0x61, 0x08,
    0x61, 0x08, 0x61, 0x08, 0x61, 0x08, 0x61, 0x08, 0x61, 0x08, 0x62, 0x08, 0x62, 0x08, 0x61, 0x08,
    0x61, 0x08, 0x42, 0x08, 0x42, 0x08, 0x42, 0x08, 0x42, 0x08, 0x42, 0x08, 0x61, 0x08, 0x62, 0x08,
    0x62, 0x08, 0x62, 0x08, 0x62, 0x08, 0x61, 0x08, 0x61, 0x08, 0x61, 0x08, 0x62, 0x08, 0x62, 0x08,
    0x62, 0x08, 0x62, 0x08, 0x62, 0x08, 0x62, 0x08, 0x62, 0x08, 0x62, 0x08, 0x62, 0x08, 0x62, 0x08,
    0x61, 0x08, 0x61, 0x08, 0x61, 0x08, 0x61, 0x08, 0x61, 0x08, 0x61, 0x08, 0x61, 0x08, 0x62, 0x08,
    0x62, 0x08, 0x61, 0x08, 0x61, 0x08, 0x61, 0x08, 0x61, 0x08, 0x62, 0x08, 0x62, 0x08, 0x62, 0x08,
    0x62, 0x08, 0x62, 0x08, 0x62, 0x08, 0x62, 0x08, 0x62, 0x08, 0x62, 0x08, 0x61, 0x08, 0x61, 0x08,
    0x61, 0x08, 0x61, 0x08, 0x61, 0x08, 0x62, 0x08, 0x61, 0x08, 0x62, 0x08, 0x61, 0x08, 0x62, 0x08,
    0x62, 0x08, 0x62, 0x08, 0x61, 0x08, 0x61, 0x08, 0x61, 0x08, 0x61, 0x08, 0x62, 0x08, 0x42, 0x08,
    0x62, 0x08, 0x61, 0x08, 0x61, 0x08, 0x61, 0x08, 0x61, 0x08, 0x61, 0x08, 0x61, 0x08, 0x61, 0x08,
    0x61, 0x08, 0x61, 0x08, 0x61, 0x08, 0x61, 0x08, 0x41, 0x08, 0x82, 0x08, 0xe4, 0x10, 0xa3, 0x08,
    0xe4, 0x10, 0x61, 0x08, 0x61, 0x08, 0x61, 0x08, 0x61, 0x08, 0x61, 0x08, 0x61, 0x08, 0x61, 0x08,
    0x41, 0x08, 0x41, 0x08, 0x41, 0x08, 0x41, 0x08, 0x41, 0x08, 0x41, 0x08, 0x41, 0x08, 0x41, 0x08,
    0x41, 0x08, 0x41, 0x08, 0x41, 0x08, 0x41, 0x08, 0x20, 0x08, 0xc3, 0x08, 0x41, 0x08, 0x41, 0x08,
    0x41, 0x08, 0x41, 0x08, 0x41, 0x08, 0x41, 0x08, 0x00, 0x08, 0xc3, 0x08, 0xc4, 0x10, 0x20, 0x08,
    0x41, 0x08, 0x46, 0x19, 0x20, 0x08, 0x41, 0x08, 0x46, 0x19, 0x41, 0x08, 0x41, 0x08, 0x41, 0x08,
    0x41, 0x08, 0x61, 0x08, 0x41, 0x08, 0x41, 0x08, 0x41, 0x08, 0x41, 0x08, 0x41, 0x08, 0x41, 0x08,
    0x41, 0x08, 0x41, 0x08, 0x41, 0x08, 0x41, 0x08, 0x41, 0x08, 0x20, 0x00, 0x20, 0x00, 0x20, 0x00,
    0xc4, 0x08, 0x20, 0x00, 0x20, 0x00, 0x61, 0x00, 0x82, 0x08, 0x20, 0x00, 0x20, 0x00, 0x62, 0x08,
    0x82, 0x08, 0x20, 0x00, 0x20, 0x00, 0xa3, 0x08, 0x61, 0x08, 0x00, 0x00, 0x00, 0x00, 0xc3, 0x08,
    0x41, 0x00, 0x20, 0x00, 0x20, 0x00, 0xa3, 0x08, 0x41, 0x00, 0x00, 0x00, 0x00, 0x00, 0x20, 0x00,
    0x20, 0x00, 0x20, 0x00, 0x20, 0x00, 0xe4, 0x10, 0x00, 0x00, 0x00, 0x00, 0x61, 0x00, 0xa3, 0x08,
    0x00, 0x00, 0x00, 0x00, 0x83, 0x08, 0x82, 0x08, 0x00, 0x00, 0x00, 0x00, 0x62, 0x08, 0x41, 0x00,
    0x00, 0x00, 0x20, 0x00, 0x20, 0x00, 0x20, 0x00, 0x21, 0x00, 0x20, 0x00, 0x41, 0x00, 0x41, 0x08,
    0x20, 0x00, 0x21, 0x00, 0x21, 0x00, 0x21, 0x00, 0x41, 0x08, 0x41, 0x08, 0x41, 0x08, 0x21, 0x00,
    0x21, 0x00, 0x21, 0x00, 0x41, 0x08, 0xc3, 0x10, 0x00, 0x00, 0x41, 0x00, 0x21, 0x00, 0x41, 0x00,
    0x41, 0x08, 0x41, 0x08, 0x41, 0x08, 0x41, 0x08, 0x41, 0x08, 0x41, 0x08, 0x41, 0x08, 0x41, 0x08,
    0x61, 0x08, 0x61, 0x08, 0x61, 0x08, 0x61, 0x08, 0x61, 0x08, 0x61, 0x08, 0x61, 0x08, 0x61, 0x08,
    0x61, 0x08, 0x61, 0x08, 0x61, 0x08, 0x61, 0x08, 0x61, 0x08, 0x61, 0x08, 0x61, 0x08, 0x61, 0x08,
    0x61, 0x08, 0x61, 0x08, 0x61, 0x08, 0x61, 0x08, 0x61, 0x08, 0x61, 0x08, 0x41, 0x08, 0x42, 0x08,
    0x42, 0x08, 0x61, 0x08, 0x61, 0x08, 0x61, 0x08, 0x61, 0x08, 0x61, 0x08, 0x61, 0x08, 0x61, 0x08,
    0x61, 0x08, 0x61, 0x08, 0x61, 0x08, 0x61, 0x08, 0x62, 0x08, 0x61, 0x08, 0x61, 0x08, 0x61, 0x08,
    0x62, 0x08, 0x62, 0x08, 0x61, 0x08, 0x62, 0x08, 0x62, 0x08, 0x61, 0x08, 0x61, 0x08, 0x61, 0x08,
    0x61, 0x08, 0x62, 0x08, 0x61, 0x08, 0x61, 0x08, 0x61, 0x08, 0x61, 0x08, 0x61, 0x08, 0x62, 0x08,
    0x61, 0x08, 0x61, 0x08, 0x61, 0x08, 0x61, 0x08, 0x61, 0x08, 0x61, 0x08, 0x61, 0x08, 0x62, 0x08,
    0x62, 0x08, 0x62, 0x08, 0x62, 0x08, 0x62, 0x08, 0x62, 0x08, 0x61, 0x08, 0x61, 0x08, 0x61, 0x08,
    0x61, 0x08, 0x61, 0x08, 0x61, 0x08, 0x61, 0x08, 0x62, 0x08, 0x61, 0x08, 0x61, 0x08, 0x62, 0x08,
    0x62, 0x08, 0x62, 0x08, 0x62, 0x08, 0x62, 0x08, 0x61, 0x08, 0x62, 0x08, 0x62, 0x08, 0x62, 0x08,
    0x62, 0x08, 0x62, 0x08, 0x62, 0x08, 0x61, 0x08, 0x61, 0x08, 0x61, 0x08, 0x81, 0x08, 0x81, 0x08,
    0x61, 0x08, 0x61, 0x08, 0x61, 0x08, 0x61, 0x08, 0x61, 0x08, 0x61, 0x08, 0x61, 0x08, 0x62, 0x08,
    0x62, 0x08, 0x62, 0x08, 0x61, 0x08, 0x61, 0x08, 0x61, 0x08, 0x61, 0x08, 0x62, 0x08, 0x62, 0x08,
    0x62, 0x08, 0x42, 0x08, 0x61, 0x08, 0x61, 0x08, 0x61, 0x08, 0x61, 0x08, 0x61, 0x08, 0x61, 0x08,
    0x61, 0x08, 0x61, 0x08, 0x61, 0x08, 0x61, 0x08, 0x41, 0x08, 0x82, 0x08, 0xc3, 0x08, 0xa2, 0x08,
    0xc3, 0x10, 0x61, 0x08, 0x61, 0x08, 0x61, 0x08, 0x61, 0x08, 0x61, 0x08, 0x61, 0x08, 0x41, 0x08,
    0x61, 0x08, 0x61, 0x08, 0x41, 0x08, 0x21, 0x08, 0x21, 0x08, 0x21, 0x00, 0x20, 0x00, 0x20, 0x08,
    0x20, 0x00, 0x20, 0x08, 0x20, 0x08, 0x20, 0x00, 0x61, 0x08, 0xa3, 0x08, 0x41, 0x08, 0x41, 0x08,
    0x41, 0x08, 0x41, 0x08, 0x41, 0x08, 0x41, 0x08, 0x41, 0x08, 0xe4, 0x10, 0x62, 0x08, 0x41, 0x08,
    0x41, 0x08, 0x26, 0x19, 0x20, 0x08, 0x41, 0x08, 0x26, 0x11, 0x41, 0x08, 0x41, 0x08, 0x41, 0x08,
    0x41, 0x08, 0x61, 0x08, 0x41, 0x08, 0x41, 0x08, 0x41, 0x08, 0x41, 0x08, 0x41, 0x08, 0x41, 0x08,
    0x41, 0x08, 0x41, 0x08, 0x41, 0x08, 0x41, 0x08, 0x41, 0x00, 0x20, 0x00, 0x20, 0x00, 0x20, 0x00,
    0xc3, 0x08, 0x20, 0x00, 0x20, 0x00, 0x41, 0x00, 0x82, 0x08, 0x20, 0x00, 0x20, 0x00, 0x41, 0x00,
    0x82, 0x08, 0x20, 0x00, 0x20, 0x00, 0x82, 0x08, 0x41, 0x00, 0x00, 0x00, 0x00, 0x00, 0xc3, 0x08,
    0x41, 0x00, 0x21, 0x00, 0x20, 0x00, 0x82, 0x08, 0x41, 0x00, 0x00, 0x00, 0x00, 0x00, 0x00, 0x00,
    0x20, 0x00, 0x20, 0x00, 0x20, 0x00, 0xe4, 0x08, 0x00, 0x00, 0x00, 0x00, 0x61, 0x00, 0xa3, 0x08,
    0x00, 0x00, 0x00, 0x00, 0x83, 0x08, 0x82, 0x08, 0x00, 0x00, 0x00, 0x00, 0x62, 0x00, 0x41, 0x00,
    0x00, 0x00, 0x21, 0x00, 0x21, 0x00, 0x21, 0x00, 0x21, 0x00, 0x21, 0x00, 0x21, 0x00, 0x62, 0x08,
    0x62, 0x08, 0x20, 0x00, 0x21, 0x00, 0x21, 0x00, 0x41, 0x08, 0x41, 0x08, 0x41, 0x00, 0x21, 0x00,
    0x21, 0x00, 0x21, 0x00, 0x41, 0x08, 0xe4, 0x10, 0x00, 0x00, 0x41, 0x08, 0x41, 0x08, 0x41, 0x08,
    0x41, 0x08, 0x41, 0x08, 0x41, 0x08, 0x41, 0x08, 0x41, 0x08, 0x41, 0x08, 0x41, 0x08, 0x40, 0x08,
    0x61, 0x08, 0x61, 0x08, 0x61, 0x08, 0x61, 0x08, 0x61, 0x08, 0x61, 0x08, 0x61, 0x08, 0x61, 0x08,
    0x61, 0x08, 0x61, 0x08, 0x61, 0x08, 0x42, 0x08, 0x42, 0x08, 0x61, 0x08, 0x61, 0x08, 0x61, 0x08,
    0x61, 0x08, 0x61, 0x08, 0x61, 0x08, 0x61, 0x08, 0x42, 0x08, 0x41, 0x08, 0x41, 0x08, 0x42, 0x08,
    0x42, 0x08, 0x61, 0x08, 0x61, 0x08, 0x61, 0x08, 0x61, 0x08, 0x61, 0x08, 0x61, 0x08, 0x61, 0x08,
    0x61, 0x08, 0x61, 0x08, 0x61, 0x08, 0x61, 0x08, 0x62, 0x08, 0x61, 0x08, 0x61, 0x08, 0x61, 0x08,
    0x62, 0x08, 0x61, 0x08, 0x61, 0x08, 0x62, 0x08, 0x61, 0x08, 0x61, 0x08, 0x61, 0x08, 0x61, 0x08,
    0x61, 0x08, 0x61, 0x08, 0x61, 0x08, 0x61, 0x08, 0x61, 0x08, 0x61, 0x08, 0x61, 0x08, 0x61, 0x08,
    0x61, 0x08, 0x61, 0x08, 0x61, 0x08, 0x61, 0x08, 0x61, 0x08, 0x61, 0x08, 0x61, 0x08, 0x62, 0x08,
    0x61, 0x08, 0x62, 0x08, 0x62, 0x08, 0x62, 0x08, 0x62, 0x08, 0x61, 0x08, 0x61, 0x08, 0x61, 0x08,
    0x61, 0x08, 0x61, 0x08, 0x61, 0x08, 0x61, 0x08, 0x61, 0x08, 0x61, 0x08, 0x62, 0x08, 0x62, 0x08,
    0x62, 0x08, 0x62, 0x08, 0x62, 0x08, 0x62, 0x08, 0x61, 0x08, 0x61, 0x08, 0x61, 0x08, 0x61, 0x08,
    0x61, 0x08, 0x61, 0x08, 0x61, 0x08, 0x61, 0x08, 0x61, 0x08, 0x61, 0x08, 0x61, 0x08, 0x61, 0x08,
    0x61, 0x08, 0x61, 0x08, 0x61, 0x08, 0x61, 0x08, 0x61, 0x08, 0x61, 0x08, 0x42, 0x08, 0x42, 0x08,
    0x42, 0x08, 0x42, 0x08, 0x61, 0x08, 0x61, 0x08, 0x61, 0x08, 0x61, 0x08, 0x61, 0x08, 0x42, 0x08,
    0x42, 0x08, 0x42, 0x08, 0x61, 0x08, 0x61, 0x08, 0x61, 0x08, 0x61, 0x08, 0x61, 0x08, 0x61, 0x08,
    0x61, 0x08, 0x61, 0x08, 0x41, 0x08, 0x41, 0x08, 0x61, 0x08, 0x41, 0x08, 0x83, 0x08, 0xe4, 0x08,
    0x82, 0x08, 0x41, 0x08, 0x61, 0x08, 0x61, 0x08, 0x41, 0x08, 0x61, 0x08, 0x61, 0x08, 0x61, 0x08,
    0x61, 0x08, 0x40, 0x08, 0x62, 0x08, 0xc4, 0x08, 0xc3, 0x08, 0xc4, 0x10, 0xc4, 0x10, 0xc4, 0x10,
    0xc4, 0x10, 0xc4, 0x10, 0xc4, 0x10, 0xc4, 0x10, 0xa3, 0x08, 0x41, 0x08, 0x41, 0x08, 0x41, 0x08,
    0x41, 0x08, 0x41, 0x08, 0x41, 0x08, 0x41, 0x08, 0x05, 0x11, 0x61, 0x08, 0x41, 0x08, 0x41, 0x08,
    0x41, 0x08, 0x25, 0x11, 0x20, 0x08, 0x40, 0x08, 0x25, 0x11, 0x41, 0x08, 0x41, 0x08, 0x41, 0x08,
    0x41, 0x08, 0x61, 0x08, 0x41, 0x08, 0x41, 0x08, 0x41, 0x08, 0x41, 0x08, 0x41, 0x08, 0x41, 0x08,
    0x41, 0x08, 0x41, 0x08, 0x41, 0x08, 0x41, 0x08, 0x21, 0x00, 0x20, 0x00, 0x20, 0x00, 0x20, 0x00,
    0xa3, 0x08, 0x20, 0x00, 0x20, 0x00, 0x82, 0x08, 0x61, 0x08, 0x20, 0x00, 0x21, 0x00, 0x83, 0x08,
    0x41, 0x00, 0x21, 0x00, 0x00, 0x00, 0x82, 0x08, 0x41, 0x00, 0x20, 0x00, 0x20, 0x00, 0xa3, 0x08,
    0x41, 0x00, 0x21, 0x00, 0x20, 0x00, 0x82, 0x08, 0x41, 0x00, 0x20, 0x00, 0x20, 0x00, 0x20, 0x00,
    0x20, 0x00, 0x20, 0x00, 0x20, 0x00, 0xe4, 0x10, 0x00, 0x00, 0x20, 0x00, 0x62, 0x08, 0xa3, 0x08,
    0x00, 0x00, 0x00, 0x00, 0xa3, 0x08, 0x83, 0x08, 0x00, 0x00, 0x20, 0x00, 0x20, 0x00, 0x83, 0x08,
    0x20, 0x00, 0x20, 0x00, 0x21, 0x00, 0x21, 0x00, 0x21, 0x00, 0x41, 0x00, 0x41, 0x08, 0x20, 0x00,
    0x82, 0x08, 0x62, 0x08, 0x20, 0x00, 0x41, 0x00, 0x41, 0x08, 0x41, 0x08, 0x41, 0x00, 0x21, 0x00,
    0x41, 0x00, 0x21, 0x00, 0x41, 0x08, 0xe4, 0x10, 0x00, 0x00, 0x41, 0x08, 0x41, 0x08, 0x41, 0x08,
    0x41, 0x08, 0x41, 0x08, 0x41, 0x08, 0x41, 0x08, 0x41, 0x08, 0x41, 0x08, 0x41, 0x08, 0x40, 0x08,
    0x61, 0x08, 0x61, 0x08, 0x61, 0x08, 0x61, 0x08, 0x61, 0x08, 0x61, 0x08, 0x61, 0x08, 0x61, 0x08,
    0x61, 0x08, 0x61, 0x08, 0x61, 0x08, 0x42, 0x08, 0x42, 0x08, 0x61, 0x08, 0x61, 0x08, 0x61, 0x08,
    0x61, 0x08, 0x61, 0x08, 0x61, 0x08, 0x42, 0x08, 0x42, 0x08, 0x61, 0x08, 0x61, 0x08, 0x42, 0x08,
    0x62, 0x08, 0x62, 0x08, 0x61, 0x08, 0x61, 0x08, 0x61, 0x08, 0x61, 0x08, 0x61, 0x08, 0x61, 0x08,
    0x61, 0x08, 0x61, 0x08, 0x61, 0x08, 0x61, 0x08, 0x61, 0x08, 0x61, 0x08, 0x61, 0x08, 0x61, 0x08,
    0x61, 0x08, 0x61, 0x08, 0x61, 0x08, 0x61, 0x08, 0x62, 0x08, 0x62, 0x08, 0x62, 0x08, 0x61, 0x08,
    0x61, 0x08, 0x61, 0x08, 0x61, 0x08, 0x61, 0x08, 0x61, 0x08, 0x61, 0x08, 0x61, 0x08, 0x61, 0x08,
    0x61, 0x08, 0x61, 0x08, 0x61, 0x08, 0x61, 0x08, 0x61, 0x08, 0x61, 0x08, 0x62, 0x08, 0x62, 0x08,
    0x62, 0x08, 0x62, 0x08, 0x61, 0x08, 0x61, 0x08, 0x61, 0x08, 0x61, 0x08, 0x61, 0x08, 0x61, 0x08,
    0x61, 0x08, 0x61, 0x08, 0x61, 0x08, 0x61, 0x08, 0x61, 0x08, 0x62, 0x08, 0x62, 0x08, 0x62, 0x08,
    0x62, 0x08, 0x62, 0x08, 0x62, 0x08, 0x62, 0x08, 0x62, 0x08, 0x42, 0x08, 0x42, 0x08, 0x42, 0x08,
    0x62, 0x08, 0x61, 0x08, 0x61, 0x08, 0x61, 0x08, 0x61, 0x08, 0x61, 0x08, 0x61, 0x08, 0x62, 0x08,
    0x61, 0x08, 0x62, 0x08, 0x62, 0x08, 0x61, 0x08, 0x61, 0x08, 0x61, 0x08, 0x61, 0x08, 0x61, 0x08,
    0x61, 0x08, 0x61, 0x08, 0x61, 0x08, 0x61, 0x08, 0x61, 0x08, 0x61, 0x08, 0x61, 0x08, 0x42, 0x08,
    0x41, 0x08, 0x41, 0x08, 0x41, 0x08, 0x61, 0x08, 0x61, 0x08, 0x61, 0x08, 0x61, 0x08, 0x61, 0x08,
    0x61, 0x08, 0x61, 0x08, 0x41, 0x08, 0x41, 0x08, 0x41, 0x08, 0x41, 0x08, 0x41, 0x08, 0x41, 0x08,
    0x41, 0x08, 0x61, 0x08, 0x41, 0x08, 0x41, 0x08, 0x41, 0x08, 0x41, 0x08, 0x61, 0x08, 0x61, 0x08,
    0x20, 0x08, 0x62, 0x08, 0xe4, 0x10, 0x41, 0x08, 0x41, 0x08, 0x41, 0x08, 0x41, 0x08, 0x41, 0x08,
    0x41, 0x08, 0x41, 0x08, 0x41, 0x08, 0x41, 0x08, 0x41, 0x08, 0x41, 0x08, 0x41, 0x08, 0x41, 0x08,
    0x41, 0x08, 0x41, 0x08, 0x41, 0x08, 0x05, 0x11, 0x61, 0x08, 0x21, 0x00, 0x41, 0x08, 0x41, 0x08,
    0x41, 0x08, 0x25, 0x11, 0x40, 0x08, 0x40, 0x08, 0x25, 0x11, 0x41, 0x08, 0x41, 0x08, 0x41, 0x08,
    0x41, 0x08, 0x61, 0x08, 0x41, 0x08, 0x41, 0x08, 0x41, 0x08, 0x41, 0x08, 0x41, 0x08, 0x41, 0x08,
    0x41, 0x08, 0x41, 0x08, 0x41, 0x08, 0x41, 0x08, 0x21, 0x00, 0x21, 0x00, 0x20, 0x00, 0x62, 0x08,
    0x62, 0x08, 0x20, 0x00, 0x83, 0x08, 0x61, 0x08, 0x20, 0x00, 0x41, 0x00, 0xa3, 0x08, 0x61, 0x08,
    0x21, 0x00, 0x20, 0x00, 0x41, 0x00, 0x62, 0x00, 0x21, 0x00, 0x41, 0x00, 0x21, 0x08, 0xa3, 0x08,
    0x41, 0x00, 0x21, 0x00, 0x20, 0x00, 0x82, 0x08, 0x41, 0x00, 0x20, 0x00, 0x21, 0x00, 0x21, 0x00,
    0x21, 0x00, 0x21, 0x00, 0x41, 0x08, 0x05, 0x11, 0x00, 0x00, 0x20, 0x00, 0x62, 0x08, 0xc3, 0x08,
    0x00, 0x00, 0x00, 0x00, 0xa3, 0x08, 0x83, 0x08, 0x00, 0x00, 0x21, 0x00, 0x20, 0x00, 0x21, 0x00,
    0xc3, 0x10, 0x21, 0x08, 0x20, 0x00, 0x41, 0x00, 0x41, 0x08, 0x41, 0x08, 0x41, 0x08, 0x41, 0x08,
    0x21, 0x00, 0x82, 0x08, 0x62, 0x08, 0x20, 0x00, 0x41, 0x08, 0x41, 0x08, 0x41, 0x08, 0x21, 0x00,
    0x41, 0x00, 0x21, 0x00, 0x41, 0x08, 0xe4, 0x10, 0x20, 0x00, 0x41, 0x08, 0x41, 0x08, 0x61, 0x08,
    0x41, 0x08, 0x41, 0x08, 0x41, 0x08, 0x41, 0x08, 0x41, 0x08, 0x41, 0x08, 0x41, 0x08, 0x41, 0x08,
    0x61, 0x08, 0x61, 0x08, 0x61, 0x08, 0x61, 0x08, 0x61, 0x08, 0x41, 0x08, 0x61, 0x08, 0x61, 0x08,
    0x61, 0x08, 0x61, 0x08, 0x61, 0x08, 0x61, 0x08, 0x61, 0x08, 0x61, 0x08, 0x61, 0x08, 0x61, 0x08,
    0x61, 0x08, 0x61, 0x08, 0x61, 0x08, 0x42, 0x08, 0x42, 0x08, 0x61, 0x08, 0x61, 0x08, 0x61, 0x08,
    0x61, 0x08, 0x61, 0x08, 0x61, 0x08, 0x42, 0x08, 0x42, 0x08, 0x42, 0x08, 0x42, 0x08, 0x42, 0x08,
    0x61, 0x08, 0x61, 0x08, 0x61, 0x08, 0x61, 0x08, 0x61, 0x08, 0x61, 0x08, 0x61, 0x08, 0x61, 0x08,
    0x61, 0x08, 0x61, 0x08, 0x61, 0x08, 0x62, 0x08, 0x62, 0x08, 0x62, 0x08, 0x62, 0x08, 0x61, 0x08,
    0x61, 0x08, 0x61, 0x08, 0x61, 0x08, 0x61, 0x08, 0x61, 0x08, 0x61, 0x08, 0x61, 0x08, 0x61, 0x08,
    0x61, 0x08, 0x61, 0x08, 0x61, 0x08, 0x61, 0x08, 0x61, 0x08, 0x61, 0x08, 0x62, 0x08, 0x62, 0x08,
    0x62, 0x08, 0x62, 0x08, 0x61, 0x08, 0x61, 0x08, 0x61, 0x08, 0x61, 0x08, 0x61, 0x08, 0x62, 0x08,
    0x62, 0x08, 0x61, 0x08, 0x61, 0x08, 0x61, 0x08, 0x62, 0x08, 0x62, 0x08, 0x62, 0x08, 0x62, 0x08,
    0x62, 0x08, 0x62, 0x08, 0x62, 0x08, 0x62, 0x08, 0x61, 0x08, 0x61, 0x08, 0x61, 0x08, 0x61, 0x08,
    0x61, 0x08, 0x61, 0x08, 0x61, 0x08, 0x61, 0x08, 0x61, 0x08, 0x61, 0x08, 0x61, 0x08, 0x61, 0x08,
    0x61, 0x08, 0x61, 0x08, 0x61, 0x08, 0x61, 0x08, 0x61, 0x08, 0x61, 0x08, 0x61, 0x08, 0x61, 0x08,
    0x61, 0x08, 0x61, 0x08, 0x61, 0x08, 0x61, 0x08, 0x61, 0x08, 0x61, 0x08, 0x61, 0x08, 0x41, 0x08,
    0x41, 0x08, 0x41, 0x08, 0x41, 0x08, 0x41, 0x08, 0x41, 0x08, 0x41, 0x08, 0x61, 0x08, 0x61, 0x08,
    0x61, 0x08, 0x61, 0x08, 0x41, 0x08, 0x41, 0x08, 0x41, 0x08, 0x41, 0x08, 0x41, 0x08, 0x41, 0x08,
    0x41, 0x08, 0x41, 0x08, 0x41, 0x08, 0x41, 0x08, 0x41, 0x08, 0x61, 0x08, 0x61, 0x08, 0x40, 0x08,
    0x62, 0x08, 0x05, 0x11, 0x40, 0x08, 0x41, 0x08, 0x61, 0x08, 0x61, 0x08, 0x61, 0x08, 0x61, 0x08,
    0x61, 0x08, 0x41, 0x08, 0x41, 0x08, 0x41, 0x08, 0x41, 0x08, 0x41, 0x08, 0x41, 0x08, 0x41, 0x08,
    0x41, 0x08, 0x41, 0x08, 0x05, 0x11, 0x61, 0x08, 0x41, 0x08, 0x61, 0x08, 0x41, 0x08, 0x20, 0x08,
    0xa3, 0x08, 0xe4, 0x10, 0x41, 0x08, 0x40, 0x08, 0x25, 0x11, 0x41, 0x08, 0x41, 0x08, 0x41, 0x08,
    0x41, 0x08, 0x41, 0x08, 0x61, 0x08, 0x61, 0x08, 0x41, 0x08, 0x41, 0x08, 0x41, 0x08, 0x41, 0x08,
    0x41, 0x08, 0x41, 0x08, 0x41, 0x08, 0x21, 0x00, 0x21, 0x00, 0x20, 0x00, 0x62, 0x08, 0x82, 0x08,
    0x21, 0x00, 0xa3, 0x08, 0x61, 0x08, 0x20, 0x00, 0x41, 0x00, 0xa3, 0x08, 0x41, 0x08, 0x21, 0x00,
    0x21, 0x00, 0x41, 0x08, 0x82, 0x08, 0x21, 0x00, 0x41, 0x00, 0x41, 0x08, 0x21, 0x08, 0xa3, 0x08,
    0x41, 0x00, 0x21, 0x00, 0x20, 0x00, 0x82, 0x08, 0x61, 0x00, 0x21, 0x00, 0x41, 0x00, 0x41, 0x08,
    0x41, 0x08, 0x41, 0x00, 0x41, 0x08, 0x25, 0x11, 0x20, 0x00, 0x20, 0x00, 0x82, 0x08, 0xc3, 0x08,
    0x00, 0x00, 0x00, 0x00, 0xa3, 0x08, 0xa3, 0x08, 0x00, 0x00, 0x21, 0x00, 0x41, 0x00, 0x20, 0x00,
    0x41, 0x08, 0xe4, 0x10, 0x41, 0x08, 0x20, 0x00, 0x41, 0x08, 0x41, 0x08, 0x41, 0x08, 0x41, 0x08,
    0x41, 0x08, 0x20, 0x00, 0xa3, 0x08, 0x62, 0x08, 0x20, 0x00, 0x41, 0x08, 0x41, 0x00, 0x41, 0x00,
    0x41, 0x00, 0x21, 0x00, 0x41, 0x08, 0xe4, 0x10, 0x20, 0x00, 0x41, 0x08, 0x41, 0x08, 0x41, 0x08,
    0x41, 0x08, 0x41, 0x08, 0x41, 0x08, 0x41, 0x08, 0x41, 0x08, 0x41, 0x08, 0x41, 0x08, 0x41, 0x08,
    0x61, 0x08, 0x61, 0x08, 0x61, 0x08, 0x61, 0x08, 0x41, 0x08, 0x41, 0x08, 0x41, 0x08, 0x61, 0x08,
    0x61, 0x08, 0x61, 0x08, 0x61, 0x08, 0x61, 0x08, 0x61, 0x08, 0x61, 0x08, 0x61, 0x08, 0x61, 0x08,
    0x61, 0x08, 0x61, 0x08, 0x42, 0x08, 0x42, 0x08, 0x42, 0x08, 0x61, 0x08, 0x61, 0x08, 0x61, 0x08,
    0x61, 0x08, 0x61, 0x08, 0x61, 0x08, 0x42, 0x08, 0x42, 0x08, 0x42, 0x08, 0x42, 0x08, 0x42, 0x08,
    0x61, 0x08, 0x61, 0x08, 0x61, 0x08, 0x61, 0x08, 0x61, 0x08, 0x61, 0x08, 0x61, 0x08, 0x61, 0x08,
    0x62, 0x08, 0x62, 0x08, 0x62, 0x08, 0x62, 0x08, 0x62, 0x08, 0x62, 0x08, 0x62, 0x08, 0x62, 0x08,
    0x62, 0x08, 0x61, 0x08, 0x62, 0x08, 0x62, 0x08, 0x62, 0x08, 0x62, 0x08, 0x61, 0x08, 0x61, 0x08,
    0x61, 0x08, 0x61, 0x08, 0x62, 0x08, 0x61, 0x08, 0x61, 0x08, 0x61, 0x08, 0x62, 0x08, 0x62, 0x08,
    0x62, 0x08, 0x62, 0x08, 0x61, 0x08, 0x61, 0x08, 0x61, 0x08, 0x61, 0x08, 0x62, 0x08, 0x62, 0x08,
    0x61, 0x08, 0x61, 0x08, 0x61, 0x08, 0x61, 0x08, 0x61, 0x08, 0x61, 0x08, 0x61, 0x08, 0x61, 0x08,
    0x61, 0x08, 0x61, 0x08, 0x61, 0x08, 0x61, 0x08, 0x61, 0x08, 0x61, 0x08, 0x61, 0x08, 0x61, 0x08,
    0x61, 0x08, 0x61, 0x08, 0x61, 0x08, 0x61, 0x08, 0x61, 0x08, 0x61, 0x08, 0x61, 0x08, 0x61, 0x08,
    0x61, 0x08, 0x61, 0x08, 0x61, 0x08, 0x61, 0x08, 0x61, 0x08, 0x61, 0x08, 0x61, 0x08, 0x61, 0x08,
    0x61, 0x08, 0x61, 0x08, 0x61, 0x08, 0x61, 0x08, 0x61, 0x08, 0x61, 0x08, 0x61, 0x08, 0x61, 0x08,
    0x61, 0x08, 0x61, 0x08, 0x41, 0x08, 0x41, 0x08, 0x41, 0x08, 0x61, 0x08, 0x61, 0x08, 0x61, 0x08,
    0x61, 0x08, 0x61, 0x08, 0x41, 0x08, 0x41, 0x08, 0x41, 0x08, 0x41, 0x08, 0x41, 0x08, 0x41, 0x08,
    0x41, 0x08, 0x41, 0x08, 0x41, 0x08, 0x41, 0x08, 0x41, 0x08, 0x61, 0x08, 0x41, 0x08, 0x41, 0x08,
    0x05, 0x11, 0x41, 0x08, 0x41, 0x08, 0x61, 0x08, 0x61, 0x08, 0x61, 0x08, 0x41, 0x08, 0x61, 0x08,
    0x61, 0x08, 0x41, 0x08, 0x41, 0x08, 0x41, 0x08, 0x41, 0x08, 0x41, 0x08, 0x61, 0x08, 0x41, 0x08,
    0x41, 0x08, 0x05, 0x11, 0x61, 0x08, 0x41, 0x08, 0x61, 0x08, 0x61, 0x08, 0x20, 0x08, 0xa3, 0x08,
    0xe4, 0x10, 0x40, 0x08, 0x61, 0x08, 0x20, 0x08, 0x26, 0x11, 0x41, 0x08, 0x41, 0x08, 0x41, 0x08,
    0x41, 0x08, 0x41, 0x08, 0x41, 0x08, 0x41, 0x08, 0x41, 0x08, 0x41, 0x08, 0x41, 0x08, 0x21, 0x00,
    0x21, 0x00, 0x21, 0x00, 0x21, 0x00, 0x21, 0x00, 0x21, 0x08, 0x41, 0x00, 0x82, 0x08, 0x41, 0x08,
    0xc3, 0x08, 0x61, 0x08, 0x20, 0x08, 0x41, 0x08, 0xa3, 0x08, 0x41, 0x00, 0x21, 0x00, 0x20, 0x00,
    0x41, 0x00, 0x83, 0x08, 0x21, 0x00, 0x41, 0x00, 0x41, 0x08, 0x21, 0x08, 0x82, 0x08, 0x82, 0x08,
    0x21, 0x08, 0x41, 0x00, 0x20, 0x00, 0x82, 0x08, 0x61, 0x08, 0x41, 0x08, 0x41, 0x08, 0x41, 0x08,
    0x41, 0x08, 0x41, 0x08, 0x41, 0x08, 0x25, 0x19, 0x20, 0x00, 0x21, 0x00, 0x62, 0x08, 0xc3, 0x08,
    0x20, 0x08, 0x20, 0x00, 0xc3, 0x08, 0x82, 0x08, 0x00, 0x00, 0x41, 0x00, 0x21, 0x00, 0x41, 0x08,
    0x21, 0x00, 0x41, 0x08, 0xe4, 0x10, 0x41, 0x08, 0x20, 0x00, 0x41, 0x00, 0x41, 0x00, 0x41, 0x00,
    0x41, 0x00, 0x41, 0x00, 0x20, 0x00, 0xc3, 0x08, 0x62, 0x08, 0x20, 0x00, 0x41, 0x08, 0x41, 0x00,
    0x41, 0x00, 0x20, 0x00, 0x41, 0x08, 0xe4, 0x10, 0x20, 0x00, 0x41, 0x08, 0x41, 0x08, 0x41, 0x08,
    0x41, 0x08, 0x41, 0x08, 0x41, 0x08, 0x41, 0x08, 0x41, 0x08, 0x41, 0x08, 0x41, 0x08, 0x41, 0x08,
    0x61, 0x08, 0x61, 0x08, 0x61, 0x08, 0x41, 0x08, 0x41, 0x08, 0x41, 0x08, 0x41, 0x08, 0x61, 0x08,
    0x61, 0x08, 0x61, 0x08, 0x61, 0x08, 0x61, 0x08, 0x61, 0x08, 0x61, 0x08, 0x61, 0x08, 0x61, 0x08,
    0x61, 0x08, 0x61, 0x08, 0x42, 0x08, 0x42, 0x08, 0x42, 0x08, 0x61, 0x08, 0x61, 0x08, 0x61, 0x08,
    0x61, 0x08, 0x61, 0x08, 0x61, 0x08, 0x41, 0x08, 0x42, 0x08, 0x42, 0x08, 0x42, 0x08, 0x61, 0x08,
    0x61, 0x08, 0x61, 0x08, 0x61, 0x08, 0x61, 0x08, 0x61, 0x08, 0x61, 0x08, 0x61, 0x08, 0x61, 0x08,
    0x61, 0x08, 0x62, 0x08, 0x61, 0x08, 0x62, 0x08, 0x62, 0x08, 0x62, 0x08, 0x62, 0x08, 0x61, 0x08,
    0x62, 0x08, 0x62, 0x08, 0x62, 0x08, 0x62, 0x08, 0x62, 0x08, 0x61, 0x08, 0x61, 0x08, 0x61, 0x08,
    0x61, 0x08, 0x61, 0x08, 0x61, 0x08, 0x62, 0x08, 0x62, 0x08, 0x61, 0x08, 0x62, 0x08, 0x61, 0x08,
    0x61, 0x08, 0x61, 0x08, 0x61, 0x08, 0x61, 0x08, 0x62, 0x08, 0x62, 0x08, 0x62, 0x08, 0x61, 0x08,
    0x61, 0x08, 0x61, 0x08, 0x61, 0x08, 0x61, 0x08, 0x61, 0x08, 0x61, 0x08, 0x61, 0x08, 0x61, 0x08,
    0x61, 0x08, 0x62, 0x08, 0x61, 0x08, 0x61, 0x08, 0x61, 0x08, 0x61, 0x08, 0x61, 0x08, 0x61, 0x08,
    0x61, 0x08, 0x61, 0x08, 0x61, 0x08, 0x61, 0x08, 0x61, 0x08, 0x61, 0x08, 0x61, 0x08, 0x61, 0x08,
    0x61, 0x08, 0x61, 0x08, 0x61, 0x08, 0x61, 0x08, 0x41, 0x08, 0x61, 0x08, 0x41, 0x08, 0x41, 0x08,
    0x41, 0x08, 0x41, 0x08, 0x41, 0x08, 0x41, 0x08, 0x41, 0x08, 0x41, 0x08, 0x41, 0x08, 0x41, 0x08,
    0x41, 0x08, 0x41, 0x08, 0x41, 0x08, 0x41, 0x08, 0x41, 0x08, 0x41, 0x08, 0x41, 0x08, 0x41, 0x08,
    0x41, 0x08, 0x41, 0x08, 0x41, 0x08, 0x41, 0x08, 0x41, 0x08, 0x41, 0x08, 0x41, 0x08, 0x41, 0x08,
    0x41, 0x08, 0x41, 0x08, 0x41, 0x08, 0x41, 0x08, 0x61, 0x08, 0x41, 0x08, 0x41, 0x08, 0x05, 0x11,
    0x41, 0x08, 0x41, 0x08, 0x61, 0x08, 0x61, 0x08, 0x41, 0x08, 0x41, 0x08, 0x41, 0x08, 0x41, 0x08,
    0x41, 0x08, 0x41, 0x08, 0x41, 0x08, 0x41, 0x08, 0x41, 0x08, 0x41, 0x08, 0x41, 0x08, 0x41, 0x08,
    0x05, 0x11, 0x61, 0x08, 0x41, 0x08, 0x61, 0x08, 0x61, 0x08, 0x20, 0x08, 0xa3, 0x10, 0x04, 0x11,
    0x20, 0x08, 0x61, 0x08, 0x40, 0x08, 0x82, 0x08, 0xc4, 0x08, 0x21, 0x08, 0x41, 0x08, 0x41, 0x08,
    0x41, 0x08, 0x41, 0x08, 0x41, 0x08, 0x41, 0x08, 0x41, 0x00, 0x21, 0x00, 0x21, 0x00, 0x21, 0x00,
    0x21, 0x00, 0x21, 0x00, 0x21, 0x00, 0x21, 0x00, 0x41, 0x08, 0x41, 0x08, 0x82, 0x08, 0xc4, 0x08,
    0x61, 0x08, 0x21, 0x08, 0x41, 0x08, 0xa3, 0x08, 0x41, 0x00, 0x20, 0x00, 0x21, 0x00, 0x41, 0x00,
    0x83, 0x08, 0x21, 0x00, 0x41, 0x00, 0x41, 0x08, 0x21, 0x00, 0x82, 0x08, 0x82, 0x08, 0x21, 0x08,
    0x41, 0x08, 0x41, 0x00, 0x20, 0x08, 0x82, 0x08, 0x61, 0x08, 0x41, 0x08, 0x41, 0x08, 0x41, 0x08,
    0x41, 0x08, 0x41, 0x08, 0x41, 0x08, 0x25, 0x19, 0x20, 0x00, 0x21, 0x08, 0x82, 0x08, 0xc3, 0x08,
    0x20, 0x08, 0x41, 0x08, 0x62, 0x08, 0xc3, 0x08, 0x20, 0x00, 0x21, 0x00, 0x41, 0x00, 0x41, 0x08,
    0x41, 0x08, 0x21, 0x00, 0x41, 0x08, 0xe4, 0x10, 0x41, 0x00, 0x20, 0x00, 0x41, 0x00, 0x41, 0x00,
    0x41, 0x00, 0x41, 0x08, 0x41, 0x08, 0x20, 0x00, 0xc4, 0x10, 0x62, 0x08, 0x20, 0x00, 0x41, 0x08,
    0x41, 0x00, 0x20, 0x00, 0x61, 0x08, 0xe4, 0x10, 0x20, 0x00, 0x41, 0x08, 0x41, 0x08, 0x41, 0x08,
    0x41, 0x08, 0x41, 0x08, 0x41, 0x00, 0x41, 0x08, 0x41, 0x08, 0x41, 0x08, 0x41, 0x08, 0x41, 0x08,
    0x61, 0x08, 0x61, 0x08, 0x41, 0x08, 0x41, 0x08, 0x41, 0x08, 0x41, 0x08, 0x41, 0x08, 0x41, 0x08,
    0x61, 0x08, 0x61, 0x08, 0x61, 0x08, 0x61, 0x08, 0x61, 0x08, 0x61, 0x08, 0x61, 0x08, 0x61, 0x08,
    0x61, 0x08, 0x61, 0x08, 0x42, 0x08, 0x42, 0x08, 0x42, 0x08, 0x42, 0x08, 0x61, 0x08, 0x61, 0x08,
    0x61, 0x08, 0x61, 0x08, 0x61, 0x08, 0x61, 0x08, 0x61, 0x08, 0x61, 0x08, 0x61, 0x08, 0x61, 0x08,
    0x61, 0x08, 0x61, 0x08, 0x61, 0x08, 0x61, 0x08, 0x61, 0x08, 0x62, 0x08, 0x61, 0x08, 0x61, 0x08,
    0x61, 0x08, 0x61, 0x08, 0x61, 0x08, 0x61, 0x08, 0x61, 0x08, 0x62, 0x08, 0x62, 0x08, 0x61, 0x08,
    0x62, 0x08, 0x62, 0x08, 0x62, 0x08, 0x62, 0x08, 0x42, 0x08, 0x42, 0x08, 0x62, 0x08, 0x42, 0x08,
    0x61, 0x08, 0x61, 0x08, 0x61, 0x08, 0x61, 0x08, 0x61, 0x08, 0x62, 0x08, 0x62, 0x08, 0x61, 0x08,
    0x42, 0x08, 0x42, 0x08, 0x62, 0x08, 0x61, 0x08, 0x62, 0x08, 0x62, 0x08, 0x62, 0x08, 0x61, 0x08,
    0x61, 0x08, 0x61, 0x08, 0x61, 0x08, 0x61, 0x08, 0x61, 0x08, 0x61, 0x08, 0x61, 0x08, 0x62, 0x08,
    0x62, 0x08, 0x61, 0x08, 0x62, 0x08, 0x62, 0x08, 0x61, 0x08, 0x61, 0x08, 0x61, 0x08, 0x61, 0x08,
    0x61, 0x08, 0x61, 0x08, 0x61, 0x08, 0x61, 0x08, 0x61, 0x08, 0x61, 0x08, 0x61, 0x08, 0x61, 0x08,
    0x61, 0x08, 0x61, 0x08, 0x61, 0x08, 0x61, 0x08, 0x61, 0x08, 0x61, 0x08, 0x61, 0x08, 0x61, 0x08,
    0x61, 0x08, 0x61, 0x08, 0x61, 0x08, 0x61, 0x08, 0x61, 0x08, 0x61, 0x08, 0x61, 0x08, 0x61, 0x08,
    0x61, 0x08, 0x61, 0x08, 0x61, 0x08, 0x61, 0x08, 0x61, 0x08, 0x61, 0x08, 0x61, 0x08, 0x61, 0x08,
    0x61, 0x08, 0x61, 0x08, 0x41, 0x08, 0x41, 0x08, 0x41, 0x08, 0x41, 0x08, 0x41, 0x08, 0x41, 0x08,
    0x41, 0x08, 0x41, 0x08, 0x41, 0x08, 0x61, 0x08, 0x41, 0x08, 0x41, 0x08, 0x04, 0x11, 0x61, 0x08,
    0x41, 0x08, 0x61, 0x08, 0x61, 0x08, 0x61, 0x08, 0x41, 0x08, 0x41, 0x08, 0x41, 0x08, 0x41, 0x08,
    0x41, 0x08, 0x41, 0x08, 0x41, 0x08, 0x41, 0x08, 0x41, 0x08, 0x41, 0x08, 0x41, 0x08, 0x25, 0x11,
    0x61, 0x08, 0x41, 0x08, 0x61, 0x08, 0x61, 0x08, 0x20, 0x08, 0xa3, 0x08, 0x05, 0x11, 0x20, 0x08,
    0x61, 0x08, 0x20, 0x08, 0x82, 0x08, 0xe4, 0x10, 0x20, 0x08, 0x41, 0x08, 0x41, 0x08, 0x41, 0x08,
    0x41, 0x00, 0x41, 0x08, 0x41, 0x00, 0x20, 0x00, 0x00, 0x00, 0x20, 0x00, 0x21, 0x00, 0x20, 0x00,
    0x00, 0x00, 0x20, 0x00, 0x20, 0x00, 0x20, 0x00, 0x41, 0x00, 0x41, 0x08, 0x82, 0x08, 0xa2, 0x08,
    0x20, 0x08, 0x41, 0x08, 0x82, 0x00, 0x62, 0x08, 0x20, 0x00, 0x21, 0x00, 0x41, 0x00, 0x83, 0x08,
    0x21, 0x00, 0x20, 0x00, 0x21, 0x00, 0x41, 0x08, 0x62, 0x08, 0x62, 0x00, 0x20, 0x00, 0x41, 0x00,
    0x21, 0x00, 0x20, 0x00, 0x62, 0x08, 0x82, 0x08, 0x21, 0x08, 0x41, 0x08, 0x41, 0x08, 0x41, 0x08,
    0x41, 0x08, 0x41, 0x08, 0x41, 0x08, 0x25, 0x19, 0x20, 0x00, 0x21, 0x08, 0x82, 0x08, 0xc3, 0x08,
    0x20, 0x08, 0x41, 0x08, 0x21, 0x00, 0x62, 0x08, 0xc4, 0x10, 0x20, 0x00, 0x41, 0x08, 0x41, 0x08,
    0x41, 0x08, 0x41, 0x08, 0x21, 0x00, 0x41, 0x08, 0xe4, 0x10, 0x21, 0x00, 0x20, 0x00, 0x41, 0x00,
    0x41, 0x00, 0x41, 0x08, 0x41, 0x08, 0x41, 0x08, 0x20, 0x00, 0xc4, 0x10, 0x61, 0x08, 0x20, 0x00,
    0x41, 0x00, 0x20, 0x00, 0x61, 0x08, 0xe4, 0x10, 0x20, 0x00, 0x41, 0x08, 0x41, 0x08, 0x41, 0x08,
    0x41, 0x08, 0x41, 0x08, 0x41, 0x00, 0x41, 0x00, 0x41, 0x08, 0x41, 0x08, 0x41, 0x08, 0x41, 0x08,
    0x61, 0x08, 0x62, 0x08, 0x61, 0x08, 0x41, 0x08, 0x41, 0x08, 0x61, 0x08, 0x41, 0x08, 0x61, 0x08,
    0x61, 0x08, 0x61, 0x08, 0x61, 0x08, 0x61, 0x08, 0x61, 0x08, 0x61, 0x08, 0x61, 0x08, 0x41, 0x08,
    0x41, 0x08, 0x61, 0x08, 0x61, 0x08, 0x61, 0x08, 0x61, 0x08, 0x61, 0x08, 0x61, 0x08, 0x61, 0x08,
    0x61, 0x08, 0x61, 0x08, 0x61, 0x08, 0x61, 0x08, 0x61, 0x08, 0x61, 0x08, 0x61, 0x08, 0x61, 0x08,
    0x61, 0x08, 0x61, 0x08, 0x61, 0x08, 0x42, 0x08, 0x61, 0x08, 0x61, 0x08, 0x61, 0x08, 0x61, 0x08,
    0x61, 0x08, 0x61, 0x08, 0x61, 0x08, 0x62, 0x08, 0x62, 0x08, 0x62, 0x08, 0x62, 0x08, 0x62, 0x08,
    0x62, 0x08, 0x62, 0x08, 0x62, 0x08, 0x62, 0x08, 0x62, 0x08, 0x62, 0x08, 0x62, 0x08, 0x61, 0x08,
    0x61, 0x08, 0x61, 0x08, 0x61, 0x08, 0x61, 0x08, 0x61, 0x08, 0x61, 0x08, 0x61, 0x08, 0x61, 0x08,
    0x42, 0x08, 0x42, 0x08, 0x42, 0x08, 0x61, 0x08, 0x62, 0x08, 0x62, 0x08, 0x62, 0x08, 0x61, 0x08,
    0x61, 0x08, 0x61, 0x08, 0x61, 0x08, 0x61, 0x08, 0x61, 0x08, 0x62, 0x08, 0x62, 0x08, 0x62, 0x08,
    0x62, 0x08, 0x62, 0x08, 0x62, 0x08, 0x62, 0x08, 0x82, 0x08, 0x82, 0x08, 0x82, 0x08, 0x82, 0x08,
    0x82, 0x08, 0x82, 0x08, 0x82, 0x08, 0x83, 0x08, 0xa3, 0x08, 0xa3, 0x08, 0xa3, 0x08, 0xa3, 0x08,
    0xa3, 0x08, 0xa3, 0x08, 0xa3, 0x08, 0xa3, 0x08, 0xa3, 0x08, 0xa3, 0x08, 0xa3, 0x08, 0xa3, 0x08,
    0xa3, 0x08, 0xa3, 0x08, 0xa3, 0x08, 0xa3, 0x08, 0xa3, 0x08, 0xa3, 0x08, 0xa3, 0x08, 0xa3, 0x08,
    0xa3, 0x08, 0xa3, 0x08, 0xa3, 0x08, 0xa3, 0x08, 0xa3, 0x08, 0xa3, 0x08, 0xa3, 0x08, 0xa3, 0x08,
    0xa3, 0x08, 0x83, 0x08, 0x83, 0x08, 0x82, 0x08, 0x82, 0x08, 0x82, 0x08, 0x82, 0x08, 0x62, 0x08,
    0x61, 0x08, 0x41, 0x08, 0x41, 0x08, 0x41, 0x08, 0x41, 0x08, 0x04, 0x11, 0x61, 0x08, 0x41, 0x08,
    0x61, 0x08, 0x61, 0x08, 0x61, 0x08, 0x41, 0x08, 0x41, 0x08, 0x41, 0x08, 0x41, 0x08, 0x41, 0x08,
    0x41, 0x08, 0x41, 0x08, 0x41, 0x08, 0x41, 0x08, 0x41, 0x08, 0x41, 0x08, 0x05, 0x11, 0x61, 0x08,
    0x41, 0x08, 0x61, 0x08, 0x61, 0x08, 0x20, 0x08, 0xa3, 0x10, 0x25, 0x11, 0x20, 0x08, 0x61, 0x08,
    0x21, 0x08, 0x82, 0x08, 0xe4, 0x10, 0x20, 0x08, 0x41, 0x08, 0x41, 0x08, 0x41, 0x08, 0x41, 0x08,
    0x41, 0x08, 0x41, 0x00, 0x21, 0x00, 0x00, 0x00, 0x61, 0x08, 0x41, 0x08, 0x20, 0x00, 0x20, 0x00,
    0x61, 0x08, 0x00, 0x00, 0x20, 0x00, 0x61, 0x08, 0x61, 0x08, 0x41, 0x08, 0x41, 0x08, 0x62, 0x08,
    0x20, 0x00, 0x21, 0x08, 0x82, 0x08, 0x41, 0x08, 0x20, 0x00, 0x20, 0x00, 0x82, 0x08, 0x21, 0x00,
    0x20, 0x00, 0x41, 0x08, 0x41, 0x08, 0x41, 0x00, 0x62, 0x08, 0x41, 0x08, 0x20, 0x00, 0x20, 0x00,
    0x41, 0x08, 0x41, 0x00, 0x62, 0x00, 0x21, 0x00, 0x41, 0x08, 0x41, 0x08, 0x41, 0x08, 0x41, 0x08,
    0x41, 0x08, 0x41, 0x08, 0x41, 0x08, 0x25, 0x11, 0x20, 0x00, 0x41, 0x08, 0x61, 0x08, 0xe4, 0x10,
    0x41, 0x08, 0x21, 0x08, 0x41, 0x08, 0x21, 0x00, 0x82, 0x08, 0xe4, 0x10, 0x20, 0x00, 0x41, 0x00,
    0x41, 0x00, 0x41, 0x00, 0x41, 0x08, 0x21, 0x00, 0x41, 0x08, 0xe4, 0x10, 0x41, 0x00, 0x20, 0x00,
    0x41, 0x00, 0x41, 0x00, 0x41, 0x08, 0x41, 0x08, 0x21, 0x08, 0x20, 0x00, 0xc3, 0x10, 0x61, 0x08,
    0x20, 0x00, 0x21, 0x00, 0x61, 0x08, 0xe4, 0x10, 0x20, 0x00, 0x41, 0x08, 0x41, 0x08, 0x41, 0x08,
    0x41, 0x08, 0x41, 0x08, 0x41, 0x00, 0x41, 0x00, 0x41, 0x08, 0x41, 0x08, 0x41, 0x08, 0x41, 0x08,
    0x61, 0x08, 0x61, 0x08, 0x61, 0x08, 0x61, 0x08, 0x61, 0x08, 0x61, 0x08, 0x61, 0x08, 0x61, 0x08,
    0x61, 0x08, 0x61, 0x08, 0x61, 0x08, 0x61, 0x08, 0x61, 0x08, 0x41, 0x08, 0x61, 0x08, 0x61, 0x08,
    0x61, 0x08, 0x61, 0x08, 0x61, 0x08, 0x61, 0x08, 0x61, 0x08, 0x61, 0x08, 0x61, 0x08, 0x61, 0x08,
    0x61, 0x08, 0x61, 0x08, 0x61, 0x08, 0x61, 0x08, 0x61, 0x08, 0x61, 0x08, 0x61, 0x08, 0x61, 0x08,
    0x61, 0x08, 0x61, 0x08, 0x42, 0x08, 0x42, 0x08, 0x61, 0x08, 0x61, 0x08, 0x61, 0x08, 0x61, 0x08,
    0x61, 0x08, 0x61, 0x08, 0x61, 0x08, 0x61, 0x08, 0x61, 0x08, 0x62, 0x08, 0x62, 0x08, 0x61, 0x08,
    0x62, 0x08, 0x62, 0x08, 0x62, 0x08, 0x62, 0x08, 0x61, 0x08, 0x61, 0x08, 0x61, 0x08, 0x61, 0x08,
    0x61, 0x08, 0x61, 0x08, 0x62, 0x08, 0x61, 0x08, 0x61, 0x08, 0x61, 0x08, 0x61, 0x08, 0x62, 0x08,
    0x61, 0x08, 0x61, 0x08, 0x61, 0x08, 0x61, 0x08, 0x62, 0x08, 0x61, 0x08, 0x61, 0x08, 0x61, 0x08,
    0x61, 0x08, 0x61, 0x08, 0x61, 0x08, 0x61, 0x08, 0x61, 0x08, 0x62, 0x08, 0x62, 0x08, 0x62, 0x08,
    0x62, 0x08, 0x61, 0x08, 0x61, 0x08, 0x61, 0x08, 0x61, 0x08, 0x41, 0x08, 0x41, 0x08, 0x41, 0x08,
    0x41, 0x08, 0x41, 0x08, 0x41, 0x08, 0x61, 0x08, 0x61, 0x08, 0x41, 0x08, 0x41, 0x08, 0x41, 0x08,
    0x41, 0x08, 0x41, 0x08, 0x41, 0x08, 0x41, 0x08, 0x41, 0x08, 0x41, 0x08, 0x40, 0x08, 0x40, 0x08,
    0x41, 0x08, 0x41, 0x08, 0x40, 0x08, 0x41, 0x08, 0x20, 0x08, 0x21, 0x08, 0x20, 0x08, 0x20, 0x08,
    0x41, 0x08, 0x41, 0x08, 0x41, 0x08, 0x41, 0x08, 0x41, 0x08, 0x41, 0x08, 0x41, 0x08, 0x40, 0x08,
    0x41, 0x08, 0x41, 0x08, 0x41, 0x08, 0x41, 0x08, 0x41, 0x08, 0x41, 0x08, 0x41, 0x08, 0x41, 0x08,
    0x41, 0x08, 0x41, 0x08, 0x41, 0x08, 0x41, 0x08, 0xe4, 0x10, 0x62, 0x08, 0x40, 0x08, 0x61, 0x08,
    0x61, 0x08, 0x61, 0x08, 0x61, 0x08, 0x41, 0x08, 0x41, 0x08, 0x61, 0x08, 0x61, 0x08, 0x41, 0x08,
    0x41, 0x08, 0x41, 0x08, 0x41, 0x08, 0x41, 0x08, 0x61, 0x08, 0x05, 0x11, 0x61, 0x08, 0x41, 0x08,
    0x61, 0x08, 0x61, 0x08, 0x20, 0x08, 0x82, 0x08, 0x25, 0x11, 0x20, 0x08, 0x61, 0x08, 0x20, 0x08,
    0x82, 0x08, 0x05, 0x11, 0x20, 0x08, 0x41, 0x08, 0x41, 0x08, 0x41, 0x08, 0x41, 0x08, 0x41, 0x08,
    0x41, 0x08, 0x21, 0x00, 0x20, 0x00, 0x00, 0x00, 0xaf, 0x4b, 0x08, 0x2a, 0x00, 0x00, 0x45, 0x19,
    0x90, 0x4b, 0x41, 0x08, 0x00, 0x00, 0x6f, 0x43, 0xc8, 0x29, 0x00, 0x00, 0x86, 0x21, 0xab, 0x3a,
    0x00, 0x00, 0x20, 0x00, 0x0d, 0x43, 0x87, 0x21, 0x00, 0x00, 0x04, 0x19, 0x2d, 0x43, 0x41, 0x08,
    0x00, 0x00, 0xab, 0x3a, 0x49, 0x32, 0x00, 0x00, 0x04, 0x19, 0x2e, 0x43, 0x41, 0x08, 0x00, 0x00,
    0x8b, 0x3a, 0xc7, 0x29, 0x00, 0x00, 0x41, 0x00, 0x21, 0x00, 0x21, 0x00, 0x21, 0x00, 0x21, 0x00,
    0x41, 0x08, 0x41, 0x08, 0x41, 0x08, 0x05, 0x19, 0x20, 0x00, 0x41, 0x08, 0x41, 0x08, 0x41, 0x08,
    0xe4, 0x10, 0x41, 0x08, 0x21, 0x08, 0x61, 0x08, 0x41, 0x08, 0x82, 0x08, 0xe4, 0x10, 0x20, 0x00,
    0x21, 0x00, 0x41, 0x00, 0x41, 0x00, 0x41, 0x00, 0x21, 0x00, 0x41, 0x08, 0xe4, 0x10, 0x41, 0x00,
    0x20, 0x00, 0x41, 0x00, 0x41, 0x00, 0x41, 0x00, 0x41, 0x08, 0x20, 0x00, 0x61, 0x08, 0xc4, 0x10,
    0x20, 0x00, 0x41, 0x08, 0x61, 0x08, 0xe4, 0x10, 0x00, 0x00, 0x41, 0x08, 0x41, 0x08, 0x41, 0x08,
    0x41, 0x08, 0x41, 0x08, 0x41, 0x08, 0x41, 0x00, 0x41, 0x08, 0x41, 0x08, 0x41, 0x08, 0x41, 0x08,
    0x61, 0x08, 0x61, 0x08, 0x61, 0x08, 0x61, 0x08, 0x61, 0x08, 0x61, 0x08, 0x41, 0x08, 0x41, 0x08,
    0x61, 0x08, 0x42, 0x08, 0x42, 0x08, 0x61, 0x08, 0x61, 0x08, 0x41, 0x08, 0x61, 0x08, 0x61, 0x08,
    0x61, 0x08, 0x61, 0x08, 0x61, 0x08, 0x61, 0x08, 0x61, 0x08, 0x61, 0x08, 0x61, 0x08, 0x61, 0x08,
    0x61, 0x08, 0x61, 0x08, 0x61, 0x08, 0x61, 0x08, 0x61, 0x08, 0x61, 0x08, 0x61, 0x08, 0x61, 0x08,
    0x61, 0x08, 0x41, 0x08, 0x42, 0x08, 0x41, 0x08, 0x61, 0x08, 0x61, 0x08, 0x61, 0x08, 0x61, 0x08,
    0x61, 0x08, 0x61, 0x08, 0x61, 0x08, 0x61, 0x08, 0x61, 0x08, 0x61, 0x08, 0x62, 0x08, 0x62, 0x08,
    0x62, 0x08, 0x62, 0x08, 0x61, 0x08, 0x61, 0x08, 0x61, 0x08, 0x61, 0x08, 0x61, 0x08, 0x61, 0x08,
    0x61, 0x08, 0x61, 0x08, 0x62, 0x08, 0x61, 0x08, 0x61, 0x08, 0x61, 0x08, 0x61, 0x08, 0x62, 0x08,
    0x62, 0x08, 0x61, 0x08, 0x61, 0x08, 0x61, 0x08, 0x61, 0x08, 0x61, 0x08, 0x61, 0x08, 0x61, 0x08,
    0x62, 0x08, 0x61, 0x08, 0x62, 0x08, 0x61, 0x08, 0x61, 0x08, 0x61, 0x08, 0x61, 0x08, 0x61, 0x08,
    0x61, 0x08, 0x61, 0x08, 0x61, 0x08, 0x61, 0x08, 0x61, 0x08, 0x61, 0x08, 0x61, 0x08, 0x61, 0x08,
    0x61, 0x08, 0x61, 0x08, 0x61, 0x08, 0x61, 0x08, 0x61, 0x08, 0x61, 0x08, 0x61, 0x08, 0x61, 0x08,
    0x61, 0x08, 0x41, 0x08, 0x41, 0x08, 0x41, 0x08, 0x41, 0x08, 0x61, 0x08, 0x41, 0x08, 0x40, 0x08,
    0x41, 0x08, 0x41, 0x08, 0x41, 0x08, 0x41, 0x08, 0x41, 0x08, 0x41, 0x08, 0x41, 0x08, 0x41, 0x08,
    0x41, 0x08, 0x41, 0x08, 0x41, 0x08, 0x41, 0x08, 0x41, 0x08, 0x41, 0x08, 0x41, 0x08, 0x41, 0x08,
    0x41, 0x08, 0x41, 0x08, 0x41, 0x08, 0x41, 0x08, 0x40, 0x08, 0x40, 0x08, 0x40, 0x08, 0x41, 0x08,
    0x20, 0x08, 0x62, 0x08, 0x05, 0x11, 0x05, 0x11, 0x82, 0x08, 0x20, 0x08, 0x61, 0x08, 0x41, 0x08,
    0x41, 0x08, 0x41, 0x08, 0x41, 0x08, 0x61, 0x08, 0x61, 0x08, 0x61, 0x08, 0x61, 0x08, 0x61, 0x08,
    0x61, 0x08, 0x41, 0x08, 0x61, 0x08, 0x20, 0x08, 0x05, 0x11, 0x82, 0x08, 0x40, 0x08, 0x61, 0x08,
    0x61, 0x08, 0x20, 0x08, 0x82, 0x08, 0x25, 0x11, 0x20, 0x08, 0x61, 0x08, 0x20, 0x08, 0x82, 0x08,
    0x05, 0x11, 0x20, 0x08, 0x41, 0x08, 0x41, 0x08, 0x41, 0x08, 0x41, 0x08, 0x41, 0x00, 0x41, 0x00,
    0x21, 0x00, 0x21, 0x00, 0x00, 0x00, 0x00, 0x00, 0x2e, 0x3b, 0xa7, 0x21, 0x00, 0x00, 0x45, 0x19,
    0x0d, 0x33, 0x40, 0x08, 0x00, 0x00, 0x0e, 0x33, 0x87, 0x19, 0x00, 0x00, 0xa7, 0x21, 0x8b, 0x2a,
    0x00, 0x00, 0x20, 0x00, 0xcc, 0x32, 0x87, 0x19, 0x00, 0x00, 0x25, 0x11, 0xcc, 0x32, 0x41, 0x08,
    0x00, 0x00, 0x8b, 0x32, 0x08, 0x2a, 0x00, 0x00, 0x25, 0x19, 0xed, 0x3a, 0x41, 0x08, 0x00, 0x00,
    0x4a, 0x2a, 0xa7, 0x21, 0x00, 0x00, 0x21, 0x00, 0x21, 0x00, 0x21, 0x00, 0x21, 0x00, 0x21, 0x00,
    0x41, 0x08, 0x41, 0x08, 0x41, 0x08, 0x26, 0x19, 0x20, 0x00, 0x41, 0x08, 0x41, 0x08, 0x21, 0x00,
    0x41, 0x08, 0xe4, 0x10, 0x41, 0x08, 0x41, 0x08, 0x61, 0x08, 0x20, 0x00, 0x82, 0x08, 0xe4, 0x10,
    0x20, 0x00, 0x21, 0x00, 0x41, 0x00, 0x41, 0x00, 0x41, 0x08, 0x21, 0x00, 0x41, 0x08, 0xe4, 0x10,
    0x41, 0x08, 0x21, 0x00, 0x41, 0x00, 0x41, 0x00, 0x41, 0x00, 0x20, 0x00, 0x61, 0x08, 0xc3, 0x10,
    0x20, 0x00, 0x41, 0x00, 0x61, 0x08, 0xe4, 0x10, 0x00, 0x00, 0x41, 0x08, 0x41, 0x08, 0x41, 0x08,
    0x41, 0x08, 0x41, 0x08, 0x41, 0x08, 0x41, 0x08, 0x41, 0x08, 0x41, 0x08, 0x41, 0x08, 0x41, 0x08,
    0x61, 0x08, 0x61, 0x08, 0x61, 0x08, 0x61, 0x08, 0x61, 0x08, 0x61, 0x08, 0x41, 0x08, 0x41, 0x08,
    0x61, 0x08, 0x62, 0x08, 0x42, 0x08, 0x41, 0x08, 0x41, 0x08, 0x41, 0x08, 0x61, 0x08, 0x61, 0x08,
    0x61, 0x08, 0x61, 0x08, 0x61, 0x08, 0x61, 0x08, 0x61, 0x08, 0x61, 0x08, 0x61, 0x08, 0x61, 0x08,
    0x61, 0x08, 0x61, 0x08, 0x61, 0x08, 0x61, 0x08, 0x61, 0x08, 0x61, 0x08, 0x61, 0x08, 0x61, 0x08,
    0x41, 0x08, 0x41, 0x08, 0x41, 0x08, 0x61, 0x08, 0x61, 0x08, 0x61, 0x08, 0x61, 0x08, 0x61, 0x08,
    0x61, 0x08, 0x61, 0x08, 0x61, 0x08, 0x61, 0x08, 0x61, 0x08, 0x61, 0x08, 0x61, 0x08, 0x62, 0x08,
    0x61, 0x08, 0x61, 0x08, 0x61, 0x08, 0x61, 0x08, 0x61, 0x08, 0x61, 0x08, 0x61, 0x08, 0x61, 0x08,
    0x61, 0x08, 0x62, 0x08, 0x62, 0x08, 0x61, 0x08, 0x61, 0x08, 0x61, 0x08, 0x61, 0x08, 0x61, 0x08,
    0x61, 0x08, 0x61, 0x08, 0x61, 0x08, 0x61, 0x08, 0x61, 0x08, 0x61, 0x08, 0x61, 0x08, 0x61, 0x08,
    0x61, 0x08, 0x62, 0x08, 0x62, 0x08, 0x61, 0x08, 0x61, 0x08, 0x61, 0x08, 0x61, 0x08, 0x61, 0x08,
    0x61, 0x08, 0x61, 0x08, 0x61, 0x08, 0x62, 0x08, 0x61, 0x08, 0x61, 0x08, 0x61, 0x08, 0x61, 0x08,
    0x61, 0x08, 0x61, 0x08, 0x61, 0x08, 0x61, 0x08, 0x61, 0x08, 0x61, 0x08, 0x61, 0x08, 0x61, 0x08,
    0x61, 0x08, 0x61, 0x08, 0x41, 0x08, 0x41, 0x08, 0x61, 0x08, 0x20, 0x08, 0x82, 0x08, 0x46, 0x11,
    0x25, 0x11, 0x25, 0x11, 0x25, 0x11, 0x25, 0x11, 0x25, 0x11, 0x45, 0x11, 0x46, 0x19, 0x45, 0x19,
    0x45, 0x19, 0x45, 0x19, 0x46, 0x19, 0x45, 0x11, 0x25, 0x11, 0x25, 0x11, 0x25, 0x11, 0x25, 0x11,
    0x05, 0x11, 0x05, 0x11, 0x05, 0x11, 0x05, 0x11, 0x05, 0x11, 0x05, 0x11, 0x05, 0x11, 0x04, 0x11,
    0xe4, 0x10, 0x25, 0x11, 0xe3, 0x10, 0xe3, 0x10, 0x82, 0x08, 0x41, 0x08, 0x61, 0x08, 0x41, 0x08,
    0x41, 0x08, 0x41, 0x08, 0x41, 0x08, 0x61, 0x08, 0x61, 0x08, 0x61, 0x08, 0x61, 0x08, 0x61, 0x08,
    0x61, 0x08, 0x41, 0x08, 0x61, 0x08, 0x20, 0x08, 0xe4, 0x08, 0x41, 0x08, 0x41, 0x08, 0x61, 0x08,
    0x41, 0x08, 0x82, 0x08, 0x25, 0x11, 0x41, 0x08, 0x41, 0x08, 0x21, 0x08, 0x82, 0x08, 0x25, 0x11,
    0x40, 0x08, 0x41, 0x08, 0x41, 0x08, 0x41, 0x08, 0x41, 0x08, 0x41, 0x08, 0x21, 0x00, 0x21, 0x00,
    0x21, 0x00, 0x21, 0x00, 0x20, 0x00, 0x00, 0x00, 0x2e, 0x33, 0xa7, 0x21, 0x00, 0x00, 0x46, 0x19,
    0x2e, 0x33, 0x41, 0x08, 0x20, 0x00, 0x0e, 0x33, 0xa7, 0x19, 0x00, 0x00, 0xa7, 0x19, 0xcc, 0x32,
    0x00, 0x00, 0x00, 0x00, 0xed, 0x32, 0xa7, 0x19, 0x00, 0x00, 0x25, 0x19, 0xed, 0x32, 0x61, 0x08,
    0x00, 0x00, 0x8b, 0x32, 0x08, 0x2a, 0x00, 0x00, 0x25, 0x19, 0xed, 0x3a, 0x41, 0x08, 0x00, 0x00,
    0x6b, 0x2a, 0xa7, 0x21, 0x00, 0x00, 0x21, 0x00, 0x20, 0x00, 0x20, 0x00, 0x21, 0x00, 0x21, 0x00,
    0x41, 0x08, 0x41, 0x08, 0x21, 0x00, 0x62, 0x08, 0xe4, 0x10, 0x20, 0x00, 0x41, 0x08, 0x41, 0x08,
    0x21, 0x08, 0x41, 0x08, 0xe4, 0x10, 0x41, 0x08, 0x21, 0x00, 0x41, 0x08, 0x20, 0x00, 0x62, 0x08,
    0xe4, 0x10, 0x20, 0x00, 0x41, 0x00, 0x41, 0x00, 0x41, 0x00, 0x41, 0x08, 0x21, 0x00, 0x61, 0x08,
    0x05, 0x11, 0x20, 0x00, 0x41, 0x08, 0x41, 0x00, 0x41, 0x00, 0x20, 0x00, 0x62, 0x08, 0xe3, 0x10,
    0x20, 0x00, 0x41, 0x00, 0x61, 0x08, 0xe4, 0x10, 0x20, 0x00, 0x41, 0x08, 0x41, 0x08, 0x41, 0x08,
    0x41, 0x08, 0x41, 0x08, 0x41, 0x08, 0x41, 0x08, 0x41, 0x08, 0x41, 0x08, 0x41, 0x08, 0x41, 0x08,
    0x61, 0x08, 0x61, 0x08, 0x61, 0x08, 0x61, 0x08, 0x61, 0x08, 0x61, 0x08, 0x61, 0x08, 0x41, 0x08,
    0x61, 0x08, 0x61, 0x08, 0x61, 0x08, 0x61, 0x08, 0x61, 0x08, 0x61, 0x08, 0x61, 0x08, 0x61, 0x08,
    0x61, 0x08, 0x61, 0x08, 0x61, 0x08, 0x61, 0x08, 0x61, 0x08, 0x61, 0x08, 0x61, 0x08, 0x61, 0x08,
    0x61, 0x08, 0x61, 0x08, 0x61, 0x08, 0x61, 0x08, 0x61, 0x08, 0x61, 0x08, 0x61, 0x08, 0x61, 0x08,
    0x41, 0x08, 0x42, 0x08, 0x61, 0x08, 0x61, 0x08, 0x61, 0x08, 0x61, 0x08, 0x61, 0x08, 0x61, 0x08,
    0x61, 0x08, 0x61, 0x08, 0x61, 0x08, 0x61, 0x08, 0x61, 0x08, 0x61, 0x08, 0x61, 0x08, 0x61, 0x08,
    0x61, 0x08, 0x61, 0x08, 0x61, 0x08, 0x61, 0x08, 0x61, 0x08, 0x61, 0x08, 0x61, 0x08, 0x61, 0x08,
    0x61, 0x08, 0x61, 0x08, 0x61, 0x08, 0x61, 0x08, 0x61, 0x08, 0x61, 0x08, 0x61, 0x08, 0x61, 0x08,
    0x42, 0x08, 0x61, 0x08, 0x61, 0x08, 0x61, 0x08, 0x61, 0x08, 0x61, 0x08, 0x61, 0x08, 0x62, 0x08,
    0x61, 0x08, 0x61, 0x08, 0x61, 0x08, 0x61, 0x08, 0x61, 0x08, 0x61, 0x08, 0x61, 0x08, 0x61, 0x08,
    0x61, 0x08, 0x61, 0x08, 0x61, 0x08, 0x62, 0x08, 0x61, 0x08, 0x61, 0x08, 0x61, 0x08, 0x61, 0x08,
    0x61, 0x08, 0x61, 0x08, 0x61, 0x08, 0x61, 0x08, 0x61, 0x08, 0x61, 0x08, 0x61, 0x08, 0x61, 0x08,
    0x61, 0x08, 0x61, 0x08, 0x41, 0x08, 0x61, 0x08, 0x20, 0x08, 0x62, 0x08, 0x66, 0x19, 0x41, 0x08,
    0x41, 0x08, 0x41, 0x08, 0x41, 0x08, 0x41, 0x08, 0x41, 0x08, 0x41, 0x08, 0x41, 0x08, 0x41, 0x08,
    0x41, 0x08, 0x41, 0x08, 0x41, 0x08, 0x41, 0x08, 0x41, 0x08, 0x41, 0x08, 0x41, 0x08, 0x41, 0x08,
    0x41, 0x08, 0x41, 0x08, 0x41, 0x08, 0x41, 0x08, 0x41, 0x08, 0x41, 0x08, 0x41, 0x08, 0x41, 0x08,
    0x41, 0x08, 0x41, 0x08, 0xe3, 0x10, 0xe3, 0x10, 0x41, 0x08, 0x41, 0x08, 0x41, 0x08, 0x41, 0x08,
    0x41, 0x08, 0x41, 0x08, 0x41, 0x08, 0x61, 0x08, 0x61, 0x08, 0x61, 0x08, 0x61, 0x08, 0x61, 0x08,
    0x41, 0x08, 0x41, 0x08, 0x41, 0x08, 0x20, 0x08, 0x05, 0x11, 0x61, 0x08, 0x41, 0x08, 0x41, 0x08,
    0x61, 0x08, 0x25, 0x11, 0x41, 0x08, 0x41, 0x08, 0x41, 0x08, 0x82, 0x08, 0x05, 0x11, 0x20, 0x08,
    0x41, 0x08, 0x41, 0x08, 0x41, 0x08, 0x41, 0x08, 0x41, 0x08, 0x41, 0x00, 0x21, 0x00, 0x21, 0x00,
    0x21, 0x00, 0x21, 0x00, 0x20, 0x00, 0x00, 0x00, 0x49, 0x32, 0x04, 0x19, 0x00, 0x00, 0xc3, 0x10,
    0x8b, 0x2a, 0x00, 0x00, 0x00, 0x00, 0x49, 0x2a, 0x04, 0x11, 0x00, 0x00, 0x24, 0x19, 0x49, 0x2a,
    0x00, 0x00, 0x00, 0x00, 0x28, 0x2a, 0x04, 0x11, 0x00, 0x00, 0xa2, 0x10, 0x49, 0x2a, 0x00, 0x00,
    0x00, 0x00, 0xe8, 0x29, 0x65, 0x19, 0x00, 0x00, 0xa2, 0x10, 0x4a, 0x32, 0x00, 0x00, 0x00, 0x00,
    0x08, 0x2a, 0x45, 0x19, 0x00, 0x00, 0x20, 0x00, 0x20, 0x00, 0x20, 0x00, 0x21, 0x00, 0x21, 0x00,
    0x41, 0x08, 0x41, 0x08, 0x41, 0x08, 0x20, 0x00, 0x62, 0x08, 0xe4, 0x10, 0x20, 0x00, 0x41, 0x08,
    0x41, 0x08, 0x21, 0x08, 0x41, 0x08, 0xe4, 0x10, 0x41, 0x08, 0x21, 0x00, 0x41, 0x08, 0x20, 0x00,
    0x82, 0x08, 0xe4, 0x10, 0x20, 0x00, 0x21, 0x00, 0x41, 0x08, 0x41, 0x08, 0x41, 0x08, 0x20, 0x00,
    0x05, 0x11, 0x20, 0x00, 0x41, 0x08, 0x41, 0x00, 0x41, 0x00, 0x21, 0x00, 0x82, 0x08, 0xe3, 0x10,
    0x20, 0x00, 0x41, 0x00, 0x61, 0x08, 0xe4, 0x10, 0x20, 0x00, 0x41, 0x08, 0x41, 0x08, 0x41, 0x08,
    0x41, 0x08, 0x41, 0x08, 0x41, 0x08, 0x41, 0x08, 0x41, 0x08, 0x41, 0x08, 0x41, 0x08, 0x41, 0x08,
    0x61, 0x08, 0x61, 0x08, 0x61, 0x08, 0x41, 0x08, 0x61, 0x08, 0x61, 0x08, 0x61, 0x08, 0x61, 0x08,
    0x61, 0x08, 0x61, 0x08, 0x61, 0x08, 0x61, 0x08, 0x61, 0x08, 0x61, 0x08, 0x61, 0x08, 0x61, 0x08,
    0x61, 0x08, 0x61, 0x08, 0x61, 0x08, 0x61, 0x08, 0x61, 0x08, 0x61, 0x08, 0x61, 0x08, 0x61, 0x08,
    0x61, 0x08, 0x61, 0x08, 0x61, 0x08, 0x61, 0x08, 0x41, 0x08, 0x41, 0x08, 0x61, 0x08, 0x61, 0x08,
    0x42, 0x08, 0x61, 0x08, 0x61, 0x08, 0x61, 0x08, 0x61, 0x08, 0x61, 0x08, 0x61, 0x08, 0x61, 0x08,
    0x61, 0x08, 0x61, 0x08, 0x61, 0x08, 0x61, 0x08, 0x61, 0x08, 0x61, 0x08, 0x61, 0x08, 0x61, 0x08,
    0x42, 0x08, 0x42, 0x08, 0x61, 0x08, 0x61, 0x08, 0x61, 0x08, 0x61, 0x08, 0x61, 0x08, 0x61, 0x08,
    0x62, 0x08, 0x62, 0x08, 0x61, 0x08, 0x61, 0x08, 0x61, 0x08, 0x61, 0x08, 0x61, 0x08, 0x61, 0x08,
    0x42, 0x08, 0x61, 0x08, 0x61, 0x08, 0x61, 0x08, 0x61, 0x08, 0x61, 0x08, 0x61, 0x08, 0x62, 0x08,
    0x61, 0x08, 0x61, 0x08, 0x61, 0x08, 0x61, 0x08, 0x61, 0x08, 0x61, 0x08, 0x61, 0x08, 0x61, 0x08,
    0x61, 0x08, 0x61, 0x08, 0x61, 0x08, 0x62, 0x08, 0x62, 0x08, 0x61, 0x08, 0x61, 0x08, 0x61, 0x08,
    0x61, 0x08, 0x61, 0x08, 0x61, 0x08, 0x61, 0x08, 0x61, 0x08, 0x61, 0x08, 0x61, 0x08, 0x61, 0x08,
    0x61, 0x08, 0x61, 0x08, 0x61, 0x08, 0x41, 0x08, 0x62, 0x08, 0x66, 0x11, 0x41, 0x08, 0x21, 0x08,
    0x41, 0x08, 0x41, 0x08, 0x41, 0x08, 0x41, 0x08, 0x41, 0x08, 0x41, 0x08, 0x41, 0x08, 0x41, 0x08,
    0x41, 0x08, 0x41, 0x08, 0x41, 0x08, 0x41, 0x08, 0x41, 0x08, 0x41, 0x08, 0x41, 0x08, 0x41, 0x08,
    0x41, 0x08, 0x41, 0x08, 0x41, 0x08, 0x41, 0x08, 0x41, 0x08, 0x41, 0x08, 0x41, 0x08, 0x41, 0x08,
    0x41, 0x08, 0x41, 0x08, 0x41, 0x08, 0x41, 0x08, 0x41, 0x08, 0x41, 0x08, 0x41, 0x08, 0x41, 0x08,
    0x41, 0x08, 0x41, 0x08, 0x41, 0x08, 0x61, 0x08, 0x61, 0x08, 0x61, 0x08, 0x61, 0x08, 0x41, 0x08,
    0x41, 0x08, 0x41, 0x08, 0x41, 0x08, 0x20, 0x08, 0x05, 0x11, 0x61, 0x08, 0x41, 0x08, 0x41, 0x08,
    0x82, 0x08, 0xc3, 0x10, 0x40, 0x08, 0x61, 0x08, 0x41, 0x08, 0x25, 0x11, 0x20, 0x08, 0x41, 0x08,
    0x41, 0x08, 0x41, 0x08, 0x41, 0x08, 0x41, 0x08, 0x41, 0x08, 0x41, 0x00, 0x21, 0x00, 0x21, 0x00,
    0x20, 0x00, 0x00, 0x00, 0x01, 0x00, 0x47, 0x01, 0xea, 0x09, 0xea, 0x09, 0x0b, 0x0a, 0xeb, 0x09,
    0xea, 0x09, 0xeb, 0x09, 0xea, 0x09, 0xca, 0x09, 0xc9, 0x09, 0xeb, 0x09, 0xca, 0x09, 0xc9, 0x09,
    0xca, 0x09, 0xa9, 0x09, 0x88, 0x09, 0x89, 0x09, 0xc9, 0x09, 0xa9, 0x09, 0x89, 0x09, 0xa9, 0x09,
    0xa9, 0x09, 0x88, 0x09, 0x68, 0x09, 0x88, 0x09, 0x88, 0x09, 0x67, 0x09, 0x67, 0x09, 0x68, 0x09,
    0x47, 0x09, 0x05, 0x01, 0x83, 0x00, 0x21, 0x00, 0x00, 0x00, 0x20, 0x00, 0x20, 0x00, 0x21, 0x00,
    0x21, 0x00, 0x41, 0x08, 0x41, 0x08, 0x41, 0x08, 0x20, 0x00, 0x82, 0x08, 0xe4, 0x10, 0x20, 0x00,
    0x41, 0x08, 0x41, 0x08, 0x20, 0x08, 0x41, 0x08, 0xe4, 0x10, 0x21, 0x00, 0x21, 0x00, 0x41, 0x08,
    0x20, 0x00, 0x82, 0x08, 0xe4, 0x10, 0x41, 0x08, 0x41, 0x00, 0x41, 0x00, 0x41, 0x00, 0x20, 0x00,
    0x25, 0x11, 0x20, 0x00, 0x41, 0x00, 0x41, 0x00, 0x41, 0x00, 0x21, 0x08, 0x82, 0x08, 0xe4, 0x10,
    0x20, 0x00, 0x41, 0x00, 0x41, 0x08, 0xe4, 0x10, 0x20, 0x00, 0x41, 0x08, 0x41, 0x08, 0x41, 0x08,
    0x41, 0x08, 0x41, 0x08, 0x41, 0x08, 0x41, 0x08, 0x41, 0x08, 0x41, 0x08, 0x41, 0x00, 0x41, 0x08,
    0x61, 0x08, 0x61, 0x08, 0x61, 0x08, 0x61, 0x08, 0x61, 0x08, 0x61, 0x08, 0x61, 0x08, 0x61, 0x08,
    0x61, 0x08, 0x61, 0x08, 0x61, 0x08, 0x61, 0x08, 0x61, 0x08, 0x61, 0x08, 0x61, 0x08, 0x61, 0x08,
    0x61, 0x08, 0x61, 0x08, 0x41, 0x08, 0x61, 0x08, 0x61, 0x08, 0x61, 0x08, 0x61, 0x08, 0x61, 0x08,
    0x61, 0x08, 0x41, 0x08, 0x61, 0x08, 0x41, 0x08, 0x41, 0x08, 0x41, 0x08, 0x41, 0x08, 0x41, 0x08,
    0x41, 0x08, 0x61, 0x08, 0x61, 0x08, 0x61, 0x08, 0x61, 0x08, 0x61, 0x08, 0x61, 0x08, 0x41, 0x08,
    0x41, 0x08, 0x41, 0x08, 0x61, 0x08, 0x61, 0x08, 0x61, 0x08, 0x61, 0x08, 0x42, 0x08, 0x42, 0x08,
    0x42, 0x08, 0x42, 0x08, 0x61, 0x08, 0x61, 0x08, 0x61, 0x08, 0x61, 0x08, 0x61, 0x08, 0x41, 0x08,
    0x62, 0x08, 0x62, 0x08, 0x61, 0x08, 0x61, 0x08, 0x61, 0x08, 0x61, 0x08, 0x61, 0x08, 0x61, 0x08,
    0x41, 0x08, 0x61, 0x08, 0x61, 0x08, 0x61, 0x08, 0x61, 0x08, 0x61, 0x08, 0x61, 0x08, 0x61, 0x08,
    0x61, 0x08, 0x61, 0x08, 0x61, 0x08, 0x61, 0x08, 0x61, 0x08, 0x61, 0x08, 0x61, 0x08, 0x61, 0x08,
    0x61, 0x08, 0x61, 0x08, 0x41, 0x08, 0x61, 0x08, 0x61, 0x08, 0x61, 0x08, 0x61, 0x08, 0x61, 0x08,
    0x61, 0x08, 0x61, 0x08, 0x61, 0x08, 0x61, 0x08, 0x61, 0x08, 0x41, 0x08, 0x41, 0x08, 0x61, 0x08,
    0x61, 0x08, 0x62, 0x08, 0x41, 0x08, 0x41, 0x08, 0x66, 0x19, 0x41, 0x08, 0x41, 0x08, 0x61, 0x08,
    0x41, 0x08, 0x41, 0x08, 0x41, 0x08, 0x41, 0x08, 0x41, 0x08, 0x41, 0x08, 0x41, 0x08, 0x41, 0x08,
    0x41, 0x08, 0x41, 0x08, 0x41, 0x08, 0x41, 0x08, 0x41, 0x08, 0x41, 0x08, 0x41, 0x08, 0x41, 0x08,
    0x41, 0x08, 0x41, 0x08, 0x41, 0x08, 0x41, 0x08, 0x41, 0x08, 0x41, 0x08, 0x41, 0x08, 0x41, 0x08,
    0x41, 0x08, 0x41, 0x08, 0x41, 0x08, 0x41, 0x08, 0x41, 0x08, 0x41, 0x08, 0x41, 0x08, 0x41, 0x08,
    0x41, 0x08, 0x41, 0x08, 0x41, 0x08, 0x41, 0x08, 0x41, 0x08, 0x41, 0x08, 0x41, 0x08, 0x41, 0x08,
    0x41, 0x08, 0x41, 0x08, 0x41, 0x08, 0x20, 0x08, 0x05, 0x11, 0x61, 0x08, 0x41, 0x08, 0x41, 0x08,
    0x82, 0x08, 0xe4, 0x10, 0x40, 0x08, 0x41, 0x08, 0x61, 0x08, 0x04, 0x11, 0x20, 0x08, 0x41, 0x08,
    0x41, 0x08, 0x41, 0x08, 0x41, 0x08, 0x41, 0x08, 0x41, 0x08, 0x21, 0x00, 0x21, 0x00, 0x20, 0x00,
    0x00, 0x00, 0x84, 0x00, 0xb3, 0x1b, 0xf3, 0x23, 0x0e, 0x1b, 0xcd, 0x12, 0xac, 0x12, 0xcd, 0x12,
    0xcd, 0x12, 0xcd, 0x12, 0xac, 0x12, 0xac, 0x12, 0xac, 0x12, 0x8c, 0x12, 0x8c, 0x12, 0x6b, 0x12,
    0x6b, 0x12, 0x4b, 0x12, 0x4b, 0x12, 0x4a, 0x12, 0x4a, 0x12, 0x4b, 0x12, 0x4a, 0x12, 0x2a, 0x12,
    0x2a, 0x12, 0x2a, 0x12, 0x0a, 0x0a, 0x0a, 0x12, 0x2a, 0x12, 0x0a, 0x12, 0xe9, 0x09, 0xc8, 0x09,
    0xe9, 0x11, 0xc8, 0x11, 0x88, 0x09, 0xc4, 0x00, 0x20, 0x00, 0x00, 0x00, 0x20, 0x00, 0x20, 0x00,
    0x21, 0x00, 0x21, 0x00, 0x21, 0x00, 0x41, 0x08, 0x41, 0x08, 0x20, 0x00, 0x82, 0x08, 0xe4, 0x10,
    0x20, 0x08, 0x41, 0x08, 0x41, 0x08, 0x21, 0x08, 0x61, 0x08, 0xe4, 0x10, 0x41, 0x08, 0x41, 0x08,
    0x61, 0x08, 0x00, 0x00, 0xa3, 0x08, 0xa3, 0x08, 0x00, 0x00, 0x41, 0x00, 0x41, 0x00, 0x20, 0x00,
    0x25, 0x11, 0x20, 0x00, 0x41, 0x00, 0x41, 0x00, 0x41, 0x00, 0x21, 0x00, 0x62, 0x08, 0xe4, 0x10,
    0x20, 0x00, 0x21, 0x00, 0x41, 0x08, 0xe4, 0x10, 0x20, 0x00, 0x41, 0x00, 0x41, 0x08, 0x41, 0x08,
    0x41, 0x08, 0x41, 0x08, 0x41, 0x08, 0x41, 0x08, 0x41, 0x08, 0x41, 0x08, 0x41, 0x08, 0x41, 0x00,
    0x61, 0x08, 0x61, 0x08, 0x61, 0x08, 0x61, 0x08, 0x61, 0x08, 0x41, 0x08, 0x41, 0x08, 0x42, 0x08,
    0x61, 0x08, 0x61, 0x08, 0x61, 0x08, 0x61, 0x08, 0x61, 0x08, 0x61, 0x08, 0x61, 0x08, 0x61, 0x08,
    0x41, 0x08, 0x41, 0x08, 0x41, 0x08, 0x41, 0x08, 0x61, 0x08, 0x61, 0x08, 0x61, 0x08, 0x61, 0x08,
    0x41, 0x08, 0x41, 0x08, 0x41, 0x08, 0x41, 0x08, 0x61, 0x08, 0x61, 0x08, 0x61, 0x08, 0x61, 0x08,
    0x61, 0x08, 0x61, 0x08, 0x61, 0x08, 0x61, 0x08, 0x61, 0x08, 0x61, 0x08, 0x61, 0x08, 0x41, 0x08,
    0x41, 0x08, 0x41, 0x08, 0x41, 0x08, 0x61, 0x08, 0x61, 0x08, 0x41, 0x08, 0x41, 0x08, 0x42, 0x08,
    0x42, 0x08, 0x61, 0x08, 0x61, 0x08, 0x61, 0x08, 0x61, 0x08, 0x61, 0x08, 0x61, 0x08, 0x61, 0x08,
    0x41, 0x08, 0x42, 0x08, 0x42, 0x08, 0x61, 0x08, 0x61, 0x08, 0x61, 0x08, 0x61, 0x08, 0x61, 0x08,
    0x61, 0x08, 0x61, 0x08, 0x61, 0x08, 0x61, 0x08, 0x61, 0x08, 0x61, 0x08, 0x61, 0x08, 0x61, 0x08,
    0x61, 0x08, 0x61, 0x08, 0x61, 0x08, 0x61, 0x08, 0x61, 0x08, 0x61, 0x08, 0x61, 0x08, 0x61, 0x08,
    0x61, 0x08, 0x41, 0x08, 0x61, 0x08, 0x61, 0x08, 0x61, 0x08, 0x61, 0x08, 0x61, 0x08, 0x61, 0x08,
    0x61, 0x08, 0x61, 0x08, 0x61, 0x08, 0x61, 0x08, 0x61, 0x08, 0x41, 0x08, 0x41, 0x08, 0x41, 0x08,
    0x61, 0x08, 0x41, 0x08, 0x41, 0x08, 0x46, 0x11, 0x61, 0x08, 0x41, 0x08, 0x61, 0x08, 0x41, 0x08,
    0x41, 0x08, 0x41, 0x08, 0x41, 0x08, 0x41, 0x08, 0x41, 0x08, 0x41, 0x08, 0x41, 0x08, 0x41, 0x08,
    0x41, 0x08, 0x41, 0x08, 0x41, 0x08, 0x41, 0x08, 0x41, 0x08, 0x41, 0x08, 0x41, 0x08, 0x41, 0x08,
    0x41, 0x08, 0x41, 0x08, 0x41, 0x08, 0x41, 0x08, 0x41, 0x08, 0x41, 0x08, 0x41, 0x08, 0x41, 0x08,
    0x41, 0x08, 0x41, 0x08, 0x41, 0x08, 0x41, 0x08, 0x41, 0x08, 0x41, 0x08, 0x41, 0x08, 0x41, 0x08,
    0x41, 0x08, 0x41, 0x08, 0x41, 0x08, 0x41, 0x08, 0x41, 0x08, 0x41, 0x08, 0x41, 0x08, 0x41, 0x08,
    0x41, 0x08, 0x41, 0x08, 0x41, 0x08, 0x20, 0x08, 0x25, 0x11, 0x41, 0x08, 0x41, 0x08, 0x41, 0x08,
    0x82, 0x08, 0xe4, 0x10, 0x40, 0x08, 0x41, 0x08, 0x61, 0x08, 0x25, 0x19, 0x20, 0x08, 0x41, 0x08,
    0x41, 0x08, 0x41, 0x08, 0x41, 0x00, 0x21, 0x00, 0x21, 0x00, 0x21, 0x00, 0x21, 0x00, 0x00, 0x00,
    0x42, 0x00, 0xf4, 0x23, 0x0e, 0x23, 0xe4, 0x00, 0x05, 0x01, 0x05, 0x01, 0x25, 0x01, 0x05, 0x01,
    0x05, 0x01, 0x05, 0x01, 0x05, 0x01, 0x04, 0x01, 0x04, 0x01, 0xe4, 0x00, 0xe4, 0x00, 0xe4, 0x00,
    0xe4, 0x00, 0xe4, 0x00, 0xc3, 0x00, 0xe3, 0x00, 0xe3, 0x00, 0xe4, 0x00, 0xe4, 0x00, 0xe3, 0x00,
    0xc3, 0x00, 0xc3, 0x00, 0xc3, 0x00, 0xc3, 0x00, 0xc3, 0x00, 0xc3, 0x00, 0xc3, 0x00, 0xc3, 0x00,
    0xc3, 0x00, 0xc3, 0x00, 0x04, 0x01, 0x67, 0x11, 0x83, 0x00, 0x00, 0x00, 0x00, 0x00, 0x20, 0x00,
    0x20, 0x00, 0x21, 0x00, 0x21, 0x00, 0x21, 0x00, 0x41, 0x08, 0x41, 0x08, 0x20, 0x00, 0x62, 0x08,
    0xe4, 0x10, 0x20, 0x08, 0x41, 0x08, 0x61, 0x08, 0x41, 0x08, 0x62, 0x08, 0xc4, 0x10, 0x41, 0x08,
    0x41, 0x08, 0x20, 0x00, 0xa3, 0x08, 0xa3, 0x08, 0x00, 0x00, 0x41, 0x00, 0x41, 0x00, 0x20, 0x00,
    0x25, 0x11, 0x20, 0x00, 0x41, 0x00, 0x41, 0x00, 0x41, 0x00, 0x21, 0x00, 0x62, 0x08, 0xe3, 0x10,
    0x20, 0x00, 0x21, 0x00, 0x41, 0x08, 0xe4, 0x08, 0x00, 0x00, 0x41, 0x00, 0x21, 0x00, 0x41, 0x00,
    0x41, 0x08, 0x41, 0x08, 0x41, 0x08, 0x41, 0x08, 0x41, 0x08, 0x41, 0x08, 0x41, 0x08, 0x41, 0x08,
    0x61, 0x08, 0x61, 0x08, 0x61, 0x08, 0x41, 0x08, 0x41, 0x08, 0x41, 0x08, 0x42, 0x08, 0x42, 0x08,
    0x42, 0x08, 0x42, 0x08, 0x61, 0x08, 0x61, 0x08, 0x61, 0x08, 0x61, 0x08, 0x61, 0x08, 0x61, 0x08,
    0x41, 0x08, 0x41, 0x08, 0x41, 0x08, 0x61, 0x08, 0x61, 0x08, 0x61, 0x08, 0x61, 0x08, 0x41, 0x08,
    0x41, 0x08, 0x41, 0x08, 0x41, 0x08, 0x41, 0x08, 0x21, 0x00, 0x20, 0x00, 0x20, 0x00, 0x20, 0x00,
    0x20, 0x00, 0x20, 0x00, 0x41, 0x08, 0x61, 0x08, 0x61, 0x08, 0x61, 0x08, 0x61, 0x08, 0x61, 0x08,
    0x41, 0x08, 0x61, 0x08, 0x61, 0x08, 0x61, 0x08, 0x41, 0x08, 0x41, 0x08, 0x41, 0x08, 0x41, 0x08,
    0x61, 0x08, 0x61, 0x08, 0x61, 0x08, 0x61, 0x08, 0x61, 0x08, 0x61, 0x08, 0x61, 0x08, 0x61, 0x08,
    0x41, 0x08, 0x41, 0x08, 0x41, 0x08, 0x61, 0x08, 0x61, 0x08, 0x61, 0x08, 0x61, 0x08, 0x61, 0x08,
    0x61, 0x08, 0x41, 0x08, 0x61, 0x08, 0x61, 0x08, 0x61, 0x08, 0x61, 0x08, 0x61, 0x08, 0x61, 0x08,
    0x61, 0x08, 0x61, 0x08, 0x61, 0x08, 0x61, 0x08, 0x61, 0x08, 0x61, 0x08, 0x61, 0x08, 0x41, 0x08,
    0x41, 0x08, 0x61, 0x08, 0x61, 0x08, 0x61, 0x08, 0x61, 0x08, 0x61, 0x08, 0x61, 0x08, 0x61, 0x08,
    0x61, 0x08, 0x61, 0x08, 0x61, 0x08, 0x61, 0x08, 0x61, 0x08, 0x61, 0x08, 0x61, 0x08, 0x61, 0x08,
    0x41, 0x08, 0x41, 0x08, 0x46, 0x11, 0x61, 0x08, 0x21, 0x08, 0x61, 0x08, 0x41, 0x08, 0x41, 0x08,
    0x41, 0x08, 0x41, 0x08, 0x41, 0x08, 0x41, 0x08, 0x61, 0x08, 0x61, 0x08, 0x61, 0x08, 0x41, 0x08,
    0x41, 0x08, 0x41, 0x08, 0x41, 0x08, 0x41, 0x08, 0x41, 0x08, 0x41, 0x08, 0x41, 0x08, 0x41, 0x08,
    0x41, 0x08, 0x61, 0x08, 0x41, 0x08, 0x41, 0x08, 0x41, 0x08, 0x41, 0x08, 0x41, 0x08, 0x41, 0x08,
    0x41, 0x08, 0x41, 0x08, 0x41, 0x08, 0x41, 0x08, 0x41, 0x08, 0x41, 0x08, 0x41, 0x08, 0x41, 0x08,
    0x41, 0x08, 0x41, 0x08, 0x41, 0x08, 0x41, 0x08, 0x41, 0x08, 0x41, 0x08, 0x41, 0x08, 0x41, 0x08,
    0x41, 0x08, 0x41, 0x08, 0x41, 0x08, 0x20, 0x08, 0x25, 0x11, 0x41, 0x08, 0x41, 0x08, 0x41, 0x08,
    0x82, 0x08, 0x04, 0x11, 0x20, 0x08, 0x41, 0x08, 0x61, 0x08, 0x25, 0x19, 0x20, 0x08, 0x41, 0x08,
    0x41, 0x08, 0x41, 0x08, 0x41, 0x08, 0x41, 0x00, 0x21, 0x00, 0x20, 0x00, 0x20, 0x00, 0x00, 0x00,
    0x0b, 0x12, 0xb1, 0x23, 0xa3, 0x00, 0x87, 0x09, 0x87, 0x09, 0x87, 0x09, 0x87, 0x09, 0x67, 0x09,
    0x67, 0x09, 0x66, 0x01, 0x66, 0x01, 0x66, 0x01, 0x66, 0x01, 0x66, 0x01, 0x46, 0x01, 0x46, 0x01,
    0x46, 0x01, 0x46, 0x01, 0x45, 0x09, 0x45, 0x09, 0x46, 0x09, 0x45, 0x09, 0x25, 0x09, 0x25, 0x09,
    0x25, 0x09, 0x25, 0x09, 0x25, 0x09, 0x25, 0x01, 0x25, 0x01, 0x25, 0x01, 0x25, 0x01, 0x05, 0x01,
    0x05, 0x01, 0x05, 0x09, 0xe4, 0x00, 0x45, 0x09, 0x06, 0x09, 0x00, 0x00, 0x00, 0x00, 0x00, 0x00,
    0x00, 0x00, 0x21, 0x00, 0x21, 0x00, 0x21, 0x00, 0x41, 0x08, 0x41, 0x08, 0x41, 0x08, 0x00, 0x00,
    0x62, 0x08, 0xe4, 0x10, 0x20, 0x08, 0x41, 0x08, 0x41, 0x08, 0x20, 0x08, 0x82, 0x08, 0xc3, 0x10,
    0x20, 0x00, 0x00, 0x00, 0xa3, 0x08, 0xc3, 0x08, 0x00, 0x00, 0x41, 0x00, 0x21, 0x00, 0x20, 0x00,
    0x25, 0x11, 0x20, 0x00, 0x41, 0x08, 0x41, 0x00, 0x41, 0x00, 0x20, 0x00, 0x62, 0x08, 0xe4, 0x10,
    0x00, 0x00, 0x41, 0x08, 0x41, 0x08, 0xc4, 0x08, 0x20, 0x00, 0x41, 0x00, 0x41, 0x00, 0x41, 0x00,
    0x41, 0x08, 0x41, 0x08, 0x41, 0x08, 0x41, 0x08, 0x41, 0x08, 0x41, 0x08, 0x41, 0x08, 0x41, 0x08,
    0x41, 0x08, 0x41, 0x08, 0x41, 0x08, 0x41, 0x08, 0x41, 0x08, 0x41, 0x08, 0x41, 0x08, 0x42, 0x08,
    0x42, 0x08, 0x41, 0x08, 0x61, 0x08, 0x61, 0x08, 0x61, 0x08, 0x61, 0x08, 0x61, 0x08, 0x61, 0x08,
    0x41, 0x08, 0x41, 0x08, 0x61, 0x08, 0x61, 0x08, 0x61, 0x08, 0x61, 0x08, 0x61, 0x08, 0x41, 0x08,
    0x41, 0x08, 0x41, 0x08, 0x41, 0x08, 0x41, 0x08, 0xa2, 0x08, 0xe3, 0x10, 0xe3, 0x10, 0x03, 0x11,
    0x03, 0x11, 0xe3, 0x10, 0xa2, 0x08, 0x00, 0x00, 0x00, 0x00, 0x62, 0x08, 0x61, 0x08, 0x41, 0x08,
    0x61, 0x08, 0x20, 0x00, 0x00, 0x00, 0x61, 0x08, 0x41, 0x08, 0x41, 0x08, 0x41, 0x08, 0x61, 0x08,
    0x61, 0x08, 0x61, 0x08, 0x61, 0x08, 0x61, 0x08, 0x61, 0x08, 0x61, 0x08, 0x61, 0x08, 0x61, 0x08,
    0x41, 0x08, 0x41, 0x08, 0x41, 0x08, 0x41, 0x08, 0x61, 0x08, 0x61, 0x08, 0x61, 0x08, 0x61, 0x08,
    0x61, 0x08, 0xa2, 0x10, 0x41, 0x08, 0x61, 0x08, 0x61, 0x08, 0x61, 0x08, 0x61, 0x08, 0x61, 0x08,
    0x61, 0x08, 0x61, 0x08, 0x61, 0x08, 0x61, 0x08, 0x61, 0x08, 0x61, 0x08, 0x41, 0x08, 0x61, 0x08,
    0x62, 0x08, 0x41, 0x08, 0x61, 0x08, 0x61, 0x08, 0x61, 0x08, 0x61, 0x08, 0x62, 0x08, 0x62, 0x08,
    0x61, 0x08, 0x61, 0x08, 0x61, 0x08, 0x61, 0x08, 0x61, 0x08, 0x61, 0x08, 0x61, 0x08, 0x41, 0x08,
    0x41, 0x08, 0x46, 0x11, 0x62, 0x08, 0x21, 0x08, 0x61, 0x08, 0x41, 0x08, 0x41, 0x08, 0x41, 0x08,
    0x41, 0x08, 0x41, 0x08, 0x41, 0x08, 0x20, 0x08, 0x40, 0x08, 0x40, 0x08, 0x61, 0x08, 0x41, 0x08,
    0x41, 0x08, 0x41, 0x08, 0x41, 0x08, 0x41, 0x08, 0x41, 0x08, 0x61, 0x08, 0x61, 0x08, 0x41, 0x08,
    0x41, 0x08, 0x61, 0x08, 0x41, 0x08, 0x41, 0x08, 0x41, 0x08, 0x41, 0x08, 0x41, 0x08, 0x41, 0x08,
    0x41, 0x08, 0x41, 0x08, 0x41, 0x08, 0x41, 0x08, 0x41, 0x08, 0x41, 0x08, 0x41, 0x08, 0x41, 0x08,
    0x61, 0x08, 0x41, 0x08, 0x41, 0x08, 0x41, 0x08, 0x41, 0x08, 0x41, 0x08, 0x41, 0x08, 0x41, 0x08,
    0x41, 0x08, 0x41, 0x08, 0x41, 0x08, 0x20, 0x08, 0x25, 0x11, 0x41, 0x08, 0x41, 0x08, 0x41, 0x08,
    0x82, 0x08, 0x04, 0x11, 0x20, 0x08, 0x41, 0x08, 0x61, 0x08, 0x25, 0x19, 0x20, 0x08, 0x41, 0x08,
    0x41, 0x08, 0x41, 0x08, 0x41, 0x08, 0x00, 0x00, 0x00, 0x00, 0x00, 0x00, 0x00, 0x00, 0x00, 0x00,
    0xce, 0x1a, 0x4a, 0x12, 0x05, 0x01, 0x67, 0x09, 0x66, 0x09, 0x66, 0x09, 0x66, 0x09, 0x46, 0x09,
    0x46, 0x09, 0x46, 0x01, 0x46, 0x01, 0x46, 0x01, 0x46, 0x01, 0x45, 0x01, 0x25, 0x01, 0x25, 0x01,
    0x25, 0x01, 0x25, 0x01, 0x25, 0x01, 0x25, 0x09, 0x25, 0x01, 0x05, 0x09, 0x05, 0x01, 0x05, 0x01,
    0x05, 0x01, 0x05, 0x01, 0x04, 0x01, 0x04, 0x01, 0x04, 0x01, 0x04, 0x01, 0x04, 0x01, 0x04, 0x01,
    0x04, 0x09, 0x04, 0x09, 0x04, 0x01, 0x24, 0x01, 0x26, 0x09, 0x20, 0x00, 0x00, 0x00, 0x00, 0x00,
    0x00, 0x00, 0x00, 0x00, 0x20, 0x00, 0x21, 0x00, 0x21, 0x00, 0x41, 0x00, 0x41, 0x08, 0x41, 0x08,
    0x20, 0x00, 0x62, 0x08, 0xe4, 0x10, 0x20, 0x08, 0x41, 0x08, 0x41, 0x08, 0x62, 0x08, 0xc3, 0x08,
    0x20, 0x00, 0x00, 0x00, 0xa3, 0x08, 0xc4, 0x10, 0x00, 0x00, 0x41, 0x00, 0x21, 0x00, 0x20, 0x00,
    0x25, 0x11, 0x20, 0x00, 0x41, 0x08, 0x41, 0x08, 0x41, 0x00, 0x20, 0x00, 0x62, 0x08, 0xe4, 0x10,
    0x00, 0x00, 0x41, 0x08, 0x41, 0x08, 0xc4, 0x08, 0x00, 0x00, 0x41, 0x00, 0x21, 0x00, 0x41, 0x08,
    0x41, 0x08, 0x41, 0x08, 0x41, 0x08, 0x41, 0x08, 0x41, 0x08, 0x41, 0x08, 0x41, 0x08, 0x41, 0x08,
    0x41, 0x08, 0x41, 0x08, 0x41, 0x08, 0x41, 0x08, 0x41, 0x08, 0x61, 0x08, 0x61, 0x08, 0x61, 0x08,
    0x61, 0x08, 0x61, 0x08, 0x61, 0x08, 0x61, 0x08, 0x61, 0x08, 0x61, 0x08, 0x41, 0x08, 0x41, 0x08,
    0x41, 0x08, 0x61, 0x08, 0x61, 0x08, 0x61, 0x08, 0x41, 0x08, 0x61, 0x08, 0x61, 0x08, 0x61, 0x08,
    0x41, 0x08, 0x61, 0x08, 0x00, 0x00, 0x65, 0x21, 0x75, 0x8d, 0x50, 0x7c, 0x71, 0x7c, 0x51, 0x74,
    0x71, 0x7c, 0x71, 0x7c, 0x91, 0x7c, 0x91, 0x7c, 0x08, 0x32, 0x00, 0x00, 0x61, 0x08, 0x61, 0x08,
    0x20, 0x00, 0xa6, 0x21, 0x69, 0x32, 0x20, 0x00, 0x62, 0x08, 0x61, 0x08, 0x61, 0x08, 0x61, 0x08,
    0x61, 0x08, 0x61, 0x08, 0x61, 0x08, 0x61, 0x08, 0x61, 0x08, 0x61, 0x08, 0x61, 0x08, 0x61, 0x08,
    0x41, 0x08, 0x41, 0x08, 0x61, 0x08, 0x61, 0x08, 0x61, 0x08, 0x41, 0x08, 0x41, 0x08, 0x61, 0x08,
    0x00, 0x00, 0x0c, 0x53, 0xeb, 0x4a, 0x00, 0x00, 0x82, 0x08, 0x61, 0x08, 0x61, 0x08, 0x61, 0x08,
    0x61, 0x08, 0x61, 0x08, 0x61, 0x08, 0x61, 0x08, 0x61, 0x08, 0x41, 0x08, 0x81, 0x08, 0xb2, 0x74,
    0xa2, 0x10, 0x41, 0x08, 0x61, 0x08, 0x61, 0x08, 0x61, 0x08, 0x61, 0x08, 0x62, 0x08, 0x61, 0x08,
    0x61, 0x08, 0x61, 0x08, 0x61, 0x08, 0x61, 0x08, 0x61, 0x08, 0x61, 0x08, 0x41, 0x08, 0x41, 0x08,
    0x25, 0x11, 0x82, 0x08, 0x21, 0x08, 0x61, 0x08, 0x41, 0x08, 0x41, 0x08, 0x41, 0x08, 0x41, 0x08,
    0x41, 0x08, 0x41, 0x08, 0x21, 0x08, 0xc3, 0x08, 0xc4, 0x08, 0x62, 0x08, 0x41, 0x08, 0x41, 0x08,
    0x41, 0x08, 0x41, 0x08, 0x41, 0x08, 0x41, 0x08, 0x41, 0x08, 0x41, 0x08, 0x41, 0x08, 0x41, 0x08,
    0x41, 0x08, 0x41, 0x08, 0x41, 0x08, 0x41, 0x08, 0x41, 0x08, 0x41, 0x08, 0x41, 0x08, 0x41, 0x08,
    0x41, 0x08, 0x41, 0x08, 0x41, 0x08, 0x41, 0x08, 0x41, 0x08, 0x41, 0x08, 0x41, 0x08, 0x41, 0x08,
    0x41, 0x08, 0x41, 0x08, 0x41, 0x08, 0x41, 0x08, 0x41, 0x08, 0x41, 0x08, 0x41, 0x08, 0x41, 0x08,
    0x41, 0x08, 0x41, 0x08, 0x41, 0x08, 0x20, 0x08, 0x25, 0x11, 0x61, 0x08, 0x41, 0x08, 0x41, 0x08,
    0x82, 0x08, 0x04, 0x11, 0x20, 0x08, 0x41, 0x08, 0x61, 0x08, 0x45, 0x19, 0x20, 0x08, 0x41, 0x08,
    0x41, 0x08, 0x61, 0x08, 0x00, 0x00, 0xe8, 0x31, 0xcc, 0x3a, 0xa7, 0x19, 0x08, 0x22, 0x83, 0x08,
    0x6c, 0x1a, 0x09, 0x0a, 0x05, 0x01, 0x66, 0x01, 0x66, 0x09, 0x66, 0x09, 0x46, 0x09, 0x46, 0x09,
    0x46, 0x09, 0x45, 0x09, 0x45, 0x09, 0x25, 0x09, 0x45, 0x09, 0x45, 0x09, 0x45, 0x09, 0x45, 0x09,
    0x25, 0x09, 0x25, 0x01, 0x25, 0x01, 0x25, 0x09, 0x25, 0x01, 0x25, 0x09, 0x25, 0x09, 0x25, 0x09,
    0x04, 0x01, 0x04, 0x01, 0x04, 0x01, 0x04, 0x01, 0x04, 0x01, 0x04, 0x01, 0x04, 0x09, 0x04, 0x01,
    0x04, 0x09, 0x04, 0x09, 0x04, 0x01, 0x24, 0x01, 0x05, 0x09, 0x41, 0x00, 0xc8, 0x21, 0xc7, 0x21,
    0x29, 0x2a, 0x6a, 0x32, 0x00, 0x00, 0x21, 0x00, 0x21, 0x00, 0x21, 0x00, 0x21, 0x00, 0x41, 0x08,
    0x41, 0x08, 0x00, 0x00, 0x04, 0x11, 0x41, 0x08, 0x41, 0x08, 0x21, 0x00, 0x62, 0x08, 0xc3, 0x08,
    0x20, 0x00, 0x00, 0x00, 0xc3, 0x08, 0xc4, 0x10, 0x00, 0x00, 0x41, 0x00, 0x41, 0x00, 0x20, 0x00,
    0x25, 0x11, 0x20, 0x08, 0x41, 0x08, 0x41, 0x08, 0x41, 0x08, 0x20, 0x00, 0x62, 0x08, 0xc3, 0x10,
    0x00, 0x00, 0x41, 0x08, 0x20, 0x00, 0xa3, 0x08, 0x82, 0x08, 0x00, 0x00, 0x41, 0x08, 0x41, 0x08,
    0x41, 0x08, 0x41, 0x08, 0x41, 0x08, 0x41, 0x08, 0x41, 0x08, 0x41, 0x08, 0x41, 0x08, 0x41, 0x08,
    0x41, 0x08, 0x41, 0x08, 0x41, 0x08, 0x41, 0x08, 0x61, 0x08, 0x61, 0x08, 0x61, 0x08, 0x61, 0x08,
    0x61, 0x08, 0x61, 0x08, 0x61, 0x08, 0x61, 0x08, 0x61, 0x08, 0x41, 0x08, 0x41, 0x08, 0x41, 0x08,
    0x41, 0x08, 0x61, 0x08, 0x61, 0x08, 0x61, 0x08, 0x61, 0x08, 0x61, 0x08, 0x61, 0x08, 0x61, 0x08,
    0x41, 0x08, 0x61, 0x08, 0x00, 0x00, 0xe7, 0x29, 0xcf, 0x5b, 0x00, 0x00, 0x20, 0x00, 0x00, 0x00,
    0x00, 0x00, 0x20, 0x00, 0x41, 0x00, 0x45, 0x21, 0xf3, 0x7c, 0xcb, 0x42, 0x00, 0x00, 0x82, 0x08,
    0x00, 0x00, 0x69, 0x3a, 0xef, 0x5b, 0x00, 0x00, 0x82, 0x08, 0x61, 0x08, 0x61, 0x08, 0x61, 0x08,
    0x61, 0x08, 0x61, 0x08, 0x61, 0x08, 0x61, 0x08, 0x61, 0x08, 0x61, 0x08, 0x61, 0x08, 0x61, 0x08,
    0x41, 0x08, 0x61, 0x08, 0x61, 0x08, 0x61, 0x08, 0x61, 0x08, 0x41, 0x08, 0x41, 0x08, 0x61, 0x08,
    0x41, 0x08, 0xe3, 0x10, 0xf3, 0x7c, 0x41, 0x00, 0x61, 0x08, 0x61, 0x08, 0x61, 0x08, 0x61, 0x08,
    0x61, 0x08, 0x61, 0x08, 0x41, 0x08, 0x61, 0x08, 0x62, 0x08, 0x00, 0x00, 0xcb, 0x42, 0x0f, 0x5c,
    0x00, 0x00, 0x82, 0x08, 0x61, 0x08, 0x61, 0x08, 0x61, 0x08, 0x62, 0x08, 0x61, 0x08, 0x61, 0x08,
    0x61, 0x08, 0x61, 0x08, 0x61, 0x08, 0x61, 0x08, 0x61, 0x08, 0x41, 0x08, 0x40, 0x08, 0x26, 0x11,
    0x82, 0x08, 0x40, 0x08, 0x61, 0x08, 0x41, 0x08, 0x41, 0x08, 0x41, 0x08, 0x41, 0x08, 0x41, 0x08,
    0x41, 0x08, 0x20, 0x00, 0xc3, 0x10, 0xc3, 0x10, 0x61, 0x08, 0xc3, 0x08, 0x61, 0x08, 0x20, 0x08,
    0x40, 0x08, 0x41, 0x08, 0x41, 0x08, 0x40, 0x08, 0x40, 0x08, 0x40, 0x08, 0x40, 0x08, 0x40, 0x08,
    0x41, 0x08, 0x41, 0x08, 0x40, 0x08, 0x20, 0x08, 0x20, 0x08, 0x20, 0x08, 0x20, 0x08, 0x20, 0x08,
    0x40, 0x08, 0x40, 0x08, 0x40, 0x08, 0x40, 0x08, 0x40, 0x08, 0x40, 0x08, 0x41, 0x08, 0x41, 0x08,
    0x41, 0x08, 0x41, 0x08, 0x41, 0x08, 0x41, 0x08, 0x41, 0x08, 0x41, 0x08, 0x41, 0x08, 0x41, 0x08,
    0x41, 0x08, 0x41, 0x08, 0x61, 0x08, 0x20, 0x08, 0x25, 0x11, 0x41, 0x08, 0x41, 0x08, 0x41, 0x08,
    0x82, 0x08, 0x04, 0x11, 0x20, 0x08, 0x41, 0x08, 0x61, 0x08, 0x45, 0x19, 0x20, 0x08, 0x41, 0x08,
    0x41, 0x08, 0x61, 0x08, 0x00, 0x00, 0x08, 0x32, 0xec, 0x32, 0xc7, 0x19, 0x28, 0x22, 0x82, 0x08,
    0x6c, 0x12, 0x09, 0x0a, 0x04, 0x01, 0x66, 0x01, 0x66, 0x01, 0x66, 0x01, 0x46, 0x09, 0x45, 0x09,
    0x45, 0x09, 0x45, 0x09, 0x45, 0x09, 0x25, 0x09, 0x45, 0x09, 0xe4, 0x00, 0xc3, 0x00, 0xc3, 0x00,
    0x04, 0x01, 0x25, 0x09, 0x25, 0x01, 0x25, 0x09, 0x04, 0x01, 0xa2, 0x00, 0xa2, 0x00, 0xc3, 0x00,
    0x24, 0x01, 0x04, 0x01, 0x04, 0x01, 0x04, 0x01, 0x04, 0x01, 0x04, 0x01, 0x04, 0x09, 0x04, 0x09,
    0x04, 0x09, 0x04, 0x09, 0x04, 0x01, 0x25, 0x01, 0x05, 0x09, 0x62, 0x00, 0xe8, 0x21, 0xe8, 0x19,
    0x29, 0x22, 0x6a, 0x2a, 0x00, 0x00, 0x21, 0x00, 0x21, 0x00, 0x21, 0x00, 0x21, 0x00, 0x41, 0x08,
    0x41, 0x08, 0x20, 0x08, 0x25, 0x11, 0x21, 0x08, 0x41, 0x00, 0x20, 0x00, 0x62, 0x08, 0xc3, 0x08,
    0x20, 0x00, 0x00, 0x00, 0xc3, 0x10, 0xc4, 0x10, 0x00, 0x00, 0x41, 0x00, 0x41, 0x00, 0x20, 0x08,
    0x26, 0x11, 0x20, 0x08, 0x41, 0x08, 0x41, 0x08, 0x41, 0x00, 0x20, 0x00, 0x62, 0x08, 0xe4, 0x10,
    0x00, 0x00, 0x41, 0x00, 0x41, 0x08, 0x20, 0x00, 0xa3, 0x08, 0x62, 0x08, 0x00, 0x00, 0x41, 0x08,
    0x41, 0x08, 0x41, 0x00, 0x41, 0x08, 0x41, 0x08, 0x41, 0x08, 0x41, 0x08, 0x41, 0x08, 0x41, 0x08,
    0x41, 0x08, 0x41, 0x08, 0x41, 0x08, 0x41, 0x08, 0x61, 0x08, 0x61, 0x08, 0x61, 0x08, 0x61, 0x08,
    0x61, 0x08, 0x61, 0x08, 0x61, 0x08, 0x61, 0x08, 0x61, 0x08, 0x41, 0x08, 0x41, 0x08, 0x41, 0x08,
    0x41, 0x08, 0x61, 0x08, 0x61, 0x08, 0x61, 0x08, 0x61, 0x08, 0x61, 0x08, 0x61, 0x08, 0x61, 0x08,
    0x41, 0x08, 0x61, 0x08, 0x00, 0x00, 0xc7, 0x29, 0xef, 0x5b, 0x00, 0x00, 0x82, 0x08, 0x62, 0x08,
    0x62, 0x08, 0x62, 0x08, 0x61, 0x08, 0x00, 0x00, 0x00, 0x00, 0x34, 0x85, 0x04, 0x19, 0x20, 0x00,
    0x41, 0x08, 0x61, 0x08, 0x61, 0x08, 0x61, 0x08, 0x61, 0x08, 0x61, 0x08, 0x61, 0x08, 0x62, 0x08,
    0x82, 0x08, 0x82, 0x08, 0x82, 0x08, 0x62, 0x08, 0x61, 0x08, 0x61, 0x08, 0x61, 0x08, 0x61, 0x08,
    0x41, 0x08, 0x61, 0x08, 0x61, 0x08, 0x62, 0x08, 0x82, 0x08, 0x62, 0x08, 0x62, 0x08, 0x61, 0x08,
    0x82, 0x10, 0x00, 0x00, 0xcf, 0x63, 0x89, 0x3a, 0x00, 0x00, 0x82, 0x10, 0x61, 0x08, 0x61, 0x08,
    0x41, 0x08, 0x41, 0x08, 0x61, 0x08, 0x61, 0x08, 0x61, 0x08, 0x00, 0x00, 0xd3, 0x74, 0x24, 0x19,
    0x21, 0x00, 0x61, 0x08, 0x61, 0x08, 0x61, 0x08, 0x61, 0x08, 0x61, 0x08, 0x61, 0x08, 0x61, 0x08,
    0x61, 0x08, 0x61, 0x08, 0x61, 0x08, 0x61, 0x08, 0x41, 0x08, 0x20, 0x08, 0x26, 0x11, 0x82, 0x08,
    0x20, 0x08, 0x61, 0x08, 0x61, 0x08, 0x41, 0x08, 0x41, 0x08, 0x41, 0x08, 0x41, 0x08, 0x41, 0x08,
    0x41, 0x08, 0x41, 0x00, 0xc3, 0x10, 0xc3, 0x08, 0xe4, 0x10, 0x45, 0x11, 0x66, 0x11, 0x05, 0x11,
    0x25, 0x11, 0x25, 0x11, 0x25, 0x11, 0x25, 0x11, 0x25, 0x11, 0x25, 0x11, 0x25, 0x11, 0x25, 0x11,
    0x25, 0x11, 0x05, 0x11, 0x05, 0x11, 0x05, 0x11, 0x05, 0x11, 0x05, 0x11, 0x05, 0x11, 0x05, 0x11,
    0x05, 0x11, 0x05, 0x11, 0x05, 0x11, 0x05, 0x11, 0x05, 0x11, 0x05, 0x11, 0x05, 0x11, 0x05, 0x11,
    0x04, 0x11, 0xe4, 0x10, 0xe4, 0x10, 0x04, 0x11, 0xa3, 0x10, 0x41, 0x08, 0x41, 0x08, 0x41, 0x08,
    0x41, 0x08, 0x41, 0x08, 0x61, 0x08, 0x20, 0x08, 0x25, 0x11, 0x41, 0x08, 0x41, 0x08, 0x41, 0x08,
    0x62, 0x08, 0x04, 0x11, 0x20, 0x08, 0x41, 0x08, 0x61, 0x08, 0x25, 0x19, 0x20, 0x08, 0x41, 0x08,
    0x41, 0x08, 0x41, 0x08, 0x41, 0x08, 0x00, 0x00, 0x00, 0x00, 0x00, 0x00, 0x00, 0x00, 0x00, 0x00,
    0x8c, 0x1a, 0xe9, 0x09, 0x04, 0x01, 0x46, 0x09, 0x66, 0x01, 0x66, 0x01, 0x46, 0x09, 0x45, 0x09,
    0x45, 0x09, 0x45, 0x09, 0x45, 0x09, 0x25, 0x01, 0xe4, 0x00, 0xc8, 0x21, 0xab, 0x32, 0x8b, 0x32,
    0x25, 0x11, 0xe4, 0x00, 0x45, 0x09, 0xe4, 0x00, 0x45, 0x11, 0x8b, 0x32, 0xec, 0x3a, 0xa7, 0x21,
    0xc3, 0x00, 0x04, 0x01, 0x04, 0x01, 0x04, 0x01, 0x25, 0x09, 0x24, 0x01, 0x04, 0x09, 0x04, 0x09,
    0x04, 0x09, 0x04, 0x01, 0x04, 0x01, 0x04, 0x01, 0x05, 0x09, 0x21, 0x00, 0x00, 0x00, 0x00, 0x00,
    0x00, 0x00, 0x00, 0x00, 0x21, 0x00, 0x21, 0x00, 0x21, 0x00, 0x21, 0x00, 0x41, 0x00, 0x41, 0x08,
    0x41, 0x08, 0x20, 0x08, 0x25, 0x11, 0x20, 0x08, 0x41, 0x00, 0x20, 0x00, 0x62, 0x08, 0xc3, 0x08,
    0x20, 0x08, 0x00, 0x00, 0xc3, 0x10, 0xc4, 0x10, 0x00, 0x00, 0x41, 0x00, 0x41, 0x08, 0x20, 0x08,
    0x26, 0x11, 0x20, 0x08, 0x41, 0x08, 0x41, 0x00, 0x41, 0x00, 0x20, 0x00, 0x62, 0x08, 0xe4, 0x08,
    0x00, 0x00, 0x41, 0x08, 0x41, 0x08, 0x41, 0x08, 0x20, 0x00, 0xa3, 0x08, 0x62, 0x08, 0x20, 0x00,
    0x41, 0x08, 0x20, 0x00, 0x41, 0x08, 0x41, 0x08, 0x41, 0x08, 0x41, 0x08, 0x41, 0x08, 0x41, 0x08,
    0x41, 0x08, 0x41, 0x08, 0x41, 0x08, 0x41, 0x08, 0x61, 0x08, 0x61, 0x08, 0x61, 0x08, 0x61, 0x08,
    0x61, 0x08, 0x61, 0x08, 0x61, 0x08, 0x61, 0x08, 0x61, 0x08, 0x61, 0x08, 0x41, 0x08, 0x41, 0x08,
    0x42, 0x08, 0x61, 0x08, 0x61, 0x08, 0x61, 0x08, 0x61, 0x08, 0x61, 0x08, 0x61, 0x08, 0x41, 0x08,
    0x41, 0x08, 0x61, 0x08, 0x00, 0x00, 0xc7, 0x21, 0xef, 0x5b, 0x00, 0x00, 0x62, 0x08, 0x41, 0x08,
    0x41, 0x08, 0x41, 0x08, 0x61, 0x08, 0x82, 0x10, 0x00, 0x00, 0x2c, 0x53, 0x0b, 0x4b, 0x00, 0x00,
    0x62, 0x08, 0x21, 0x00, 0x20, 0x00, 0x61, 0x08, 0x41, 0x08, 0x61, 0x08, 0x62, 0x08, 0x00, 0x00,
    0x00, 0x00, 0x00, 0x00, 0x00, 0x00, 0x00, 0x00, 0x41, 0x08, 0x62, 0x08, 0x61, 0x08, 0x61, 0x08,
    0x41, 0x08, 0x62, 0x08, 0x41, 0x08, 0x00, 0x00, 0x00, 0x00, 0x00, 0x00, 0x00, 0x00, 0x21, 0x00,
    0x82, 0x10, 0x21, 0x08, 0x45, 0x19, 0xd3, 0x7c, 0x20, 0x00, 0x82, 0x08, 0x61, 0x08, 0x61, 0x08,
    0x61, 0x08, 0x61, 0x08, 0x61, 0x08, 0x62, 0x08, 0x00, 0x00, 0x08, 0x2a, 0x50, 0x64, 0x00, 0x00,
    0x82, 0x08, 0x61, 0x08, 0x61, 0x08, 0x61, 0x08, 0x61, 0x08, 0x61, 0x08, 0x61, 0x08, 0x61, 0x08,
    0x61, 0x08, 0x61, 0x08, 0x61, 0x08, 0x61, 0x08, 0x20, 0x08, 0x26, 0x11, 0x82, 0x10, 0x20, 0x08,
    0x61, 0x08, 0x41, 0x08, 0x61, 0x08, 0x61, 0x08, 0x61, 0x08, 0x41, 0x08, 0x41, 0x08, 0x61, 0x08,
    0x41, 0x08, 0x21, 0x00, 0xa3, 0x08, 0xc3, 0x10, 0x82, 0x08, 0xc3, 0x10, 0x41, 0x08, 0x41, 0x08,
    0x41, 0x08, 0x40, 0x08, 0x40, 0x08, 0x20, 0x08, 0x20, 0x08, 0x20, 0x08, 0x20, 0x08, 0x20, 0x08,
    0x20, 0x08, 0x20, 0x08, 0x20, 0x08, 0x20, 0x08, 0x20, 0x08, 0x20, 0x08, 0x20, 0x08, 0x20, 0x08,
    0x40, 0x08, 0x20, 0x08, 0x20, 0x08, 0x20, 0x08, 0x20, 0x08, 0x20, 0x08, 0x20, 0x08, 0x21, 0x08,
    0x41, 0x08, 0x41, 0x08, 0x20, 0x00, 0x61, 0x08, 0xc3, 0x10, 0x20, 0x08, 0x41, 0x08, 0x41, 0x08,
    0x41, 0x08, 0x41, 0x08, 0x41, 0x08, 0x20, 0x08, 0x25, 0x11, 0x41, 0x08, 0x41, 0x08, 0x21, 0x08,
    0x62, 0x08, 0x04, 0x11, 0x20, 0x08, 0x41, 0x08, 0x61, 0x08, 0x25, 0x19, 0x20, 0x08, 0x41, 0x08,
    0x41, 0x08, 0x41, 0x08, 0x41, 0x00, 0x82, 0x10, 0xc3, 0x10, 0x82, 0x08, 0xa3, 0x10, 0x21, 0x00,
    0x6c, 0x12, 0xe9, 0x09, 0x04, 0x01, 0x46, 0x09, 0x66, 0x01, 0x66, 0x09, 0x46, 0x09, 0x45, 0x09,
    0x25, 0x09, 0x25, 0x09, 0x25, 0x09, 0xc3, 0x00, 0xed, 0x3a, 0x93, 0x54, 0x8f, 0x43, 0x31, 0x4c,
    0xf1, 0x53, 0x25, 0x11, 0xc3, 0x00, 0x86, 0x19, 0x32, 0x54, 0xd0, 0x43, 0x4e, 0x3b, 0x52, 0x4c,
    0x08, 0x2a, 0xc3, 0x00, 0x25, 0x09, 0x04, 0x09, 0x25, 0x09, 0x05, 0x01, 0x04, 0x01, 0x04, 0x01,
    0x04, 0x01, 0x04, 0x01, 0x04, 0x01, 0x24, 0x01, 0x05, 0x09, 0x21, 0x00, 0x62, 0x08, 0x82, 0x08,
    0xa2, 0x10, 0xa2, 0x10, 0x20, 0x00, 0x21, 0x00, 0x21, 0x00, 0x21, 0x00, 0x21, 0x00, 0x21, 0x00,
    0x41, 0x00, 0x00, 0x08, 0x25, 0x11, 0x20, 0x08, 0x21, 0x00, 0x20, 0x00, 0x62, 0x08, 0xc3, 0x08,
    0x20, 0x00, 0x00, 0x00, 0xc3, 0x08, 0xc4, 0x10, 0x00, 0x00, 0x41, 0x00, 0x41, 0x08, 0x20, 0x08,
    0x26, 0x11, 0x20, 0x08, 0x41, 0x08, 0x21, 0x00, 0x21, 0x00, 0x20, 0x00, 0x62, 0x08, 0xc4, 0x08,
    0x00, 0x00, 0x41, 0x08, 0x41, 0x08, 0x41, 0x08, 0x20, 0x08, 0x20, 0x00, 0xa3, 0x08, 0x41, 0x08,
    0x20, 0x00, 0x41, 0x00, 0x41, 0x00, 0x41, 0x08, 0x41, 0x08, 0x41, 0x08, 0x41, 0x08, 0x41, 0x08,
    0x41, 0x08, 0x41, 0x08, 0x41, 0x08, 0x41, 0x08, 0x41, 0x08, 0x61, 0x08, 0x41, 0x08, 0x61, 0x08,
    0x61, 0x08, 0x61, 0x08, 0x61, 0x08, 0x61, 0x08, 0x61, 0x08, 0x61, 0x08, 0x61, 0x08, 0x62, 0x08,
    0x62, 0x08, 0x61, 0x08, 0x61, 0x08, 0x61, 0x08, 0x61, 0x08, 0x61, 0x08, 0x61, 0x08, 0x41, 0x08,
    0x41, 0x08, 0x61, 0x08, 0x00, 0x00, 0xc7, 0x21, 0xef, 0x5b, 0x00, 0x00, 0x62, 0x08, 0x41, 0x08,
    0x41, 0x08, 0x41, 0x08, 0x41, 0x08, 0x61, 0x08, 0x00, 0x00, 0xaa, 0x3a, 0x8d, 0x53, 0x00, 0x00,
    0x41, 0x08, 0xe3, 0x18, 0x45, 0x21, 0x20, 0x00, 0x61, 0x08, 0x41, 0x08, 0x00, 0x00, 0x45, 0x21,
    0x2c, 0x53, 0xae, 0x63, 0x8e, 0x63, 0xaa, 0x4a, 0xa2, 0x08, 0x00, 0x00, 0x61, 0x08, 0x41, 0x08,
    0x61, 0x08, 0x00, 0x00, 0x61, 0x00, 0x89, 0x42, 0x8e, 0x63, 0xae, 0x63, 0xeb, 0x4a, 0x03, 0x11,
    0x00, 0x00, 0xa2, 0x10, 0x00, 0x00, 0x71, 0x6c, 0x08, 0x32, 0x00, 0x00, 0x81, 0x08, 0x61, 0x08,
    0x61, 0x08, 0x61, 0x08, 0x61, 0x08, 0x61, 0x08, 0x00, 0x00, 0x92, 0x6c, 0xa6, 0x29, 0x00, 0x00,
    0x62, 0x08, 0x61, 0x08, 0x61, 0x08, 0x61, 0x08, 0x61, 0x08, 0x61, 0x08, 0x61, 0x08, 0x61, 0x08,
    0x61, 0x08, 0x61, 0x08, 0x61, 0x08, 0x20, 0x08, 0x25, 0x11, 0xa2, 0x10, 0x20, 0x08, 0x61, 0x08,
    0x41, 0x08, 0x61, 0x08, 0x61, 0x08, 0x61, 0x08, 0x61, 0x08, 0x61, 0x08, 0x41, 0x08, 0x41, 0x08,
    0x61, 0x08, 0x20, 0x08, 0xa3, 0x08, 0xc3, 0x10, 0xc3, 0x10, 0x82, 0x08, 0x41, 0x08, 0x61, 0x08,
    0x61, 0x08, 0x61, 0x08, 0x61, 0x08, 0x61, 0x08, 0x61, 0x08, 0x61, 0x08, 0x61, 0x08, 0x61, 0x08,
    0x41, 0x08, 0x41, 0x08, 0x41, 0x08, 0x41, 0x08, 0x41, 0x08, 0x41, 0x08, 0x41, 0x08, 0x41, 0x08,
    0x61, 0x08, 0x61, 0x08, 0x41, 0x08, 0x41, 0x08, 0x41, 0x08, 0x61, 0x08, 0x61, 0x08, 0x41, 0x08,
    0x41, 0x08, 0x41, 0x08, 0x41, 0x08, 0x82, 0x08, 0xe4, 0x10, 0x21, 0x08, 0x41, 0x08, 0x41, 0x08,
    0x41, 0x08, 0x41, 0x08, 0x41, 0x08, 0x20, 0x08, 0x05, 0x11, 0x41, 0x08, 0x41, 0x08, 0x21, 0x08,
    0x82, 0x08, 0x04, 0x11, 0x20, 0x08, 0x41, 0x08, 0x61, 0x08, 0x25, 0x19, 0x20, 0x08, 0x41, 0x08,
    0x41, 0x08, 0x61, 0x08, 0x00, 0x00, 0xcb, 0x42, 0xb0, 0x3b, 0x49, 0x22, 0x8a, 0x22, 0x83, 0x08,
    0x4b, 0x12, 0xe9, 0x09, 0x04, 0x01, 0x46, 0x09, 0x46, 0x09, 0x46, 0x09, 0x45, 0x09, 0x25, 0x09,
    0x25, 0x09, 0x25, 0x09, 0xe4, 0x00, 0x86, 0x19, 0x94, 0x54, 0x29, 0x2a, 0x82, 0x00, 0xe4, 0x10,
    0x32, 0x4c, 0x2d, 0x43, 0x21, 0x00, 0x4e, 0x3b, 0xd0, 0x4b, 0xa2, 0x08, 0x41, 0x00, 0xec, 0x3a,
    0xd0, 0x53, 0xa3, 0x00, 0x04, 0x01, 0x04, 0x01, 0x04, 0x01, 0x04, 0x01, 0x04, 0x01, 0x04, 0x01,
    0x04, 0x01, 0x04, 0x01, 0x04, 0x01, 0x24, 0x01, 0x05, 0x09, 0x42, 0x00, 0x4a, 0x22, 0x49, 0x22,
    0xab, 0x2a, 0xec, 0x32, 0x20, 0x00, 0x21, 0x00, 0x21, 0x00, 0x21, 0x00, 0x21, 0x00, 0x21, 0x00,
    0x41, 0x00, 0x20, 0x08, 0x25, 0x11, 0x20, 0x08, 0x21, 0x00, 0x20, 0x00, 0x62, 0x08, 0xc3, 0x08,
    0x20, 0x00, 0x00, 0x00, 0xc3, 0x08, 0xc4, 0x10, 0x00, 0x00, 0x41, 0x00, 0x41, 0x00, 0x20, 0x08,
    0x26, 0x11, 0x20, 0x00, 0x21, 0x00, 0x21, 0x00, 0x21, 0x00, 0x20, 0x00, 0x62, 0x08, 0xc3, 0x08,
    0x00, 0x00, 0x41, 0x08, 0x41, 0x08, 0x41, 0x08, 0x41, 0x08, 0x40, 0x08, 0x20, 0x00, 0xa3, 0x08,
    0x41, 0x00, 0x20, 0x00, 0x41, 0x00, 0x41, 0x08, 0x41, 0x08, 0x41, 0x00, 0x41, 0x08, 0x41, 0x08,
    0x41, 0x08, 0x41, 0x08, 0x41, 0x08, 0x41, 0x08, 0x41, 0x08, 0x41, 0x08, 0x41, 0x08, 0x41, 0x08,
    0x41, 0x08, 0x61, 0x08, 0x61, 0x08, 0x61, 0x08, 0x61, 0x08, 0x61, 0x08, 0x61, 0x08, 0x61, 0x08,
    0x61, 0x08, 0x61, 0x08, 0x61, 0x08, 0x61, 0x08, 0x61, 0x08, 0x41, 0x08, 0x41, 0x08, 0x41, 0x08,
    0x41, 0x08, 0x61, 0x08, 0x00, 0x00, 0xc7, 0x21, 0xef, 0x63, 0x00, 0x00, 0x82, 0x08, 0x41, 0x08,
    0x61, 0x08, 0x61, 0x08, 0x41, 0x08, 0x82, 0x10, 0x00, 0x00, 0x8e, 0x5b, 0xca, 0x42, 0x00, 0x00,
    0x00, 0x00, 0x49, 0x32, 0xef, 0x5b, 0x00, 0x00, 0x82, 0x08, 0x00, 0x00, 0x2c, 0x53, 0x34, 0x8d,
    0xaa, 0x4a, 0xe7, 0x31, 0x08, 0x32, 0x4d, 0x5b, 0x34, 0x8d, 0xc7, 0x29, 0x20, 0x00, 0x62, 0x08,
    0x00, 0x00, 0xc6, 0x29, 0x75, 0x8d, 0x8e, 0x63, 0x48, 0x3a, 0x07, 0x32, 0x0b, 0x53, 0x13, 0x85,
    0xeb, 0x4a, 0x20, 0x00, 0x20, 0x00, 0xc7, 0x29, 0x92, 0x74, 0x00, 0x00, 0x82, 0x08, 0x61, 0x08,
    0x61, 0x08, 0x61, 0x08, 0x61, 0x08, 0x20, 0x00, 0x85, 0x21, 0xb2, 0x74, 0x00, 0x00, 0x62, 0x08,
    0x61, 0x08, 0x61, 0x08, 0x61, 0x08, 0x61, 0x08, 0x61, 0x08, 0x61, 0x08, 0x61, 0x08, 0x61, 0x08,
    0x61, 0x08, 0x61, 0x08, 0x20, 0x08, 0x26, 0x11, 0xa3, 0x10, 0x20, 0x08, 0x61, 0x08, 0x41, 0x08,
    0x41, 0x08, 0x61, 0x08, 0x61, 0x08, 0x61, 0x08, 0x61, 0x08, 0x61, 0x08, 0x61, 0x08, 0x41, 0x08,
    0x61, 0x08, 0x20, 0x08, 0xa3, 0x08, 0x62, 0x08, 0x20, 0x08, 0x41, 0x08, 0x61, 0x08, 0x61, 0x08,
    0x61, 0x08, 0x61, 0x08, 0x41, 0x08, 0x41, 0x08, 0x61, 0x08, 0x61, 0x08, 0x61, 0x08, 0x61, 0x08,
    0x61, 0x08, 0x61, 0x08, 0x61, 0x08, 0x41, 0x08, 0x41, 0x08, 0x41, 0x08, 0x41, 0x08, 0x41, 0x08,
    0x41, 0x08, 0x41, 0x08, 0x41, 0x08, 0x41, 0x08, 0x41, 0x08, 0x41, 0x08, 0x61, 0x08, 0x41, 0x08,
    0x41, 0x08, 0x41, 0x08, 0x21, 0x08, 0x82, 0x08, 0xe4, 0x10, 0x21, 0x08, 0x41, 0x08, 0x41, 0x08,
    0x41, 0x08, 0x41, 0x08, 0x41, 0x08, 0x20, 0x08, 0x05, 0x11, 0x41, 0x08, 0x41, 0x08, 0x41, 0x08,
    0x82, 0x08, 0x04, 0x11, 0x20, 0x08, 0x41, 0x08, 0x61, 0x08, 0x45, 0x19, 0x20, 0x08, 0x41, 0x08,
    0x41, 0x08, 0x41, 0x08, 0x20, 0x00, 0x24, 0x19, 0xa6, 0x19, 0x04, 0x11, 0x04, 0x11, 0x41, 0x00,
    0x6c, 0x12, 0xe8, 0x09, 0x04, 0x01, 0x46, 0x01, 0x25, 0x09, 0x25, 0x09, 0x25, 0x09, 0x25, 0x09,
    0x04, 0x01, 0x25, 0x09, 0xc3, 0x00, 0x09, 0x22, 0x52, 0x5c, 0x25, 0x11, 0x24, 0x01, 0xc3, 0x00,
    0x8b, 0x3a, 0xab, 0x3a, 0x61, 0x00, 0xb0, 0x4b, 0x4a, 0x2a, 0x40, 0x00, 0xe4, 0x00, 0x82, 0x00,
    0x04, 0x09, 0x04, 0x01, 0x04, 0x01, 0x04, 0x09, 0x04, 0x01, 0x04, 0x01, 0x04, 0x01, 0x04, 0x01,
    0x04, 0x01, 0x04, 0x01, 0x04, 0x01, 0x24, 0x01, 0x05, 0x09, 0x21, 0x00, 0xe4, 0x10, 0x04, 0x11,
    0x25, 0x11, 0x25, 0x11, 0x00, 0x00, 0x21, 0x00, 0x21, 0x00, 0x21, 0x00, 0x21, 0x00, 0x21, 0x00,
    0x41, 0x00, 0x20, 0x08, 0x25, 0x11, 0x21, 0x08, 0x21, 0x00, 0x20, 0x00, 0x62, 0x08, 0xc3, 0x08,
    0x20, 0x08, 0x00, 0x00, 0xc3, 0x08, 0xc4, 0x10, 0x00, 0x00, 0x41, 0x00, 0x41, 0x00, 0x20, 0x00,
    0x26, 0x11, 0x20, 0x00, 0x21, 0x00, 0x21, 0x00, 0x21, 0x00, 0x20, 0x00, 0x62, 0x08, 0xc3, 0x08,
    0x00, 0x00, 0x41, 0x00, 0x41, 0x08, 0x41, 0x08, 0x41, 0x08, 0x41, 0x08, 0x20, 0x00, 0x20, 0x00,
    0xa3, 0x08, 0x21, 0x00, 0x20, 0x00, 0x41, 0x08, 0x41, 0x00, 0x41, 0x00, 0x41, 0x00, 0x21, 0x00,
    0x41, 0x08, 0x41, 0x08, 0x41, 0x08, 0x61, 0x08, 0x61, 0x08, 0x41, 0x08, 0x41, 0x08, 0x41, 0x08,
    0x41, 0x08, 0x41, 0x08, 0x41, 0x08, 0x61, 0x08, 0x61, 0x08, 0x61, 0x08, 0x61, 0x08, 0x61, 0x08,
    0x61, 0x08, 0x61, 0x08, 0x61, 0x08, 0x61, 0x08, 0x61, 0x08, 0x61, 0x08, 0x41, 0x08, 0x41, 0x08,
    0x41, 0x08, 0x61, 0x08, 0x00, 0x00, 0xa7, 0x21, 0xef, 0x5b, 0x00, 0x00, 0x82, 0x08, 0x61, 0x08,
    0x61, 0x08, 0x61, 0x08, 0x41, 0x08, 0x00, 0x00, 0xc3, 0x10, 0x75, 0x95, 0xa2, 0x08, 0x41, 0x08,
    0x00, 0x00, 0x28, 0x32, 0xae, 0x53, 0x00, 0x00, 0x21, 0x00, 0x04, 0x11, 0x54, 0x85, 0x20, 0x00,
    0x00, 0x00, 0x00, 0x00, 0x00, 0x00, 0x00, 0x00, 0xc3, 0x10, 0x24, 0x19, 0x41, 0x08, 0x20, 0x00,
    0x04, 0x19, 0xd6, 0x9d, 0x24, 0x19, 0x00, 0x00, 0x00, 0x00, 0x00, 0x00, 0x00, 0x00, 0x40, 0x00,
    0x92, 0x74, 0xe7, 0x31, 0x20, 0x00, 0x00, 0x00, 0xb2, 0x74, 0x86, 0x21, 0x20, 0x00, 0x61, 0x08,
    0x61, 0x08, 0x61, 0x08, 0x82, 0x08, 0x00, 0x00, 0x30, 0x6c, 0x49, 0x3a, 0x00, 0x00, 0x62, 0x08,
    0x61, 0x08, 0x61, 0x08, 0x61, 0x08, 0x61, 0x08, 0x61, 0x08, 0x61, 0x08, 0x61, 0x08, 0x61, 0x08,
    0x61, 0x08, 0x20, 0x08, 0x26, 0x11, 0xc3, 0x10, 0x20, 0x08, 0x61, 0x08, 0x61, 0x08, 0x61, 0x08,
    0x61, 0x08, 0x61, 0x08, 0x61, 0x08, 0x42, 0x08, 0x42, 0x08, 0x61, 0x08, 0x61, 0x08, 0x41, 0x08,
    0x61, 0x08, 0x20, 0x08, 0xa3, 0x08, 0x82, 0x08, 0x41, 0x08, 0x61, 0x08, 0x41, 0x08, 0x41, 0x08,
    0x41, 0x08, 0x41, 0x08, 0x41, 0x08, 0x61, 0x08, 0x61, 0x08, 0x61, 0x08, 0x61, 0x08, 0x61, 0x08,
    0x61, 0x08, 0x61, 0x08, 0x61, 0x08, 0x41, 0x08, 0x41, 0x08, 0x41, 0x08, 0x41, 0x08, 0x41, 0x08,
    0x41, 0x08, 0x41, 0x08, 0x41, 0x08, 0x41, 0x08, 0x41, 0x08, 0x61, 0x08, 0x61, 0x08, 0x61, 0x08,
    0x41, 0x08, 0x41, 0x08, 0x21, 0x08, 0x82, 0x08, 0xe4, 0x10, 0x20, 0x08, 0x41, 0x08, 0x41, 0x08,
    0x41, 0x08, 0x41, 0x08, 0x41, 0x08, 0x20, 0x08, 0x05, 0x11, 0x61, 0x08, 0x41, 0x08, 0x41, 0x08,
    0x62, 0x08, 0x04, 0x11, 0x20, 0x08, 0x41, 0x08, 0x61, 0x08, 0x25, 0x19, 0x20, 0x00, 0x41, 0x08,
    0x41, 0x08, 0x41, 0x08, 0x41, 0x08, 0x00, 0x00, 0x00, 0x00, 0x00, 0x00, 0x00, 0x00, 0x00, 0x00,
    0x6c, 0x12, 0xc8, 0x09, 0xe4, 0x00, 0x25, 0x01, 0x25, 0x09, 0x25, 0x09, 0x25, 0x09, 0x04, 0x01,
    0x04, 0x01, 0x25, 0x09, 0xa3, 0x00, 0x09, 0x22, 0x52, 0x5c, 0x45, 0x11, 0x04, 0x01, 0x25, 0x09,
    0xc3, 0x00, 0xe3, 0x00, 0xc3, 0x00, 0x6f, 0x43, 0x2e, 0x3b, 0x6e, 0x43, 0xf1, 0x4b, 0x0d, 0x3b,
    0xe4, 0x08, 0xe4, 0x00, 0x04, 0x09, 0x04, 0x01, 0x04, 0x09, 0x04, 0x01, 0x04, 0x01, 0x04, 0x01,
    0x04, 0x01, 0x04, 0x01, 0x04, 0x01, 0x04, 0x01, 0x05, 0x09, 0x20, 0x00, 0x00, 0x00, 0x00, 0x00,
    0x00, 0x00, 0x00, 0x00, 0x20, 0x00, 0x21, 0x00, 0x21, 0x00, 0x21, 0x00, 0x21, 0x00, 0x21, 0x00,
    0x41, 0x00, 0x20, 0x08, 0x05, 0x11, 0x20, 0x08, 0x21, 0x00, 0x20, 0x00, 0x62, 0x08, 0xc3, 0x08,
    0x20, 0x00, 0x00, 0x00, 0xa3, 0x08, 0xc4, 0x08, 0x00, 0x00, 0x21, 0x00, 0x21, 0x00, 0x00, 0x00,
    0x26, 0x11, 0x20, 0x00, 0x21, 0x00, 0x21, 0x00, 0x21, 0x00, 0x20, 0x00, 0x62, 0x08, 0xc4, 0x08,
    0x20, 0x00, 0x41, 0x08, 0x41, 0x08, 0x41, 0x00, 0x41, 0x08, 0x41, 0x08, 0x41, 0x00, 0x21, 0x00,
    0x20, 0x00, 0x82, 0x08, 0x21, 0x00, 0x41, 0x08, 0x41, 0x00, 0x41, 0x08, 0x21, 0x00, 0x21, 0x00,
    0x41, 0x08, 0x41, 0x08, 0x41, 0x08, 0x61, 0x08, 0x61, 0x08, 0x41, 0x08, 0x41, 0x08, 0x41, 0x08,
    0x41, 0x08, 0x41, 0x08, 0x41, 0x08, 0x61, 0x08, 0x61, 0x08, 0x61, 0x08, 0x61, 0x08, 0x61, 0x08,
    0x61, 0x08, 0x61, 0x08, 0x61, 0x08, 0x61, 0x08, 0x61, 0x08, 0x61, 0x08, 0x41, 0x08, 0x41, 0x08,
    0x41, 0x08, 0x61, 0x08, 0x00, 0x00, 0xa6, 0x21, 0xef, 0x5b, 0x00, 0x00, 0x82, 0x00, 0x61, 0x00,
    0x61, 0x00, 0x41, 0x00, 0x61, 0x08, 0x49, 0x3a, 0xd6, 0xa5, 0x28, 0x3a, 0x00, 0x00, 0x62, 0x08,
    0x00, 0x00, 0x28, 0x32, 0xae, 0x53, 0x00, 0x00, 0x00, 0x00, 0x08, 0x2a, 0x0f, 0x64, 0x00, 0x00,
    0xa3, 0x10, 0x82, 0x10, 0x82, 0x10, 0x82, 0x10, 0x41, 0x00, 0x20, 0x00, 0x82, 0x08, 0x00, 0x00,
    0x71, 0x6c, 0x89, 0x3a, 0x00, 0x00, 0x82, 0x10, 0x61, 0x08, 0x61, 0x08, 0x82, 0x08, 0x41, 0x00,
    0x20, 0x00, 0x82, 0x08, 0x61, 0x08, 0x00, 0x00, 0x49, 0x32, 0x30, 0x6c, 0x00, 0x00, 0x82, 0x08,
    0x61, 0x08, 0x61, 0x08, 0x20, 0x00, 0x03, 0x11, 0x13, 0x85, 0x20, 0x00, 0x61, 0x08, 0x61, 0x08,
    0x61, 0x08, 0x61, 0x08, 0x61, 0x08, 0x61, 0x08, 0x61, 0x08, 0x61, 0x08, 0x61, 0x08, 0x61, 0x08,
    0x20, 0x08, 0x25, 0x11, 0xc3, 0x10, 0x20, 0x08, 0x61, 0x08, 0x41, 0x08, 0x61, 0x08, 0x61, 0x08,
    0x61, 0x08, 0x61, 0x08, 0x42, 0x08, 0x42, 0x08, 0x42, 0x08, 0x61, 0x08, 0x61, 0x08, 0x41, 0x08,
    0x61, 0x08, 0x20, 0x08, 0xa3, 0x08, 0x82, 0x08, 0x41, 0x08, 0x41, 0x08, 0x41, 0x08, 0x41, 0x08,
    0x41, 0x08, 0x41, 0x08, 0x61, 0x08, 0x61, 0x08, 0x61, 0x08, 0x61, 0x08, 0x61, 0x08, 0x41, 0x08,
    0x41, 0x08, 0x41, 0x08, 0x41, 0x08, 0x41, 0x08, 0x41, 0x08, 0x41, 0x08, 0x41, 0x08, 0x41, 0x08,
    0x41, 0x08, 0x41, 0x08, 0x41, 0x08, 0x41, 0x08, 0x41, 0x08, 0x61, 0x08, 0x61, 0x08, 0x41, 0x08,
    0x41, 0x08, 0x41, 0x08, 0x41, 0x08, 0x82, 0x08, 0xe4, 0x10, 0x20, 0x08, 0x41, 0x08, 0x41, 0x08,
    0x41, 0x08, 0x41, 0x08, 0x41, 0x08, 0x20, 0x08, 0x05, 0x11, 0x61, 0x08, 0x41, 0x08, 0x41, 0x08,
    0x62, 0x08, 0xe4, 0x10, 0x20, 0x08, 0x41, 0x08, 0x61, 0x08, 0x25, 0x19, 0x20, 0x00, 0x41, 0x08,
    0x41, 0x08, 0x41, 0x08, 0x20, 0x00, 0xa7, 0x29, 0x6a, 0x2a, 0x86, 0x19, 0xa7, 0x19, 0x62, 0x00,
    0x4b, 0x12, 0xe8, 0x09, 0xe4, 0x00, 0x25, 0x01, 0x25, 0x09, 0x25, 0x09, 0x04, 0x01, 0x04, 0x01,
    0x04, 0x01, 0x25, 0x09, 0xa3, 0x00, 0x09, 0x22, 0x73, 0x5c, 0x45, 0x11, 0xe4, 0x00, 0x04, 0x09,
    0xe4, 0x00, 0x04, 0x01, 0xc3, 0x00, 0x4e, 0x43, 0xb0, 0x43, 0xa7, 0x21, 0x66, 0x19, 0xd0, 0x43,
    0x2d, 0x43, 0x82, 0x00, 0x04, 0x09, 0xe4, 0x00, 0x04, 0x01, 0x04, 0x01, 0x04, 0x01, 0x04, 0x01,
    0x04, 0x01, 0x04, 0x01, 0x04, 0x01, 0x04, 0x01, 0x05, 0x09, 0x41, 0x00, 0x45, 0x11, 0x46, 0x11,
    0xa7, 0x19, 0xc7, 0x21, 0x20, 0x00, 0x21, 0x00, 0x21, 0x00, 0x21, 0x00, 0x21, 0x00, 0x21, 0x00,
    0x41, 0x00, 0x20, 0x08, 0x05, 0x11, 0x21, 0x08, 0x21, 0x00, 0x20, 0x00, 0x62, 0x08, 0xa3, 0x08,
    0x20, 0x00, 0x00, 0x00, 0xa3, 0x08, 0xc4, 0x08, 0x00, 0x00, 0x21, 0x00, 0x21, 0x00, 0x00, 0x00,
    0x26, 0x11, 0x20, 0x00, 0x21, 0x00, 0x21, 0x00, 0x21, 0x00, 0x20, 0x00, 0x62, 0x08, 0xc3, 0x08,
    0x20, 0x00, 0x41, 0x00, 0x41, 0x00, 0x41, 0x08, 0x21, 0x08, 0x21, 0x00, 0x21, 0x00, 0x41, 0x00,
    0x21, 0x00, 0x21, 0x00, 0x41, 0x08, 0x41, 0x08, 0x41, 0x00, 0x41, 0x08, 0x21, 0x00, 0x21, 0x00,
    0x41, 0x08, 0x41, 0x08, 0x41, 0x08, 0x61, 0x08, 0x61, 0x08, 0x61, 0x08, 0x61, 0x08, 0x61, 0x08,
    0x61, 0x08, 0x61, 0x08, 0x61, 0x08, 0x61, 0x08, 0x61, 0x08, 0x61, 0x08, 0x61, 0x08, 0x61, 0x08,
    0x61, 0x08, 0x61, 0x08, 0x61, 0x08, 0x61, 0x08, 0x61, 0x08, 0x41, 0x08, 0x41, 0x08, 0x41, 0x08,
    0x41, 0x08, 0x61, 0x08, 0x00, 0x00, 0x65, 0x19, 0xf7, 0x95, 0x50, 0x74, 0x71, 0x7c, 0x71, 0x7c,
    0x50, 0x74, 0xf3, 0x84, 0x75, 0x8d, 0xef, 0x63, 0x45, 0x19, 0x00, 0x00, 0x41, 0x08, 0x61, 0x08,
    0x00, 0x00, 0x28, 0x32, 0xae, 0x53, 0x00, 0x00, 0x61, 0x08, 0x82, 0x08, 0x54, 0x8d, 0xa6, 0x29,
    0x00, 0x00, 0x00, 0x00, 0x00, 0x00, 0x00, 0x00, 0x61, 0x08, 0x81, 0x08, 0x41, 0x08, 0x81, 0x08,
    0xf3, 0x74, 0x61, 0x08, 0x61, 0x08, 0x41, 0x08, 0x41, 0x08, 0x41, 0x08, 0x41, 0x08, 0x61, 0x08,
    0x61, 0x08, 0x41, 0x08, 0x61, 0x08, 0x61, 0x08, 0x41, 0x00, 0xf3, 0x7c, 0xe3, 0x10, 0x21, 0x00,
    0x61, 0x08, 0x82, 0x08, 0x00, 0x00, 0xae, 0x5b, 0xeb, 0x4a, 0x00, 0x00, 0x82, 0x08, 0x61, 0x08,
    0x61, 0x08, 0x61, 0x08, 0x61, 0x08, 0x61, 0x08, 0x61, 0x08, 0x61, 0x08, 0x61, 0x08, 0x20, 0x08,
    0x25, 0x11, 0xc3, 0x10, 0x20, 0x08, 0x61, 0x08, 0x41, 0x08, 0x41, 0x08, 0x41, 0x08, 0x61, 0x08,
    0x62, 0x08, 0x61, 0x08, 0x42, 0x08, 0x42, 0x08, 0x42, 0x08, 0x61, 0x08, 0x61, 0x08, 0x61, 0x08,
    0x61, 0x08, 0x20, 0x08, 0xa3, 0x08, 0x82, 0x08, 0x41, 0x08, 0x41, 0x08, 0x41, 0x08, 0x41, 0x08,
    0x41, 0x08, 0x41, 0x08, 0x61, 0x08, 0x61, 0x08, 0x61, 0x08, 0x61, 0x08, 0x41, 0x08, 0x41, 0x08,
    0x41, 0x08, 0x41, 0x08, 0x41, 0x08, 0x41, 0x08, 0x41, 0x08, 0x41, 0x08, 0x41, 0x08, 0x41, 0x08,
    0x41, 0x08, 0x41, 0x08, 0x41, 0x08, 0x41, 0x08, 0x41, 0x08, 0x41, 0x08, 0x41, 0x08, 0x41, 0x08,
    0x41, 0x08, 0x61, 0x08, 0x20, 0x08, 0x82, 0x08, 0xc3, 0x08, 0x21, 0x08, 0x41, 0x08, 0x41, 0x08,
    0x41, 0x08, 0x41, 0x08, 0x20, 0x08, 0xa3, 0x08, 0xc3, 0x08, 0x41, 0x08, 0x61, 0x08, 0x41, 0x08,
    0x62, 0x08, 0xe4, 0x10, 0x20, 0x08, 0x41, 0x08, 0x61, 0x08, 0x45, 0x19, 0x20, 0x00, 0x41, 0x08,
    0x41, 0x08, 0x61, 0x08, 0x00, 0x00, 0xab, 0x3a, 0x8f, 0x33, 0x28, 0x1a, 0x49, 0x1a, 0x83, 0x08,
    0x2b, 0x12, 0xe8, 0x09, 0xe4, 0x00, 0x25, 0x09, 0x25, 0x09, 0x25, 0x09, 0x25, 0x09, 0x04, 0x01,
    0x04, 0x01, 0x25, 0x09, 0xc3, 0x00, 0x09, 0x22, 0x52, 0x5c, 0x24, 0x11, 0x04, 0x01, 0x04, 0x09,
    0x87, 0x19, 0xa7, 0x19, 0xa2, 0x00, 0xaf, 0x43, 0x8b, 0x32, 0x41, 0x00, 0x61, 0x00, 0x29, 0x22,
    0xf1, 0x4b, 0xc3, 0x08, 0x04, 0x01, 0x04, 0x01, 0x04, 0x09, 0x04, 0x09, 0x04, 0x01, 0x04, 0x01,
    0x04, 0x01, 0x04, 0x01, 0x04, 0x01, 0x04, 0x01, 0x05, 0x09, 0x62, 0x00, 0xe8, 0x19, 0xe8, 0x19,
    0x28, 0x1a, 0xab, 0x2a, 0x41, 0x08, 0x20, 0x00, 0x21, 0x00, 0x21, 0x00, 0x21, 0x00, 0x21, 0x00,
    0x41, 0x00, 0x20, 0x00, 0x05, 0x11, 0x21, 0x08, 0x21, 0x00, 0x20, 0x00, 0x62, 0x08, 0xc3, 0x08,
    0x00, 0x00, 0x00, 0x00, 0xa3, 0x08, 0xc4, 0x08, 0x00, 0x00, 0x21, 0x00, 0x21, 0x00, 0x00, 0x00,
    0x26, 0x11, 0x20, 0x00, 0x21, 0x00, 0x21, 0x00, 0x21, 0x00, 0x21, 0x08, 0x62, 0x08, 0xc3, 0x08,
    0x20, 0x00, 0x41, 0x00, 0x41, 0x08, 0x21, 0x00, 0x21, 0x00, 0x21, 0x00, 0x41, 0x00, 0x41, 0x08,
    0x41, 0x08, 0x41, 0x08, 0x41, 0x08, 0x41, 0x08, 0x41, 0x00, 0x41, 0x08, 0x21, 0x00, 0x21, 0x00,
    0x61, 0x08, 0x61, 0x08, 0x61, 0x08, 0x61, 0x08, 0x61, 0x08, 0x61, 0x08, 0x41, 0x08, 0x61, 0x08,
    0x61, 0x08, 0x61, 0x08, 0x61, 0x08, 0x61, 0x08, 0x41, 0x08, 0x41, 0x08, 0x61, 0x08, 0x61, 0x08,
    0x61, 0x08, 0x61, 0x08, 0x61, 0x08, 0x61, 0x08, 0x61, 0x08, 0x41, 0x08, 0x41, 0x08, 0x41, 0x08,
    0x41, 0x08, 0x62, 0x08, 0x00, 0x00, 0xc7, 0x21, 0xef, 0x5b, 0x20, 0x00, 0x82, 0x08, 0x81, 0x00,
    0x61, 0x00, 0xe3, 0x10, 0x14, 0x7d, 0x20, 0x00, 0x00, 0x00, 0x62, 0x08, 0x41, 0x08, 0x61, 0x08,
    0x00, 0x00, 0x48, 0x32, 0xce, 0x53, 0x00, 0x00, 0x82, 0x08, 0x20, 0x00, 0x45, 0x21, 0xd2, 0x7c,
    0x71, 0x74, 0x8e, 0x5b, 0xaa, 0x42, 0x85, 0x21, 0x00, 0x00, 0x20, 0x00, 0x20, 0x00, 0x24, 0x19,
    0xb2, 0x6c, 0x00, 0x00, 0x62, 0x08, 0x41, 0x08, 0x41, 0x08, 0x41, 0x08, 0x41, 0x08, 0x41, 0x08,
    0x41, 0x08, 0x41, 0x08, 0x41, 0x08, 0x81, 0x10, 0x00, 0x00, 0xeb, 0x42, 0x8e, 0x5b, 0x00, 0x00,
    0x82, 0x08, 0x41, 0x08, 0x82, 0x08, 0xf3, 0x74, 0x61, 0x08, 0x41, 0x08, 0x61, 0x08, 0x61, 0x08,
    0x61, 0x08, 0x61, 0x08, 0x61, 0x08, 0x61, 0x08, 0x61, 0x08, 0x61, 0x08, 0x20, 0x08, 0x05, 0x11,
    0xe4, 0x10, 0x20, 0x08, 0x61, 0x08, 0x41, 0x08, 0x61, 0x08, 0x41, 0x08, 0x41, 0x08, 0x61, 0x08,
    0x61, 0x08, 0x42, 0x08, 0x42, 0x08, 0x41, 0x08, 0x61, 0x08, 0x61, 0x08, 0x61, 0x08, 0x61, 0x08,
    0x61, 0x08, 0x20, 0x08, 0xa3, 0x08, 0x82, 0x08, 0x41, 0x08, 0x41, 0x08, 0x41, 0x08, 0x41, 0x08,
    0x41, 0x08, 0x41, 0x08, 0x41, 0x08, 0x41, 0x08, 0x61, 0x08, 0x61, 0x08, 0x41, 0x08, 0x41, 0x08,
    0x41, 0x08, 0x41, 0x08, 0x41, 0x08, 0x41, 0x08, 0x41, 0x08, 0x41, 0x08, 0x41, 0x08, 0x41, 0x08,
    0x41, 0x08, 0x41, 0x08, 0x41, 0x08, 0x41, 0x08, 0x41, 0x08, 0x41, 0x08, 0x41, 0x08, 0x41, 0x08,
    0x41, 0x08, 0x21, 0x08, 0x62, 0x08, 0xc4, 0x08, 0x41, 0x08, 0x41, 0x08, 0x41, 0x08, 0x41, 0x08,
    0x61, 0x08, 0x20, 0x08, 0xc3, 0x10, 0xe4, 0x10, 0x20, 0x08, 0x41, 0x08, 0x61, 0x08, 0x41, 0x08,
    0x62, 0x08, 0xe4, 0x10, 0x20, 0x08, 0x41, 0x08, 0x61, 0x08, 0x45, 0x19, 0x20, 0x00, 0x41, 0x08,
    0x41, 0x08, 0x41, 0x08, 0x41, 0x00, 0x20, 0x00, 0x40, 0x00, 0x20, 0x00, 0x20, 0x00, 0x00, 0x00,
    0x4c, 0x12, 0xc8, 0x09, 0xe4, 0x00, 0x25, 0x09, 0x25, 0x09, 0x25, 0x09, 0x25, 0x09, 0x04, 0x01,
    0x25, 0x09, 0x25, 0x09, 0xc3, 0x00, 0xc8, 0x21, 0x93, 0x5c, 0x45, 0x19, 0x62, 0x00, 0x82, 0x00,
    0xd0, 0x4b, 0x8f, 0x4b, 0x20, 0x00, 0x8f, 0x43, 0x0d, 0x43, 0x41, 0x00, 0x61, 0x00, 0x4a, 0x2a,
    0xf0, 0x43, 0xe3, 0x08, 0x04, 0x01, 0x04, 0x01, 0x04, 0x09, 0x04, 0x09, 0x04, 0x09, 0x04, 0x01,
    0x04, 0x01, 0x04, 0x01, 0x04, 0x01, 0x04, 0x01, 0x05, 0x09, 0x21, 0x00, 0x00, 0x00, 0x00, 0x00,
    0x20, 0x00, 0x00, 0x00, 0x20, 0x00, 0x20, 0x00, 0x21, 0x00, 0x21, 0x00, 0x21, 0x00, 0x21, 0x00,
    0x41, 0x00, 0x00, 0x00, 0x05, 0x11, 0x21, 0x08, 0x21, 0x00, 0x20, 0x00, 0x62, 0x08, 0xa3, 0x08,
    0x00, 0x00, 0x00, 0x00, 0xa3, 0x08, 0xa3, 0x08, 0x00, 0x00, 0x21, 0x00, 0x21, 0x00, 0x00, 0x00,
    0x26, 0x11, 0x20, 0x00, 0x21, 0x00, 0x21, 0x00, 0x41, 0x00, 0x20, 0x08, 0x41, 0x08, 0xa3, 0x08,
    0x00, 0x00, 0x41, 0x08, 0x41, 0x00, 0x21, 0x00, 0x21, 0x00, 0x41, 0x00, 0x41, 0x08, 0x41, 0x08,
    0x41, 0x08, 0x41, 0x08, 0x41, 0x08, 0x41, 0x08, 0x41, 0x08, 0x41, 0x08, 0x21, 0x00, 0x21, 0x00,
    0x61, 0x08, 0x61, 0x08, 0x61, 0x08, 0x61, 0x08, 0x61, 0x08, 0x41, 0x08, 0x41, 0x08, 0x61, 0x08,
    0x61, 0x08, 0x61, 0x08, 0x61, 0x08, 0x61, 0x08, 0x41, 0x08, 0x41, 0x08, 0x41, 0x08, 0x61, 0x08,
    0x61, 0x08, 0x61, 0x08, 0x61, 0x08, 0x61, 0x08, 0x61, 0x08, 0x41, 0x08, 0x41, 0x08, 0x41, 0x08,
    0x41, 0x08, 0x61, 0x08, 0x00, 0x00, 0xc7, 0x29, 0xef, 0x5b, 0x00, 0x00, 0x62, 0x08, 0x41, 0x08,
    0x61, 0x08, 0x00, 0x00, 0x8a, 0x3a, 0x71, 0x6c, 0x00, 0x00, 0x62, 0x08, 0x41, 0x08, 0x61, 0x08,
    0x00, 0x00, 0x48, 0x32, 0xce, 0x53, 0x00, 0x00, 0x62, 0x08, 0x61, 0x08, 0x20, 0x00, 0x00, 0x00,
    0x24, 0x19, 0x48, 0x3a, 0x2c, 0x53, 0x30, 0x6c, 0xd3, 0x7c, 0x24, 0x19, 0x00, 0x00, 0x24, 0x11,
    0xb2, 0x74, 0x20, 0x00, 0x61, 0x08, 0x41, 0x08, 0x41, 0x08, 0x41, 0x08, 0x41, 0x08, 0x41, 0x08,
    0x61, 0x08, 0x61, 0x08, 0x41, 0x08, 0x61, 0x08, 0x41, 0x08, 0x61, 0x08, 0xf3, 0x7c, 0x82, 0x08,
    0x61, 0x08, 0x00, 0x00, 0x0c, 0x43, 0x6d, 0x4b, 0x00, 0x00, 0x82, 0x08, 0x61, 0x08, 0x61, 0x08,
    0x61, 0x08, 0x61, 0x08, 0x61, 0x08, 0x61, 0x08, 0x61, 0x08, 0x20, 0x08, 0x04, 0x11, 0xe4, 0x10,
    0x20, 0x08, 0x62, 0x08, 0x61, 0x08, 0x61, 0x08, 0x61, 0x08, 0x61, 0x08, 0x41, 0x08, 0x41, 0x08,
    0x61, 0x08, 0x61, 0x08, 0x42, 0x08, 0x61, 0x08, 0x61, 0x08, 0x61, 0x08, 0x61, 0x08, 0x61, 0x08,
    0x61, 0x08, 0x21, 0x08, 0xa3, 0x08, 0x82, 0x08, 0x41, 0x08, 0x41, 0x08, 0x41, 0x08, 0x41, 0x08,
    0x41, 0x08, 0x41, 0x08, 0x41, 0x08, 0x41, 0x08, 0x41, 0x08, 0x61, 0x08, 0x41, 0x08, 0x41, 0x08,
    0x41, 0x08, 0x41, 0x08, 0x41, 0x08, 0x41, 0x08, 0x41, 0x08, 0x41, 0x08, 0x61, 0x08, 0x41, 0x08,
    0x41, 0x08, 0x41, 0x08, 0x41, 0x08, 0x41, 0x08, 0x41, 0x08, 0x41, 0x08, 0x41, 0x08, 0x61, 0x08,
    0x21, 0x08, 0x61, 0x08, 0xc4, 0x10, 0x21, 0x08, 0x41, 0x08, 0x41, 0x08, 0x41, 0x08, 0x61, 0x08,
    0x20, 0x08, 0xc3, 0x10, 0xe4, 0x10, 0x21, 0x08, 0x41, 0x08, 0x41, 0x08, 0x41, 0x08, 0x41, 0x08,
    0x62, 0x08, 0xe4, 0x10, 0x20, 0x08, 0x41, 0x08, 0x61, 0x08, 0x45, 0x19, 0x20, 0x00, 0x41, 0x08,
    0x41, 0x08, 0x41, 0x08, 0x41, 0x08, 0x41, 0x08, 0x82, 0x10, 0x41, 0x08, 0x62, 0x08, 0x00, 0x00,
    0x2b, 0x12, 0xc8, 0x09, 0xe4, 0x00, 0x25, 0x01, 0x25, 0x09, 0x25, 0x09, 0x25, 0x09, 0x25, 0x09,
    0x25, 0x09, 0x25, 0x09, 0x04, 0x01, 0xe4, 0x08, 0xd0, 0x4b, 0xf0, 0x4b, 0x29, 0x2a, 0xab, 0x2a,
    0xf1, 0x43, 0xa7, 0x21, 0x41, 0x00, 0x29, 0x2a, 0x73, 0x54, 0x6a, 0x32, 0x09, 0x22, 0x11, 0x44,
    0xcb, 0x32, 0xa3, 0x00, 0x04, 0x09, 0x04, 0x09, 0x04, 0x09, 0xe4, 0x00, 0xe4, 0x00, 0xe4, 0x00,
    0xe4, 0x00, 0xe4, 0x00, 0x04, 0x01, 0x04, 0x01, 0x05, 0x09, 0x21, 0x00, 0x41, 0x08, 0x41, 0x08,
    0x62, 0x08, 0x82, 0x10, 0x20, 0x00, 0x20, 0x00, 0x21, 0x00, 0x21, 0x00, 0x21, 0x00, 0x21, 0x00,
    0x41, 0x00, 0x00, 0x00, 0x05, 0x11, 0x20, 0x08, 0x21, 0x00, 0x20, 0x00, 0x62, 0x08, 0xa3, 0x08,
    0x20, 0x00, 0x00, 0x00, 0xa3, 0x08, 0xa3, 0x08, 0x00, 0x00, 0x21, 0x00, 0x21, 0x00, 0x00, 0x00,
    0x26, 0x11, 0x20, 0x00, 0x21, 0x00, 0x21, 0x00, 0x21, 0x00, 0x41, 0x08, 0xe4, 0x08, 0xc4, 0x08,
    0x61, 0x08, 0x21, 0x00, 0x41, 0x00, 0x41, 0x00, 0x41, 0x08, 0x41, 0x08, 0x41, 0x08, 0x41, 0x08,
    0x41, 0x08, 0x41, 0x08, 0x41, 0x08, 0x41, 0x08, 0x41, 0x08, 0x41, 0x08, 0x21, 0x00, 0x21, 0x00,
    0x61, 0x08, 0x61, 0x08, 0x61, 0x08, 0x61, 0x08, 0x41, 0x08, 0x41, 0x08, 0x41, 0x08, 0x61, 0x08,
    0x61, 0x08, 0x61, 0x08, 0x61, 0x08, 0x61, 0x08, 0x41, 0x08, 0x41, 0x08, 0x61, 0x08, 0x61, 0x08,
    0x61, 0x08, 0x61, 0x08, 0x61, 0x08, 0x61, 0x08, 0x61, 0x08, 0x41, 0x08, 0x41, 0x08, 0x41, 0x08,
    0x41, 0x08, 0x62, 0x08, 0x00, 0x00, 0xc7, 0x21, 0xef, 0x5b, 0x00, 0x00, 0x82, 0x08, 0x61, 0x08,
    0x41, 0x08, 0x81, 0x08, 0x00, 0x00, 0xb2, 0x74, 0x07, 0x32, 0x00, 0x00, 0x62, 0x08, 0x61, 0x08,
    0x00, 0x00, 0x28, 0x32, 0xce, 0x5b, 0x00, 0x00, 0x62, 0x08, 0x61, 0x08, 0x82, 0x08, 0x61, 0x08,
    0x20, 0x00, 0x00, 0x00, 0x00, 0x00, 0x00, 0x00, 0xe7, 0x29, 0x13, 0x85, 0x41, 0x00, 0x61, 0x00,
    0xf3, 0x7c, 0x82, 0x08, 0x41, 0x08, 0x61, 0x08, 0x61, 0x08, 0x41, 0x08, 0x41, 0x08, 0x61, 0x08,
    0x41, 0x08, 0x41, 0x08, 0x61, 0x08, 0x41, 0x08, 0x62, 0x08, 0x00, 0x00, 0x6d, 0x53, 0x0c, 0x4b,
    0x00, 0x00, 0x41, 0x00, 0xd3, 0x74, 0xc2, 0x10, 0x41, 0x00, 0x61, 0x08, 0x61, 0x08, 0x61, 0x08,
    0x61, 0x08, 0x61, 0x08, 0x41, 0x08, 0x40, 0x08, 0x20, 0x08, 0xe4, 0x10, 0xe4, 0x10, 0x20, 0x08,
    0x61, 0x08, 0x41, 0x08, 0x61, 0x08, 0x61, 0x08, 0x41, 0x08, 0x61, 0x08, 0x61, 0x08, 0x61, 0x08,
    0x61, 0x08, 0x61, 0x08, 0x61, 0x08, 0x61, 0x08, 0x61, 0x08, 0x61, 0x08, 0x61, 0x08, 0x61, 0x08,
    0x61, 0x08, 0x41, 0x08, 0x61, 0x08, 0x61, 0x08, 0x41, 0x08, 0x41, 0x08, 0x41, 0x08, 0x41, 0x08,
    0x41, 0x08, 0x41, 0x08, 0x41, 0x08, 0x41, 0x08, 0x41, 0x08, 0x41, 0x08, 0x41, 0x08, 0x61, 0x08,
    0x41, 0x08, 0x41, 0x08, 0x41, 0x08, 0x41, 0x08, 0x61, 0x08, 0x41, 0x08, 0x41, 0x08, 0x41, 0x08,
    0x41, 0x08, 0x41, 0x08, 0x41, 0x08, 0x41, 0x08, 0x61, 0x08, 0x41, 0x08, 0x61, 0x08, 0x20, 0x08,
    0x62, 0x08, 0xe4, 0x10, 0x20, 0x08, 0x41, 0x08, 0x41, 0x08, 0x41, 0x08, 0x41, 0x08, 0x20, 0x08,
    0xa3, 0x08, 0x04, 0x11, 0x20, 0x08, 0x41, 0x08, 0x41, 0x08, 0x41, 0x08, 0x41, 0x08, 0x41, 0x08,
    0x61, 0x08, 0x04, 0x11, 0x20, 0x08, 0x41, 0x08, 0x61, 0x08, 0x45, 0x19, 0x20, 0x08, 0x41, 0x08,
    0x41, 0x08, 0x61, 0x08, 0x00, 0x00, 0xcb, 0x42, 0xd0, 0x43, 0x29, 0x22, 0x6a, 0x22, 0x83, 0x08,
    0x0a, 0x12, 0xc8, 0x09, 0xe4, 0x00, 0x25, 0x09, 0x25, 0x01, 0x25, 0x09, 0x25, 0x09, 0x04, 0x09,
    0x04, 0x09, 0x04, 0x01, 0x24, 0x09, 0xe4, 0x00, 0x25, 0x11, 0x0c, 0x3b, 0xaf, 0x4b, 0x8f, 0x43,
    0xe8, 0x29, 0xc3, 0x00, 0x04, 0x01, 0xa3, 0x00, 0x29, 0x2a, 0x6e, 0x43, 0x8f, 0x4b, 0xab, 0x32,
    0xe4, 0x08, 0xe4, 0x00, 0x04, 0x09, 0x04, 0x09, 0x04, 0x09, 0xe4, 0x00, 0xe4, 0x00, 0xe4, 0x00,
    0xe4, 0x00, 0xe4, 0x00, 0x04, 0x01, 0x04, 0x01, 0x05, 0x09, 0x41, 0x00, 0x09, 0x1a, 0x29, 0x1a,
    0x6a, 0x22, 0x0d, 0x33, 0x41, 0x08, 0x20, 0x00, 0x21, 0x00, 0x21, 0x00, 0x21, 0x00, 0x21, 0x00,
    0x21, 0x00, 0x20, 0x00, 0xc4, 0x08, 0x21, 0x08, 0x21, 0x00, 0x20, 0x00, 0x61, 0x08, 0xa3, 0x08,
    0x20, 0x00, 0x00, 0x00, 0xa3, 0x08, 0xa3, 0x08, 0x00, 0x00, 0x41, 0x00, 0x21, 0x00, 0x00, 0x00,
    0x26, 0x11, 0x20, 0x00, 0x21, 0x00, 0x41, 0x00, 0x20, 0x00, 0xa3, 0x08, 0xe4, 0x08, 0xc3, 0x08,
    0xc3, 0x08, 0x20, 0x00, 0x41, 0x00, 0x41, 0x00, 0x41, 0x08, 0x41, 0x08, 0x41, 0x08, 0x41, 0x08,
    0x41, 0x08, 0x41, 0x08, 0x41, 0x08, 0x41, 0x08, 0x41, 0x08, 0x41, 0x08, 0x21, 0x00, 0x21, 0x00,
    0x61, 0x08, 0x61, 0x08, 0x61, 0x08, 0x41, 0x08, 0x41, 0x08, 0x41, 0x08, 0x41, 0x08, 0x61, 0x08,
    0x61, 0x08, 0x61, 0x08, 0x61, 0x08, 0x61, 0x08, 0x41, 0x08, 0x61, 0x08, 0x61, 0x08, 0x61, 0x08,
    0x61, 0x08, 0x61, 0x08, 0x61, 0x08, 0x61, 0x08, 0x61, 0x08, 0x41, 0x08, 0x41, 0x08, 0x61, 0x08,
    0x61, 0x08, 0x61, 0x08, 0x00, 0x00, 0xc7, 0x21, 0x0f, 0x64, 0x00, 0x00, 0x62, 0x08, 0x41, 0x08,
    0x41, 0x08, 0x61, 0x08, 0x20, 0x00, 0x04, 0x11, 0x55, 0x85, 0x41, 0x00, 0x61, 0x08, 0x62, 0x08,
    0x00, 0x00, 0x28, 0x32, 0xce, 0x5b, 0x00, 0x00, 0x82, 0x08, 0x00, 0x00, 0x00, 0x00, 0x81, 0x08,
    0x82, 0x08, 0x82, 0x08, 0x82, 0x10, 0xa2, 0x10, 0x00, 0x00, 0x91, 0x6c, 0x44, 0x19, 0x00, 0x00,
    0xcf, 0x5b, 0xeb, 0x4a, 0x00, 0x00, 0x82, 0x10, 0x62, 0x08, 0x61, 0x08, 0x62, 0x08, 0x21, 0x00,
    0x41, 0x00, 0xc3, 0x10, 0x41, 0x08, 0x61, 0x08, 0x41, 0x08, 0x21, 0x00, 0xc3, 0x10, 0x14, 0x7d,
    0x00, 0x00, 0x89, 0x3a, 0xef, 0x63, 0x00, 0x00, 0x62, 0x08, 0x41, 0x08, 0x41, 0x08, 0x41, 0x08,
    0x41, 0x08, 0x41, 0x08, 0x82, 0x08, 0x05, 0x11, 0x05, 0x11, 0xe4, 0x10, 0x20, 0x08, 0x61, 0x08,
    0x41, 0x08, 0x41, 0x08, 0x61, 0x08, 0x61, 0x08, 0x61, 0x08, 0x61, 0x08, 0x61, 0x08, 0x41, 0x08,
    0x61, 0x08, 0x61, 0x08, 0x61, 0x08, 0x61, 0x08, 0x61, 0x08, 0x61, 0x08, 0x61, 0x08, 0x61, 0x08,
    0x61, 0x08, 0x61, 0x08, 0x41, 0x08, 0x41, 0x08, 0x41, 0x08, 0x41, 0x08, 0x41, 0x08, 0x41, 0x08,
    0x41, 0x08, 0x41, 0x08, 0x41, 0x08, 0x41, 0x08, 0x41, 0x08, 0x41, 0x08, 0x41, 0x08, 0x41, 0x08,
    0x61, 0x08, 0x41, 0x08, 0x41, 0x08, 0x41, 0x08, 0x41, 0x08, 0x41, 0x08, 0x41, 0x08, 0x41, 0x08,
    0x41, 0x08, 0x41, 0x08, 0x41, 0x08, 0x41, 0x08, 0x41, 0x08, 0x61, 0x08, 0x20, 0x08, 0x61, 0x08,
    0xe4, 0x10, 0x21, 0x08, 0x41, 0x08, 0x41, 0x08, 0x20, 0x08, 0x20, 0x08, 0x00, 0x08, 0xa3, 0x08,
    0x04, 0x11, 0x20, 0x08, 0x41, 0x08, 0x41, 0x08, 0x41, 0x08, 0x41, 0x08, 0x41, 0x08, 0x20, 0x08,
    0xe4, 0x10, 0xa2, 0x08, 0x41, 0x08, 0x41, 0x08, 0x62, 0x08, 0x25, 0x19, 0x20, 0x08, 0x41, 0x08,
    0x41, 0x08, 0x41, 0x08, 0x20, 0x00, 0x65, 0x21, 0xe8, 0x21, 0x24, 0x11, 0x24, 0x11, 0x41, 0x00,
    0x0b, 0x12, 0xc7, 0x09, 0x04, 0x01, 0x25, 0x09, 0x25, 0x09, 0x25, 0x09, 0x25, 0x09, 0x25, 0x09,
    0x05, 0x09, 0x04, 0x09, 0x04, 0x09, 0x25, 0x09, 0x04, 0x01, 0xa3, 0x00, 0xc3, 0x00, 0xa3, 0x00,
    0xc3, 0x00, 0x05, 0x09, 0x04, 0x09, 0x04, 0x09, 0xa3, 0x00, 0xa2, 0x00, 0xa2, 0x00, 0xa2, 0x00,
    0xe4, 0x00, 0x04, 0x09, 0x04, 0x09, 0x04, 0x09, 0x04, 0x09, 0x04, 0x09, 0xe4, 0x08, 0xe4, 0x00,
    0x04, 0x01, 0xe4, 0x00, 0x04, 0x01, 0x04, 0x01, 0x05, 0x09, 0x41, 0x00, 0xe4, 0x08, 0xe4, 0x08,
    0x04, 0x11, 0x45, 0x11, 0x20, 0x00, 0x20, 0x00, 0x21, 0x00, 0x21, 0x00, 0x21, 0x00, 0x21, 0x00,
    0x21, 0x00, 0x21, 0x00, 0x20, 0x08, 0x21, 0x00, 0x21, 0x00, 0x20, 0x00, 0x41, 0x00, 0xa3, 0x08,
    0x20, 0x00, 0x00, 0x00, 0xa3, 0x08, 0xa3, 0x08, 0x00, 0x00, 0x41, 0x00, 0x21, 0x00, 0x20, 0x00,
    0x26, 0x11, 0x20, 0x00, 0x21, 0x00, 0x21, 0x00, 0x20, 0x00, 0x41, 0x08, 0xc4, 0x08, 0xe4, 0x10,
    0x82, 0x08, 0x20, 0x00, 0x41, 0x00, 0x41, 0x08, 0x41, 0x08, 0x40, 0x08, 0x40, 0x08, 0x41, 0x08,
    0x41, 0x08, 0x41, 0x08, 0x41, 0x08, 0x41, 0x08, 0x41, 0x08, 0x41, 0x08, 0x21, 0x00, 0x21, 0x00,
    0x41, 0x08, 0x41, 0x08, 0x41, 0x08, 0x41, 0x08, 0x41, 0x08, 0x41, 0x08, 0x41, 0x08, 0x61, 0x08,
    0x61, 0x08, 0x61, 0x08, 0x61, 0x08, 0x41, 0x08, 0x41, 0x08, 0x61, 0x08, 0x61, 0x08, 0x61, 0x08,
    0x61, 0x08, 0x61, 0x08, 0x61, 0x08, 0x61, 0x08, 0x61, 0x08, 0x61, 0x08, 0x41, 0x08, 0x61, 0x08,
    0x61, 0x08, 0x61, 0x08, 0x00, 0x00, 0xc7, 0x21, 0x0f, 0x5c, 0x00, 0x00, 0x62, 0x08, 0x61, 0x08,
    0x61, 0x08, 0x41, 0x08, 0x81, 0x08, 0x00, 0x00, 0x4d, 0x4b, 0xce, 0x5b, 0x00, 0x00, 0x82, 0x08,
    0x00, 0x00, 0x28, 0x32, 0xce, 0x53, 0x00, 0x00, 0x20, 0x00, 0x08, 0x32, 0xca, 0x42, 0x00, 0x00,
    0x00, 0x00, 0x00, 0x00, 0x00, 0x00, 0x00, 0x00, 0x04, 0x11, 0x14, 0x75, 0x41, 0x08, 0x41, 0x08,
    0xa2, 0x08, 0x75, 0x8d, 0xc6, 0x29, 0x00, 0x00, 0x00, 0x00, 0x00, 0x00, 0x00, 0x00, 0x41, 0x00,
    0x13, 0x7d, 0x08, 0x32, 0x00, 0x00, 0x61, 0x08, 0x41, 0x08, 0x82, 0x08, 0x00, 0x00, 0xef, 0x63,
    0x28, 0x32, 0x50, 0x6c, 0x65, 0x21, 0x20, 0x00, 0x61, 0x08, 0x41, 0x08, 0x41, 0x08, 0x41, 0x08,
    0x41, 0x08, 0x41, 0x08, 0x25, 0x11, 0x82, 0x10, 0xc3, 0x10, 0xc3, 0x10, 0x41, 0x08, 0x61, 0x08,
    0x61, 0x08, 0x61, 0x08, 0x61, 0x08, 0x61, 0x08, 0x61, 0x08, 0x41, 0x08, 0x41, 0x08, 0x41, 0x08,
    0x61, 0x08, 0x61, 0x08, 0x61, 0x08, 0x61, 0x08, 0x61, 0x08, 0x61, 0x08, 0x61, 0x08, 0x61, 0x08,
    0x61, 0x08, 0x41, 0x08, 0x41, 0x08, 0x41, 0x08, 0x41, 0x08, 0x41, 0x08, 0x41, 0x08, 0x41, 0x08,
    0x41, 0x08, 0x41, 0x08, 0x41, 0x08, 0x41, 0x08, 0x41, 0x08, 0x41, 0x08, 0x41, 0x08, 0x61, 0x08,
    0x61, 0x08, 0x61, 0x08, 0x41, 0x08, 0x41, 0x08, 0x41, 0x08, 0x41, 0x08, 0x41, 0x08, 0x41, 0x08,
    0x41, 0x08, 0x41, 0x08, 0x41, 0x08, 0x41, 0x08, 0x41, 0x08, 0x20, 0x08, 0x41, 0x08, 0xe4, 0x10,
    0x41, 0x08, 0x41, 0x08, 0x20, 0x08, 0x41, 0x08, 0x82, 0x08, 0x82, 0x08, 0xc3, 0x08, 0x25, 0x11,
    0x20, 0x08, 0x41, 0x08, 0x41, 0x08, 0x41, 0x08, 0x41, 0x08, 0x41, 0x08, 0x20, 0x08, 0xe5, 0x10,
    0xa3, 0x08, 0x20, 0x08, 0x41, 0x08, 0x41, 0x08, 0x61, 0x08, 0x25, 0x19, 0x20, 0x08, 0x41, 0x08,
    0x41, 0x08, 0x41, 0x08, 0x41, 0x08, 0x00, 0x00, 0x00, 0x00, 0x00, 0x00, 0x00, 0x00, 0x00, 0x00,
    0x2b, 0x12, 0xa7, 0x09, 0x04, 0x01, 0x25, 0x01, 0x25, 0x01, 0x45, 0x09, 0x04, 0x01, 0x04, 0x01,
    0x25, 0x09, 0x05, 0x09, 0x04, 0x01, 0xe4, 0x00, 0x25, 0x09, 0x25, 0x01, 0x04, 0x01, 0x25, 0x09,
    0x04, 0x01, 0x04, 0x01, 0x04, 0x09, 0xe4, 0x00, 0x04, 0x09, 0x04, 0x01, 0xe3, 0x00, 0x25, 0x09,
    0xe4, 0x00, 0xe4, 0x00, 0x04, 0x09, 0xc3, 0x00, 0x04, 0x01, 0xe4, 0x00, 0xe4, 0x00, 0x04, 0x01,
    0xc3, 0x00, 0xe4, 0x00, 0x04, 0x01, 0x04, 0x01, 0x05, 0x09, 0x21, 0x00, 0x00, 0x00, 0x00, 0x00,
    0x00, 0x00, 0x00, 0x00, 0x20, 0x00, 0x21, 0x00, 0x21, 0x00, 0x21, 0x00, 0x21, 0x00, 0x21, 0x00,
    0x21, 0x00, 0x21, 0x00, 0x21, 0x00, 0x21, 0x00, 0x21, 0x00, 0x20, 0x00, 0xc3, 0x08, 0x62, 0x08,
    0x21, 0x00, 0x00, 0x00, 0xa3, 0x08, 0xa3, 0x08, 0x00, 0x00, 0x41, 0x00, 0x21, 0x00, 0x20, 0x00,
    0x26, 0x11, 0x20, 0x00, 0x21, 0x00, 0x21, 0x00, 0x21, 0x00, 0x20, 0x00, 0x41, 0x08, 0x62, 0x08,
    0x20, 0x00, 0x41, 0x00, 0x41, 0x08, 0x41, 0x08, 0x41, 0x08, 0x41, 0x08, 0x41, 0x08, 0x41, 0x08,
    0x41, 0x08, 0x41, 0x08, 0x41, 0x08, 0x41, 0x08, 0x41, 0x08, 0x41, 0x08, 0x41, 0x08, 0x41, 0x08,
    0x41, 0x08, 0x41, 0x08, 0x41, 0x08, 0x41, 0x08, 0x61, 0x08, 0x61, 0x08, 0x61, 0x08, 0x61, 0x08,
    0x61, 0x08, 0x61, 0x08, 0x61, 0x08, 0x41, 0x08, 0x61, 0x08, 0x61, 0x08, 0x61, 0x08, 0x61, 0x08,
    0x61, 0x08, 0x61, 0x08, 0x61, 0x08, 0x61, 0x08, 0x41, 0x08, 0x61, 0x08, 0x61, 0x08, 0x61, 0x08,
    0x61, 0x08, 0x61, 0x08, 0x00, 0x00, 0xe8, 0x29, 0x51, 0x6c, 0x00, 0x00, 0x82, 0x08, 0x61, 0x08,
    0x61, 0x08, 0x61, 0x08, 0x61, 0x08, 0x61, 0x08, 0x00, 0x00, 0x34, 0x85, 0xe7, 0x31, 0x20, 0x00,
    0x00, 0x00, 0x69, 0x3a, 0x0f, 0x64, 0x00, 0x00, 0x61, 0x08, 0xc3, 0x10, 0x71, 0x74, 0x71, 0x74,
    0xaa, 0x42, 0x07, 0x32, 0x28, 0x32, 0x2c, 0x53, 0x95, 0x8d, 0xe7, 0x31, 0x00, 0x00, 0x82, 0x08,
    0x20, 0x00, 0x24, 0x19, 0x14, 0x85, 0xef, 0x6b, 0x69, 0x3a, 0x28, 0x32, 0xeb, 0x4a, 0x34, 0x7d,
    0xeb, 0x4a, 0x00, 0x00, 0x61, 0x08, 0x41, 0x08, 0x41, 0x08, 0x61, 0x08, 0x41, 0x00, 0xc3, 0x10,
    0x59, 0x9e, 0x30, 0x64, 0x00, 0x00, 0x62, 0x08, 0x61, 0x08, 0x41, 0x08, 0x41, 0x08, 0x41, 0x08,
    0x41, 0x08, 0x62, 0x08, 0x05, 0x11, 0x20, 0x08, 0x82, 0x08, 0x04, 0x11, 0x41, 0x08, 0x61, 0x08,
    0x61, 0x08, 0x61, 0x08, 0x61, 0x08, 0x41, 0x08, 0x41, 0x08, 0x41, 0x08, 0x41, 0x08, 0x41, 0x08,
    0x61, 0x08, 0x61, 0x08, 0x61, 0x08, 0x61, 0x08, 0x61, 0x08, 0x61, 0x08, 0x61, 0x08, 0x61, 0x08,
    0x41, 0x08, 0x41, 0x08, 0x41, 0x08, 0x61, 0x08, 0x41, 0x08, 0x20, 0x08, 0x20, 0x08, 0x20, 0x08,
    0x20, 0x08, 0x20, 0x08, 0x20, 0x08, 0x20, 0x08, 0x20, 0x08, 0x20, 0x08, 0x20, 0x08, 0x20, 0x08,
    0x20, 0x08, 0x20, 0x08, 0x20, 0x08, 0x20, 0x00, 0x20, 0x08, 0x20, 0x08, 0x20, 0x00, 0x20, 0x00,
    0x00, 0x00, 0x00, 0x00, 0x00, 0x08, 0x20, 0x08, 0x20, 0x00, 0x41, 0x08, 0xe4, 0x10, 0x41, 0x08,
    0x41, 0x08, 0x21, 0x08, 0x61, 0x08, 0xe4, 0x10, 0xa3, 0x08, 0xa3, 0x10, 0xc3, 0x10, 0x41, 0x08,
    0x40, 0x08, 0x41, 0x08, 0x41, 0x08, 0x41, 0x08, 0x41, 0x08, 0x20, 0x08, 0xe4, 0x10, 0xa3, 0x08,
    0x20, 0x08, 0x41, 0x08, 0x41, 0x08, 0x41, 0x08, 0x61, 0x08, 0x25, 0x11, 0x20, 0x08, 0x41, 0x08,
    0x41, 0x08, 0x41, 0x08, 0x00, 0x00, 0xa7, 0x29, 0x8a, 0x32, 0x86, 0x19, 0xc7, 0x21, 0x62, 0x08,
    0x0a, 0x12, 0xa7, 0x09, 0xe4, 0x00, 0x46, 0x09, 0x86, 0x11, 0xe4, 0x00, 0x86, 0x11, 0x25, 0x09,
    0x25, 0x01, 0x25, 0x09, 0x25, 0x01, 0xa7, 0x11, 0x04, 0x01, 0x65, 0x09, 0x86, 0x11, 0xe3, 0x00,
    0x46, 0x09, 0x45, 0x09, 0xc3, 0x00, 0x45, 0x11, 0xe4, 0x00, 0x04, 0x01, 0xa7, 0x19, 0xe4, 0x00,
    0x46, 0x09, 0x25, 0x09, 0xe4, 0x00, 0x66, 0x11, 0xc3, 0x00, 0x04, 0x09, 0x25, 0x09, 0xc3, 0x00,
    0x66, 0x11, 0x04, 0x01, 0xe4, 0x00, 0x04, 0x01, 0x05, 0x09, 0x41, 0x00, 0x66, 0x19, 0x86, 0x19,
    0xc7, 0x21, 0x29, 0x2a, 0x41, 0x08, 0x20, 0x00, 0x21, 0x00, 0x21, 0x00, 0x21, 0x00, 0x21, 0x00,
    0x21, 0x00, 0x21, 0x00, 0x41, 0x00, 0x21, 0x00, 0x00, 0x00, 0xc4, 0x08, 0x82, 0x08, 0x20, 0x00,
    0x41, 0x00, 0x00, 0x00, 0xa3, 0x08, 0xa3, 0x08, 0x00, 0x00, 0x41, 0x00, 0x21, 0x00, 0x20, 0x00,
    0x26, 0x11, 0x20, 0x00, 0x21, 0x00, 0x21, 0x00, 0x21, 0x00, 0x41, 0x00, 0x21, 0x00, 0x20, 0x00,
    0x41, 0x08, 0x41, 0x08, 0x41, 0x08, 0x41, 0x08, 0x41, 0x08, 0x41, 0x08, 0x41, 0x08, 0x41, 0x08,
    0x41, 0x08, 0x41, 0x08, 0x41, 0x08, 0x41, 0x08, 0x41, 0x08, 0x41, 0x08, 0x41, 0x08, 0x41, 0x08,
    0x41, 0x08, 0x41, 0x08, 0x61, 0x08, 0x61, 0x08, 0x61, 0x08, 0x61, 0x08, 0x61, 0x08, 0x61, 0x08,
    0x61, 0x08, 0x61, 0x08, 0x61, 0x08, 0x61, 0x08, 0x61, 0x08, 0x61, 0x08, 0x41, 0x08, 0x41, 0x08,
    0x61, 0x08, 0x61, 0x08, 0x61, 0x08, 0x61, 0x08, 0x61, 0x08, 0x61, 0x08, 0x61, 0x08, 0x61, 0x08,
    0x61, 0x08, 0x61, 0x08, 0x41, 0x00, 0xc3, 0x10, 0x86, 0x29, 0x41, 0x00, 0x61, 0x08, 0x61, 0x08,
    0x61, 0x08, 0x61, 0x08, 0x41, 0x08, 0x61, 0x08, 0x20, 0x00, 0x04, 0x19, 0xa6, 0x29, 0x20, 0x00,
    0x21, 0x00, 0xe3, 0x18, 0x65, 0x21, 0x21, 0x00, 0x61, 0x08, 0x21, 0x00, 0x00, 0x00, 0x86, 0x21,
    0x2c, 0x53, 0x8e, 0x5b, 0x8e, 0x5b, 0xeb, 0x4a, 0xc2, 0x10, 0x00, 0x00, 0x61, 0x08, 0x41, 0x08,
    0x61, 0x08, 0x20, 0x00, 0x20, 0x00, 0x49, 0x3a, 0x8d, 0x5b, 0xae, 0x63, 0xeb, 0x4a, 0xe3, 0x10,
    0x00, 0x00, 0x61, 0x08, 0x41, 0x08, 0x61, 0x08, 0x61, 0x08, 0x41, 0x08, 0x62, 0x08, 0x00, 0x00,
    0x49, 0x3a, 0x24, 0x19, 0x41, 0x00, 0x61, 0x08, 0x41, 0x08, 0x61, 0x08, 0x41, 0x08, 0x41, 0x08,
    0x41, 0x08, 0x21, 0x08, 0xc3, 0x10, 0x25, 0x11, 0x45, 0x19, 0x82, 0x08, 0x41, 0x08, 0x41, 0x08,
    0x61, 0x08, 0x61, 0x08, 0x61, 0x08, 0x41, 0x08, 0x41, 0x08, 0x41, 0x08, 0x41, 0x08, 0x41, 0x08,
    0x41, 0x08, 0x61, 0x08, 0x61, 0x08, 0x61, 0x08, 0x61, 0x08, 0x41, 0x08, 0x41, 0x08, 0x41, 0x08,
    0x41, 0x08, 0x41, 0x08, 0x61, 0x08, 0x21, 0x08, 0x82, 0x08, 0xe4, 0x08, 0xe4, 0x10, 0xe4, 0x10,
    0xe4, 0x10, 0xe4, 0x10, 0x04, 0x11, 0xe4, 0x10, 0xe4, 0x10, 0x05, 0x11, 0x05, 0x11, 0x05, 0x11,
    0x05, 0x11, 0x05, 0x11, 0x05, 0x11, 0xe5, 0x10, 0xe4, 0x10, 0xe4, 0x10, 0xe4, 0x10, 0xe4, 0x10,
    0xe4, 0x10, 0xe4, 0x10, 0xe4, 0x10, 0xe4, 0x10, 0xc4, 0x08, 0xe4, 0x10, 0x41, 0x08, 0x41, 0x08,
    0x41, 0x08, 0x61, 0x08, 0x04, 0x11, 0x41, 0x08, 0x20, 0x08, 0x21, 0x08, 0x20, 0x08, 0x41, 0x08,
    0x41, 0x08, 0x41, 0x08, 0x41, 0x08, 0x41, 0x08, 0x20, 0x08, 0xe4, 0x10, 0xa3, 0x08, 0x20, 0x00,
    0x41, 0x08, 0x41, 0x08, 0x41, 0x08, 0x41, 0x08, 0x61, 0x08, 0x25, 0x11, 0x20, 0x08, 0x41, 0x08,
    0x41, 0x08, 0x61, 0x08, 0x00, 0x00, 0x6a, 0x3a, 0x4d, 0x3b, 0xc7, 0x19, 0x28, 0x22, 0xa3, 0x08,
    0xea, 0x11, 0xa7, 0x09, 0x04, 0x09, 0xab, 0x32, 0xcb, 0x3a, 0xa7, 0x21, 0xcc, 0x32, 0x6a, 0x32,
    0xe3, 0x00, 0xa3, 0x00, 0xe8, 0x21, 0x8b, 0x3a, 0xe8, 0x21, 0x29, 0x32, 0x4a, 0x32, 0xa7, 0x19,
    0x6a, 0x2a, 0x4a, 0x32, 0x45, 0x19, 0xab, 0x3a, 0x08, 0x2a, 0xe8, 0x31, 0xe8, 0x29, 0x45, 0x11,
    0x6a, 0x32, 0xa7, 0x21, 0xc7, 0x21, 0x8b, 0x32, 0x24, 0x11, 0x29, 0x2a, 0x4a, 0x32, 0x86, 0x19,
    0x29, 0x32, 0x29, 0x2a, 0x04, 0x01, 0x25, 0x01, 0x25, 0x09, 0x62, 0x00, 0xa7, 0x19, 0xa7, 0x19,
    0xe8, 0x19, 0x4a, 0x2a, 0x41, 0x08, 0x20, 0x00, 0x21, 0x00, 0x21, 0x00, 0x21, 0x00, 0x21, 0x00,
    0x21, 0x00, 0x21, 0x00, 0x20, 0x00, 0x20, 0x00, 0xc4, 0x08, 0x82, 0x08, 0x20, 0x00, 0x41, 0x00,
    0x41, 0x00, 0x00, 0x00, 0xa3, 0x08, 0xa3, 0x08, 0x00, 0x00, 0x41, 0x00, 0x41, 0x00, 0x20, 0x00,
    0x26, 0x11, 0x20, 0x00, 0x21, 0x00, 0x21, 0x00, 0x21, 0x00, 0x21, 0x00, 0x41, 0x00, 0x41, 0x08,
    0x41, 0x08, 0x41, 0x00, 0x41, 0x08, 0x41, 0x08, 0x41, 0x08, 0x41, 0x00, 0x21, 0x08, 0x21, 0x08,
    0x21, 0x08, 0x41, 0x08, 0x41, 0x08, 0x41, 0x08, 0x41, 0x08, 0x41, 0x08, 0x41, 0x08, 0x21, 0x00,
    0x41, 0x08, 0x61, 0x08, 0x61, 0x08, 0x61, 0x08, 0x61, 0x08, 0x61, 0x08, 0x61, 0x08, 0x61, 0x08,
    0x61, 0x08, 0x41, 0x08, 0x61, 0x08, 0x61, 0x08, 0x61, 0x08, 0x61, 0x08, 0x41, 0x08, 0x41, 0x08,
    0x61, 0x08, 0x61, 0x08, 0x61, 0x08, 0x61, 0x08, 0x61, 0x08, 0x41, 0x08, 0x41, 0x08, 0x41, 0x08,
    0x61, 0x08, 0x61, 0x08, 0x61, 0x08, 0x41, 0x00, 0x00, 0x00, 0x61, 0x08, 0x41, 0x08, 0x41, 0x08,
    0x61, 0x08, 0x61, 0x08, 0x41, 0x08, 0x41, 0x08, 0x41, 0x08, 0x00, 0x00, 0x00, 0x00, 0x41, 0x08,
    0x61, 0x08, 0x21, 0x00, 0x00, 0x00, 0x41, 0x08, 0x41, 0x08, 0x41, 0x08, 0x61, 0x08, 0x00, 0x00,
    0x00, 0x00, 0x00, 0x00, 0x00, 0x00, 0x00, 0x00, 0x21, 0x00, 0x62, 0x08, 0x41, 0x08, 0x41, 0x08,
    0x41, 0x08, 0x62, 0x08, 0x61, 0x08, 0x00, 0x00, 0x00, 0x00, 0x00, 0x00, 0x00, 0x00, 0x20, 0x00,
    0x62, 0x08, 0x41, 0x08, 0x61, 0x08, 0x61, 0x08, 0x61, 0x08, 0x41, 0x08, 0x41, 0x08, 0x61, 0x08,
    0x00, 0x00, 0x20, 0x00, 0x61, 0x08, 0x41, 0x08, 0x41, 0x08, 0x61, 0x08, 0x61, 0x08, 0x41, 0x08,
    0x41, 0x08, 0x41, 0x08, 0x21, 0x08, 0x62, 0x08, 0x41, 0x08, 0x41, 0x08, 0x61, 0x08, 0x41, 0x08,
    0x61, 0x08, 0x61, 0x08, 0x61, 0x08, 0x41, 0x08, 0x41, 0x08, 0x41, 0x08, 0x41, 0x08, 0x41, 0x08,
    0x61, 0x08, 0x61, 0x08, 0x61, 0x08, 0x61, 0x08, 0x61, 0x08, 0x41, 0x08, 0x41, 0x08, 0x41, 0x08,
    0x41, 0x08, 0x61, 0x08, 0x21, 0x08, 0x82, 0x08, 0xc3, 0x08, 0x41, 0x08, 0x41, 0x08, 0x41, 0x08,
    0x41, 0x08, 0x61, 0x08, 0x61, 0x08, 0x41, 0x08, 0x41, 0x08, 0x41, 0x08, 0x41, 0x08, 0x41, 0x08,
    0x41, 0x08, 0x41, 0x08, 0x41, 0x08, 0x41, 0x08, 0x41, 0x08, 0x41, 0x08, 0x41, 0x08, 0x41, 0x08,
    0x41, 0x08, 0x41, 0x08, 0x41, 0x08, 0x41, 0x08, 0x41, 0x08, 0x41, 0x08, 0x41, 0x08, 0x41, 0x08,
    0x41, 0x08, 0x04, 0x11, 0x41, 0x08, 0x41, 0x08, 0x41, 0x08, 0x41, 0x08, 0x41, 0x08, 0x41, 0x08,
    0x41, 0x08, 0x41, 0x08, 0x41, 0x08, 0x20, 0x08, 0xe4, 0x10, 0xa3, 0x08, 0x20, 0x08, 0x41, 0x08,
    0x41, 0x08, 0x41, 0x08, 0x41, 0x08, 0x41, 0x08, 0x61, 0x08, 0x05, 0x11, 0x20, 0x08, 0x41, 0x08,
    0x41, 0x08, 0x41, 0x00, 0x41, 0x08, 0x00, 0x00, 0x00, 0x00, 0x00, 0x00, 0x00, 0x00, 0x00, 0x00,
    0x0a, 0x12, 0x86, 0x01, 0x66, 0x11, 0x4a, 0x22, 0x61, 0x00, 0x6a, 0x32, 0x86, 0x11, 0xc8, 0x21,
    0x08, 0x22, 0xc7, 0x21, 0xe8, 0x29, 0x6a, 0x3a, 0xe8, 0x21, 0x4a, 0x32, 0x08, 0x2a, 0x49, 0x2a,
    0x66, 0x11, 0x45, 0x11, 0xcb, 0x42, 0x25, 0x09, 0x41, 0x00, 0x49, 0x3a, 0x08, 0x2a, 0x04, 0x09,
    0x6a, 0x3a, 0x04, 0x11, 0x66, 0x19, 0x28, 0x2a, 0x24, 0x11, 0xa7, 0x19, 0x45, 0x11, 0x29, 0x32,
    0xe8, 0x29, 0x29, 0x32, 0xe4, 0x00, 0x25, 0x01, 0x26, 0x09, 0x21, 0x00, 0x00, 0x00, 0x00, 0x00,
    0x00, 0x00, 0x00, 0x00, 0x20, 0x00, 0x21, 0x00, 0x21, 0x00, 0x21, 0x00, 0x21, 0x00, 0x21, 0x00,
    0x21, 0x00, 0x21, 0x00, 0x41, 0x08, 0xe4, 0x10, 0x61, 0x08, 0x20, 0x00, 0x41, 0x00, 0x21, 0x00,
    0x41, 0x00, 0x00, 0x00, 0x83, 0x08, 0xa3, 0x08, 0x00, 0x00, 0x41, 0x00, 0x41, 0x00, 0x20, 0x00,
    0x26, 0x11, 0x20, 0x00, 0x21, 0x00, 0x21, 0x00, 0x21, 0x00, 0x21, 0x00, 0x41, 0x08, 0x41, 0x00,
    0x41, 0x08, 0x41, 0x08, 0x41, 0x08, 0x41, 0x08, 0x41, 0x00, 0x41, 0x08, 0x21, 0x08, 0x21, 0x08,
    0x21, 0x08, 0x41, 0x08, 0x41, 0x08, 0x41, 0x08, 0x41, 0x08, 0x41, 0x08, 0x21, 0x00, 0x21, 0x00,
    0x41, 0x08, 0x61, 0x08, 0x61, 0x08, 0x61, 0x08, 0x41, 0x08, 0x61, 0x08, 0x61, 0x08, 0x61, 0x08,
    0x41, 0x08, 0x41, 0x08, 0x61, 0x08, 0x61, 0x08, 0x61, 0x08, 0x61, 0x08, 0x61, 0x08, 0x41, 0x08,
    0x61, 0x08, 0x61, 0x08, 0x61, 0x08, 0x41, 0x08, 0x41, 0x08, 0x41, 0x08, 0x41, 0x08, 0x41, 0x08,
    0x41, 0x08, 0x41, 0x08, 0x41, 0x08, 0x61, 0x08, 0x61, 0x08, 0x41, 0x08, 0x41, 0x08, 0x41, 0x08,
    0x41, 0x08, 0x41, 0x08, 0x41, 0x08, 0x41, 0x08, 0x41, 0x08, 0x61, 0x08, 0x61, 0x08, 0x41, 0x08,
    0x41, 0x08, 0x61, 0x08, 0x61, 0x08, 0x41, 0x08, 0x41, 0x08, 0x41, 0x08, 0x61, 0x08, 0x61, 0x08,
    0x62, 0x08, 0x62, 0x08, 0x62, 0x08, 0x62, 0x08, 0x61, 0x08, 0x41, 0x08, 0x41, 0x08, 0x61, 0x08,
    0x61, 0x08, 0x61, 0x08, 0x61, 0x08, 0x61, 0x08, 0x82, 0x10, 0x82, 0x08, 0x62, 0x08, 0x61, 0x08,
    0x61, 0x08, 0x61, 0x08, 0x61, 0x08, 0x61, 0x08, 0x61, 0x08, 0x61, 0x08, 0x41, 0x08, 0x41, 0x08,
    0x62, 0x08, 0x61, 0x08, 0x61, 0x08, 0x61, 0x08, 0x61, 0x08, 0x61, 0x08, 0x61, 0x08, 0x61, 0x08,
    0x41, 0x08, 0x41, 0x08, 0x61, 0x08, 0x41, 0x08, 0x41, 0x08, 0x61, 0x08, 0x61, 0x08, 0x61, 0x08,
    0x61, 0x08, 0x61, 0x08, 0x61, 0x08, 0x61, 0x08, 0x41, 0x08, 0x41, 0x08, 0x41, 0x08, 0x61, 0x08,
    0x61, 0x08, 0x61, 0x08, 0x61, 0x08, 0x61, 0x08, 0x41, 0x08, 0x41, 0x08, 0x41, 0x08, 0x41, 0x08,
    0x61, 0x08, 0x41, 0x08, 0x82, 0x08, 0xc3, 0x08, 0x20, 0x08, 0x41, 0x08, 0x41, 0x08, 0x41, 0x08,
    0x41, 0x08, 0x41, 0x08, 0x41, 0x08, 0x41, 0x08, 0x41, 0x08, 0x41, 0x08, 0x41, 0x08, 0x41, 0x08,
    0x41, 0x08, 0x41, 0x08, 0x41, 0x08, 0x41, 0x08, 0x41, 0x08, 0x41, 0x08, 0x41, 0x08, 0x41, 0x08,
    0x41, 0x08, 0x41, 0x08, 0x41, 0x08, 0x41, 0x08, 0x41, 0x08, 0x41, 0x08, 0x41, 0x08, 0x41, 0x08,
    0x25, 0x11, 0x61, 0x08, 0x41, 0x08, 0x41, 0x08, 0x41, 0x08, 0x41, 0x08, 0x41, 0x08, 0x41, 0x08,
    0x61, 0x08, 0x61, 0x08, 0x20, 0x08, 0xe4, 0x10, 0xc3, 0x10, 0x20, 0x08, 0x41, 0x08, 0x41, 0x08,
    0x41, 0x08, 0x41, 0x08, 0x41, 0x08, 0x41, 0x08, 0x61, 0x08, 0x05, 0x11, 0x20, 0x00, 0x41, 0x08,
    0x41, 0x08, 0x41, 0x00, 0x21, 0x00, 0x41, 0x08, 0xa2, 0x10, 0x62, 0x08, 0x82, 0x08, 0x21, 0x00,
    0xca, 0x11, 0x86, 0x01, 0x45, 0x11, 0x8b, 0x32, 0x66, 0x11, 0x6a, 0x32, 0x09, 0x22, 0x29, 0x2a,
    0xa7, 0x11, 0x45, 0x11, 0x09, 0x2a, 0x8a, 0x32, 0xc3, 0x00, 0x8b, 0x42, 0xab, 0x42, 0xc7, 0x21,
    0x08, 0x22, 0xc7, 0x19, 0x8a, 0x3a, 0xe8, 0x21, 0x45, 0x11, 0x29, 0x32, 0x86, 0x19, 0x04, 0x09,
    0x46, 0x19, 0x8b, 0x3a, 0xe4, 0x10, 0xc8, 0x21, 0x4a, 0x32, 0xe8, 0x21, 0xe7, 0x19, 0x09, 0x2a,
    0x6a, 0x3a, 0x29, 0x32, 0xa3, 0x00, 0x45, 0x01, 0x25, 0x09, 0x21, 0x00, 0x41, 0x08, 0x61, 0x08,
    0x82, 0x08, 0x82, 0x10, 0x20, 0x00, 0x21, 0x00, 0x21, 0x00, 0x21, 0x00, 0x21, 0x00, 0x21, 0x00,
    0x41, 0x00, 0x00, 0x00, 0xa3, 0x08, 0x82, 0x08, 0x00, 0x00, 0x41, 0x08, 0x20, 0x00, 0x20, 0x00,
    0x20, 0x00, 0x00, 0x00, 0x83, 0x08, 0x83, 0x08, 0x00, 0x00, 0x41, 0x00, 0x21, 0x00, 0x20, 0x00,
    0x26, 0x11, 0x20, 0x00, 0x21, 0x00, 0x21, 0x00, 0x41, 0x00, 0x41, 0x00, 0x21, 0x00, 0x21, 0x00,
    0x41, 0x00, 0x41, 0x08, 0x41, 0x00, 0x41, 0x00, 0x41, 0x08, 0x21, 0x08, 0x21, 0x08, 0x21, 0x08,
    0x41, 0x08, 0x41, 0x08, 0x41, 0x08, 0x41, 0x08, 0x41, 0x08, 0x41, 0x08, 0x21, 0x00, 0x21, 0x00,
    0x41, 0x08, 0x61, 0x08, 0x61, 0x08, 0x61, 0x08, 0x41, 0x08, 0x61, 0x08, 0x61, 0x08, 0x61, 0x08,
    0x61, 0x08, 0x61, 0x08, 0x61, 0x08, 0x61, 0x08, 0x61, 0x08, 0x61, 0x08, 0x61, 0x08, 0x41, 0x08,
    0x41, 0x08, 0x41, 0x08, 0x41, 0x08, 0x41, 0x08, 0x41, 0x08, 0x41, 0x08, 0x41, 0x08, 0x41, 0x08,
    0x41, 0x08, 0x41, 0x08, 0x61, 0x08, 0x41, 0x08, 0x41, 0x08, 0x41, 0x08, 0x41, 0x08, 0x41, 0x08,
    0x41, 0x08, 0x41, 0x08, 0x41, 0x08, 0x41, 0x08, 0x41, 0x08, 0x41, 0x08, 0x41, 0x08, 0x61, 0x08,
    0x61, 0x08, 0x61, 0x08, 0x41, 0x08, 0x61, 0x08, 0x41, 0x08, 0x41, 0x08, 0x61, 0x08, 0x61, 0x08,
    0x41, 0x08, 0x41, 0x08, 0x41, 0x08, 0x61, 0x08, 0x61, 0x08, 0x61, 0x08, 0x61, 0x08, 0x61, 0x08,
    0x61, 0x08, 0x61, 0x08, 0x61, 0x08, 0x61, 0x08, 0x61, 0x08, 0x61, 0x08, 0x61, 0x08, 0x61, 0x08,
    0x61, 0x08, 0x61, 0x08, 0x61, 0x08, 0x61, 0x08, 0x61, 0x08, 0x61, 0x08, 0x41, 0x08, 0x61, 0x08,
    0x61, 0x08, 0x61, 0x08, 0x61, 0x08, 0x61, 0x08, 0x61, 0x08, 0x61, 0x08, 0x61, 0x08, 0x61, 0x08,
    0x41, 0x08, 0x41, 0x08, 0x41, 0x08, 0x61, 0x08, 0x61, 0x08, 0x61, 0x08, 0x61, 0x08, 0x61, 0x08,
    0x61, 0x08, 0x61, 0x08, 0x61, 0x08, 0x61, 0x08, 0x61, 0x08, 0x61, 0x08, 0x61, 0x08, 0x61, 0x08,
    0x61, 0x08, 0x61, 0x08, 0x61, 0x08, 0x61, 0x08, 0x41, 0x08, 0x41, 0x08, 0x61, 0x08, 0x61, 0x08,
    0x41, 0x08, 0x82, 0x08, 0xc4, 0x10, 0x21, 0x08, 0x41, 0x08, 0x61, 0x08, 0x61, 0x08, 0x61, 0x08,
    0x41, 0x08, 0x41, 0x08, 0x41, 0x08, 0x61, 0x08, 0x61, 0x08, 0x61, 0x08, 0x61, 0x08, 0x61, 0x08,
    0x41, 0x08, 0x41, 0x08, 0x41, 0x08, 0x41, 0x08, 0x41, 0x08, 0x41, 0x08, 0x41, 0x08, 0x41, 0x08,
    0x41, 0x08, 0x41, 0x08, 0x41, 0x08, 0x61, 0x08, 0x61, 0x08, 0x41, 0x08, 0x41, 0x08, 0x25, 0x19,
    0x61, 0x08, 0x41, 0x08, 0x41, 0x08, 0x41, 0x08, 0x41, 0x08, 0x41, 0x08, 0x41, 0x08, 0x61, 0x08,
    0x61, 0x08, 0x20, 0x08, 0xe4, 0x10, 0xc3, 0x10, 0x20, 0x08, 0x61, 0x08, 0x41, 0x08, 0x41, 0x08,
    0x41, 0x08, 0x41, 0x08, 0x41, 0x08, 0x41, 0x08, 0x61, 0x08, 0x05, 0x11, 0x20, 0x00, 0x41, 0x00,
    0x21, 0x00, 0x41, 0x08, 0x00, 0x00, 0x49, 0x3a, 0xaf, 0x43, 0x49, 0x22, 0x8a, 0x2a, 0xa3, 0x08,
    0x88, 0x09, 0xa7, 0x09, 0xe4, 0x00, 0x49, 0x32, 0x6a, 0x32, 0x25, 0x09, 0xcb, 0x42, 0xe8, 0x21,
    0x04, 0x01, 0xe3, 0x00, 0xa7, 0x21, 0x66, 0x11, 0x04, 0x01, 0xc7, 0x21, 0x66, 0x19, 0xa6, 0x19,
    0x49, 0x32, 0x29, 0x2a, 0x04, 0x09, 0xab, 0x42, 0xa7, 0x19, 0xa7, 0x21, 0x8a, 0x3a, 0x66, 0x19,
    0x8a, 0x3a, 0x86, 0x19, 0xc7, 0x21, 0x6a, 0x3a, 0x04, 0x09, 0x28, 0x2a, 0x29, 0x32, 0x45, 0x11,
    0x25, 0x11, 0xe8, 0x21, 0x04, 0x09, 0x04, 0x01, 0x05, 0x09, 0x62, 0x00, 0x09, 0x22, 0x29, 0x22,
    0x6a, 0x22, 0x0c, 0x33, 0x41, 0x08, 0x20, 0x00, 0x21, 0x00, 0x21, 0x00, 0x21, 0x00, 0x21, 0x00,
    0x41, 0x00, 0x00, 0x00, 0xa2, 0x08, 0x62, 0x08, 0x20, 0x00, 0x21, 0x00, 0x41, 0x08, 0x62, 0x08,
    0x62, 0x08, 0x82, 0x08, 0xc3, 0x08, 0x41, 0x00, 0x21, 0x00, 0x21, 0x00, 0x21, 0x00, 0x20, 0x00,
    0x26, 0x11, 0x20, 0x00, 0x21, 0x08, 0x21, 0x00, 0x21, 0x00, 0x21, 0x00, 0x21, 0x00, 0x21, 0x00,
    0x21, 0x00, 0x21, 0x00, 0x21, 0x00, 0x21, 0x08, 0x41, 0x08, 0x21, 0x00, 0x21, 0x00, 0x21, 0x08,
    0x41, 0x08, 0x41, 0x00, 0x41, 0x08, 0x41, 0x08, 0x41, 0x08, 0x41, 0x08, 0x41, 0x08, 0x41, 0x08,
    0x41, 0x08, 0x41, 0x08, 0x61, 0x08, 0x61, 0x08, 0x61, 0x08, 0x61, 0x08, 0x61, 0x08, 0x61, 0x08,
    0x61, 0x08, 0x61, 0x08, 0x61, 0x08, 0x61, 0x08, 0x61, 0x08, 0x61, 0x08, 0x41, 0x08, 0x41, 0x08,
    0x41, 0x08, 0x41, 0x08, 0x41, 0x08, 0x41, 0x08, 0x61, 0x08, 0x61, 0x08, 0x61, 0x08, 0x41, 0x08,
    0x41, 0x08, 0x61, 0x08, 0x61, 0x08, 0x41, 0x08, 0x41, 0x08, 0x41, 0x08, 0x41, 0x08, 0x42, 0x08,
    0x41, 0x08, 0x41, 0x08, 0x41, 0x08, 0x41, 0x08, 0x41, 0x08, 0x41, 0x08, 0x41, 0x08, 0x61, 0x08,
    0x61, 0x08, 0x61, 0x08, 0x61, 0x08, 0x61, 0x08, 0x41, 0x08, 0x41, 0x08, 0x61, 0x08, 0x61, 0x08,
    0x61, 0x08, 0x61, 0x08, 0x61, 0x08, 0x61, 0x08, 0x61, 0x08, 0x61, 0x08, 0x61, 0x08, 0x61, 0x08,
    0x61, 0x08, 0x61, 0x08, 0x61, 0x08, 0x61, 0x08, 0x61, 0x08, 0x61, 0x08, 0x61, 0x08, 0x61, 0x08,
    0x61, 0x08, 0x61, 0x08, 0x61, 0x08, 0x61, 0x08, 0x61, 0x08, 0x61, 0x08, 0x61, 0x08, 0x61, 0x08,
    0x61, 0x08, 0x61, 0x08, 0x61, 0x08, 0x61, 0x08, 0x61, 0x08, 0x61, 0x08, 0x61, 0x08, 0x61, 0x08,
    0x41, 0x08, 0x41, 0x08, 0x41, 0x08, 0x41, 0x08, 0x61, 0x08, 0x61, 0x08, 0x61, 0x08, 0x61, 0x08,
    0x61, 0x08, 0x61, 0x08, 0x61, 0x08, 0x61, 0x08, 0x61, 0x08, 0x61, 0x08, 0x61, 0x08, 0x61, 0x08,
    0x61, 0x08, 0x61, 0x08, 0x41, 0x08, 0x61, 0x08, 0x61, 0x08, 0x41, 0x08, 0x61, 0x08, 0x20, 0x08,
    0x82, 0x08, 0xe4, 0x10, 0x41, 0x08, 0x41, 0x08, 0x61, 0x08, 0x61, 0x08, 0x41, 0x08, 0x41, 0x08,
    0x41, 0x08, 0x41, 0x08, 0x41, 0x08, 0x61, 0x08, 0x61, 0x08, 0x61, 0x08, 0x61, 0x08, 0x41, 0x08,
    0x41, 0x08, 0x41, 0x08, 0x41, 0x08, 0x41, 0x08, 0x41, 0x08, 0x41, 0x08, 0x41, 0x08, 0x41, 0x08,
    0x41, 0x08, 0x41, 0x08, 0x41, 0x08, 0x61, 0x08, 0x41, 0x08, 0x41, 0x08, 0x25, 0x11, 0x61, 0x08,
    0x20, 0x08, 0x61, 0x08, 0x41, 0x08, 0x41, 0x08, 0x41, 0x08, 0x41, 0x08, 0x41, 0x08, 0x61, 0x08,
    0x20, 0x08, 0xe4, 0x10, 0xc3, 0x10, 0x20, 0x08, 0x41, 0x08, 0x41, 0x08, 0x41, 0x08, 0x41, 0x08,
    0x41, 0x08, 0x41, 0x08, 0x41, 0x08, 0x41, 0x08, 0x61, 0x08, 0x05, 0x11, 0x20, 0x00, 0x41, 0x00,
    0x21, 0x00, 0x41, 0x08, 0x00, 0x00, 0xe3, 0x18, 0x86, 0x19, 0x04, 0x09, 0x24, 0x11, 0x41, 0x00,
    0x88, 0x09, 0xa7, 0x09, 0x25, 0x01, 0x25, 0x01, 0x04, 0x01, 0x25, 0x01, 0xe4, 0x00, 0x04, 0x01,
    0x25, 0x09, 0x45, 0x09, 0x04, 0x01, 0x04, 0x01, 0x25, 0x09, 0x04, 0x01, 0x04, 0x01, 0x04, 0x01,
    0xe4, 0x00, 0xe4, 0x00, 0x04, 0x01, 0xe3, 0x00, 0xe4, 0x00, 0xc3, 0x00, 0xc3, 0x00, 0xe4, 0x00,
    0xc3, 0x00, 0xe4, 0x00, 0xe3, 0x00, 0xe3, 0x00, 0x04, 0x01, 0xe4, 0x00, 0xe3, 0x00, 0x04, 0x01,
    0xe4, 0x00, 0xc3, 0x00, 0x04, 0x01, 0x04, 0x01, 0x25, 0x09, 0x41, 0x00, 0xe3, 0x10, 0xe3, 0x10,
    0x04, 0x11, 0x24, 0x11, 0x20, 0x00, 0x21, 0x00, 0x21, 0x00, 0x21, 0x00, 0x21, 0x00, 0x21, 0x00,
    0x41, 0x00, 0x00, 0x00, 0xa3, 0x08, 0x82, 0x08, 0x20, 0x08, 0x21, 0x00, 0xa3, 0x08, 0x82, 0x08,
    0x83, 0x08, 0xa3, 0x08, 0x41, 0x00, 0x20, 0x00, 0x21, 0x00, 0x21, 0x00, 0x21, 0x00, 0x20, 0x00,
    0x26, 0x11, 0x20, 0x00, 0x21, 0x00, 0x21, 0x00, 0x21, 0x00, 0x21, 0x00, 0x21, 0x00, 0x21, 0x00,
    0x21, 0x00, 0x21, 0x00, 0x21, 0x00, 0x21, 0x00, 0x41, 0x08, 0x41, 0x08, 0x21, 0x00, 0x41, 0x08,
    0x41, 0x08, 0x41, 0x08, 0x41, 0x08, 0x41, 0x08, 0x41, 0x08, 0x41, 0x08, 0x41, 0x08, 0x40, 0x08,
    0x41, 0x08, 0x41, 0x08, 0x61, 0x08, 0x61, 0x08, 0x41, 0x08, 0x61, 0x08, 0x61, 0x08, 0x61, 0x08,
    0x61, 0x08, 0x61, 0x08, 0x61, 0x08, 0x61, 0x08, 0x61, 0x08, 0x61, 0x08, 0x41, 0x08, 0x41, 0x08,
    0x41, 0x08, 0x41, 0x08, 0x41, 0x08, 0x61, 0x08, 0x61, 0x08, 0x61, 0x08, 0x61, 0x08, 0x61, 0x08,
    0x41, 0x08, 0x41, 0x08, 0x41, 0x08, 0x41, 0x08, 0x41, 0x08, 0x41, 0x08, 0x41, 0x08, 0x41, 0x08,
    0x41, 0x08, 0x41, 0x08, 0x61, 0x08, 0x61, 0x08, 0x41, 0x08, 0x61, 0x08, 0x61, 0x08, 0x61, 0x08,
    0x61, 0x08, 0x61, 0x08, 0x41, 0x08, 0x61, 0x08, 0x41, 0x08, 0x61, 0x08, 0x61, 0x08, 0x41, 0x08,
    0x61, 0x08, 0x61, 0x08, 0x61, 0x08, 0x61, 0x08, 0x61, 0x08, 0x61, 0x08, 0x61, 0x08, 0x61, 0x08,
    0x61, 0x08, 0x61, 0x08, 0x61, 0x08, 0x41, 0x08, 0x61, 0x08, 0x41, 0x08, 0x41, 0x08, 0x41, 0x08,
    0x61, 0x08, 0x61, 0x08, 0x61, 0x08, 0x61, 0x08, 0x61, 0x08, 0x61, 0x08, 0x61, 0x08, 0x61, 0x08,
    0x61, 0x08, 0x61, 0x08, 0x61, 0x08, 0x61, 0x08, 0x61, 0x08, 0x61, 0x08, 0x41, 0x08, 0x41, 0x08,
    0x41, 0x08, 0x61, 0x08, 0x61, 0x08, 0x41, 0x08, 0x41, 0x08, 0x61, 0x08, 0x61, 0x08, 0x61, 0x08,
    0x61, 0x08, 0x61, 0x08, 0x61, 0x08, 0x61, 0x08, 0x61, 0x08, 0x61, 0x08, 0x61, 0x08, 0x61, 0x08,
    0x61, 0x08, 0x61, 0x08, 0x41, 0x08, 0x41, 0x08, 0x41, 0x08, 0x61, 0x08, 0x20, 0x08, 0x62, 0x08,
    0xe4, 0x10, 0x41, 0x08, 0x41, 0x08, 0x41, 0x08, 0x61, 0x08, 0x41, 0x08, 0x41, 0x08, 0x41, 0x08,
    0x41, 0x08, 0x61, 0x08, 0x61, 0x08, 0x61, 0x08, 0x61, 0x08, 0x41, 0x08, 0x41, 0x08, 0x41, 0x08,
    0x41, 0x08, 0x41, 0x08, 0x41, 0x08, 0x41, 0x08, 0x41, 0x08, 0x41, 0x08, 0x41, 0x08, 0x41, 0x08,
    0x41, 0x08, 0x41, 0x08, 0x41, 0x08, 0x41, 0x08, 0x41, 0x08, 0x05, 0x11, 0x61, 0x08, 0x21, 0x08,
    0x61, 0x08, 0x41, 0x08, 0x41, 0x08, 0x41, 0x08, 0x41, 0x08, 0x41, 0x08, 0x61, 0x08, 0x20, 0x08,
    0xe4, 0x10, 0xc3, 0x08, 0x20, 0x08, 0x41, 0x08, 0x41, 0x08, 0x41, 0x08, 0x41, 0x08, 0x41, 0x08,
    0x41, 0x08, 0x41, 0x08, 0x41, 0x08, 0x41, 0x08, 0x61, 0x08, 0x04, 0x11, 0x20, 0x00, 0x41, 0x00,
    0x41, 0x08, 0x21, 0x00, 0x21, 0x00, 0x00, 0x00, 0x00, 0x00, 0x00, 0x00, 0x00, 0x00, 0x00, 0x00,
    0x88, 0x09, 0xc8, 0x09, 0x04, 0x01, 0x46, 0x09, 0x46, 0x09, 0x45, 0x09, 0x45, 0x09, 0x25, 0x09,
    0x25, 0x09, 0x25, 0x09, 0x25, 0x09, 0x25, 0x09, 0x25, 0x09, 0x25, 0x09, 0x25, 0x09, 0x25, 0x09,
    0x25, 0x09, 0x25, 0x01, 0x25, 0x01, 0x25, 0x01, 0x04, 0x01, 0x04, 0x01, 0x04, 0x01, 0x04, 0x01,
    0x05, 0x09, 0x04, 0x01, 0x04, 0x09, 0x04, 0x09, 0x04, 0x09, 0x04, 0x01, 0x04, 0x01, 0x04, 0x01,
    0x04, 0x09, 0x04, 0x09, 0x04, 0x01, 0x04, 0x01, 0x25, 0x09, 0x21, 0x00, 0x00, 0x00, 0x00, 0x00,
    0x00, 0x00, 0x00, 0x00, 0x21, 0x00, 0x21, 0x00, 0x21, 0x00, 0x21, 0x00, 0x21, 0x00, 0x21, 0x00,
    0x00, 0x00, 0x82, 0x08, 0xa3, 0x08, 0x41, 0x08, 0x20, 0x08, 0x82, 0x08, 0x41, 0x08, 0x00, 0x00,
    0x20, 0x00, 0x20, 0x00, 0x21, 0x00, 0x41, 0x00, 0x21, 0x00, 0x21, 0x00, 0x21, 0x00, 0x00, 0x00,
    0x26, 0x11, 0x20, 0x00, 0x21, 0x00, 0x21, 0x00, 0x21, 0x00, 0x21, 0x00, 0x21, 0x00, 0x21, 0x00,
    0x21, 0x00, 0x21, 0x00, 0x21, 0x08, 0x41, 0x08, 0x41, 0x08, 0x41, 0x08, 0x41, 0x00, 0x41, 0x00,
    0x41, 0x08, 0x41, 0x08, 0x41, 0x08, 0x41, 0x08, 0x41, 0x08, 0x41, 0x08, 0x41, 0x08, 0x40, 0x08,
    0x41, 0x08, 0x41, 0x08, 0x41, 0x08, 0x41, 0x08, 0x41, 0x08, 0x41, 0x08, 0x61, 0x08, 0x61, 0x08,
    0x61, 0x08, 0x61, 0x08, 0x61, 0x08, 0x61, 0x08, 0x61, 0x08, 0x61, 0x08, 0x61, 0x08, 0x61, 0x08,
    0x61, 0x08, 0x41, 0x08, 0x41, 0x08, 0x61, 0x08, 0x61, 0x08, 0x61, 0x08, 0x61, 0x08, 0x61, 0x08,
    0x61, 0x08, 0x61, 0x08, 0x41, 0x08, 0x41, 0x08, 0x41, 0x08, 0x41, 0x08, 0x41, 0x08, 0x41, 0x08,
    0x61, 0x08, 0x61, 0x08, 0x61, 0x08, 0x61, 0x08, 0x41, 0x08, 0x41, 0x08, 0x61, 0x08, 0x61, 0x08,
    0x61, 0x08, 0x41, 0x08, 0x41, 0x08, 0x41, 0x08, 0x41, 0x08, 0x61, 0x08, 0x41, 0x08, 0x41, 0x08,
    0x41, 0x08, 0x41, 0x08, 0x41, 0x08, 0x41, 0x08, 0x41, 0x08, 0x61, 0x08, 0x61, 0x08, 0x61, 0x08,
    0x61, 0x08, 0x41, 0x08, 0x41, 0x08, 0x41, 0x08, 0x41, 0x08, 0x41, 0x08, 0x41, 0x08, 0x41, 0x08,
    0x61, 0x08, 0x61, 0x08, 0x61, 0x08, 0x61, 0x08, 0x41, 0x08, 0x61, 0x08, 0x61, 0x08, 0x61, 0x08,
    0x61, 0x08, 0x61, 0x08, 0x61, 0x08, 0x61, 0x08, 0x41, 0x08, 0x41, 0x08, 0x41, 0x08, 0x61, 0x08,
    0x61, 0x08, 0x61, 0x08, 0x61, 0x08, 0x61, 0x08, 0x61, 0x08, 0x61, 0x08, 0x61, 0x08, 0x61, 0x08,
    0x61, 0x08, 0x61, 0x08, 0x61, 0x08, 0x61, 0x08, 0x61, 0x08, 0x61, 0x08, 0x61, 0x08, 0x61, 0x08,
    0x61, 0x08, 0x41, 0x08, 0x41, 0x08, 0x41, 0x08, 0x61, 0x08, 0x21, 0x08, 0x62, 0x08, 0xe4, 0x10,
    0x41, 0x08, 0x41, 0x08, 0x61, 0x08, 0x41, 0x08, 0x41, 0x08, 0x41, 0x08, 0x41, 0x08, 0x41, 0x08,
    0x61, 0x08, 0x61, 0x08, 0x61, 0x08, 0x61, 0x08, 0x41, 0x08, 0x61, 0x08, 0x61, 0x08, 0x41, 0x08,
    0x41, 0x08, 0x41, 0x08, 0x41, 0x08, 0x61, 0x08, 0x41, 0x08, 0x61, 0x08, 0x61, 0x08, 0x41, 0x08,
    0x41, 0x08, 0x41, 0x08, 0x41, 0x08, 0x20, 0x08, 0x26, 0x11, 0x61, 0x08, 0x20, 0x08, 0x61, 0x08,
    0x41, 0x08, 0x41, 0x08, 0x41, 0x08, 0x41, 0x08, 0x41, 0x08, 0x41, 0x08, 0x20, 0x08, 0xe4, 0x10,
    0xc3, 0x10, 0x20, 0x08, 0x61, 0x08, 0x41, 0x08, 0x41, 0x08, 0x41, 0x08, 0x41, 0x08, 0x41, 0x08,
    0x41, 0x08, 0x41, 0x08, 0x41, 0x08, 0x41, 0x08, 0x61, 0x08, 0x04, 0x11, 0x20, 0x00, 0x41, 0x00,
    0x41, 0x00, 0x41, 0x00, 0x41, 0x00, 0x41, 0x00, 0x21, 0x00, 0x20, 0x00, 0x00, 0x00, 0x00, 0x00,
    0xa4, 0x00, 0xc9, 0x11, 0x25, 0x01, 0x25, 0x01, 0x25, 0x09, 0x25, 0x09, 0x25, 0x01, 0x25, 0x09,
    0x25, 0x09, 0x25, 0x09, 0x25, 0x09, 0x25, 0x09, 0x25, 0x01, 0x25, 0x01, 0x25, 0x01, 0x04, 0x01,
    0x05, 0x01, 0x04, 0x01, 0x04, 0x01, 0x04, 0x01, 0x04, 0x01, 0x04, 0x01, 0x04, 0x01, 0x04, 0x01,
    0x04, 0x01, 0x04, 0x01, 0x04, 0x01, 0x04, 0x01, 0x04, 0x01, 0x04, 0x01, 0x04, 0x01, 0x04, 0x01,
    0xe4, 0x00, 0x04, 0x01, 0xe4, 0x00, 0x25, 0x09, 0xc4, 0x08, 0x00, 0x00, 0x00, 0x00, 0x00, 0x00,
    0x20, 0x00, 0x21, 0x00, 0x21, 0x00, 0x21, 0x00, 0x21, 0x00, 0x21, 0x00, 0x41, 0x00, 0x00, 0x00,
    0x82, 0x08, 0xc3, 0x08, 0x20, 0x08, 0x20, 0x08, 0xa3, 0x08, 0xa2, 0x08, 0x20, 0x08, 0x41, 0x00,
    0x41, 0x00, 0x41, 0x00, 0x41, 0x00, 0x21, 0x00, 0x21, 0x00, 0x21, 0x00, 0x21, 0x00, 0x00, 0x00,
    0x25, 0x11, 0x20, 0x00, 0x21, 0x00, 0x21, 0x00, 0x21, 0x00, 0x21, 0x00, 0x21, 0x00, 0x21, 0x00,
    0x41, 0x08, 0x41, 0x08, 0x41, 0x08, 0x41, 0x08, 0x41, 0x08, 0x41, 0x00, 0x41, 0x08, 0x41, 0x08,
    0x41, 0x08, 0x20, 0x00, 0x41, 0x00, 0x41, 0x00, 0x41, 0x08, 0x41, 0x08, 0x40, 0x08, 0x40, 0x08,
    0x62, 0x08, 0x41, 0x08, 0x41, 0x08, 0x41, 0x08, 0x41, 0x08, 0x61, 0x08, 0x41, 0x08, 0x41, 0x08,
    0x61, 0x08, 0x61, 0x08, 0x61, 0x08, 0x61, 0x08, 0x61, 0x08, 0x61, 0x08, 0x61, 0x08, 0x61, 0x08,
    0x61, 0x08, 0x61, 0x08, 0x41, 0x08, 0x41, 0x08, 0x41, 0x08, 0x61, 0x08, 0x61, 0x08, 0x61, 0x08,
    0x61, 0x08, 0x61, 0x08, 0x41, 0x08, 0x41, 0x08, 0x41, 0x08, 0x61, 0x08, 0x41, 0x08, 0x61, 0x08,
    0x61, 0x08, 0x61, 0x08, 0x61, 0x08, 0x61, 0x08, 0x61, 0x08, 0x61, 0x08, 0x61, 0x08, 0x61, 0x08,
    0x61, 0x08, 0x61, 0x08, 0x61, 0x08, 0x41, 0x08, 0x41, 0x08, 0x61, 0x08, 0x61, 0x08, 0x41, 0x08,
    0x41, 0x08, 0x41, 0x08, 0x41, 0x08, 0x41, 0x08, 0x41, 0x08, 0x41, 0x08, 0x61, 0x08, 0x61, 0x08,
    0x61, 0x08, 0x41, 0x08, 0x41, 0x08, 0x41, 0x08, 0x42, 0x08, 0x42, 0x08, 0x41, 0x08, 0x61, 0x08,
    0x61, 0x08, 0x61, 0x08, 0x61, 0x08, 0x41, 0x08, 0x41, 0x08, 0x61, 0x08, 0x61, 0x08, 0x61, 0x08,
    0x61, 0x08, 0x61, 0x08, 0x61, 0x08, 0x61, 0x08, 0x41, 0x08, 0x41, 0x08, 0x41, 0x08, 0x61, 0x08,
    0x61, 0x08, 0x61, 0x08, 0x61, 0x08, 0x61, 0x08, 0x61, 0x08, 0x61, 0x08, 0x61, 0x08, 0x61, 0x08,
    0x61, 0x08, 0x61, 0x08, 0x61, 0x08, 0x61, 0x08, 0x61, 0x08, 0x61, 0x08, 0x61, 0x08, 0x41, 0x08,
    0x41, 0x08, 0x41, 0x08, 0x41, 0x08, 0x61, 0x08, 0x41, 0x08, 0x62, 0x08, 0xe4, 0x10, 0x41, 0x08,
    0x41, 0x08, 0x41, 0x08, 0x41, 0x08, 0x41, 0x08, 0x41, 0x08, 0x41, 0x08, 0x41, 0x08, 0x41, 0x08,
    0x61, 0x08, 0x61, 0x08, 0x61, 0x08, 0x61, 0x08, 0x41, 0x08, 0x41, 0x08, 0x41, 0x08, 0x61, 0x08,
    0x61, 0x08, 0x41, 0x08, 0x61, 0x08, 0x61, 0x08, 0x61, 0x08, 0x61, 0x08, 0x61, 0x08, 0x61, 0x08,
    0x41, 0x08, 0x41, 0x08, 0x41, 0x08, 0x20, 0x08, 0x05, 0x11, 0x20, 0x08, 0x41, 0x08, 0x41, 0x08,
    0x41, 0x08, 0x41, 0x08, 0x41, 0x08, 0x41, 0x08, 0x41, 0x08, 0x20, 0x08, 0xe4, 0x10, 0xc3, 0x10,
    0x20, 0x08, 0x61, 0x08, 0x41, 0x08, 0x41, 0x08, 0x41, 0x08, 0x41, 0x08, 0x41, 0x08, 0x41, 0x08,
    0x61, 0x08, 0x41, 0x08, 0x41, 0x08, 0x41, 0x08, 0x61, 0x08, 0xe4, 0x10, 0x20, 0x00, 0x41, 0x08,
    0x41, 0x08, 0x41, 0x08, 0x41, 0x08, 0x21, 0x00, 0x20, 0x00, 0x20, 0x00, 0x00, 0x00, 0x00, 0x00,
    0x20, 0x00, 0xe5, 0x08, 0x88, 0x09, 0x66, 0x09, 0x45, 0x01, 0x45, 0x01, 0x45, 0x01, 0x45, 0x09,
    0x65, 0x09, 0x66, 0x09, 0x66, 0x09, 0x45, 0x01, 0x45, 0x01, 0x45, 0x01, 0x45, 0x01, 0x45, 0x01,
    0x25, 0x01, 0x25, 0x01, 0x24, 0x01, 0x25, 0x01, 0x25, 0x01, 0x25, 0x01, 0x25, 0x01, 0x25, 0x01,
    0x25, 0x01, 0x25, 0x01, 0x24, 0x01, 0x24, 0x01, 0x24, 0x01, 0x25, 0x01, 0x24, 0x01, 0x04, 0x01,
    0x04, 0x01, 0x04, 0x01, 0x25, 0x09, 0x05, 0x09, 0x41, 0x00, 0x00, 0x00, 0x00, 0x00, 0x00, 0x00,
    0x20, 0x00, 0x21, 0x00, 0x21, 0x00, 0x21, 0x00, 0x21, 0x00, 0x41, 0x00, 0x00, 0x00, 0x82, 0x08,
    0xe4, 0x08, 0x20, 0x08, 0x20, 0x08, 0xa3, 0x08, 0xa2, 0x08, 0x20, 0x00, 0x41, 0x00, 0x41, 0x00,
    0x21, 0x00, 0x41, 0x00, 0x40, 0x00, 0x21, 0x00, 0x21, 0x00, 0x21, 0x00, 0x20, 0x00, 0x00, 0x00,
    0x05, 0x11, 0x20, 0x00, 0x21, 0x00, 0x21, 0x00, 0x21, 0x00, 0x21, 0x00, 0x21, 0x00, 0x41, 0x00,
    0x41, 0x08, 0x41, 0x08, 0x21, 0x00, 0x41, 0x08, 0x41, 0x08, 0x21, 0x00, 0x41, 0x08, 0x41, 0x00,
    0x41, 0x00, 0x40, 0x00, 0x20, 0x00, 0x41, 0x00, 0x41, 0x08, 0x41, 0x08, 0x41, 0x08, 0x40, 0x08,
    0x41, 0x08, 0x41, 0x08, 0x41, 0x08, 0x41, 0x08, 0x41, 0x08, 0x61, 0x08, 0x41, 0x08, 0x41, 0x08,
    0x61, 0x08, 0x61, 0x08, 0x61, 0x08, 0x41, 0x08, 0x41, 0x08, 0x61, 0x08, 0x41, 0x08, 0x41, 0x08,
    0x41, 0x08, 0x41, 0x08, 0x41, 0x08, 0x41, 0x08, 0x41, 0x08, 0x41, 0x08, 0x61, 0x08, 0x61, 0x08,
    0x61, 0x08, 0x61, 0x08, 0x61, 0x08, 0x41, 0x08, 0x61, 0x08, 0x61, 0x08, 0x61, 0x08, 0x61, 0x08,
    0x61, 0x08, 0x61, 0x08, 0x61, 0x08, 0x41, 0x08, 0x61, 0x08, 0x61, 0x08, 0x61, 0x08, 0x61, 0x08,
    0x61, 0x08, 0x61, 0x08, 0x61, 0x08, 0x61, 0x08, 0x61, 0x08, 0x61, 0x08, 0x61, 0x08, 0x41, 0x08,
    0x41, 0x08, 0x41, 0x08, 0x61, 0x08, 0x41, 0x08, 0x61, 0x08, 0x61, 0x08, 0x61, 0x08, 0x61, 0x08,
    0x61, 0x08, 0x61, 0x08, 0x61, 0x08, 0x41, 0x08, 0x61, 0x08, 0x61, 0x08, 0x61, 0x08, 0x61, 0x08,
    0x61, 0x08, 0x41, 0x08, 0x61, 0x08, 0x61, 0x08, 0x41, 0x08, 0x61, 0x08, 0x61, 0x08, 0x61, 0x08,
    0x61, 0x08, 0x61, 0x08, 0x61, 0x08, 0x41, 0x08, 0x41, 0x08, 0x41, 0x08, 0x41, 0x08, 0x41, 0x08,
    0x61, 0x08, 0x61, 0x08, 0x61, 0x08, 0x61, 0x08, 0x61, 0x08, 0x61, 0x08, 0x61, 0x08, 0x61, 0x08,
    0x61, 0x08, 0x61, 0x08, 0x61, 0x08, 0x61, 0x08, 0x61, 0x08, 0x61, 0x08, 0x61, 0x08, 0x41, 0x08,
    0x41, 0x08, 0x41, 0x08, 0x41, 0x08, 0x41, 0x08, 0x61, 0x08, 0xc4, 0x08, 0x21, 0x08, 0x41, 0x08,
    0x41, 0x08, 0x41, 0x08, 0x41, 0x08, 0x41, 0x08, 0x41, 0x08, 0x41, 0x08, 0x41, 0x08, 0x41, 0x08,
    0x61, 0x08, 0x61, 0x08, 0x61, 0x08, 0x61, 0x08, 0x61, 0x08, 0x61, 0x08, 0x41, 0x08, 0x61, 0x08,
    0x61, 0x08, 0x61, 0x08, 0x61, 0x08, 0x61, 0x08, 0x61, 0x08, 0x61, 0x08, 0x61, 0x08, 0x61, 0x08,
    0x41, 0x08, 0x41, 0x08, 0x41, 0x08, 0x20, 0x08, 0x25, 0x11, 0x20, 0x08, 0x41, 0x08, 0x41, 0x08,
    0x41, 0x08, 0x41, 0x08, 0x41, 0x08, 0x41, 0x08, 0x20, 0x08, 0xe4, 0x10, 0xc3, 0x10, 0x20, 0x08,
    0x61, 0x08, 0x41, 0x08, 0x41, 0x08, 0x41, 0x08, 0x41, 0x08, 0x41, 0x08, 0x41, 0x08, 0x41, 0x08,
    0x61, 0x08, 0x41, 0x08, 0x41, 0x08, 0x41, 0x08, 0x61, 0x08, 0xe4, 0x10, 0x20, 0x00, 0x41, 0x08,
    0x41, 0x08, 0x41, 0x08, 0x41, 0x08, 0x21, 0x00, 0x21, 0x00, 0x20, 0x00, 0x20, 0x00, 0x00, 0x00,
    0x00, 0x00, 0x21, 0x00, 0x83, 0x00, 0x25, 0x09, 0x26, 0x09, 0x26, 0x09, 0x26, 0x09, 0x46, 0x09,
    0x46, 0x09, 0x46, 0x09, 0x46, 0x09, 0x46, 0x09, 0x26, 0x01, 0x26, 0x01, 0x26, 0x01, 0x05, 0x01,
    0x05, 0x01, 0x05, 0x09, 0x05, 0x01, 0x05, 0x01, 0x26, 0x01, 0x26, 0x09, 0x05, 0x01, 0x05, 0x01,
    0x05, 0x01, 0x05, 0x09, 0x05, 0x01, 0x05, 0x01, 0x05, 0x01, 0x05, 0x01, 0x05, 0x01, 0x05, 0x01,
    0x05, 0x01, 0x05, 0x01, 0xa3, 0x00, 0x41, 0x00, 0x00, 0x00, 0x00, 0x00, 0x00, 0x00, 0x20, 0x00,
    0x21, 0x00, 0x21, 0x00, 0x21, 0x00, 0x21, 0x00, 0x21, 0x00, 0x00, 0x00, 0x62, 0x08, 0xe4, 0x08,
    0x20, 0x08, 0x20, 0x08, 0xa3, 0x08, 0xa3, 0x08, 0x20, 0x00, 0x41, 0x00, 0x41, 0x00, 0x41, 0x00,
    0x41, 0x00, 0x21, 0x00, 0x20, 0x00, 0x21, 0x00, 0x21, 0x00, 0x21, 0x00, 0x20, 0x00, 0x00, 0x00,
    0x05, 0x11, 0x00, 0x00, 0x20, 0x00, 0x21, 0x00, 0x21, 0x00, 0x21, 0x00, 0x21, 0x00, 0x41, 0x00,
    0x21, 0x00, 0x21, 0x00, 0x21, 0x00, 0x41, 0x08, 0x21, 0x00, 0x21, 0x00, 0x21, 0x00, 0x21, 0x00,
    0x21, 0x00, 0x21, 0x00, 0x20, 0x00, 0x41, 0x08, 0x41, 0x08, 0x41, 0x08, 0x41, 0x08, 0x20, 0x00,
    0x41, 0x08, 0x41, 0x08, 0x41, 0x08, 0x41, 0x08, 0x41, 0x08, 0x41, 0x08, 0x61, 0x08, 0x61, 0x08,
    0x41, 0x08, 0x61, 0x08, 0x41, 0x08, 0x41, 0x08, 0x41, 0x08, 0x61, 0x08, 0x41, 0x08, 0x41, 0x08,
    0x41, 0x08, 0x41, 0x08, 0x41, 0x08, 0x41, 0x08, 0x41, 0x08, 0x41, 0x08, 0x41, 0x08, 0x41, 0x08,
    0x61, 0x08, 0x41, 0x08, 0x61, 0x08, 0x61, 0x08, 0x61, 0x08, 0x61, 0x08, 0x41, 0x08, 0x41, 0x08,
    0x61, 0x08, 0x61, 0x08, 0x41, 0x08, 0x41, 0x08, 0x41, 0x08, 0x61, 0x08, 0x61, 0x08, 0x61, 0x08,
    0x61, 0x08, 0x61, 0x08, 0x61, 0x08, 0x61, 0x08, 0x61, 0x08, 0x61, 0x08, 0x61, 0x08, 0x61, 0x08,
    0x41, 0x08, 0x61, 0x08, 0x61, 0x08, 0x61, 0x08, 0x61, 0x08, 0x61, 0x08, 0x61, 0x08, 0x61, 0x08,
    0x61, 0x08, 0x61, 0x08, 0x61, 0x08, 0x61, 0x08, 0x61, 0x08, 0x61, 0x08, 0x61, 0x08, 0x61, 0x08,
    0x61, 0x08, 0x61, 0x08, 0x61, 0x08, 0x61, 0x08, 0x61, 0x08, 0x61, 0x08, 0x61, 0x08, 0x61, 0x08,
    0x61, 0x08, 0x61, 0x08, 0x61, 0x08, 0x41, 0x08, 0x61, 0x08, 0x61, 0x08, 0x61, 0x08, 0x61, 0x08,
    0x61, 0x08, 0x61, 0x08, 0x61, 0x08, 0x61, 0x08, 0x61, 0x08, 0x61, 0x08, 0x61, 0x08, 0x61, 0x08,
    0x61, 0x08, 0x41, 0x08, 0x41, 0x08, 0x61, 0x08, 0x61, 0x08, 0x61, 0x08, 0x61, 0x08, 0x61, 0x08,
    0x41, 0x08, 0x61, 0x08, 0xe4, 0x10, 0xe4, 0x08, 0xc4, 0x10, 0x41, 0x08, 0x41, 0x08, 0x41, 0x08,
    0x41, 0x08, 0x41, 0x08, 0x41, 0x08, 0x41, 0x08, 0x41, 0x08, 0x41, 0x08, 0x41, 0x08, 0x41, 0x08,
    0x61, 0x08, 0x61, 0x08, 0x61, 0x08, 0x61, 0x08, 0x61, 0x08, 0x61, 0x08, 0x61, 0x08, 0x61, 0x08,
    0x41, 0x08, 0x61, 0x08, 0x61, 0x08, 0x61, 0x08, 0x61, 0x08, 0x61, 0x08, 0x61, 0x08, 0x61, 0x08,
    0x41, 0x08, 0x41, 0x08, 0x41, 0x08, 0x20, 0x08, 0x25, 0x11, 0x20, 0x08, 0x41, 0x08, 0x41, 0x08,
    0x41, 0x08, 0x41, 0x08, 0x41, 0x08, 0x21, 0x08, 0xc3, 0x08, 0xc3, 0x08, 0x20, 0x08, 0x61, 0x08,
    0x41, 0x08, 0x41, 0x08, 0x41, 0x08, 0x41, 0x08, 0x41, 0x08, 0x41, 0x08, 0x41, 0x08, 0x41, 0x08,
    0x41, 0x08, 0x41, 0x08, 0x41, 0x08, 0x41, 0x08, 0x61, 0x08, 0xe4, 0x10, 0x00, 0x00, 0x41, 0x08,
    0x41, 0x08, 0x41, 0x08, 0x41, 0x00, 0x21, 0x00, 0x41, 0x00, 0x41, 0x00, 0x21, 0x00, 0x20, 0x00,
    0x00, 0x00, 0x00, 0x00, 0x00, 0x00, 0x20, 0x00, 0x41, 0x00, 0x21, 0x00, 0x20, 0x00, 0x21, 0x00,
    0x21, 0x00, 0x00, 0x00, 0x20, 0x00, 0x21, 0x00, 0x21, 0x00, 0x20, 0x00, 0x21, 0x00, 0x20, 0x00,
    0x00, 0x00, 0x00, 0x00, 0x21, 0x00, 0x21, 0x00, 0x20, 0x00, 0x20, 0x00, 0x20, 0x00, 0x00, 0x00,
    0x00, 0x00, 0x20, 0x00, 0x20, 0x00, 0x20, 0x00, 0x20, 0x00, 0x20, 0x00, 0x00, 0x00, 0x20, 0x00,
    0x21, 0x00, 0x21, 0x00, 0x00, 0x00, 0x00, 0x00, 0x00, 0x00, 0x00, 0x00, 0x20, 0x00, 0x20, 0x00,
    0x21, 0x00, 0x21, 0x00, 0x21, 0x00, 0x21, 0x00, 0x00, 0x00, 0x62, 0x08, 0xe4, 0x08, 0x41, 0x08,
    0x20, 0x08, 0xa3, 0x08, 0xa3, 0x08, 0x20, 0x08, 0x41, 0x08, 0x41, 0x00, 0x41, 0x00, 0x41, 0x00,
    0x21, 0x00, 0x21, 0x00, 0x21, 0x00, 0x21, 0x00, 0x21, 0x00, 0x41, 0x00, 0x20, 0x00, 0xa2, 0x08,
    0x05, 0x11, 0xa3, 0x08, 0x20, 0x00, 0x21, 0x00, 0x21, 0x00, 0x21, 0x00, 0x21, 0x00, 0x41, 0x00,
    0x21, 0x00, 0x21, 0x00, 0x21, 0x00, 0x21, 0x08, 0x21, 0x08, 0x21, 0x00, 0x21, 0x00, 0x21, 0x00,
    0x21, 0x00, 0x21, 0x00, 0x20, 0x00, 0x20, 0x00, 0x21, 0x00, 0x41, 0x08, 0x41, 0x00, 0x20, 0x00,
    0x41, 0x08, 0x41, 0x08, 0x41, 0x08, 0x61, 0x08, 0x41, 0x08, 0x41, 0x08, 0x41, 0x08, 0x41, 0x08,
    0x41, 0x08, 0x41, 0x08, 0x41, 0x08, 0x41, 0x08, 0x41, 0x08, 0x61, 0x08, 0x41, 0x08, 0x61, 0x08,
    0x61, 0x08, 0x41, 0x08, 0x41, 0x08, 0x41, 0x08, 0x41, 0x08, 0x41, 0x08, 0x41, 0x08, 0x41, 0x08,
    0x41, 0x08, 0x41, 0x08, 0x61, 0x08, 0x61, 0x08, 0x61, 0x08, 0x41, 0x08, 0x41, 0x08, 0x61, 0x08,
    0x41, 0x08, 0x41, 0x08, 0x41, 0x08, 0x41, 0x08, 0x41, 0x08, 0x41, 0x08, 0x61, 0x08, 0x61, 0x08,
    0x61, 0x08, 0x61, 0x08, 0x61, 0x08, 0x61, 0x08, 0x61, 0x08, 0x61, 0x08, 0x61, 0x08, 0x61, 0x08,
    0x61, 0x08, 0x61, 0x08, 0x61, 0x08, 0x61, 0x08, 0x61, 0x08, 0x61, 0x08, 0x61, 0x08, 0x61, 0x08,
    0x61, 0x08, 0x61, 0x08, 0x61, 0x08, 0x61, 0x08, 0x61, 0x08, 0x61, 0x08, 0x61, 0x08, 0x61, 0x08,
    0x61, 0x08, 0x61, 0x08, 0x61, 0x08, 0x61, 0x08, 0x61, 0x08, 0x61, 0x08, 0x61, 0x08, 0x61, 0x08,
    0x61, 0x08, 0x61, 0x08, 0x61, 0x08, 0x61, 0x08, 0x61, 0x08, 0x61, 0x08, 0x61, 0x08, 0x61, 0x08,
    0x61, 0x08, 0x62, 0x08, 0x61, 0x08, 0x61, 0x08, 0x61, 0x08, 0x61, 0x08, 0x61, 0x08, 0x61, 0x08,
    0x61, 0x08, 0x61, 0x08, 0x41, 0x08, 0x61, 0x08, 0x61, 0x08, 0x61, 0x08, 0x61, 0x08, 0x61, 0x08,
    0x41, 0x08, 0x82, 0x08, 0xe4, 0x10, 0xa3, 0x08, 0xc3, 0x10, 0x41, 0x08, 0x61, 0x08, 0x41, 0x08,
    0x41, 0x08, 0x41, 0x08, 0x41, 0x08, 0x41, 0x08, 0x41, 0x08, 0x61, 0x08, 0x61, 0x08, 0x61, 0x08,
    0x61, 0x08, 0x61, 0x08, 0x61, 0x08, 0x61, 0x08, 0x61, 0x08, 0x61, 0x08, 0x61, 0x08, 0x61, 0x08,
    0x41, 0x08, 0x41, 0x08, 0x41, 0x08, 0x41, 0x08, 0x61, 0x08, 0x61, 0x08, 0x61, 0x08, 0x61, 0x08,
    0x41, 0x08, 0x41, 0x08, 0x41, 0x08, 0x20, 0x08, 0x25, 0x11, 0x20, 0x08, 0x41, 0x08, 0x41, 0x08,
    0x41, 0x08, 0x41, 0x08, 0x41, 0x08, 0x41, 0x08, 0xe4, 0x10, 0x20, 0x08, 0x41, 0x08, 0x41, 0x08,
    0x41, 0x08, 0x41, 0x08, 0x41, 0x08, 0x41, 0x08, 0x41, 0x08, 0x41, 0x08, 0x41, 0x08, 0x41, 0x08,
    0x41, 0x08, 0x41, 0x08, 0x41, 0x08, 0x41, 0x08, 0x20, 0x08, 0xe4, 0x10, 0x62, 0x08, 0x20, 0x00,
    0x41, 0x00, 0x41, 0x08, 0x41, 0x00, 0x41, 0x00, 0x41, 0x08, 0x41, 0x08, 0x41, 0x08, 0x21, 0x00,
    0x20, 0x00, 0x00, 0x00, 0x00, 0x00, 0x00, 0x00, 0xa8, 0x19, 0x04, 0x11, 0x00, 0x00, 0xa3, 0x08,
    0xa7, 0x19, 0x20, 0x00, 0x00, 0x00, 0x66, 0x19, 0xe3, 0x10, 0x00, 0x00, 0xa3, 0x08, 0x86, 0x19,
    0x00, 0x00, 0x00, 0x00, 0x46, 0x11, 0x04, 0x11, 0x00, 0x00, 0x41, 0x00, 0xa7, 0x19, 0x41, 0x08,
    0x00, 0x00, 0x45, 0x11, 0x24, 0x11, 0x00, 0x00, 0x61, 0x08, 0x66, 0x19, 0x41, 0x00, 0x00, 0x00,
    0x25, 0x11, 0xe4, 0x10, 0x00, 0x00, 0x00, 0x00, 0x00, 0x00, 0x00, 0x00, 0x20, 0x00, 0x21, 0x00,
    0x21, 0x00, 0x21, 0x00, 0x21, 0x00, 0x00, 0x00, 0x62, 0x08, 0xe4, 0x08, 0x21, 0x08, 0x20, 0x08,
    0x82, 0x08, 0xa3, 0x08, 0x20, 0x08, 0x21, 0x08, 0x40, 0x00, 0x41, 0x00, 0x41, 0x00, 0x21, 0x00,
    0x21, 0x00, 0x21, 0x00, 0x21, 0x00, 0x21, 0x00, 0x41, 0x00, 0x20, 0x00, 0x82, 0x08, 0xe4, 0x10,
    0x00, 0x00, 0xc3, 0x08, 0xa3, 0x08, 0x20, 0x00, 0x41, 0x00, 0x21, 0x00, 0x21, 0x00, 0x21, 0x08,
    0x21, 0x08, 0x21, 0x00, 0x21, 0x00, 0x21, 0x08, 0x21, 0x00, 0x21, 0x00, 0x21, 0x00, 0x21, 0x00,
    0x21, 0x00, 0x21, 0x00, 0x20, 0x00, 0x20, 0x00, 0x21, 0x00, 0x21, 0x00, 0x21, 0x00, 0x20, 0x00,
    0x41, 0x08, 0x41, 0x08, 0x41, 0x08, 0x41, 0x08, 0x41, 0x08, 0x41, 0x08, 0x41, 0x08, 0x41, 0x08,
    0x41, 0x08, 0x41, 0x08, 0x41, 0x08, 0x41, 0x08, 0x41, 0x08, 0x41, 0x08, 0x41, 0x08, 0x61, 0x08,
    0x61, 0x08, 0x41, 0x08, 0x41, 0x08, 0x41, 0x08, 0x41, 0x08, 0x41, 0x08, 0x41, 0x08, 0x41, 0x08,
    0x41, 0x08, 0x61, 0x08, 0x61, 0x08, 0x61, 0x08, 0x61, 0x08, 0x61, 0x08, 0x41, 0x08, 0x41, 0x08,
    0x41, 0x08, 0x41, 0x08, 0x41, 0x08, 0x41, 0x08, 0x41, 0x08, 0x41, 0x08, 0x41, 0x08, 0x61, 0x08,
    0x61, 0x08, 0x61, 0x08, 0x61, 0x08, 0x61, 0x08, 0x61, 0x08, 0x61, 0x08, 0x61, 0x08, 0x61, 0x08,
    0x61, 0x08, 0x61, 0x08, 0x61, 0x08, 0x61, 0x08, 0x61, 0x08, 0x61, 0x08, 0x61, 0x08, 0x61, 0x08,
    0x61, 0x08, 0x61, 0x08, 0x61, 0x08, 0x61, 0x08, 0x61, 0x08, 0x61, 0x08, 0x61, 0x08, 0x61, 0x08,
    0x61, 0x08, 0x61, 0x08, 0x61, 0x08, 0x61, 0x08, 0x61, 0x08, 0x61, 0x08, 0x61, 0x08, 0x62, 0x08,
    0x61, 0x08, 0x61, 0x08, 0x61, 0x08, 0x61, 0x08, 0x61, 0x08, 0x61, 0x08, 0x61, 0x08, 0x62, 0x08,
    0x62, 0x08, 0x62, 0x08, 0x61, 0x08, 0x61, 0x08, 0x61, 0x08, 0x61, 0x08, 0x61, 0x08, 0x61, 0x08,
    0x61, 0x08, 0x61, 0x08, 0x61, 0x08, 0x41, 0x08, 0x61, 0x08, 0x61, 0x08, 0x61, 0x08, 0x61, 0x08,
    0x41, 0x08, 0x41, 0x08, 0xc4, 0x08, 0xe4, 0x08, 0x62, 0x08, 0x41, 0x08, 0x41, 0x08, 0x41, 0x08,
    0x41, 0x08, 0x41, 0x08, 0x41, 0x08, 0x61, 0x08, 0x61, 0x08, 0x61, 0x08, 0x61, 0x08, 0x61, 0x08,
    0x61, 0x08, 0x61, 0x08, 0x61, 0x08, 0x61, 0x08, 0x61, 0x08, 0x61, 0x08, 0x61, 0x08, 0x61, 0x08,
    0x61, 0x08, 0x61, 0x08, 0x41, 0x08, 0x61, 0x08, 0x61, 0x08, 0x61, 0x08, 0x61, 0x08, 0x61, 0x08,
    0x41, 0x08, 0x41, 0x08, 0x41, 0x08, 0x40, 0x08, 0x46, 0x11, 0x20, 0x08, 0x41, 0x08, 0x41, 0x08,
    0x41, 0x08, 0x41, 0x08, 0x41, 0x08, 0x41, 0x08, 0x05, 0x11, 0x20, 0x08, 0x41, 0x08, 0x41, 0x08,
    0x41, 0x08, 0x41, 0x08, 0x41, 0x08, 0x41, 0x08, 0x41, 0x08, 0x41, 0x08, 0x41, 0x08, 0x41, 0x08,
    0x41, 0x08, 0x41, 0x08, 0x41, 0x00, 0x41, 0x08, 0x20, 0x08, 0x82, 0x08, 0x04, 0x11, 0x62, 0x08,
    0x41, 0x08, 0x41, 0x08, 0x41, 0x08, 0x41, 0x08, 0x41, 0x08, 0x41, 0x08, 0x41, 0x08, 0x41, 0x00,
    0x20, 0x00, 0x00, 0x00, 0x00, 0x00, 0x00, 0x00, 0x09, 0x22, 0x25, 0x19, 0x00, 0x00, 0xc4, 0x08,
    0xe8, 0x19, 0x20, 0x00, 0x00, 0x00, 0xa7, 0x19, 0x04, 0x11, 0x00, 0x00, 0xe4, 0x08, 0xe8, 0x19,
    0x20, 0x00, 0x00, 0x00, 0x87, 0x19, 0x25, 0x11, 0x00, 0x00, 0x62, 0x08, 0xe8, 0x19, 0x61, 0x08,
    0x00, 0x00, 0x87, 0x19, 0x45, 0x19, 0x00, 0x00, 0x82, 0x08, 0xa7, 0x19, 0x41, 0x00, 0x00, 0x00,
    0x67, 0x19, 0x25, 0x11, 0x00, 0x00, 0x20, 0x00, 0x20, 0x00, 0x20, 0x00, 0x20, 0x00, 0x20, 0x00,
    0x21, 0x00, 0x21, 0x00, 0x20, 0x00, 0x62, 0x08, 0xe4, 0x08, 0x20, 0x08, 0x20, 0x08, 0x82, 0x08,
    0xa3, 0x08, 0x20, 0x08, 0x41, 0x08, 0x21, 0x00, 0x20, 0x00, 0x41, 0x08, 0x41, 0x00, 0x41, 0x00,
    0x21, 0x00, 0x21, 0x00, 0x41, 0x08, 0x41, 0x08, 0x41, 0x00, 0x20, 0x00, 0xa3, 0x08, 0xc4, 0x10,
    0x00, 0x00, 0x82, 0x08, 0xa3, 0x08, 0x20, 0x00, 0x41, 0x00, 0x21, 0x00, 0x21, 0x00, 0x21, 0x08,
    0x21, 0x08, 0x21, 0x00, 0x21, 0x00, 0x21, 0x00, 0x21, 0x00, 0x21, 0x00, 0x21, 0x00, 0x21, 0x00,
    0x21, 0x00, 0x21, 0x00, 0x21, 0x00, 0x21, 0x00, 0x21, 0x00, 0x21, 0x08, 0x41, 0x08, 0x21, 0x00,
    0x41, 0x08, 0x41, 0x08, 0x41, 0x08, 0x41, 0x08, 0x41, 0x08, 0x41, 0x08, 0x41, 0x08, 0x41, 0x08,
    0x41, 0x08, 0x41, 0x08, 0x41, 0x08, 0x41, 0x08, 0x41, 0x08, 0x41, 0x08, 0x41, 0x08, 0x41, 0x08,
    0x61, 0x08, 0x41, 0x08, 0x41, 0x08, 0x41, 0x08, 0x41, 0x08, 0x41, 0x08, 0x41, 0x08, 0x41, 0x08,
    0x41, 0x08, 0x61, 0x08, 0x61, 0x08, 0x61, 0x08, 0x61, 0x08, 0x61, 0x08, 0x41, 0x08, 0x41, 0x08,
    0x41, 0x08, 0x61, 0x08, 0x41, 0x08, 0x41, 0x08, 0x41, 0x08, 0x61, 0x08, 0x41, 0x08, 0x61, 0x08,
    0x61, 0x08, 0x61, 0x08, 0x61, 0x08, 0x61, 0x08, 0x61, 0x08, 0x41, 0x08, 0x41, 0x08, 0x61, 0x08,
    0x61, 0x08, 0x61, 0x08, 0x61, 0x08, 0x61, 0x08, 0x61, 0x08, 0x61, 0x08, 0x61, 0x08, 0x61, 0x08,
    0x62, 0x08, 0x61, 0x08, 0x61, 0x08, 0x61, 0x08, 0x61, 0x08, 0x61, 0x08, 0x61, 0x08, 0x61, 0x08,
    0x61, 0x08, 0x61, 0x08, 0x61, 0x08, 0x61, 0x08, 0x61, 0x08, 0x61, 0x08, 0x61, 0x08, 0x62, 0x08,
    0x61, 0x08, 0x61, 0x08, 0x61, 0x08, 0x61, 0x08, 0x61, 0x08, 0x61, 0x08, 0x61, 0x08, 0x62, 0x08,
    0x62, 0x08, 0x62, 0x08, 0x61, 0x08, 0x61, 0x08, 0x61, 0x08, 0x61, 0x08, 0x61, 0x08, 0x61, 0x08,
    0x61, 0x08, 0x61, 0x08, 0x61, 0x08, 0x41, 0x08, 0x41, 0x08, 0x61, 0x08, 0x61, 0x08, 0x61, 0x08,
    0x61, 0x08, 0x41, 0x08, 0x41, 0x08, 0x61, 0x08, 0x41, 0x08, 0x41, 0x08, 0x41, 0x08, 0x41, 0x08,
    0x41, 0x08, 0x61, 0x08, 0x61, 0x08, 0x61, 0x08, 0x41, 0x08, 0x61, 0x08, 0x61, 0x08, 0x61, 0x08,
    0x61, 0x08, 0x61, 0x08, 0x61, 0x08, 0x61, 0x08, 0x61, 0x08, 0x61, 0x08, 0x41, 0x08, 0x61, 0x08,
    0x61, 0x08, 0x61, 0x08, 0x61, 0x08, 0x61, 0x08, 0x61, 0x08, 0x61, 0x08, 0x61, 0x08, 0x61, 0x08,
    0x41, 0x08, 0x41, 0x08, 0x41, 0x08, 0x40, 0x08, 0x46, 0x11, 0x21, 0x08, 0x41, 0x08, 0x41, 0x08,
    0x41, 0x08, 0x41, 0x08, 0x41, 0x08, 0x41, 0x08, 0x05, 0x11, 0x20, 0x08, 0x41, 0x08, 0x41, 0x08,
    0x41, 0x08, 0x41, 0x08, 0x41, 0x08, 0x41, 0x08, 0x41, 0x08, 0x41, 0x08, 0x41, 0x08, 0x41, 0x08,
    0x41, 0x08, 0x41, 0x08, 0x41, 0x00, 0x41, 0x08, 0x21, 0x08, 0x82, 0x08, 0xe4, 0x08, 0xa2, 0x08,
    0x82, 0x08, 0x41, 0x08, 0x41, 0x08, 0x41, 0x08, 0x41, 0x08, 0x41, 0x08, 0x41, 0x08, 0x41, 0x08,
    0x21, 0x00, 0x21, 0x00, 0x20, 0x00, 0x00, 0x00, 0xac, 0x2a, 0x86, 0x19, 0x00, 0x00, 0x05, 0x11,
    0x6a, 0x2a, 0x20, 0x00, 0x00, 0x00, 0x29, 0x22, 0x66, 0x19, 0x00, 0x00, 0x25, 0x11, 0x8b, 0x2a,
    0x40, 0x00, 0x00, 0x00, 0x09, 0x22, 0x86, 0x19, 0x00, 0x00, 0xa3, 0x08, 0xab, 0x2a, 0x82, 0x08,
    0x00, 0x00, 0x09, 0x22, 0xe8, 0x21, 0x00, 0x00, 0xc3, 0x10, 0x4a, 0x22, 0x61, 0x08, 0x00, 0x00,
    0xe9, 0x21, 0x86, 0x19, 0x00, 0x00, 0x20, 0x00, 0x20, 0x00, 0x20, 0x00, 0x20, 0x00, 0x20, 0x00,
    0x21, 0x00, 0x21, 0x00, 0x20, 0x00, 0xe4, 0x10, 0x20, 0x08, 0x20, 0x08, 0x62, 0x08, 0xa3, 0x08,
    0x20, 0x00, 0x21, 0x00, 0x21, 0x00, 0x21, 0x00, 0x21, 0x00, 0x41, 0x08, 0x41, 0x00, 0x40, 0x00,
    0x21, 0x00, 0x41, 0x08, 0x40, 0x08, 0x40, 0x08, 0x40, 0x08, 0x41, 0x08, 0x20, 0x00, 0xc3, 0x10,
    0xe4, 0x10, 0xe4, 0x10, 0x21, 0x08, 0x41, 0x08, 0x41, 0x00, 0x21, 0x00, 0x21, 0x00, 0x21, 0x08,
    0x21, 0x08, 0x21, 0x08, 0x21, 0x00, 0x41, 0x00, 0x41, 0x08, 0x41, 0x00, 0x21, 0x00, 0x21, 0x00,
    0x41, 0x00, 0x21, 0x00, 0x41, 0x08, 0x21, 0x08, 0x21, 0x00, 0x41, 0x08, 0x41, 0x08, 0x41, 0x08,
    0x41, 0x08, 0x41, 0x08, 0x41, 0x08, 0x41, 0x08, 0x41, 0x08, 0x41, 0x08, 0x41, 0x08, 0x41, 0x08,
    0x41, 0x08, 0x41, 0x08, 0x41, 0x08, 0x41, 0x08, 0x41, 0x08, 0x41, 0x08, 0x41, 0x08, 0x41, 0x08,
    0x61, 0x08, 0x61, 0x08, 0x61, 0x08, 0x41, 0x08, 0x41, 0x08, 0x41, 0x08, 0x41, 0x08, 0x61, 0x08,
    0x41, 0x08, 0x41, 0x08, 0x61, 0x08, 0x61, 0x08, 0x61, 0x08, 0x61, 0x08, 0x61, 0x08, 0x61, 0x08,
    0x61, 0x08, 0x61, 0x08, 0x61, 0x08, 0x61, 0x08, 0x41, 0x08, 0x41, 0x08, 0x41, 0x08, 0x61, 0x08,
    0x61, 0x08, 0x61, 0x08, 0x61, 0x08, 0x61, 0x08, 0x61, 0x08, 0x61, 0x08, 0x61, 0x08, 0x61, 0x08,
    0x61, 0x08, 0x61, 0x08, 0x61, 0x08, 0x61, 0x08, 0x61, 0x08, 0x61, 0x08, 0x61, 0x08, 0x61, 0x08,
    0x61, 0x08, 0x61, 0x08, 0x61, 0x08, 0x61, 0x08, 0x61, 0x08, 0x61, 0x08, 0x61, 0x08, 0x61, 0x08,
    0x61, 0x08, 0x61, 0x08, 0x61, 0x08, 0x61, 0x08, 0x61, 0x08, 0x61, 0x08, 0x61, 0x08, 0x61, 0x08,
    0x61, 0x08, 0x61, 0x08, 0x61, 0x08, 0x61, 0x08, 0x61, 0x08, 0x61, 0x08, 0x61, 0x08, 0x61, 0x08,
    0x61, 0x08, 0x61, 0x08, 0x61, 0x08, 0x61, 0x08, 0x61, 0x08, 0x61, 0x08, 0x61, 0x08, 0x61, 0x08,
    0x61, 0x08, 0x61, 0x08, 0x61, 0x08, 0x61, 0x08, 0x41, 0x08, 0x61, 0x08, 0x61, 0x08, 0x61, 0x08,
    0x41, 0x08, 0x61, 0x08, 0x61, 0x08, 0x61, 0x08, 0x61, 0x08, 0x41, 0x08, 0x41, 0x08, 0x61, 0x08,
    0x61, 0x08, 0x41, 0x08, 0x61, 0x08, 0x41, 0x08, 0x41, 0x08, 0x61, 0x08, 0x61, 0x08, 0x61, 0x08,
    0x61, 0x08, 0x61, 0x08, 0x61, 0x08, 0x61, 0x08, 0x61, 0x08, 0x61, 0x08, 0x61, 0x08, 0x61, 0x08,
    0x61, 0x08, 0x61, 0x08, 0x61, 0x08, 0x61, 0x08, 0x61, 0x08, 0x61, 0x08, 0x61, 0x08, 0x61, 0x08,
    0x41, 0x08, 0x41, 0x08, 0x41, 0x08, 0x40, 0x08, 0x46, 0x19, 0x20, 0x08, 0x41, 0x08, 0x41, 0x08,
    0x41, 0x08, 0x41, 0x08, 0x41, 0x08, 0x41, 0x08, 0x05, 0x11, 0x20, 0x08, 0x41, 0x08, 0x41, 0x08,
    0x41, 0x08, 0x41, 0x08, 0x41, 0x08, 0x41, 0x08, 0x41, 0x08, 0x41, 0x08, 0x41, 0x08, 0x41, 0x08,
    0x41, 0x08, 0x41, 0x08, 0x41, 0x08, 0x41, 0x08, 0x41, 0x08, 0x61, 0x08, 0xc4, 0x08, 0xa3, 0x08,
    0x62, 0x00, 0x41, 0x08, 0x41, 0x08, 0x41, 0x08, 0x41, 0x08, 0x41, 0x08, 0x41, 0x08, 0x41, 0x08,
    0x41, 0x00, 0x21, 0x00, 0x21, 0x00, 0x00, 0x00, 0x29, 0x2a, 0xe4, 0x10, 0x00, 0x00, 0xe4, 0x10,
    0x09, 0x22, 0x00, 0x00, 0x00, 0x00, 0xc8, 0x21, 0x04, 0x11, 0x00, 0x00, 0xc3, 0x10, 0x29, 0x2a,
    0x20, 0x00, 0x00, 0x00, 0x87, 0x21, 0x04, 0x11, 0x00, 0x00, 0x62, 0x08, 0x09, 0x22, 0x61, 0x08,
    0x00, 0x00, 0x66, 0x19, 0x45, 0x19, 0x00, 0x00, 0x82, 0x08, 0xa7, 0x21, 0x41, 0x08, 0x00, 0x00,
    0xa7, 0x21, 0x25, 0x19, 0x00, 0x00, 0x20, 0x00, 0x20, 0x00, 0x20, 0x00, 0x21, 0x00, 0x21, 0x00,
    0x20, 0x00, 0x20, 0x00, 0x40, 0x00, 0xc3, 0x08, 0x20, 0x08, 0x82, 0x08, 0x83, 0x08, 0x20, 0x00,
    0x20, 0x00, 0x21, 0x00, 0x21, 0x00, 0x21, 0x00, 0x41, 0x08, 0x21, 0x00, 0x41, 0x00, 0x41, 0x00,
    0x41, 0x08, 0x41, 0x08, 0x40, 0x08, 0x40, 0x08, 0x41, 0x08, 0x41, 0x08, 0x40, 0x08, 0x20, 0x00,
    0x41, 0x08, 0x20, 0x00, 0x21, 0x08, 0x41, 0x00, 0x21, 0x00, 0x21, 0x00, 0x21, 0x08, 0x21, 0x08,
    0x21, 0x08, 0x21, 0x08, 0x41, 0x08, 0x41, 0x08, 0x41, 0x08, 0x41, 0x08, 0x41, 0x08, 0x41, 0x00,
    0x41, 0x00, 0x41, 0x08, 0x41, 0x08, 0x41, 0x08, 0x41, 0x08, 0x41, 0x08, 0x41, 0x08, 0x41, 0x08,
    0x41, 0x08, 0x41, 0x08, 0x41, 0x08, 0x41, 0x08, 0x41, 0x08, 0x41, 0x08, 0x41, 0x08, 0x41, 0x08,
    0x41, 0x08, 0x41, 0x08, 0x41, 0x08, 0x41, 0x08, 0x41, 0x08, 0x61, 0x08, 0x61, 0x08, 0x61, 0x08,
    0x61, 0x08, 0x61, 0x08, 0x61, 0x08, 0x61, 0x08, 0x41, 0x08, 0x41, 0x08, 0x61, 0x08, 0x41, 0x08,
    0x41, 0x08, 0x41, 0x08, 0x61, 0x08, 0x61, 0x08, 0x61, 0x08, 0x61, 0x08, 0x61, 0x08, 0x41, 0x08,
    0x61, 0x08, 0x61, 0x08, 0x61, 0x08, 0x61, 0x08, 0x41, 0x08, 0x61, 0x08, 0x61, 0x08, 0x61, 0x08,
    0x61, 0x08, 0x61, 0x08, 0x41, 0x08, 0x41, 0x08, 0x61, 0x08, 0x61, 0x08, 0x61, 0x08, 0x61, 0x08,
    0x61, 0x08, 0x61, 0x08, 0x61, 0x08, 0x61, 0x08, 0x61, 0x08, 0x61, 0x08, 0x61, 0x08, 0x61, 0x08,
    0x61, 0x08, 0x61, 0x08, 0x61, 0x08, 0x61, 0x08, 0x61, 0x08, 0x61, 0x08, 0x61, 0x08, 0x61, 0x08,
    0x41, 0x08, 0x61, 0x08, 0x61, 0x08, 0x61, 0x08, 0x61, 0x08, 0x61, 0x08, 0x61, 0x08, 0x61, 0x08,
    0x61, 0x08, 0x61, 0x08, 0x61, 0x08, 0x61, 0x08, 0x61, 0x08, 0x61, 0x08, 0x61, 0x08, 0x61, 0x08,
    0x61, 0x08, 0x61, 0x08, 0x61, 0x08, 0x61, 0x08, 0x61, 0x08, 0x61, 0x08, 0x41, 0x08, 0x41, 0x08,
    0x61, 0x08, 0x61, 0x08, 0x61, 0x08, 0x41, 0x08, 0x41, 0x08, 0x41, 0x08, 0x61, 0x08, 0x61, 0x08,
    0x61, 0x08, 0x61, 0x08, 0x61, 0x08, 0x61, 0x08, 0x61, 0x08, 0x61, 0x08, 0x61, 0x08, 0x61, 0x08,
    0x41, 0x08, 0x41, 0x08, 0x61, 0x08, 0x41, 0x08, 0x61, 0x08, 0x61, 0x08, 0x61, 0x08, 0x61, 0x08,
    0x61, 0x08, 0x61, 0x08, 0x61, 0x08, 0x61, 0x08, 0x61, 0x08, 0x61, 0x08, 0x61, 0x08, 0x61, 0x08,
    0x61, 0x08, 0x61, 0x08, 0x61, 0x08, 0x61, 0x08, 0x61, 0x08, 0x61, 0x08, 0x41, 0x08, 0x41, 0x08,
    0x41, 0x08, 0x41, 0x08, 0x41, 0x08, 0x40, 0x08, 0x46, 0x19, 0x20, 0x08, 0x41, 0x08, 0x41, 0x08,
    0x41, 0x08, 0x41, 0x08, 0x41, 0x08, 0x40, 0x08, 0x05, 0x11, 0x20, 0x08, 0x41, 0x08, 0x41, 0x08,
    0x41, 0x08, 0x41, 0x08, 0x41, 0x08, 0x41, 0x08, 0x41, 0x08, 0x41, 0x08, 0x41, 0x08, 0x41, 0x08,
    0x41, 0x08, 0x41, 0x08, 0x41, 0x08, 0x41, 0x08, 0x41, 0x08, 0x20, 0x00, 0xa3, 0x08, 0x41, 0x08,
    0x41, 0x00, 0x41, 0x08, 0x41, 0x00, 0x41, 0x08, 0x41, 0x08, 0x41, 0x08, 0x41, 0x08, 0x41, 0x08,
    0x41, 0x00, 0x21, 0x00, 0x21, 0x00, 0x20, 0x00, 0x00, 0x00, 0x00, 0x00, 0x20, 0x00, 0x20, 0x00,
    0x41, 0x00, 0x20, 0x00, 0x20, 0x00, 0x41, 0x08, 0x41, 0x00, 0x00, 0x00, 0x20, 0x00, 0x41, 0x00,
    0x00, 0x00, 0x00, 0x00, 0x21, 0x00, 0x00, 0x00, 0x00, 0x00, 0x00, 0x00, 0x20, 0x00, 0x00, 0x00,
    0x00, 0x00, 0x20, 0x00, 0x21, 0x00, 0x00, 0x00, 0x00, 0x00, 0x21, 0x00, 0x00, 0x00, 0x20, 0x00,
    0x00, 0x00, 0x00, 0x00, 0x20, 0x00, 0x20, 0x00, 0x20, 0x00, 0x21, 0x00, 0x21, 0x00, 0x21, 0x00,
    0x20, 0x00, 0x20, 0x00, 0x40, 0x00, 0xe4, 0x10, 0x20, 0x08, 0xe4, 0x08, 0x20, 0x00, 0x20, 0x00,
    0x20, 0x00, 0x21, 0x00, 0x20, 0x00, 0x20, 0x00, 0x21, 0x00, 0x21, 0x00, 0x41, 0x00, 0x41, 0x00,
    0x41, 0x08, 0x41, 0x08, 0x41, 0x08, 0x41, 0x08, 0x41, 0x08, 0x41, 0x08, 0x41, 0x08, 0x41, 0x00,
    0x21, 0x00, 0x21, 0x00, 0x41, 0x00, 0x41, 0x00, 0x21, 0x00, 0x21, 0x00, 0x21, 0x08, 0x21, 0x08,
    0x21, 0x08, 0x41, 0x08, 0x41, 0x08, 0x41, 0x08, 0x41, 0x08, 0x41, 0x08, 0x41, 0x08, 0x41, 0x08,
    0x41, 0x08, 0x41, 0x08, 0x41, 0x08, 0x41, 0x08, 0x41, 0x08, 0x41, 0x08, 0x41, 0x08, 0x21, 0x00,
    0x41, 0x08, 0x41, 0x08, 0x41, 0x08, 0x41, 0x08, 0x61, 0x08, 0x41, 0x08, 0x41, 0x08, 0x41, 0x08,
    0x41, 0x08, 0x41, 0x08, 0x41, 0x08, 0x41, 0x08, 0x61, 0x08, 0x61, 0x08, 0x61, 0x08, 0x61, 0x08,
    0x61, 0x08, 0x61, 0x08, 0x61, 0x08, 0x61, 0x08, 0x61, 0x08, 0x61, 0x08, 0x61, 0x08, 0x41, 0x08,
    0x41, 0x08, 0x61, 0x08, 0x61, 0x08, 0x61, 0x08, 0x61, 0x08, 0x61, 0x08, 0x61, 0x08, 0x61, 0x08,
    0x61, 0x08, 0x61, 0x08, 0x61, 0x08, 0x61, 0x08, 0x61, 0x08, 0x61, 0x08, 0x61, 0x08, 0x61, 0x08,
    0x61, 0x08, 0x61, 0x08, 0x41, 0x08, 0x41, 0x08, 0x41, 0x08, 0x61, 0x08, 0x61, 0x08, 0x61, 0x08,
    0x61, 0x08, 0x61, 0x08, 0x61, 0x08, 0x61, 0x08, 0x61, 0x08, 0x61, 0x08, 0x61, 0x08, 0x61, 0x08,
    0x61, 0x08, 0x61, 0x08, 0x61, 0x08, 0x61, 0x08, 0x61, 0x08, 0x61, 0x08, 0x61, 0x08, 0x41, 0x08,
    0x41, 0x08, 0x61, 0x08, 0x61, 0x08, 0x61, 0x08, 0x61, 0x08, 0x61, 0x08, 0x61, 0x08, 0x61, 0x08,
    0x61, 0x08, 0x61, 0x08, 0x61, 0x08, 0x61, 0x08, 0x61, 0x08, 0x61, 0x08, 0x61, 0x08, 0x61, 0x08,
    0x61, 0x08, 0x61, 0x08, 0x61, 0x08, 0x61, 0x08, 0x61, 0x08, 0x61, 0x08, 0x41, 0x08, 0x41, 0x08,
    0x61, 0x08, 0x61, 0x08, 0x61, 0x08, 0x61, 0x08, 0x41, 0x08, 0x41, 0x08, 0x61, 0x08, 0x61, 0x08,
    0x61, 0x08, 0x61, 0x08, 0x61, 0x08, 0x61, 0x08, 0x61, 0x08, 0x61, 0x08, 0x61, 0x08, 0x61, 0x08,
    0x41, 0x08, 0x61, 0x08, 0x61, 0x08, 0x41, 0x08, 0x61, 0x08, 0x61, 0x08, 0x61, 0x08, 0x61, 0x08,
    0x61, 0x08, 0x61, 0x08, 0x61, 0x08, 0x61, 0x08, 0x61, 0x08, 0x61, 0x08, 0x61, 0x08, 0x61, 0x08,
    0x41, 0x08, 0x41, 0x08, 0x61, 0x08, 0x61, 0x08, 0x61, 0x08, 0x41, 0x08, 0x41, 0x08, 0x41, 0x08,
    0x41, 0x08, 0x41, 0x08, 0x41, 0x08, 0x20, 0x08, 0x46, 0x19, 0x20, 0x08, 0x41, 0x08, 0x41, 0x08,
    0x41, 0x08, 0x41, 0x08, 0x41, 0x08, 0x40, 0x08, 0x05, 0x11, 0x40, 0x08, 0x41, 0x08, 0x41, 0x08,
    0x41, 0x08, 0x41, 0x08, 0x41, 0x08, 0x41, 0x08, 0x41, 0x08, 0x41, 0x08, 0x41, 0x08, 0x41, 0x08,
    0x41, 0x08, 0x41, 0x08, 0x41, 0x08, 0x41, 0x08, 0x41, 0x08, 0x40, 0x08, 0xc3, 0x08, 0x20, 0x00,
    0x41, 0x00, 0x41, 0x00, 0x41, 0x08, 0x41, 0x08, 0x41, 0x08, 0x41, 0x08, 0x41, 0x00, 0x41, 0x00,
    0x41, 0x00, 0x21, 0x00, 0x21, 0x00, 0x21, 0x00, 0x21, 0x00, 0x21, 0x00, 0x20, 0x00, 0x41, 0x00,
    0xa3, 0x08, 0x20, 0x00, 0x20, 0x00, 0xa3, 0x08, 0x62, 0x08, 0x00, 0x00, 0x41, 0x00, 0x82, 0x08,
    0x00, 0x00, 0x00, 0x00, 0x62, 0x00, 0x41, 0x00, 0x00, 0x00, 0x00, 0x00, 0x82, 0x08, 0x00, 0x00,
    0x00, 0x00, 0x62, 0x00, 0x62, 0x00, 0x00, 0x00, 0x00, 0x00, 0x82, 0x08, 0x20, 0x00, 0x20, 0x00,
    0x20, 0x00, 0x20, 0x00, 0x20, 0x00, 0x20, 0x00, 0x20, 0x00, 0x21, 0x00, 0x21, 0x00, 0x21, 0x00,
    0x20, 0x00, 0x20, 0x00, 0x41, 0x00, 0xe4, 0x10, 0x20, 0x08, 0xe4, 0x08, 0x21, 0x08, 0x62, 0x08,
    0x20, 0x00, 0x20, 0x00, 0x21, 0x00, 0x21, 0x00, 0x21, 0x00, 0x21, 0x00, 0x21, 0x00, 0x41, 0x00,
    0x41, 0x08, 0x41, 0x08, 0x41, 0x08, 0x41, 0x08, 0x41, 0x08, 0x41, 0x08, 0x41, 0x00, 0x21, 0x00,
    0x41, 0x00, 0x21, 0x00, 0x21, 0x00, 0x21, 0x00, 0x41, 0x08, 0x41, 0x08, 0x41, 0x08, 0x21, 0x00,
    0x41, 0x08, 0x41, 0x08, 0x41, 0x08, 0x41, 0x08, 0x41, 0x08, 0x41, 0x08, 0x41, 0x08, 0x41, 0x08,
    0x41, 0x08, 0x41, 0x08, 0x41, 0x08, 0x21, 0x08, 0x21, 0x08, 0x41, 0x08, 0x21, 0x00, 0x21, 0x00,
    0x41, 0x08, 0x41, 0x08, 0x41, 0x08, 0x41, 0x08, 0x41, 0x08, 0x41, 0x08, 0x41, 0x08, 0x41, 0x08,
    0x41, 0x08, 0x41, 0x08, 0x41, 0x08, 0x41, 0x08, 0x61, 0x08, 0x61, 0x08, 0x61, 0x08, 0x61, 0x08,
    0x61, 0x08, 0x61, 0x08, 0x61, 0x08, 0x61, 0x08, 0x61, 0x08, 0x61, 0x08, 0x61, 0x08, 0x61, 0x08,
    0x61, 0x08, 0x61, 0x08, 0x61, 0x08, 0x61, 0x08, 0x61, 0x08, 0x61, 0x08, 0x61, 0x08, 0x41, 0x08,
    0x61, 0x08, 0x61, 0x08, 0x61, 0x08, 0x61, 0x08, 0x61, 0x08, 0x61, 0x08, 0x61, 0x08, 0x61, 0x08,
    0x61, 0x08, 0x41, 0x08, 0x41, 0x08, 0x41, 0x08, 0x41, 0x08, 0x41, 0x08, 0x41, 0x08, 0x61, 0x08,
    0x61, 0x08, 0x61, 0x08, 0x61, 0x08, 0x61, 0x08, 0x61, 0x08, 0x61, 0x08, 0x61, 0x08, 0x61, 0x08,
    0x61, 0x08, 0x61, 0x08, 0x61, 0x08, 0x61, 0x08, 0x61, 0x08, 0x61, 0x08, 0x41, 0x08, 0x41, 0x08,
    0x61, 0x08, 0x61, 0x08, 0x61, 0x08, 0x61, 0x08, 0x61, 0x08, 0x61, 0x08, 0x61, 0x08, 0x61, 0x08,
    0x61, 0x08, 0x61, 0x08, 0x61, 0x08, 0x61, 0x08, 0x61, 0x08, 0x61, 0x08, 0x61, 0x08, 0x61, 0x08,
    0x61, 0x08, 0x61, 0x08, 0x61, 0x08, 0x61, 0x08, 0x61, 0x08, 0x61, 0x08, 0x41, 0x08, 0x41, 0x08,
    0x61, 0x08, 0x61, 0x08, 0x61, 0x08, 0x61, 0x08, 0x61, 0x08, 0x61, 0x08, 0x61, 0x08, 0x61, 0x08,
    0x61, 0x08, 0x61, 0x08, 0x61, 0x08, 0x61, 0x08, 0x61, 0x08, 0x41, 0x08, 0x61, 0x08, 0x61, 0x08,
    0x61, 0x08, 0x61, 0x08, 0x61, 0x08, 0x61, 0x08, 0x61, 0x08, 0x61, 0x08, 0x61, 0x08, 0x61, 0x08,
    0x61, 0x08, 0x61, 0x08, 0x61, 0x08, 0x61, 0x08, 0x61, 0x08, 0x61, 0x08, 0x61, 0x08, 0x41, 0x08,
    0x41, 0x08, 0x41, 0x08, 0x61, 0x08, 0x61, 0x08, 0x41, 0x08, 0x41, 0x08, 0x41, 0x08, 0x41, 0x08,
    0x41, 0x08, 0x41, 0x08, 0x41, 0x08, 0x20, 0x00, 0x45, 0x11, 0x20, 0x08, 0x41, 0x08, 0x41, 0x08,
    0x41, 0x08, 0x41, 0x08, 0x41, 0x08, 0x40, 0x08, 0x25, 0x11, 0x20, 0x08, 0x41, 0x08, 0x41, 0x08,
    0x41, 0x08, 0x41, 0x08, 0x41, 0x08, 0x41, 0x08, 0x41, 0x08, 0x41, 0x08, 0x41, 0x08, 0x41, 0x08,
    0x41, 0x08, 0x41, 0x08, 0x41, 0x08, 0x41, 0x08, 0x41, 0x08, 0x40, 0x08, 0xc3, 0x08, 0x20, 0x00,
    0x41, 0x00, 0x41, 0x08, 0x41, 0x08, 0x41, 0x08, 0x41, 0x08, 0x41, 0x00, 0x41, 0x00, 0x21, 0x00,
    0x21, 0x00, 0x41, 0x00, 0x21, 0x00, 0x21, 0x00, 0x21, 0x00, 0x21, 0x00, 0x20, 0x00, 0x41, 0x00,
    0x83, 0x08, 0x20, 0x00, 0x20, 0x00, 0x82, 0x08, 0x62, 0x08, 0x00, 0x00, 0x41, 0x00, 0x82, 0x08,
    0x00, 0x00, 0x00, 0x00, 0x62, 0x00, 0x21, 0x00, 0x00, 0x00, 0x00, 0x00, 0x83, 0x08, 0x00, 0x00,
    0x00, 0x00, 0x62, 0x00, 0x62, 0x08, 0x00, 0x00, 0x00, 0x00, 0xa3, 0x08, 0x20, 0x00, 0x00, 0x00,
    0x20, 0x00, 0x20, 0x00, 0x20, 0x00, 0x21, 0x00, 0x21, 0x00, 0x21, 0x00, 0x21, 0x00, 0x21, 0x00,
    0x21, 0x00, 0x21, 0x00, 0x41, 0x08, 0xe4, 0x10, 0x20, 0x08, 0xe4, 0x08, 0x20, 0x08, 0x41, 0x00,
    0x82, 0x08, 0x41, 0x00, 0x21, 0x00, 0x41, 0x00, 0x21, 0x00, 0x21, 0x00, 0x21, 0x00, 0x21, 0x00,
    0x41, 0x08, 0x41, 0x08, 0x41, 0x08, 0x41, 0x08, 0x41, 0x08, 0x41, 0x08, 0x41, 0x00, 0x21, 0x00,
    0x21, 0x00, 0x21, 0x00, 0x21, 0x00, 0x41, 0x08, 0x41, 0x08, 0x41, 0x08, 0x41, 0x08, 0x41, 0x08,
    0x41, 0x08, 0x41, 0x08, 0x41, 0x08, 0x41, 0x08, 0x41, 0x08, 0x41, 0x08, 0x41, 0x08, 0x41, 0x08,
    0x41, 0x08, 0x41, 0x08, 0x41, 0x08, 0x21, 0x08, 0x21, 0x08, 0x21, 0x08, 0x21, 0x08, 0x20, 0x00,
    0x41, 0x08, 0x41, 0x08, 0x41, 0x08, 0x41, 0x08, 0x41, 0x08, 0x41, 0x08, 0x41, 0x08, 0x41, 0x08,
    0x41, 0x08, 0x41, 0x08, 0x41, 0x08, 0x41, 0x08, 0x41, 0x08, 0x61, 0x08, 0x61, 0x08, 0x61, 0x08,
    0x61, 0x08, 0x61, 0x08, 0x61, 0x08, 0x61, 0x08, 0x41, 0x08, 0x41, 0x08, 0x41, 0x08, 0x61, 0x08,
    0x61, 0x08, 0x41, 0x08, 0x41, 0x08, 0x41, 0x08, 0x41, 0x08, 0x41, 0x08, 0x41, 0x08, 0x61, 0x08,
    0x61, 0x08, 0x61, 0x08, 0x61, 0x08, 0x61, 0x08, 0x61, 0x08, 0x61, 0x08, 0x61, 0x08, 0x61, 0x08,
    0x41, 0x08, 0x41, 0x08, 0x41, 0x08, 0x41, 0x08, 0x41, 0x08, 0x41, 0x08, 0x41, 0x08, 0x61, 0x08,
    0x61, 0x08, 0x61, 0x08, 0x61, 0x08, 0x61, 0x08, 0x61, 0x08, 0x61, 0x08, 0x61, 0x08, 0x61, 0x08,
    0x61, 0x08, 0x61, 0x08, 0x61, 0x08, 0x61, 0x08, 0x61, 0x08, 0x61, 0x08, 0x41, 0x08, 0x61, 0x08,
    0x61, 0x08, 0x61, 0x08, 0x61, 0x08, 0x61, 0x08, 0x61, 0x08, 0x61, 0x08, 0x61, 0x08, 0x61, 0x08,
    0x61, 0x08, 0x61, 0x08, 0x61, 0x08, 0x61, 0x08, 0x61, 0x08, 0x61, 0x08, 0x61, 0x08, 0x61, 0x08,
    0x61, 0x08, 0x61, 0x08, 0x61, 0x08, 0x61, 0x08, 0x61, 0x08, 0x61, 0x08, 0x61, 0x08, 0x61, 0x08,
    0x61, 0x08, 0x61, 0x08, 0x61, 0x08, 0x61, 0x08, 0x61, 0x08, 0x61, 0x08, 0x61, 0x08, 0x61, 0x08,
    0x61, 0x08, 0x61, 0x08, 0x61, 0x08, 0x41, 0x08, 0x61, 0x08, 0x61, 0x08, 0x41, 0x08, 0x41, 0x08,
    0x61, 0x08, 0x61, 0x08, 0x61, 0x08, 0x61, 0x08, 0x61, 0x08, 0x61, 0x08, 0x61, 0x08, 0x61, 0x08,
    0x61, 0x08, 0x61, 0x08, 0x61, 0x08, 0x61, 0x08, 0x61, 0x08, 0x61, 0x08, 0x61, 0x08, 0x41, 0x08,
    0x41, 0x08, 0x41, 0x08, 0x61, 0x08, 0x61, 0x08, 0x61, 0x08, 0x41, 0x08, 0x41, 0x08, 0x41, 0x08,
    0x41, 0x08, 0x41, 0x08, 0x41, 0x08, 0x20, 0x08, 0x25, 0x11, 0x20, 0x08, 0x41, 0x08, 0x41, 0x08,
    0x41, 0x08, 0x41, 0x08, 0x41, 0x08, 0x41, 0x08, 0x25, 0x11, 0x20, 0x08, 0x41, 0x08, 0x41, 0x08,
    0x41, 0x08, 0x41, 0x08, 0x41, 0x08, 0x41, 0x08, 0x41, 0x08, 0x41, 0x08, 0x41, 0x08, 0x41, 0x08,
    0x41, 0x08, 0x41, 0x08, 0x41, 0x08, 0x41, 0x08, 0x41, 0x08, 0x20, 0x08, 0xc3, 0x08, 0x20, 0x08,
    0x41, 0x08, 0x41, 0x08, 0x41, 0x08, 0x41, 0x08, 0x62, 0x08, 0x41, 0x08, 0x41, 0x00, 0x21, 0x00,
    0x21, 0x00, 0x41, 0x08, 0x41, 0x00, 0x41, 0x00, 0x41, 0x00, 0x41, 0x00, 0x20, 0x00, 0x61, 0x00,
    0x83, 0x08, 0x20, 0x00, 0x00, 0x00, 0x82, 0x08, 0x62, 0x08, 0x00, 0x00, 0x41, 0x00, 0x83, 0x08,
    0x00, 0x00, 0x00, 0x00, 0x62, 0x00, 0x41, 0x00, 0x00, 0x00, 0x00, 0x00, 0xa3, 0x08, 0x00, 0x00,
    0x00, 0x00, 0x62, 0x08, 0x62, 0x08, 0x00, 0x00, 0x20, 0x00, 0xa3, 0x08, 0x21, 0x00, 0x20, 0x00,
    0x20, 0x00, 0x21, 0x00, 0x21, 0x00, 0x21, 0x00, 0x21, 0x00, 0x21, 0x00, 0x21, 0x00, 0x21, 0x00,
    0x21, 0x00, 0x20, 0x00, 0x40, 0x00, 0xe4, 0x08, 0x20, 0x08, 0xe4, 0x08, 0x21, 0x08, 0x21, 0x00,
    0x21, 0x00, 0x82, 0x08, 0x41, 0x00, 0x21, 0x08, 0x41, 0x00, 0x21, 0x00, 0x21, 0x00, 0x21, 0x00,
    0x41, 0x00, 0x41, 0x08, 0x41, 0x08, 0x41, 0x08, 0x41, 0x08, 0x41, 0x08, 0x41, 0x08, 0x21, 0x00,
    0x21, 0x00, 0x21, 0x00, 0x21, 0x00, 0x21, 0x00, 0x41, 0x08, 0x41, 0x08, 0x41, 0x08, 0x41, 0x08,
    0x40, 0x08, 0x40, 0x08, 0x41, 0x08, 0x41, 0x08, 0x41, 0x08, 0x41, 0x08, 0x41, 0x08, 0x41, 0x08,
    0x41, 0x08, 0x41, 0x08, 0x41, 0x08, 0x41, 0x08, 0x41, 0x08, 0x41, 0x08, 0x41, 0x08, 0x40, 0x08,
    0x41, 0x08, 0x41, 0x08, 0x41, 0x08, 0x41, 0x08, 0x41, 0x08, 0x41, 0x08, 0x41, 0x08, 0x41, 0x08,
    0x41, 0x08, 0x41, 0x08, 0x41, 0x08, 0x41, 0x08, 0x41, 0x08, 0x41, 0x08, 0x41, 0x08, 0x41, 0x08,
    0x41, 0x08, 0x61, 0x08, 0x41, 0x08, 0x41, 0x08, 0x41, 0x08, 0x41, 0x08, 0x41, 0x08, 0x41, 0x08,
    0x41, 0x08, 0x41, 0x08, 0x61, 0x08, 0x41, 0x08, 0x61, 0x08, 0x61, 0x08, 0x41, 0x08, 0x61, 0x08,
    0x61, 0x08, 0x61, 0x08, 0x61, 0x08, 0x61, 0x08, 0x61, 0x08, 0x61, 0x08, 0x61, 0x08, 0x61, 0x08,
    0x41, 0x08, 0x41, 0x08, 0x41, 0x08, 0x41, 0x08, 0x41, 0x08, 0x41, 0x08, 0x41, 0x08, 0x41, 0x08,
    0x41, 0x08, 0x41, 0x08, 0x41, 0x08, 0x41, 0x08, 0x61, 0x08, 0x41, 0x08, 0x61, 0x08, 0x61, 0x08,
    0x61, 0x08, 0x61, 0x08, 0x61, 0x08, 0x61, 0x08, 0x61, 0x08, 0x42, 0x08, 0x41, 0x08, 0x61, 0x08,
    0x61, 0x08, 0x41, 0x08, 0x61, 0x08, 0x61, 0x08, 0x61, 0x08, 0x61, 0x08, 0x61, 0x08, 0x61, 0x08,
    0x61, 0x08, 0x61, 0x08, 0x61, 0x08, 0x61, 0x08, 0x61, 0x08, 0x61, 0x08, 0x61, 0x08, 0x61, 0x08,
    0x61, 0x08, 0x61, 0x08, 0x61, 0x08, 0x61, 0x08, 0x61, 0x08, 0x61, 0x08, 0x61, 0x08, 0x61, 0x08,
    0x61, 0x08, 0x61, 0x08, 0x61, 0x08, 0x61, 0x08, 0x61, 0x08, 0x61, 0x08, 0x61, 0x08, 0x61, 0x08,
    0x61, 0x08, 0x61, 0x08, 0x41, 0x08, 0x41, 0x08, 0x41, 0x08, 0x41, 0x08, 0x41, 0x08, 0x41, 0x08,
    0x41, 0x08, 0x61, 0x08, 0x61, 0x08, 0x61, 0x08, 0x61, 0x08, 0x61, 0x08, 0x61, 0x08, 0x61, 0x08,
    0x61, 0x08, 0x61, 0x08, 0x61, 0x08, 0x61, 0x08, 0x61, 0x08, 0x61, 0x08, 0x61, 0x08, 0x61, 0x08,
    0x61, 0x08, 0x61, 0x08, 0x61, 0x08, 0x61, 0x08, 0x41, 0x08, 0x41, 0x08, 0x41, 0x08, 0x41, 0x08,
    0x41, 0x08, 0x41, 0x08, 0x41, 0x08, 0x20, 0x00, 0x25, 0x11, 0x20, 0x08, 0x41, 0x08, 0x41, 0x08,
    0x41, 0x08, 0x41, 0x08, 0x41, 0x08, 0x41, 0x08, 0x26, 0x11, 0x20, 0x08, 0x41, 0x08, 0x41, 0x08,
    0x41, 0x08, 0x41, 0x08, 0x41, 0x08, 0x41, 0x08, 0x41, 0x08, 0x41, 0x08, 0x41, 0x08, 0x41, 0x08,
    0x41, 0x08, 0x41, 0x08, 0x41, 0x08, 0x41, 0x08, 0x20, 0x08, 0x62, 0x08, 0xa3, 0x08, 0x41, 0x08,
    0x41, 0x08, 0x41, 0x08, 0x41, 0x08, 0x62, 0x08, 0x62, 0x08, 0x41, 0x08, 0x41, 0x00, 0x41, 0x00,
    0x41, 0x08, 0x41, 0x08, 0x41, 0x08, 0x41, 0x08, 0x41, 0x08, 0x21, 0x08, 0x62, 0x08, 0xa3, 0x08,
    0x21, 0x00, 0x41, 0x00, 0x00, 0x00, 0x82, 0x08, 0x82, 0x08, 0x20, 0x00, 0x41, 0x00, 0x83, 0x08,
    0x20, 0x00, 0x20, 0x00, 0x82, 0x00, 0x41, 0x00, 0x20, 0x00, 0x20, 0x00, 0xa3, 0x08, 0x20, 0x00,
    0x00, 0x00, 0x82, 0x08, 0x82, 0x08, 0x20, 0x00, 0x20, 0x00, 0xc3, 0x08, 0x20, 0x08, 0x21, 0x00,
    0x21, 0x00, 0x21, 0x00, 0x21, 0x00, 0x21, 0x00, 0x21, 0x00, 0x21, 0x00, 0x21, 0x00, 0x21, 0x00,
    0x20, 0x00, 0x41, 0x08, 0xa3, 0x08, 0xc3, 0x08, 0x20, 0x08, 0xc4, 0x08, 0x20, 0x00, 0x21, 0x00,
    0x20, 0x00, 0x61, 0x00, 0x82, 0x08, 0x20, 0x00, 0x41, 0x00, 0x41, 0x00, 0x41, 0x00, 0x41, 0x00,
    0x40, 0x00, 0x41, 0x00, 0x41, 0x08, 0x41, 0x08, 0x41, 0x08, 0x41, 0x08, 0x41, 0x08, 0x41, 0x08,
    0x21, 0x00, 0x21, 0x00, 0x21, 0x00, 0x21, 0x00, 0x41, 0x00, 0x41, 0x00, 0x41, 0x08, 0x41, 0x08,
    0x41, 0x08, 0x41, 0x08, 0x41, 0x08, 0x41, 0x08, 0x41, 0x08, 0x41, 0x08, 0x41, 0x08, 0x41, 0x08,
    0x41, 0x08, 0x41, 0x08, 0x41, 0x08, 0x41, 0x08, 0x41, 0x08, 0x41, 0x08, 0x41, 0x08, 0x20, 0x00,
    0x41, 0x08, 0x41, 0x08, 0x41, 0x08, 0x21, 0x08, 0x41, 0x08, 0x41, 0x08, 0x41, 0x08, 0x41, 0x08,
    0x41, 0x08, 0x41, 0x08, 0x41, 0x08, 0x41, 0x08, 0x41, 0x08, 0x41, 0x08, 0x41, 0x08, 0x41, 0x08,
    0x41, 0x08, 0x41, 0x08, 0x41, 0x08, 0x41, 0x08, 0x41, 0x08, 0x41, 0x08, 0x41, 0x08, 0x41, 0x08,
    0x41, 0x08, 0x61, 0x08, 0x41, 0x08, 0x61, 0x08, 0x61, 0x08, 0x61, 0x08, 0x61, 0x08, 0x61, 0x08,
    0x61, 0x08, 0x61, 0x08, 0x61, 0x08, 0x61, 0x08, 0x61, 0x08, 0x61, 0x08, 0x61, 0x08, 0x61, 0x08,
    0x41, 0x08, 0x41, 0x08, 0x41, 0x08, 0x41, 0x08, 0x41, 0x08, 0x41, 0x08, 0x41, 0x08, 0x41, 0x08,
    0x41, 0x08, 0x41, 0x08, 0x41, 0x08, 0x41, 0x08, 0x61, 0x08, 0x61, 0x08, 0x61, 0x08, 0x61, 0x08,
    0x61, 0x08, 0x61, 0x08, 0x61, 0x08, 0x42, 0x08, 0x42, 0x08, 0x42, 0x08, 0x42, 0x08, 0x42, 0x08,
    0x42, 0x08, 0x42, 0x08, 0x42, 0x08, 0x41, 0x08, 0x41, 0x08, 0x61, 0x08, 0x61, 0x08, 0x61, 0x08,
    0x61, 0x08, 0x61, 0x08, 0x61, 0x08, 0x61, 0x08, 0x61, 0x08, 0x61, 0x08, 0x61, 0x08, 0x61, 0x08,
    0x61, 0x08, 0x61, 0x08, 0x41, 0x08, 0x41, 0x08, 0x61, 0x08, 0x61, 0x08, 0x61, 0x08, 0x61, 0x08,
    0x61, 0x08, 0x61, 0x08, 0x61, 0x08, 0x61, 0x08, 0x61, 0x08, 0x61, 0x08, 0x61, 0x08, 0x61, 0x08,
    0x61, 0x08, 0x61, 0x08, 0x41, 0x08, 0x61, 0x08, 0x41, 0x08, 0x41, 0x08, 0x41, 0x08, 0x41, 0x08,
    0x41, 0x08, 0x41, 0x08, 0x61, 0x08, 0x61, 0x08, 0x61, 0x08, 0x61, 0x08, 0x61, 0x08, 0x61, 0x08,
    0x61, 0x08, 0x61, 0x08, 0x61, 0x08, 0x61, 0x08, 0x61, 0x08, 0x61, 0x08, 0x61, 0x08, 0x61, 0x08,
    0x61, 0x08, 0x61, 0x08, 0x61, 0x08, 0x61, 0x08, 0x41, 0x08, 0x41, 0x08, 0x41, 0x08, 0x41, 0x08,
    0x41, 0x08, 0x41, 0x08, 0x21, 0x08, 0xa2, 0x08, 0x05, 0x11, 0x82, 0x08, 0x41, 0x08, 0x41, 0x08,
    0x41, 0x08, 0x41, 0x08, 0x41, 0x08, 0x41, 0x08, 0x25, 0x11, 0x20, 0x08, 0x41, 0x08, 0x41, 0x08,
    0x41, 0x08, 0x41, 0x08, 0x41, 0x08, 0x41, 0x08, 0x41, 0x08, 0x41, 0x08, 0x41, 0x08, 0x41, 0x08,
    0x41, 0x08, 0x41, 0x08, 0x41, 0x08, 0x40, 0x08, 0x62, 0x08, 0xa3, 0x08, 0x41, 0x08, 0x41, 0x08,
    0x41, 0x08, 0x41, 0x08, 0x62, 0x08, 0x61, 0x08, 0x41, 0x08, 0x41, 0x08, 0x41, 0x00, 0x41, 0x00,
    0x41, 0x08, 0x41, 0x08, 0x41, 0x08, 0x41, 0x08, 0x20, 0x08, 0x62, 0x08, 0xa3, 0x08, 0x21, 0x00,
    0x21, 0x00, 0x41, 0x00, 0x00, 0x00, 0x82, 0x08, 0x82, 0x08, 0x20, 0x00, 0x41, 0x08, 0xa3, 0x08,
    0x20, 0x00, 0x20, 0x00, 0x82, 0x00, 0x41, 0x00, 0x20, 0x00, 0x20, 0x00, 0xc4, 0x08, 0x20, 0x00,
    0x20, 0x00, 0x82, 0x08, 0x83, 0x08, 0x20, 0x00, 0x20, 0x00, 0xa3, 0x08, 0x82, 0x08, 0x20, 0x00,
    0x41, 0x00, 0x21, 0x00, 0x21, 0x00, 0x21, 0x00, 0x21, 0x00, 0x21, 0x00, 0x40, 0x00, 0x21, 0x00,
    0x20, 0x00, 0xc3, 0x08, 0xa2, 0x08, 0xa3, 0x08, 0x62, 0x08, 0xa3, 0x08, 0x20, 0x00, 0x21, 0x00,
    0x20, 0x00, 0x62, 0x08, 0x82, 0x08, 0x20, 0x00, 0x41, 0x00, 0x41, 0x00, 0x41, 0x00, 0x41, 0x00,
    0x40, 0x00, 0x41, 0x08, 0x41, 0x08, 0x41, 0x08, 0x41, 0x08, 0x41, 0x08, 0x41, 0x08, 0x41, 0x08,
    0x41, 0x00, 0x41, 0x00, 0x21, 0x00, 0x21, 0x00, 0x21, 0x00, 0x41, 0x00, 0x41, 0x00, 0x41, 0x08,
    0x41, 0x08, 0x41, 0x08, 0x41, 0x08, 0x41, 0x08, 0x41, 0x08, 0x41, 0x08, 0x41, 0x00, 0x41, 0x00,
    0x41, 0x08, 0x41, 0x08, 0x41, 0x08, 0x41, 0x08, 0x41, 0x08, 0x41, 0x08, 0x41, 0x08, 0x40, 0x08,
    0x41, 0x08, 0x41, 0x08, 0x41, 0x08, 0x21, 0x08, 0x41, 0x08, 0x41, 0x08, 0x41, 0x08, 0x41, 0x08,
    0x41, 0x08, 0x41, 0x08, 0x41, 0x08, 0x41, 0x08, 0x41, 0x08, 0x41, 0x08, 0x41, 0x08, 0x41, 0x08,
    0x41, 0x08, 0x41, 0x08, 0x41, 0x08, 0x41, 0x08, 0x41, 0x08, 0x41, 0x08, 0x41, 0x08, 0x41, 0x08,
    0x41, 0x08, 0x41, 0x08, 0x41, 0x08, 0x61, 0x08, 0x61, 0x08, 0x61, 0x08, 0x61, 0x08, 0x41, 0x08,
    0x61, 0x08, 0x41, 0x08, 0x61, 0x08, 0x61, 0x08, 0x61, 0x08, 0x61, 0x08, 0x61, 0x08, 0x61, 0x08,
    0x61, 0x08, 0x41, 0x08, 0x41, 0x08, 0x41, 0x08, 0x41, 0x08, 0x41, 0x08, 0x41, 0x08, 0x41, 0x08,
    0x41, 0x08, 0x61, 0x08, 0x41, 0x08, 0x61, 0x08, 0x61, 0x08, 0x61, 0x08, 0x61, 0x08, 0x61, 0x08,
    0x61, 0x08, 0x61, 0x08, 0x61, 0x08, 0x61, 0x08, 0x42, 0x08, 0x42, 0x08, 0x42, 0x08, 0x42, 0x08,
    0x42, 0x08, 0x42, 0x08, 0x42, 0x08, 0x41, 0x08, 0x41, 0x08, 0x61, 0x08, 0x61, 0x08, 0x61, 0x08,
    0x61, 0x08, 0x61, 0x08, 0x61, 0x08, 0x61, 0x08, 0x61, 0x08, 0x61, 0x08, 0x61, 0x08, 0x61, 0x08,
    0x61, 0x08, 0x61, 0x08, 0x41, 0x08, 0x61, 0x08, 0x61, 0x08, 0x61, 0x08, 0x61, 0x08, 0x61, 0x08,
    0x61, 0x08, 0x61, 0x08, 0x61, 0x08, 0x61, 0x08, 0x61, 0x08, 0x61, 0x08, 0x61, 0x08, 0x61, 0x08,
    0x61, 0x08, 0x61, 0x08, 0x61, 0x08, 0x61, 0x08, 0x61, 0x08, 0x61, 0x08, 0x41, 0x08, 0x41, 0x08,
    0x61, 0x08, 0x41, 0x08, 0x61, 0x08, 0x61, 0x08, 0x61, 0x08, 0x61, 0x08, 0x61, 0x08, 0x61, 0x08,
    0x61, 0x08, 0x61, 0x08, 0x41, 0x08, 0x41, 0x08, 0x61, 0x08, 0x61, 0x08, 0x61, 0x08, 0x61, 0x08,
    0x61, 0x08, 0x61, 0x08, 0x41, 0x08, 0x41, 0x08, 0x41, 0x08, 0x41, 0x08, 0x41, 0x08, 0x41, 0x08,
    0x41, 0x08, 0x20, 0x08, 0x82, 0x08, 0xc3, 0x10, 0x41, 0x08, 0xa3, 0x08, 0x82, 0x08, 0x40, 0x08,
    0x41, 0x08, 0x41, 0x08, 0x41, 0x08, 0x40, 0x08, 0x25, 0x11, 0x20, 0x08, 0x41, 0x08, 0x41, 0x08,
    0x41, 0x08, 0x41, 0x08, 0x41, 0x08, 0x41, 0x08, 0x41, 0x08, 0x41, 0x08, 0x41, 0x08, 0x41, 0x08,
    0x41, 0x08, 0x41, 0x08, 0x40, 0x08, 0x62, 0x08, 0xa3, 0x08, 0x41, 0x08, 0x41, 0x08, 0x41, 0x08,
    0x41, 0x08, 0x61, 0x00, 0x41, 0x08, 0x41, 0x08, 0x41, 0x08, 0x41, 0x08, 0x41, 0x08, 0x41, 0x08,
    0x41, 0x08, 0x41, 0x08, 0x41, 0x08, 0x20, 0x00, 0x62, 0x08, 0xa3, 0x08, 0x20, 0x00, 0x21, 0x00,
    0x41, 0x00, 0x21, 0x00, 0x41, 0x00, 0x83, 0x08, 0x41, 0x08, 0x41, 0x08, 0x41, 0x08, 0xa3, 0x08,
    0x20, 0x00, 0x20, 0x00, 0x82, 0x00, 0x41, 0x08, 0x21, 0x00, 0x20, 0x00, 0xe4, 0x08, 0x20, 0x00,
    0x20, 0x00, 0x82, 0x08, 0x83, 0x08, 0x20, 0x00, 0x41, 0x08, 0x20, 0x00, 0xa3, 0x08, 0x82, 0x08,
    0x00, 0x00, 0x21, 0x00, 0x21, 0x00, 0x21, 0x00, 0x20, 0x00, 0x41, 0x00, 0x40, 0x00, 0x41, 0x00,
    0x20, 0x00, 0x82, 0x08, 0xa3, 0x08, 0xa3, 0x08, 0x41, 0x00, 0xa3, 0x08, 0x20, 0x00, 0x21, 0x00,
    0x20, 0x00, 0x62, 0x08, 0x82, 0x08, 0x20, 0x00, 0x41, 0x00, 0x21, 0x00, 0x41, 0x00, 0x41, 0x00,
    0x40, 0x00, 0x40, 0x08, 0x41, 0x08, 0x41, 0x00, 0x41, 0x08, 0x41, 0x08, 0x41, 0x08, 0x41, 0x08,
    0x41, 0x08, 0x41, 0x08, 0x41, 0x08, 0x21, 0x00, 0x21, 0x00, 0x41, 0x00, 0x41, 0x00, 0x41, 0x08,
    0x41, 0x08, 0x41, 0x08, 0x41, 0x08, 0x41, 0x08, 0x41, 0x08, 0x21, 0x00, 0x41, 0x00, 0x41, 0x00,
    0x41, 0x08, 0x41, 0x08, 0x41, 0x08, 0x21, 0x00, 0x41, 0x08, 0x41, 0x08, 0x41, 0x08, 0x41, 0x08,
    0x41, 0x08, 0x41, 0x08, 0x41, 0x08, 0x41, 0x08, 0x41, 0x08, 0x41, 0x08, 0x41, 0x08, 0x41, 0x08,
    0x41, 0x08, 0x41, 0x08, 0x41, 0x08, 0x41, 0x08, 0x41, 0x08, 0x41, 0x08, 0x41, 0x08, 0x41, 0x08,
    0x41, 0x08, 0x41, 0x08, 0x41, 0x08, 0x41, 0x08, 0x41, 0x08, 0x41, 0x08, 0x41, 0x08, 0x41, 0x08,
    0x41, 0x08, 0x41, 0x08, 0x41, 0x08, 0x61, 0x08, 0x61, 0x08, 0x61, 0x08, 0x61, 0x08, 0x41, 0x08,
    0x41, 0x08, 0x41, 0x08, 0x61, 0x08, 0x61, 0x08, 0x61, 0x08, 0x61, 0x08, 0x61, 0x08, 0x61, 0x08,
    0x61, 0x08, 0x61, 0x08, 0x41, 0x08, 0x41, 0x08, 0x41, 0x08, 0x41, 0x08, 0x41, 0x08, 0x61, 0x08,
    0x61, 0x08, 0x61, 0x08, 0x41, 0x08, 0x61, 0x08, 0x61, 0x08, 0x61, 0x08, 0x61, 0x08, 0x61, 0x08,
    0x61, 0x08, 0x61, 0x08, 0x61, 0x08, 0x41, 0x08, 0x61, 0x08, 0x61, 0x08, 0x61, 0x08, 0x42, 0x08,
    0x42, 0x08, 0x42, 0x08, 0x41, 0x08, 0x41, 0x08, 0x41, 0x08, 0x41, 0x08, 0x61, 0x08, 0x61, 0x08,
    0x61, 0x08, 0x61, 0x08, 0x61, 0x08, 0x61, 0x08, 0x61, 0x08, 0x61, 0x08, 0x61, 0x08, 0x61, 0x08,
    0x61, 0x08, 0x61, 0x08, 0x61, 0x08, 0x61, 0x08, 0x61, 0x08, 0x61, 0x08, 0x61, 0x08, 0x61, 0x08,
    0x61, 0x08, 0x61, 0x08, 0x61, 0x08, 0x61, 0x08, 0x61, 0x08, 0x61, 0x08, 0x61, 0x08, 0x61, 0x08,
    0x61, 0x08, 0x61, 0x08, 0x61, 0x08, 0x61, 0x08, 0x61, 0x08, 0x61, 0x08, 0x41, 0x08, 0x41, 0x08,
    0x41, 0x08, 0x61, 0x08, 0x61, 0x08, 0x61, 0x08, 0x61, 0x08, 0x61, 0x08, 0x61, 0x08, 0x61, 0x08,
    0x61, 0x08, 0x61, 0x08, 0x41, 0x08, 0x41, 0x08, 0x41, 0x08, 0x61, 0x08, 0x61, 0x08, 0x61, 0x08,
    0x61, 0x08, 0x61, 0x08, 0x61, 0x08, 0x41, 0x08, 0x41, 0x08, 0x41, 0x08, 0x41, 0x08, 0x41, 0x08,
    0x41, 0x08, 0x20, 0x08, 0x83, 0x08, 0xa3, 0x08, 0x41, 0x08, 0xa3, 0x08, 0x82, 0x08, 0x20, 0x08,
    0x41, 0x08, 0x41, 0x08, 0x41, 0x08, 0x20, 0x08, 0x05, 0x11, 0x20, 0x08, 0x41, 0x08, 0x41, 0x08,
    0x41, 0x08, 0x41, 0x08, 0x41, 0x08, 0x41, 0x08, 0x41, 0x08, 0x41, 0x08, 0x41, 0x08, 0x41, 0x08,
    0x41, 0x08, 0x21, 0x08, 0x62, 0x08, 0xa3, 0x08, 0x41, 0x08, 0x41, 0x08, 0x41, 0x08, 0x41, 0x08,
    0x41, 0x08, 0x41, 0x08, 0x41, 0x08, 0x41, 0x08, 0x41, 0x08, 0x41, 0x08, 0x41, 0x08, 0x41, 0x08,
    0x41, 0x08, 0x41, 0x08, 0x20, 0x00, 0x62, 0x08, 0xa3, 0x08, 0x20, 0x08, 0x21, 0x00, 0x41, 0x08,
    0x21, 0x00, 0x41, 0x00, 0xa3, 0x08, 0x41, 0x08, 0x41, 0x08, 0x41, 0x08, 0x41, 0x08, 0xa3, 0x08,
    0x20, 0x00, 0x20, 0x00, 0x82, 0x00, 0x41, 0x00, 0x20, 0x00, 0x20, 0x00, 0xe4, 0x10, 0x20, 0x00,
    0x20, 0x00, 0xa3, 0x08, 0x83, 0x08, 0x00, 0x00, 0x41, 0x00, 0x41, 0x00, 0x00, 0x00, 0xa3, 0x08,
    0x62, 0x08, 0x00, 0x00, 0x41, 0x00, 0x21, 0x00, 0x41, 0x00, 0x41, 0x00, 0x41, 0x00, 0x41, 0x00,
    0x41, 0x08, 0x20, 0x00, 0x62, 0x08, 0x62, 0x08, 0x00, 0x00, 0xc3, 0x08, 0x20, 0x00, 0x21, 0x00,
    0x20, 0x00, 0x62, 0x08, 0xa3, 0x08, 0x20, 0x00, 0x41, 0x00, 0x21, 0x00, 0x21, 0x00, 0x41, 0x00,
    0x41, 0x00, 0x41, 0x08, 0x41, 0x08, 0x41, 0x08, 0x41, 0x08, 0x41, 0x08, 0x41, 0x08, 0x41, 0x08,
    0x41, 0x08, 0x41, 0x08, 0x41, 0x08, 0x41, 0x08, 0x41, 0x08, 0x41, 0x08, 0x41, 0x08, 0x41, 0x08,
    0x41, 0x00, 0x41, 0x08, 0x41, 0x08, 0x41, 0x08, 0x41, 0x08, 0x41, 0x00, 0x41, 0x00, 0x41, 0x08,
    0x41, 0x08, 0x41, 0x00, 0x21, 0x00, 0x21, 0x00, 0x21, 0x00, 0x41, 0x08, 0x41, 0x08, 0x41, 0x08,
    0x41, 0x08, 0x41, 0x08, 0x41, 0x08, 0x41, 0x08, 0x41, 0x08, 0x41, 0x08, 0x41, 0x08, 0x41, 0x08,
    0x61, 0x08, 0x61, 0x08, 0x61, 0x08, 0x41, 0x08, 0x41, 0x08, 0x41, 0x08, 0x41, 0x08, 0x41, 0x08,
    0x41, 0x08, 0x61, 0x08, 0x61, 0x08, 0x61, 0x08, 0x61, 0x08, 0x61, 0x08, 0x61, 0x08, 0x41, 0x08,
    0x41, 0x08, 0x41, 0x08, 0x41, 0x08, 0x41, 0x08, 0x41, 0x08, 0x41, 0x08, 0x41, 0x08, 0x41, 0x08,
    0x41, 0x08, 0x61, 0x08, 0x61, 0x08, 0x61, 0x08, 0x61, 0x08, 0x61, 0x08, 0x61, 0x08, 0x61, 0x08,
    0x61, 0x08, 0x61, 0x08, 0x41, 0x08, 0x41, 0x08, 0x41, 0x08, 0x41, 0x08, 0x61, 0x08, 0x61, 0x08,
    0x61, 0x08, 0x61, 0x08, 0x61, 0x08, 0x61, 0x08, 0x61, 0x08, 0x61, 0x08, 0x61, 0x08, 0x61, 0x08,
    0x61, 0x08, 0x61, 0x08, 0x41, 0x08, 0x41, 0x08, 0x41, 0x08, 0x61, 0x08, 0x61, 0x08, 0x41, 0x08,
    0x41, 0x08, 0x42, 0x08, 0x41, 0x08, 0x41, 0x08, 0x41, 0x08, 0x41, 0x08, 0x41, 0x08, 0x41, 0x08,
    0x61, 0x08, 0x61, 0x08, 0x61, 0x08, 0x61, 0x08, 0x61, 0x08, 0x61, 0x08, 0x61, 0x08, 0x61, 0x08,
    0x61, 0x08, 0x61, 0x08, 0x61, 0x08, 0x61, 0x08, 0x61, 0x08, 0x61, 0x08, 0x61, 0x08, 0x61, 0x08,
    0x61, 0x08, 0x61, 0x08, 0x61, 0x08, 0x61, 0x08, 0x61, 0x08, 0x61, 0x08, 0x61, 0x08, 0x61, 0x08,
    0x61, 0x08, 0x61, 0x08, 0x61, 0x08, 0x61, 0x08, 0x61, 0x08, 0x61, 0x08, 0x41, 0x08, 0x41, 0x08,
    0x41, 0x08, 0x61, 0x08, 0x61, 0x08, 0x61, 0x08, 0x61, 0x08, 0x61, 0x08, 0x41, 0x08, 0x61, 0x08,
    0x61, 0x08, 0x61, 0x08, 0x41, 0x08, 0x41, 0x08, 0x41, 0x08, 0x61, 0x08, 0x61, 0x08, 0x61, 0x08,
    0x61, 0x08, 0x61, 0x08, 0x61, 0x08, 0x41, 0x08, 0x41, 0x08, 0x41, 0x08, 0x41, 0x08, 0x41, 0x08,
    0x41, 0x08, 0x41, 0x08, 0x41, 0x08, 0xc3, 0x10, 0xc4, 0x08, 0xc3, 0x10, 0x41, 0x08, 0x41, 0x08,
    0x41, 0x08, 0x41, 0x08, 0x41, 0x08, 0x20, 0x08, 0x05, 0x11, 0x20, 0x08, 0x41, 0x08, 0x41, 0x08,
    0x41, 0x08, 0x41, 0x08, 0x41, 0x08, 0x41, 0x08, 0x41, 0x08, 0x41, 0x08, 0x41, 0x08, 0x41, 0x08,
    0x20, 0x08, 0x82, 0x08, 0xa3, 0x08, 0x41, 0x08, 0x41, 0x08, 0x41, 0x08, 0x41, 0x08, 0x41, 0x08,
    0x41, 0x08, 0x41, 0x08, 0x41, 0x08, 0x41, 0x08, 0x41, 0x08, 0x41, 0x08, 0x41, 0x08, 0x41, 0x08,
    0x41, 0x08, 0x20, 0x00, 0x62, 0x08, 0xc3, 0x08, 0x20, 0x00, 0x21, 0x00, 0x21, 0x00, 0x21, 0x00,
    0x21, 0x00, 0xa3, 0x08, 0x41, 0x08, 0x20, 0x08, 0x41, 0x08, 0x20, 0x00, 0x61, 0x08, 0x82, 0x08,
    0x20, 0x00, 0x20, 0x00, 0x82, 0x00, 0x41, 0x00, 0x20, 0x00, 0x20, 0x00, 0xe4, 0x10, 0x20, 0x00,
    0x41, 0x00, 0x41, 0x08, 0xc3, 0x08, 0x41, 0x08, 0x20, 0x00, 0x41, 0x00, 0x21, 0x00, 0x20, 0x00,
    0xc3, 0x08, 0x82, 0x08, 0x20, 0x00, 0x41, 0x00, 0x41, 0x00, 0x41, 0x00, 0x41, 0x00, 0x41, 0x00,
    0x41, 0x00, 0x41, 0x08, 0x21, 0x00, 0x21, 0x00, 0x20, 0x00, 0xc3, 0x08, 0x20, 0x00, 0x21, 0x00,
    0x00, 0x00, 0x41, 0x00, 0x82, 0x08, 0x00, 0x00, 0x21, 0x00, 0x21, 0x00, 0x21, 0x00, 0x21, 0x00,
    0x41, 0x08, 0x41, 0x08, 0x41, 0x08, 0x41, 0x08, 0x41, 0x08, 0x41, 0x08, 0x41, 0x08, 0x41, 0x08,
    0x41, 0x08, 0x41, 0x08, 0x41, 0x08, 0x41, 0x08, 0x41, 0x08, 0x41, 0x08, 0x41, 0x08, 0x41, 0x00,
    0x41, 0x08, 0x41, 0x00, 0x41, 0x08, 0x41, 0x08, 0x41, 0x08, 0x41, 0x08, 0x41, 0x08, 0x41, 0x08,
    0x41, 0x00, 0x41, 0x00, 0x21, 0x00, 0x21, 0x00, 0x21, 0x00, 0x41, 0x08, 0x41, 0x08, 0x41, 0x08,
    0x41, 0x08, 0x41, 0x08, 0x41, 0x08, 0x41, 0x08, 0x41, 0x08, 0x41, 0x08, 0x41, 0x08, 0x61, 0x08,
    0x61, 0x08, 0x61, 0x08, 0x61, 0x08, 0x61, 0x08, 0x61, 0x08, 0x41, 0x08, 0x41, 0x08, 0x41, 0x08,
    0x41, 0x08, 0x61, 0x08, 0x61, 0x08, 0x61, 0x08, 0x61, 0x08, 0x61, 0x08, 0x61, 0x08, 0x41, 0x08,
    0x41, 0x08, 0x41, 0x08, 0x41, 0x08, 0x41, 0x08, 0x61, 0x08, 0x41, 0x08, 0x41, 0x08, 0x41, 0x08,
    0x41, 0x08, 0x61, 0x08, 0x61, 0x08, 0x41, 0x08, 0x41, 0x08, 0x61, 0x08, 0x41, 0x08, 0x41, 0x08,
    0x41, 0x08, 0x41, 0x08, 0x41, 0x08, 0x41, 0x08, 0x41, 0x08, 0x61, 0x08, 0x61, 0x08, 0x61, 0x08,
    0x61, 0x08, 0x61, 0x08, 0x61, 0x08, 0x61, 0x08, 0x61, 0x08, 0x61, 0x08, 0x61, 0x08, 0x61, 0x08,
    0x61, 0x08, 0x41, 0x08, 0x41, 0x08, 0x41, 0x08, 0x41, 0x08, 0x41, 0x08, 0x61, 0x08, 0x61, 0x08,
    0x41, 0x08, 0x61, 0x08, 0x61, 0x08, 0x61, 0x08, 0x41, 0x08, 0x41, 0x08, 0x41, 0x08, 0x41, 0x08,
    0x41, 0x08, 0x41, 0x08, 0x61, 0x08, 0x61, 0x08, 0x61, 0x08, 0x61, 0x08, 0x61, 0x08, 0x61, 0x08,
    0x61, 0x08, 0x61, 0x08, 0x61, 0x08, 0x61, 0x08, 0x61, 0x08, 0x61, 0x08, 0x61, 0x08, 0x61, 0x08,
    0x61, 0x08, 0x61, 0x08, 0x61, 0x08, 0x61, 0x08, 0x62, 0x08, 0x61, 0x08, 0x61, 0x08, 0x61, 0x08,
    0x61, 0x08, 0x61, 0x08, 0x61, 0x08, 0x61, 0x08, 0x61, 0x08, 0x61, 0x08, 0x61, 0x08, 0x61, 0x08,
    0x41, 0x08, 0x41, 0x08, 0x61, 0x08, 0x61, 0x08, 0x61, 0x08, 0x41, 0x08, 0x41, 0x08, 0x61, 0x08,
    0x61, 0x08, 0x61, 0x08, 0x61, 0x08, 0x41, 0x08, 0x61, 0x08, 0x61, 0x08, 0x41, 0x08, 0x41, 0x08,
    0x41, 0x08, 0x61, 0x08, 0x61, 0x08, 0x61, 0x08, 0x41, 0x08, 0x41, 0x08, 0x41, 0x08, 0x41, 0x08,
    0x41, 0x08, 0x41, 0x08, 0x41, 0x08, 0x41, 0x08, 0x61, 0x08, 0x41, 0x08, 0x41, 0x08, 0x41, 0x08,
    0x41, 0x08, 0x41, 0x08, 0x41, 0x08, 0x20, 0x00, 0x05, 0x11, 0x20, 0x00, 0x41, 0x08, 0x41, 0x08,
    0x41, 0x08, 0x41, 0x08, 0x41, 0x08, 0x41, 0x08, 0x41, 0x08, 0x41, 0x08, 0x41, 0x08, 0x21, 0x08,
    0x62, 0x08, 0xa3, 0x08, 0x41, 0x08, 0x41, 0x08, 0x41, 0x08, 0x41, 0x08, 0x41, 0x08, 0x41, 0x08,
    0x41, 0x08, 0x41, 0x08, 0x41, 0x08, 0x41, 0x08, 0x41, 0x08, 0x41, 0x08, 0x41, 0x08, 0x41, 0x08,
    0x21, 0x08, 0x62, 0x08, 0xc3, 0x08, 0x20, 0x00, 0x21, 0x00, 0x21, 0x00, 0x21, 0x00, 0x21, 0x00,
    0xa3, 0x08, 0x41, 0x08, 0x20, 0x08, 0x41, 0x08, 0x20, 0x00, 0x61, 0x08, 0xa3, 0x08, 0x20, 0x00,
    0x41, 0x00, 0x20, 0x00, 0x82, 0x00, 0x41, 0x00, 0x20, 0x00, 0x20, 0x00, 0xe4, 0x10, 0x20, 0x00,
    0x41, 0x00, 0x21, 0x00, 0x41, 0x00, 0xc4, 0x08, 0x41, 0x08, 0x20, 0x00, 0x41, 0x00, 0x21, 0x00,
    0x20, 0x00, 0xc3, 0x08, 0x82, 0x08, 0x20, 0x00, 0x41, 0x00, 0x21, 0x00, 0x41, 0x00, 0x41, 0x00,
    0x21, 0x00, 0x21, 0x00, 0x41, 0x08, 0x41, 0x08, 0x20, 0x00, 0xa3, 0x08, 0x20, 0x00, 0x21, 0x00,
    0x41, 0x00, 0x82, 0x08, 0x82, 0x08, 0x41, 0x08, 0x21, 0x00, 0x21, 0x00, 0x21, 0x00, 0x21, 0x00,
    0x41, 0x00, 0x41, 0x08, 0x41, 0x08, 0x41, 0x08, 0x41, 0x08, 0x41, 0x08, 0x41, 0x08, 0x41, 0x08,
    0x41, 0x08, 0x41, 0x08, 0x41, 0x08, 0x41, 0x08, 0x41, 0x08, 0x41, 0x08, 0x41, 0x08, 0x41, 0x08,
    0x41, 0x08, 0x41, 0x08, 0x41, 0x08, 0x41, 0x08, 0x41, 0x08, 0x41, 0x08, 0x41, 0x08, 0x41, 0x08,
    0x41, 0x00, 0x41, 0x00, 0x21, 0x00, 0x21, 0x00, 0x21, 0x00, 0x41, 0x00, 0x20, 0x00, 0x20, 0x00,
    0x41, 0x08, 0x41, 0x08, 0x41, 0x08, 0x41, 0x08, 0x41, 0x08, 0x41, 0x08, 0x61, 0x08, 0x61, 0x08,
    0x61, 0x08, 0x41, 0x08, 0x41, 0x08, 0x61, 0x08, 0x61, 0x08, 0x41, 0x08, 0x41, 0x08, 0x41, 0x08,
    0x41, 0x08, 0x41, 0x08, 0x61, 0x08, 0x61, 0x08, 0x61, 0x08, 0x61, 0x08, 0x61, 0x08, 0x41, 0x08,
    0x41, 0x08, 0x41, 0x08, 0x41, 0x08, 0x41, 0x08, 0x61, 0x08, 0x61, 0x08, 0x41, 0x08, 0x41, 0x08,
    0x41, 0x08, 0x61, 0x08, 0x61, 0x08, 0x41, 0x08, 0x41, 0x08, 0x41, 0x08, 0x41, 0x08, 0x41, 0x08,
    0x41, 0x08, 0x41, 0x08, 0x41, 0x08, 0x41, 0x08, 0x41, 0x08, 0x61, 0x08, 0x61, 0x08, 0x61, 0x08,
    0x61, 0x08, 0x61, 0x08, 0x61, 0x08, 0x61, 0x08, 0x61, 0x08, 0x61, 0x08, 0x61, 0x08, 0x61, 0x08,
    0x61, 0x08, 0x41, 0x08, 0x41, 0x08, 0x41, 0x08, 0x41, 0x08, 0x41, 0x08, 0x41, 0x08, 0x61, 0x08,
    0x41, 0x08, 0x61, 0x08, 0x61, 0x08, 0x41, 0x08, 0x41, 0x08, 0x41, 0x08, 0x41, 0x08, 0x41, 0x08,
    0x41, 0x08, 0x41, 0x08, 0x61, 0x08, 0x61, 0x08, 0x61, 0x08, 0x61, 0x08, 0x61, 0x08, 0x61, 0x08,
    0x61, 0x08, 0x61, 0x08, 0x61, 0x08, 0x61, 0x08, 0x61, 0x08, 0x61, 0x08, 0x61, 0x08, 0x61, 0x08,
    0x61, 0x08, 0x61, 0x08, 0x61, 0x08, 0x61, 0x08, 0x61, 0x08, 0x61, 0x08, 0x61, 0x08, 0x61, 0x08,
    0x61, 0x08, 0x61, 0x08, 0x61, 0x08, 0x61, 0x08, 0x61, 0x08, 0x61, 0x08, 0x61, 0x08, 0x61, 0x08,
    0x61, 0x08, 0x61, 0x08, 0x61, 0x08, 0x61, 0x08, 0x61, 0x08, 0x61, 0x08, 0x41, 0x08, 0x41, 0x08,
    0x41, 0x08, 0x41, 0x08, 0x61, 0x08, 0x61, 0x08, 0x61, 0x08, 0x61, 0x08, 0x61, 0x08, 0x41, 0x08,
    0x41, 0x08, 0x42, 0x08, 0x61, 0x08, 0x61, 0x08, 0x61, 0x08, 0x41, 0x08, 0x41, 0x08, 0x41, 0x08,
    0x41, 0x08, 0x41, 0x08, 0x41, 0x08, 0x41, 0x08, 0x41, 0x08, 0x41, 0x08, 0x41, 0x08, 0x41, 0x08,
    0x41, 0x08, 0x41, 0x08, 0x41, 0x08, 0x82, 0x08, 0xa3, 0x08, 0x62, 0x08, 0x41, 0x08, 0x41, 0x08,
    0x41, 0x08, 0x41, 0x08, 0x41, 0x08, 0x41, 0x08, 0x41, 0x08, 0x41, 0x08, 0x21, 0x08, 0x62, 0x08,
    0xa3, 0x08, 0x41, 0x08, 0x41, 0x08, 0x41, 0x08, 0x41, 0x08, 0x41, 0x08, 0x41, 0x08, 0x41, 0x08,
    0x41, 0x08, 0x41, 0x08, 0x41, 0x08, 0x41, 0x08, 0x41, 0x08, 0x41, 0x08, 0x41, 0x08, 0x41, 0x08,
    0x20, 0x08, 0xa3, 0x08, 0x41, 0x08, 0x20, 0x00, 0x41, 0x00, 0x21, 0x00, 0x21, 0x00, 0xa3, 0x08,
    0x41, 0x08, 0x21, 0x08, 0x41, 0x08, 0x20, 0x00, 0x61, 0x08, 0xc4, 0x08, 0x20, 0x00, 0x21, 0x00,
    0x21, 0x00, 0x20, 0x00, 0x82, 0x00, 0x41, 0x00, 0x20, 0x00, 0x20, 0x00, 0xe4, 0x08, 0x20, 0x00,
    0x21, 0x00, 0x41, 0x00, 0x21, 0x00, 0x21, 0x00, 0xc4, 0x08, 0x41, 0x08, 0x20, 0x00, 0x41, 0x08,
    0x41, 0x08, 0x20, 0x00, 0xa3, 0x08, 0x82, 0x08, 0x20, 0x00, 0x41, 0x00, 0x41, 0x00, 0x41, 0x00,
    0x21, 0x00, 0x21, 0x00, 0x21, 0x00, 0x41, 0x08, 0x21, 0x00, 0x82, 0x08, 0x82, 0x08, 0x21, 0x00,
    0xc3, 0x08, 0x62, 0x08, 0x41, 0x08, 0x82, 0x08, 0x21, 0x00, 0x21, 0x00, 0x21, 0x00, 0x21, 0x00,
    0x41, 0x08, 0x41, 0x08, 0x41, 0x08, 0x41, 0x08, 0x41, 0x08, 0x41, 0x08, 0x41, 0x08, 0x41, 0x08,
    0x41, 0x08, 0x41, 0x08, 0x41, 0x08, 0x41, 0x08, 0x41, 0x08, 0x41, 0x08, 0x21, 0x00, 0x41, 0x08,
    0x41, 0x08, 0x41, 0x08, 0x41, 0x08, 0x41, 0x08, 0x41, 0x08, 0x40, 0x08, 0x21, 0x00, 0x20, 0x00,
    0x41, 0x08, 0x41, 0x00, 0x21, 0x00, 0x21, 0x00, 0x21, 0x00, 0x40, 0x00, 0x20, 0x00, 0x20, 0x00,
    0x41, 0x08, 0x41, 0x08, 0x41, 0x08, 0x41, 0x08, 0x61, 0x08, 0x61, 0x08, 0x61, 0x08, 0x41, 0x08,
    0x41, 0x08, 0x41, 0x08, 0x41, 0x08, 0x41, 0x08, 0x41, 0x08, 0x41, 0x08, 0x41, 0x08, 0x41, 0x08,
    0x41, 0x08, 0x41, 0x08, 0x41, 0x08, 0x41, 0x08, 0x41, 0x08, 0x41, 0x08, 0x41, 0x08, 0x41, 0x08,
    0x41, 0x08, 0x41, 0x08, 0x41, 0x08, 0x41, 0x08, 0x41, 0x08, 0x41, 0x08, 0x41, 0x08, 0x41, 0x08,
    0x41, 0x08, 0x41, 0x08, 0x61, 0x08, 0x41, 0x08, 0x41, 0x08, 0x41, 0x08, 0x61, 0x08, 0x41, 0x08,
    0x41, 0x08, 0x41, 0x08, 0x41, 0x08, 0x41, 0x08, 0x61, 0x08, 0x61, 0x08, 0x61, 0x08, 0x61, 0x08,
    0x41, 0x08, 0x41, 0x08, 0x61, 0x08, 0x61, 0x08, 0x41, 0x08, 0x41, 0x08, 0x41, 0x08, 0x41, 0x08,
    0x41, 0x08, 0x41, 0x08, 0x41, 0x08, 0x41, 0x08, 0x41, 0x08, 0x41, 0x08, 0x41, 0x08, 0x41, 0x08,
    0x41, 0x08, 0x41, 0x08, 0x41, 0x08, 0x41, 0x08, 0x41, 0x08, 0x41, 0x08, 0x41, 0x08, 0x41, 0x08,
    0x41, 0x08, 0x41, 0x08, 0x61, 0x08, 0x61, 0x08, 0x41, 0x08, 0x41, 0x08, 0x41, 0x08, 0x61, 0x08,
    0x61, 0x08, 0x61, 0x08, 0x61, 0x08, 0x41, 0x08, 0x61, 0x08, 0x61, 0x08, 0x61, 0x08, 0x61, 0x08,
    0x61, 0x08, 0x61, 0x08, 0x61, 0x08, 0x61, 0x08, 0x61, 0x08, 0x61, 0x08, 0x61, 0x08, 0x61, 0x08,
    0x61, 0x08, 0x61, 0x08, 0x61, 0x08, 0x61, 0x08, 0x61, 0x08, 0x61, 0x08, 0x61, 0x08, 0x61, 0x08,
    0x61, 0x08, 0x41, 0x08, 0x41, 0x08, 0x61, 0x08, 0x61, 0x08, 0x61, 0x08, 0x61, 0x08, 0x61, 0x08,
    0x41, 0x08, 0x41, 0x08, 0x41, 0x08, 0x61, 0x08, 0x61, 0x08, 0x61, 0x08, 0x61, 0x08, 0x41, 0x08,
    0x41, 0x08, 0x41, 0x08, 0x61, 0x08, 0x61, 0x08, 0x41, 0x08, 0x41, 0x08, 0x41, 0x08, 0x41, 0x08,
    0x41, 0x08, 0x41, 0x08, 0x41, 0x08, 0x41, 0x08, 0x41, 0x08, 0x41, 0x08, 0x41, 0x08, 0x41, 0x08,
    0x41, 0x08, 0x41, 0x08, 0x82, 0x08, 0xa3, 0x08, 0x00, 0x00, 0x82, 0x08, 0x82, 0x08, 0x41, 0x08,
    0x41, 0x08, 0x41, 0x08, 0x41, 0x08, 0x41, 0x08, 0x41, 0x08, 0x41, 0x08, 0x82, 0x08, 0xa3, 0x08,
    0x20, 0x08, 0x41, 0x08, 0x41, 0x08, 0x41, 0x08, 0x41, 0x08, 0x41, 0x08, 0x41, 0x08, 0x41, 0x08,
    0x41, 0x08, 0x41, 0x08, 0x41, 0x08, 0x41, 0x08, 0x41, 0x08, 0x41, 0x08, 0x41, 0x08, 0x41, 0x00,
    0x20, 0x00, 0xa3, 0x08, 0x61, 0x08, 0x20, 0x00, 0x21, 0x00, 0x20, 0x00, 0xa3, 0x08, 0x41, 0x08,
    0x21, 0x08, 0x41, 0x08, 0x20, 0x00, 0x41, 0x08, 0xc4, 0x08, 0x20, 0x00, 0x21, 0x00, 0x21, 0x00,
    0x21, 0x00, 0x20, 0x00, 0x82, 0x00, 0x41, 0x08, 0x41, 0x00, 0x20, 0x00, 0xc4, 0x08, 0x20, 0x00,
    0x41, 0x00, 0x41, 0x00, 0x41, 0x08, 0x21, 0x08, 0x20, 0x00, 0xc4, 0x08, 0x61, 0x08, 0x20, 0x00,
    0x41, 0x08, 0x41, 0x00, 0x20, 0x08, 0xc3, 0x08, 0x21, 0x00, 0x41, 0x00, 0x41, 0x00, 0x41, 0x00,
    0x21, 0x00, 0x21, 0x00, 0x21, 0x00, 0x41, 0x00, 0x41, 0x08, 0x21, 0x00, 0x82, 0x08, 0x62, 0x08,
    0xc3, 0x08, 0x82, 0x08, 0x62, 0x08, 0x62, 0x00, 0x21, 0x00, 0x21, 0x00, 0x21, 0x00, 0x21, 0x00,
    0x41, 0x08, 0x41, 0x08, 0x41, 0x08, 0x41, 0x08, 0x41, 0x08, 0x41, 0x08, 0x41, 0x08, 0x41, 0x08,
    0x41, 0x08, 0x41, 0x08, 0x41, 0x08, 0x41, 0x08, 0x41, 0x08, 0x41, 0x00, 0x21, 0x00, 0x21, 0x08,
    0x41, 0x08, 0x41, 0x08, 0x41, 0x08, 0x41, 0x08, 0x41, 0x08, 0x41, 0x08, 0x41, 0x08, 0x41, 0x08,
    0x41, 0x08, 0x41, 0x08, 0x21, 0x00, 0x41, 0x08, 0x41, 0x08, 0x41, 0x08, 0x20, 0x00, 0x20, 0x00,
    0x41, 0x08, 0x61, 0x08, 0x61, 0x08, 0x41, 0x08, 0x61, 0x08, 0x41, 0x08, 0x41, 0x08, 0x41, 0x08,
    0x41, 0x08, 0x41, 0x08, 0x41, 0x08, 0x41, 0x08, 0x41, 0x08, 0x41, 0x08, 0x41, 0x08, 0x41, 0x08,
    0x41, 0x08, 0x41, 0x08, 0x41, 0x08, 0x41, 0x08, 0x41, 0x08, 0x41, 0x08, 0x41, 0x08, 0x41, 0x08,
    0x41, 0x08, 0x41, 0x08, 0x41, 0x08, 0x41, 0x08, 0x41, 0x08, 0x61, 0x08, 0x41, 0x08, 0x41, 0x08,
    0x41, 0x08, 0x61, 0x08, 0x61, 0x08, 0x41, 0x08, 0x61, 0x08, 0x61, 0x08, 0x61, 0x08, 0x61, 0x08,
    0x61, 0x08, 0x61, 0x08, 0x61, 0x08, 0x61, 0x08, 0x61, 0x08, 0x41, 0x08, 0x41, 0x08, 0x41, 0x08,
    0x41, 0x08, 0x41, 0x08, 0x41, 0x08, 0x41, 0x08, 0x41, 0x08, 0x41, 0x08, 0x41, 0x08, 0x41, 0x08,
    0x41, 0x08, 0x41, 0x08, 0x41, 0x08, 0x41, 0x08, 0x41, 0x08, 0x41, 0x08, 0x41, 0x08, 0x41, 0x08,
    0x41, 0x08, 0x41, 0x08, 0x41, 0x08, 0x41, 0x08, 0x41, 0x08, 0x41, 0x08, 0x41, 0x08, 0x41, 0x08,
    0x41, 0x08, 0x41, 0x08, 0x61, 0x08, 0x61, 0x08, 0x41, 0x08, 0x41, 0x08, 0x41, 0x08, 0x61, 0x08,
    0x61, 0x08, 0x61, 0x08, 0x61, 0x08, 0x61, 0x08, 0x61, 0x08, 0x41, 0x08, 0x61, 0x08, 0x61, 0x08,
    0x61, 0x08, 0x61, 0x08, 0x61, 0x08, 0x61, 0x08, 0x61, 0x08, 0x61, 0x08, 0x61, 0x08, 0x61, 0x08,
    0x61, 0x08, 0x61, 0x08, 0x61, 0x08, 0x41, 0x08, 0x61, 0x08, 0x61, 0x08, 0x61, 0x08, 0x61, 0x08,
    0x61, 0x08, 0x41, 0x08, 0x41, 0x08, 0x41, 0x08, 0x61, 0x08, 0x61, 0x08, 0x61, 0x08, 0x61, 0x08,
    0x61, 0x08, 0x41, 0x08, 0x41, 0x08, 0x61, 0x08, 0x41, 0x08, 0x61, 0x08, 0x61, 0x08, 0x61, 0x08,
    0x41, 0x08, 0x41, 0x08, 0x41, 0x08, 0x41, 0x08, 0x61, 0x08, 0x41, 0x08, 0x41, 0x08, 0x41, 0x08,
    0x41, 0x08, 0x41, 0x08, 0x41, 0x08, 0x41, 0x08, 0x41, 0x08, 0x41, 0x08, 0x41, 0x08, 0x41, 0x08,
    0x41, 0x08, 0x41, 0x08, 0x61, 0x08, 0xc3, 0x08, 0x62, 0x08, 0xc3, 0x08, 0x61, 0x08, 0x41, 0x08,
    0x41, 0x08, 0x41, 0x08, 0x41, 0x08, 0x41, 0x00, 0x41, 0x08, 0x21, 0x00, 0xa3, 0x08, 0x41, 0x08,
    0x41, 0x08, 0x41, 0x08, 0x41, 0x08, 0x41, 0x08, 0x41, 0x08, 0x41, 0x08, 0x41, 0x08, 0x41, 0x08,
    0x41, 0x08, 0x41, 0x08, 0x41, 0x08, 0x41, 0x08, 0x41, 0x08, 0x41, 0x08, 0x41, 0x00, 0x41, 0x00,
    0x20, 0x00, 0xa3, 0x08, 0x61, 0x08, 0x20, 0x00, 0x21, 0x00, 0x83, 0x08, 0x61, 0x08, 0x20, 0x00,
    0x41, 0x08, 0x20, 0x08, 0x61, 0x08, 0xe4, 0x08, 0x20, 0x00, 0x21, 0x00, 0x21, 0x00, 0x21, 0x00,
    0x21, 0x00, 0x41, 0x00, 0x41, 0x08, 0x41, 0x08, 0x20, 0x00, 0x62, 0x08, 0xc3, 0x08, 0x20, 0x00,
    0x41, 0x00, 0x41, 0x08, 0x41, 0x00, 0x41, 0x08, 0x41, 0x08, 0x41, 0x00, 0xe4, 0x10, 0x61, 0x08,
    0x20, 0x00, 0x41, 0x00, 0x20, 0x08, 0xa3, 0x08, 0x41, 0x00, 0x41, 0x00, 0x41, 0x00, 0x41, 0x00,
    0x41, 0x00, 0x41, 0x00, 0x41, 0x00, 0x41, 0x00, 0x41, 0x00, 0x41, 0x00, 0x21, 0x00, 0x41, 0x00,
    0xc3, 0x08, 0xc3, 0x08, 0xa3, 0x08, 0x62, 0x08, 0x21, 0x00, 0x21, 0x00, 0x21, 0x00, 0x21, 0x00,
    0x21, 0x00, 0x21, 0x00, 0x21, 0x00, 0x41, 0x08, 0x41, 0x08, 0x41, 0x08, 0x41, 0x08, 0x41, 0x08,
    0x21, 0x00, 0x21, 0x00, 0x21, 0x00, 0x21, 0x00, 0x21, 0x00, 0x21, 0x00, 0x21, 0x00, 0x21, 0x08,
    0x41, 0x08, 0x41, 0x08, 0x41, 0x00, 0x41, 0x08, 0x41, 0x08, 0x21, 0x00, 0x21, 0x00, 0x21, 0x08,
    0x21, 0x00, 0x21, 0x00, 0x21, 0x00, 0x41, 0x08, 0x21, 0x00, 0x21, 0x08, 0x20, 0x00, 0x20, 0x00,
    0x41, 0x08, 0x41, 0x08, 0x61, 0x08, 0x41, 0x08, 0x41, 0x08, 0x41, 0x08, 0x41, 0x08, 0x41, 0x08,
    0x41, 0x08, 0x41, 0x08, 0x41, 0x08, 0x41, 0x08, 0x41, 0x08, 0x41, 0x08, 0x41, 0x08, 0x41, 0x08,
    0x41, 0x08, 0x41, 0x08, 0x41, 0x08, 0x41, 0x08, 0x41, 0x08, 0x41, 0x08, 0x41, 0x08, 0x41, 0x08,
    0x41, 0x08, 0x41, 0x08, 0x41, 0x08, 0x61, 0x08, 0x41, 0x08, 0x61, 0x08, 0x41, 0x08, 0x41, 0x08,
    0x61, 0x08, 0x61, 0x08, 0x61, 0x08, 0x41, 0x08, 0x61, 0x08, 0x61, 0x08, 0x61, 0x08, 0x61, 0x08,
    0x61, 0x08, 0x61, 0x08, 0x61, 0x08, 0x61, 0x08, 0x61, 0x08, 0x61, 0x08, 0x61, 0x08, 0x41, 0x08,
    0x41, 0x08, 0x41, 0x08, 0x41, 0x08, 0x41, 0x08, 0x41, 0x08, 0x41, 0x08, 0x41, 0x08, 0x41, 0x08,
    0x41, 0x08, 0x41, 0x08, 0x41, 0x08, 0x41, 0x08, 0x41, 0x08, 0x41, 0x08, 0x41, 0x08, 0x41, 0x08,
    0x41, 0x08, 0x41, 0x08, 0x41, 0x08, 0x41, 0x08, 0x41, 0x08, 0x41, 0x08, 0x41, 0x08, 0x41, 0x08,
    0x41, 0x08, 0x61, 0x08, 0x61, 0x08, 0x61, 0x08, 0x41, 0x08, 0x41, 0x08, 0x41, 0x08, 0x61, 0x08,
    0x61, 0x08, 0x61, 0x08, 0x61, 0x08, 0x61, 0x08, 0x41, 0x08, 0x41, 0x08, 0x41, 0x08, 0x61, 0x08,
    0x61, 0x08, 0x61, 0x08, 0x61, 0x08, 0x61, 0x08, 0x61, 0x08, 0x61, 0x08, 0x61, 0x08, 0x61, 0x08,
    0x61, 0x08, 0x61, 0x08, 0x61, 0x08, 0x41, 0x08, 0x41, 0x08, 0x61, 0x08, 0x61, 0x08, 0x61, 0x08,
    0x61, 0x08, 0x41, 0x08, 0x41, 0x08, 0x41, 0x08, 0x61, 0x08, 0x61, 0x08, 0x61, 0x08, 0x61, 0x08,
    0x61, 0x08, 0x41, 0x08, 0x41, 0x08, 0x41, 0x08, 0x41, 0x08, 0x61, 0x08, 0x61, 0x08, 0x41, 0x08,
    0x41, 0x08, 0x41, 0x08, 0x41, 0x08, 0x41, 0x08, 0x41, 0x08, 0x41, 0x08, 0x41, 0x08, 0x41, 0x08,
    0x41, 0x08, 0x41, 0x08, 0x41, 0x08, 0x41, 0x08, 0x41, 0x08, 0x41, 0x08, 0x41, 0x08, 0x41, 0x08,
    0x41, 0x08, 0x41, 0x08, 0x21, 0x08, 0x61, 0x08, 0xc3, 0x08, 0x82, 0x08, 0x41, 0x08, 0x41, 0x08,
    0x41, 0x08, 0x41, 0x08, 0x41, 0x08, 0x41, 0x00, 0x41, 0x00, 0x20, 0x00, 0x82, 0x08, 0x61, 0x08,
    0x41, 0x08, 0x41, 0x08, 0x41, 0x08, 0x41, 0x08, 0x41, 0x08, 0x41, 0x08, 0x41, 0x08, 0x41, 0x08,
    0x41, 0x08, 0x41, 0x08, 0x41, 0x08, 0x41, 0x08, 0x41, 0x08, 0x41, 0x08, 0x21, 0x00, 0x41, 0x00,
    0x20, 0x00, 0xa3, 0x08, 0x62, 0x08, 0x20, 0x00, 0xa3, 0x08, 0x61, 0x08, 0x21, 0x08, 0x41, 0x08,
    0x20, 0x00, 0x41, 0x08, 0xe4, 0x08, 0x20, 0x00, 0x21, 0x00, 0x21, 0x00, 0x21, 0x00, 0x21, 0x00,
    0x21, 0x00, 0x21, 0x00, 0x41, 0x08, 0x20, 0x00, 0x62, 0x08, 0xc4, 0x08, 0x21, 0x08, 0x41, 0x08,
    0x41, 0x00, 0x41, 0x00, 0x41, 0x00, 0x41, 0x08, 0x41, 0x08, 0x41, 0x08, 0x20, 0x00, 0xc4, 0x08,
    0x61, 0x08, 0x20, 0x00, 0x20, 0x08, 0xc3, 0x08, 0x41, 0x00, 0x41, 0x00, 0x41, 0x08, 0x41, 0x08,
    0x41, 0x08, 0x41, 0x08, 0x41, 0x08, 0x41, 0x00, 0x41, 0x00, 0x41, 0x00, 0x41, 0x00, 0x41, 0x00,
    0x62, 0x08, 0x82, 0x08, 0x61, 0x08, 0x41, 0x00, 0x21, 0x00, 0x21, 0x00, 0x41, 0x00, 0x41, 0x00,
    0x21, 0x00, 0x21, 0x08, 0x21, 0x00, 0x41, 0x08, 0x41, 0x08, 0x41, 0x08, 0x41, 0x08, 0x41, 0x00,
    0x21, 0x00, 0x21, 0x00, 0x21, 0x00, 0x21, 0x00, 0x21, 0x00, 0x21, 0x00, 0x21, 0x00, 0x21, 0x00,
    0x41, 0x08, 0x41, 0x08, 0x41, 0x08, 0x41, 0x08, 0x41, 0x08, 0x21, 0x00, 0x21, 0x00, 0x21, 0x00,
    0x21, 0x00, 0x21, 0x00, 0x21, 0x00, 0x21, 0x00, 0x21, 0x00, 0x20, 0x00, 0x40, 0x00, 0x20, 0x00,
    0x41, 0x08, 0x41, 0x08, 0x41, 0x08, 0x41, 0x08, 0x41, 0x08, 0x41, 0x08, 0x41, 0x08, 0x41, 0x08,
    0x41, 0x08, 0x41, 0x08, 0x41, 0x08, 0x41, 0x08, 0x41, 0x08, 0x41, 0x08, 0x41, 0x08, 0x41, 0x08,
    0x41, 0x08, 0x41, 0x08, 0x41, 0x08, 0x41, 0x08, 0x41, 0x08, 0x41, 0x08, 0x41, 0x08, 0x41, 0x08,
    0x61, 0x08, 0x41, 0x08, 0x41, 0x08, 0x61, 0x08, 0x61, 0x08, 0x61, 0x08, 0x61, 0x08, 0x61, 0x08,
    0x61, 0x08, 0x61, 0x08, 0x61, 0x08, 0x41, 0x08, 0x41, 0x08, 0x41, 0x08, 0x61, 0x08, 0x61, 0x08,
    0x61, 0x08, 0x61, 0x08, 0x41, 0x08, 0x41, 0x08, 0x61, 0x08, 0x61, 0x08, 0x61, 0x08, 0x41, 0x08,
    0x41, 0x08, 0x41, 0x08, 0x41, 0x08, 0x41, 0x08, 0x41, 0x08, 0x41, 0x08, 0x41, 0x08, 0x41, 0x08,
    0x41, 0x08, 0x41, 0x08, 0x41, 0x08, 0x41, 0x08, 0x41, 0x08, 0x41, 0x08, 0x41, 0x08, 0x41, 0x08,
    0x41, 0x08, 0x41, 0x08, 0x41, 0x08, 0x41, 0x08, 0x41, 0x08, 0x41, 0x08, 0x41, 0x08, 0x41, 0x08,
    0x41, 0x08, 0x61, 0x08, 0x61, 0x08, 0x41, 0x08, 0x41, 0x08, 0x41, 0x08, 0x41, 0x08, 0x61, 0x08,
    0x61, 0x08, 0x61, 0x08, 0x61, 0x08, 0x61, 0x08, 0x41, 0x08, 0x41, 0x08, 0x41, 0x08, 0x61, 0x08,
    0x61, 0x08, 0x61, 0x08, 0x61, 0x08, 0x61, 0x08, 0x61, 0x08, 0x61, 0x08, 0x61, 0x08, 0x61, 0x08,
    0x61, 0x08, 0x61, 0x08, 0x61, 0x08, 0x41, 0x08, 0x41, 0x08, 0x41, 0x08, 0x41, 0x08, 0x61, 0x08,
    0x41, 0x08, 0x61, 0x08, 0x41, 0x08, 0x41, 0x08, 0x61, 0x08, 0x61, 0x08, 0x61, 0x08, 0x61, 0x08,
    0x61, 0x08, 0x61, 0x08, 0x61, 0x08, 0x41, 0x08, 0x41, 0x08, 0x41, 0x08, 0x41, 0x08, 0x41, 0x08,
    0x41, 0x08, 0x41, 0x08, 0x61, 0x08, 0x61, 0x08, 0x61, 0x08, 0x41, 0x08, 0x41, 0x08, 0x41, 0x08,
    0x41, 0x08, 0x41, 0x08, 0x41, 0x08, 0x41, 0x08, 0x41, 0x08, 0x41, 0x08, 0x41, 0x08, 0x41, 0x08,
    0x41, 0x08, 0x41, 0x08, 0x41, 0x08, 0x41, 0x08, 0x20, 0x08, 0x41, 0x08, 0x41, 0x08, 0x41, 0x08,
    0x41, 0x08, 0x41, 0x08, 0x41, 0x00, 0x41, 0x00, 0x41, 0x00, 0x20, 0x00, 0xa3, 0x08, 0x61, 0x08,
    0x40, 0x08, 0x41, 0x08, 0x41, 0x08, 0x41, 0x08, 0x41, 0x08, 0x41, 0x08, 0x41, 0x08, 0x41, 0x08,
    0x41, 0x08, 0x41, 0x08, 0x41, 0x08, 0x41, 0x08, 0x41, 0x08, 0x41, 0x00, 0x41, 0x00, 0x41, 0x08,
    0x00, 0x00, 0xa3, 0x08, 0x62, 0x08, 0x62, 0x08, 0x62, 0x08, 0x21, 0x08, 0x41, 0x08, 0x20, 0x08,
    0x42, 0x08, 0xe4, 0x08, 0x20, 0x08, 0x21, 0x00, 0x21, 0x00, 0x21, 0x00, 0x21, 0x00, 0x21, 0x00,
    0x21, 0x00, 0x41, 0x00, 0x20, 0x00, 0x62, 0x08, 0xe4, 0x08, 0x20, 0x08, 0x21, 0x08, 0x41, 0x00,
    0x41, 0x00, 0x41, 0x00, 0x41, 0x00, 0x41, 0x08, 0x41, 0x08, 0x41, 0x08, 0x21, 0x00, 0x41, 0x08,
    0xc4, 0x08, 0x20, 0x00, 0x20, 0x08, 0xc3, 0x08, 0x41, 0x08, 0x41, 0x08, 0x41, 0x08, 0x41, 0x08,
    0x41, 0x08, 0x41, 0x08, 0x41, 0x08, 0x41, 0x00, 0x41, 0x00, 0x41, 0x00, 0x41, 0x00, 0x41, 0x00,
    0x41, 0x08, 0x41, 0x08, 0x41, 0x08, 0x41, 0x00, 0x21, 0x00, 0x21, 0x00, 0x21, 0x00, 0x21, 0x08,
    0x21, 0x00, 0x21, 0x08, 0x21, 0x08, 0x21, 0x00, 0x41, 0x08, 0x41, 0x08, 0x41, 0x08, 0x41, 0x08,
    0x41, 0x00, 0x41, 0x08, 0x41, 0x08, 0x41, 0x00, 0x41, 0x08, 0x21, 0x08, 0x21, 0x08, 0x21, 0x00,
    0x21, 0x00, 0x41, 0x08, 0x41, 0x08, 0x41, 0x08, 0x21, 0x00, 0x21, 0x00, 0x21, 0x00, 0x21, 0x00,
    0x21, 0x00, 0x21, 0x00, 0x21, 0x00, 0x20, 0x00, 0x20, 0x00, 0x20, 0x00, 0x40, 0x00, 0x20, 0x00,
    0x41, 0x08, 0x41, 0x08, 0x41, 0x08, 0x41, 0x08, 0x41, 0x08, 0x41, 0x08, 0x41, 0x08, 0x41, 0x08,
    0x41, 0x08, 0x41, 0x08, 0x41, 0x08, 0x41, 0x08, 0x41, 0x08, 0x41, 0x08, 0x41, 0x08, 0x41, 0x08,
    0x41, 0x08, 0x41, 0x08, 0x41, 0x08, 0x61, 0x08, 0x41, 0x08, 0x41, 0x08, 0x41, 0x08, 0x41, 0x08,
    0x41, 0x08, 0x41, 0x08, 0x41, 0x08, 0x41, 0x08, 0x41, 0x08, 0x61, 0x08, 0x61, 0x08, 0x41, 0x08,
    0x61, 0x08, 0x61, 0x08, 0x61, 0x08, 0x61, 0x08, 0x41, 0x08, 0x41, 0x08, 0x61, 0x08, 0x41, 0x08,
    0x41, 0x08, 0x41, 0x08, 0x41, 0x08, 0x41, 0x08, 0x41, 0x08, 0x61, 0x08, 0x61, 0x08, 0x41, 0x08,
    0x41, 0x08, 0x41, 0x08, 0x61, 0x08, 0x61, 0x08, 0x41, 0x08, 0x41, 0x08, 0x41, 0x08, 0x41, 0x08,
    0x41, 0x08, 0x41, 0x08, 0x41, 0x08, 0x41, 0x08, 0x41, 0x08, 0x41, 0x08, 0x41, 0x08, 0x41, 0x08,
    0x41, 0x08, 0x61, 0x08, 0x61, 0x08, 0x41, 0x08, 0x41, 0x08, 0x41, 0x08, 0x61, 0x08, 0x41, 0x08,
    0x41, 0x08, 0x41, 0x08, 0x41, 0x08, 0x41, 0x08, 0x41, 0x08, 0x41, 0x08, 0x41, 0x08, 0x41, 0x08,
    0x61, 0x08, 0x61, 0x08, 0x61, 0x08, 0x61, 0x08, 0x41, 0x08, 0x41, 0x08, 0x41, 0x08, 0x61, 0x08,
    0x61, 0x08, 0x61, 0x08, 0x61, 0x08, 0x61, 0x08, 0x61, 0x08, 0x61, 0x08, 0x61, 0x08, 0x61, 0x08,
    0x61, 0x08, 0x61, 0x08, 0x61, 0x08, 0x41, 0x08, 0x41, 0x08, 0x41, 0x08, 0x41, 0x08, 0x61, 0x08,
    0x41, 0x08, 0x61, 0x08, 0x61, 0x08, 0x41, 0x08, 0x41, 0x08, 0x41, 0x08, 0x61, 0x08, 0x61, 0x08,
    0x61, 0x08, 0x61, 0x08, 0x61, 0x08, 0x61, 0x08, 0x41, 0x08, 0x41, 0x08, 0x41, 0x08, 0x41, 0x08,
    0x41, 0x08, 0x61, 0x08, 0x61, 0x08, 0x61, 0x08, 0x61, 0x08, 0x61, 0x08, 0x61, 0x08, 0x41, 0x08,
    0x61, 0x08, 0x41, 0x08, 0x41, 0x08, 0x41, 0x08, 0x41, 0x08, 0x41, 0x08, 0x41, 0x08, 0x41, 0x08,
    0x41, 0x08, 0x41, 0x08, 0x41, 0x08, 0x41, 0x08, 0x41, 0x08, 0x41, 0x08, 0x41, 0x08, 0x41, 0x08,
    0x41, 0x08, 0x41, 0x08, 0x41, 0x08, 0x41, 0x00, 0x41, 0x00, 0x20, 0x00, 0xa3, 0x08, 0x61, 0x08,
    0x41, 0x08, 0x41, 0x08, 0x41, 0x08, 0x41, 0x08, 0x41, 0x08, 0x41, 0x08, 0x41, 0x08, 0x41, 0x08,
    0x41, 0x08, 0x41, 0x08, 0x41, 0x08, 0x41, 0x08, 0x41, 0x00, 0x41, 0x00, 0x21, 0x00, 0x41, 0x00,
    0x20, 0x00, 0xa3, 0x08, 0x82, 0x08, 0x41, 0x00, 0x21, 0x08, 0x41, 0x08, 0x21, 0x08, 0x61, 0x08,
    0xc4, 0x08, 0x21, 0x00, 0x21, 0x00, 0x41, 0x00, 0x21, 0x00, 0x21, 0x00, 0x21, 0x00, 0x21, 0x00,
    0x41, 0x00, 0x20, 0x00, 0x62, 0x08, 0xe4, 0x08, 0x40, 0x08, 0x41, 0x08, 0x41, 0x00, 0x41, 0x00,
    0x41, 0x00, 0x41, 0x00, 0x41, 0x00, 0x41, 0x08, 0x41, 0x00, 0x41, 0x00, 0x41, 0x08, 0x41, 0x08,
    0xc3, 0x08, 0x20, 0x08, 0x21, 0x08, 0xc3, 0x08, 0x41, 0x08, 0x41, 0x08, 0x41, 0x08, 0x41, 0x08,
    0x41, 0x08, 0x41, 0x08, 0x41, 0x08, 0x41, 0x00, 0x41, 0x00, 0x41, 0x00, 0x41, 0x00, 0x41, 0x00,
    0x41, 0x08, 0x41, 0x08, 0x41, 0x08, 0x41, 0x00, 0x41, 0x00, 0x41, 0x00, 0x21, 0x00, 0x21, 0x00,
    0x21, 0x00, 0x21, 0x00, 0x21, 0x00, 0x21, 0x00, 0x21, 0x08, 0x41, 0x08, 0x41, 0x08, 0x41, 0x08,
    0x41, 0x08, 0x41, 0x08, 0x41, 0x08, 0x21, 0x08, 0x21, 0x00, 0x21, 0x08, 0x21, 0x00, 0x21, 0x00,
    0x21, 0x00, 0x41, 0x00, 0x41, 0x00, 0x41, 0x00, 0x21, 0x00, 0x21, 0x00, 0x21, 0x00, 0x21, 0x00,
    0x21, 0x00, 0x21, 0x00, 0x20, 0x00, 0x20, 0x00, 0x20, 0x00, 0x20, 0x00, 0x20, 0x00, 0x20, 0x00,
    0x41, 0x08, 0x41, 0x08, 0x41, 0x08, 0x41, 0x08, 0x41, 0x08, 0x41, 0x08, 0x41, 0x08, 0x41, 0x08,
    0x41, 0x08, 0x41, 0x08, 0x41, 0x08, 0x41, 0x08, 0x41, 0x08, 0x41, 0x08, 0x41, 0x08, 0x41, 0x08,
    0x41, 0x08, 0x41, 0x08, 0x41, 0x08, 0x41, 0x08, 0x41, 0x08, 0x41, 0x08, 0x41, 0x08, 0x41, 0x08,
    0x41, 0x08, 0x41, 0x08, 0x41, 0x08, 0x41, 0x08, 0x41, 0x08, 0x41, 0x08, 0x41, 0x08, 0x41, 0x08,
    0x41, 0x08, 0x61, 0x08, 0x61, 0x08, 0x61, 0x08, 0x61, 0x08, 0x61, 0x08, 0x41, 0x08, 0x41, 0x08,
    0x41, 0x08, 0x41, 0x08, 0x41, 0x08, 0x41, 0x08, 0x61, 0x08, 0x61, 0x08, 0x61, 0x08, 0x41, 0x08,
    0x41, 0x08, 0x41, 0x08, 0x41, 0x08, 0x41, 0x08, 0x41, 0x08, 0x41, 0x08, 0x41, 0x08, 0x41, 0x08,
    0x41, 0x08, 0x41, 0x08, 0x41, 0x08, 0x41, 0x08, 0x41, 0x08, 0x41, 0x08, 0x41, 0x08, 0x41, 0x08,
    0x61, 0x08, 0x61, 0x08, 0x61, 0x08, 0x41, 0x08, 0x61, 0x08, 0x61, 0x08, 0x61, 0x08, 0x61, 0x08,
    0x41, 0x08, 0x41, 0x08, 0x41, 0x08, 0x41, 0x08, 0x41, 0x08, 0x41, 0x08, 0x41, 0x08, 0x41, 0x08,
    0x41, 0x08, 0x41, 0x08, 0x41, 0x08, 0x41, 0x08, 0x41, 0x08, 0x61, 0x08, 0x61, 0x08, 0x61, 0x08,
    0x61, 0x08, 0x61, 0x08, 0x41, 0x08, 0x41, 0x08, 0x61, 0x08, 0x61, 0x08, 0x61, 0x08, 0x61, 0x08,
    0x61, 0x08, 0x61, 0x08, 0x41, 0x08, 0x41, 0x08, 0x41, 0x08, 0x41, 0x08, 0x41, 0x08, 0x61, 0x08,
    0x61, 0x08, 0x61, 0x08, 0x61, 0x08, 0x41, 0x08, 0x41, 0x08, 0x41, 0x08, 0x61, 0x08, 0x61, 0x08,
    0x61, 0x08, 0x61, 0x08, 0x61, 0x08, 0x61, 0x08, 0x61, 0x08, 0x41, 0x08, 0x61, 0x08, 0x61, 0x08,
    0x61, 0x08, 0x61, 0x08, 0x61, 0x08, 0x61, 0x08, 0x61, 0x08, 0x61, 0x08, 0x61, 0x08, 0x61, 0x08,
    0x61, 0x08, 0x41, 0x08, 0x41, 0x08, 0x41, 0x08, 0x41, 0x08, 0x41, 0x08, 0x41, 0x08, 0x41, 0x08,
    0x41, 0x08, 0x41, 0x08, 0x41, 0x08, 0x41, 0x08, 0x41, 0x08, 0x41, 0x08, 0x41, 0x08, 0x41, 0x08,
    0x41, 0x08, 0x41, 0x08, 0x41, 0x08, 0x41, 0x00, 0x41, 0x00, 0x20, 0x00, 0xc3, 0x08, 0x61, 0x08,
    0x40, 0x08, 0x41, 0x08, 0x41, 0x08, 0x41, 0x08, 0x41, 0x08, 0x41, 0x08, 0x41, 0x08, 0x41, 0x08,
    0x41, 0x08, 0x41, 0x08, 0x41, 0x08, 0x41, 0x08, 0x41, 0x00, 0x21, 0x00, 0x21, 0x00, 0x41, 0x00,
    0x20, 0x00, 0xa3, 0x08, 0x62, 0x08, 0x20, 0x00, 0x41, 0x08, 0x41, 0x08, 0x20, 0x08, 0xc4, 0x10,
    0x62, 0x08, 0x20, 0x00, 0x21, 0x00, 0x21, 0x00, 0x21, 0x00, 0x21, 0x00, 0x21, 0x00, 0x41, 0x08,
    0x20, 0x00, 0x82, 0x08, 0xe4, 0x08, 0x20, 0x08, 0x41, 0x08, 0x41, 0x08, 0x41, 0x00, 0x41, 0x00,
    0x21, 0x00, 0x41, 0x00, 0x41, 0x00, 0x41, 0x00, 0x41, 0x00, 0x41, 0x00, 0x21, 0x00, 0x41, 0x08,
    0xc4, 0x08, 0x20, 0x00, 0x21, 0x08, 0xc3, 0x08, 0x41, 0x08, 0x21, 0x00, 0x41, 0x00, 0x41, 0x08,
    0x41, 0x08, 0x41, 0x08, 0x41, 0x08, 0x41, 0x00, 0x41, 0x00, 0x41, 0x00, 0x41, 0x00, 0x41, 0x00,
    0x41, 0x08, 0x41, 0x08, 0x41, 0x08, 0x41, 0x08, 0x41, 0x08, 0x41, 0x08, 0x21, 0x00, 0x21, 0x00,
    0x21, 0x08, 0x21, 0x08, 0x21, 0x00, 0x21, 0x08, 0x21, 0x00, 0x21, 0x00, 0x41, 0x08, 0x41, 0x08,
    0x41, 0x08, 0x21, 0x00, 0x21, 0x00, 0x21, 0x00, 0x21, 0x00, 0x21, 0x00, 0x21, 0x00, 0x21, 0x00,
    0x21, 0x00, 0x21, 0x00, 0x21, 0x00, 0x21, 0x00, 0x21, 0x00, 0x21, 0x08, 0x21, 0x00, 0x21, 0x00,
    0x21, 0x00, 0x20, 0x00, 0x20, 0x00, 0x20, 0x00, 0x20, 0x00, 0x20, 0x00, 0x20, 0x00, 0x20, 0x00,
    0x41, 0x08, 0x41, 0x08, 0x41, 0x08, 0x41, 0x08, 0x41, 0x08, 0x41, 0x08, 0x41, 0x08, 0x41, 0x08,
    0x41, 0x08, 0x41, 0x08, 0x41, 0x08, 0x41, 0x08, 0x41, 0x08, 0x41, 0x08, 0x41, 0x08, 0x41, 0x08,
    0x41, 0x08, 0x41, 0x08, 0x41, 0x08, 0x41, 0x08, 0x41, 0x08, 0x61, 0x08, 0x61, 0x08, 0x41, 0x08,
    0x41, 0x08, 0x41, 0x08, 0x41, 0x08, 0x41, 0x08, 0x41, 0x08, 0x41, 0x08, 0x41, 0x08, 0x41, 0x08,
    0x41, 0x08, 0x41, 0x08, 0x61, 0x08, 0x61, 0x08, 0x61, 0x08, 0x61, 0x08, 0x41, 0x08, 0x41, 0x08,
    0x41, 0x08, 0x41, 0x08, 0x41, 0x08, 0x41, 0x08, 0x61, 0x08, 0x61, 0x08, 0x41, 0x08, 0x41, 0x08,
    0x41, 0x08, 0x41, 0x08, 0x41, 0x08, 0x41, 0x08, 0x41, 0x08, 0x41, 0x08, 0x41, 0x08, 0x41, 0x08,
    0x41, 0x08, 0x41, 0x08, 0x61, 0x08, 0x41, 0x08, 0x41, 0x08, 0x41, 0x08, 0x41, 0x08, 0x41, 0x08,
    0x41, 0x08, 0x61, 0x08, 0x61, 0x08, 0x61, 0x08, 0x61, 0x08, 0x61, 0x08, 0x61, 0x08, 0x61, 0x08,
    0x41, 0x08, 0x41, 0x08, 0x41, 0x08, 0x41, 0x08, 0x61, 0x08, 0x61, 0x08, 0x61, 0x08, 0x41, 0x08,
    0x41, 0x08, 0x41, 0x08, 0x41, 0x08, 0x41, 0x08, 0x61, 0x08, 0x61, 0x08, 0x61, 0x08, 0x61, 0x08,
    0x61, 0x08, 0x61, 0x08, 0x61, 0x08, 0x61, 0x08, 0x61, 0x08, 0x61, 0x08, 0x61, 0x08, 0x61, 0x08,
    0x61, 0x08, 0x61, 0x08, 0x41, 0x08, 0x41, 0x08, 0x41, 0x08, 0x41, 0x08, 0x61, 0x08, 0x41, 0x08,
    0x61, 0x08, 0x61, 0x08, 0x61, 0x08, 0x41, 0x08, 0x41, 0x08, 0x41, 0x08, 0x41, 0x08, 0x41, 0x08,
    0x61, 0x08, 0x61, 0x08, 0x61, 0x08, 0x61, 0x08, 0x61, 0x08, 0x61, 0x08, 0x61, 0x08, 0x61, 0x08,
    0x61, 0x08, 0x61, 0x08, 0x61, 0x08, 0x61, 0x08, 0x61, 0x08, 0x61, 0x08, 0x61, 0x08, 0x61, 0x08,
    0x61, 0x08, 0x41, 0x08, 0x41, 0x08, 0x41, 0x08, 0x41, 0x08, 0x41, 0x08, 0x41, 0x08, 0x41, 0x08,
    0x41, 0x08, 0x41, 0x08, 0x41, 0x08, 0x41, 0x08, 0x41, 0x08, 0x41, 0x08, 0x41, 0x08, 0x41, 0x08,
    0x41, 0x08, 0x41, 0x08, 0x41, 0x08, 0x41, 0x08, 0x41, 0x00, 0x20, 0x00, 0x82, 0x08, 0x61, 0x08,
    0x41, 0x08, 0x41, 0x08, 0x41, 0x08, 0x41, 0x08, 0x41, 0x08, 0x41, 0x08, 0x41, 0x08, 0x41, 0x08,
    0x41, 0x08, 0x41, 0x08, 0x41, 0x08, 0x41, 0x08, 0x41, 0x00, 0x21, 0x00, 0x21, 0x00, 0x41, 0x00,
    0x00, 0x00, 0xa3, 0x08, 0x62, 0x08, 0x20, 0x00, 0x41, 0x08, 0x41, 0x00, 0x20, 0x00, 0xc3, 0x08,
    0x82, 0x08, 0x20, 0x00, 0x21, 0x00, 0x21, 0x00, 0x21, 0x00, 0x21, 0x00, 0x41, 0x00, 0x20, 0x00,
    0x82, 0x08, 0xe4, 0x08, 0x20, 0x08, 0x41, 0x08, 0x41, 0x08, 0x41, 0x00, 0x41, 0x00, 0x41, 0x00,
    0x41, 0x00, 0x41, 0x00, 0x41, 0x00, 0x41, 0x00, 0x41, 0x00, 0x41, 0x00, 0x21, 0x00, 0x41, 0x08,
    0x62, 0x08, 0x21, 0x08, 0x20, 0x08, 0xc3, 0x08, 0x41, 0x08, 0x21, 0x00, 0x41, 0x00, 0x41, 0x00,
    0x41, 0x08, 0x41, 0x00, 0x41, 0x08, 0x41, 0x08, 0x41, 0x00, 0x41, 0x00, 0x21, 0x00, 0x41, 0x08,
    0x41, 0x08, 0x41, 0x08, 0x41, 0x08, 0x41, 0x08, 0x41, 0x00, 0x21, 0x00, 0x21, 0x00, 0x21, 0x00,
    0x41, 0x08, 0x21, 0x08, 0x21, 0x08, 0x21, 0x08, 0x21, 0x00, 0x21, 0x00, 0x21, 0x00, 0x21, 0x00,
    0x21, 0x00, 0x21, 0x00, 0x21, 0x08, 0x21, 0x00, 0x21, 0x00, 0x21, 0x00, 0x41, 0x08, 0x41, 0x00,
    0x20, 0x00, 0x20, 0x00, 0x21, 0x00, 0x21, 0x00, 0x21, 0x00, 0x21, 0x00, 0x21, 0x00, 0x21, 0x00,
    0x21, 0x00, 0x20, 0x00, 0x20, 0x00, 0x20, 0x00, 0x20, 0x00, 0x20, 0x00, 0x00, 0x00, 0x00, 0x00,
    0x41, 0x08, 0x41, 0x08, 0x41, 0x08, 0x41, 0x08, 0x41, 0x08, 0x41, 0x08, 0x41, 0x08, 0x41, 0x08,
    0x41, 0x08, 0x41, 0x08, 0x41, 0x08, 0x41, 0x08, 0x41, 0x08, 0x41, 0x08, 0x41, 0x08, 0x41, 0x08,
    0x41, 0x08, 0x41, 0x08, 0x41, 0x08, 0x41, 0x08, 0x41, 0x08, 0x41, 0x08, 0x61, 0x08, 0x41, 0x08,
    0x41, 0x08, 0x41, 0x08, 0x41, 0x08, 0x41, 0x08, 0x41, 0x08, 0x41, 0x08, 0x41, 0x08, 0x41, 0x08,
    0x41, 0x08, 0x41, 0x08, 0x61, 0x08, 0x61, 0x08, 0x61, 0x08, 0x61, 0x08, 0x61, 0x08, 0x41, 0x08,
    0x41, 0x08, 0x41, 0x08, 0x41, 0x08, 0x41, 0x08, 0x41, 0x08, 0x41, 0x08, 0x41, 0x08, 0x41, 0x08,
    0x41, 0x08, 0x41, 0x08, 0x41, 0x08, 0x41, 0x08, 0x41, 0x08, 0x41, 0x08, 0x41, 0x08, 0x41, 0x08,
    0x41, 0x08, 0x61, 0x08, 0x61, 0x08, 0x61, 0x08, 0x41, 0x08, 0x41, 0x08, 0x41, 0x08, 0x41, 0x08,
    0x41, 0x08, 0x61, 0x08, 0x61, 0x08, 0x41, 0x08, 0x61, 0x08, 0x61, 0x08, 0x61, 0x08, 0x41, 0x08,
    0x41, 0x08, 0x41, 0x08, 0x41, 0x08, 0x41, 0x08, 0x61, 0x08, 0x61, 0x08, 0x61, 0x08, 0x61, 0x08,
    0x41, 0x08, 0x41, 0x08, 0x41, 0x08, 0x41, 0x08, 0x41, 0x08, 0x61, 0x08, 0x61, 0x08, 0x61, 0x08,
    0x61, 0x08, 0x61, 0x08, 0x61, 0x08, 0x61, 0x08, 0x61, 0x08, 0x61, 0x08, 0x61, 0x08, 0x61, 0x08,
    0x61, 0x08, 0x41, 0x08, 0x41, 0x08, 0x41, 0x08, 0x41, 0x08, 0x61, 0x08, 0x61, 0x08, 0x61, 0x08,
    0x61, 0x08, 0x61, 0x08, 0x41, 0x08, 0x41, 0x08, 0x41, 0x08, 0x41, 0x08, 0x41, 0x08, 0x61, 0x08,
    0x61, 0x08, 0x61, 0x08, 0x61, 0x08, 0x61, 0x08, 0x61, 0x08, 0x61, 0x08, 0x61, 0x08, 0x61, 0x08,
    0x61, 0x08, 0x61, 0x08, 0x61, 0x08, 0x61, 0x08, 0x61, 0x08, 0x61, 0x08, 0x61, 0x08, 0x61, 0x08,
    0x61, 0x08, 0x61, 0x08, 0x61, 0x08, 0x41, 0x08, 0x41, 0x08, 0x41, 0x08, 0x41, 0x08, 0x41, 0x08,
    0x41, 0x08, 0x61, 0x08, 0x41, 0x08, 0x41, 0x08, 0x41, 0x08, 0x41, 0x08, 0x41, 0x08, 0x41, 0x08,
    0x41, 0x08, 0x41, 0x08, 0x41, 0x08, 0x41, 0x08, 0x21, 0x08, 0x41, 0x08, 0xe4, 0x08, 0x82, 0x08,
    0x20, 0x08, 0x41, 0x08, 0x41, 0x08, 0x41, 0x08, 0x41, 0x08, 0x41, 0x08, 0x41, 0x08, 0x41, 0x08,
    0x41, 0x08, 0x41, 0x08, 0x41, 0x08, 0x41, 0x08, 0x41, 0x00, 0x21, 0x00, 0x21, 0x00, 0x20, 0x00,
    0x82, 0x08, 0xc3, 0x10, 0xe4, 0x10, 0x41, 0x08, 0x21, 0x08, 0x41, 0x00, 0x20, 0x00, 0xa3, 0x08,
    0x82, 0x08, 0x20, 0x00, 0x21, 0x00, 0x21, 0x00, 0x21, 0x00, 0x41, 0x00, 0x20, 0x00, 0x82, 0x08,
    0xc4, 0x10, 0x20, 0x08, 0x41, 0x08, 0x41, 0x08, 0x41, 0x08, 0x41, 0x00, 0x41, 0x00, 0x41, 0x00,
    0x41, 0x00, 0x41, 0x00, 0x41, 0x00, 0x41, 0x08, 0x41, 0x00, 0x41, 0x00, 0x41, 0x00, 0x41, 0x08,
    0x21, 0x08, 0x41, 0x08, 0x20, 0x00, 0xa3, 0x08, 0x41, 0x08, 0x21, 0x00, 0x21, 0x00, 0x41, 0x08,
    0x41, 0x08, 0x41, 0x00, 0x41, 0x08, 0x41, 0x08, 0x41, 0x08, 0x41, 0x08, 0x41, 0x08, 0x41, 0x08,
    0x41, 0x08, 0x41, 0x08, 0x21, 0x08, 0x21, 0x08, 0x21, 0x08, 0x21, 0x00, 0x21, 0x00, 0x41, 0x08,
    0x41, 0x00, 0x41, 0x00, 0x21, 0x00, 0x21, 0x00, 0x21, 0x00, 0x21, 0x00, 0x21, 0x00, 0x21, 0x00,
    0x21, 0x00, 0x21, 0x00, 0x21, 0x00, 0x21, 0x00, 0x21, 0x00, 0x41, 0x08, 0x41, 0x08, 0x41, 0x00,
    0x20, 0x00, 0x21, 0x00, 0x21, 0x00, 0x21, 0x00, 0x21, 0x00, 0x21, 0x00, 0x21, 0x00, 0x20, 0x00,
    0x20, 0x00, 0x40, 0x00, 0x20, 0x00, 0x20, 0x00, 0x20, 0x00, 0x20, 0x00, 0x00, 0x00, 0x00, 0x00,
    0x41, 0x08, 0x41, 0x08, 0x41, 0x08, 0x41, 0x08, 0x41, 0x08, 0x41, 0x08, 0x41, 0x08, 0x41, 0x08,
    0x41, 0x08, 0x41, 0x08, 0x41, 0x08, 0x41, 0x08, 0x41, 0x08, 0x41, 0x08, 0x41, 0x08, 0x41, 0x08,
    0x41, 0x08, 0x41, 0x08, 0x41, 0x08, 0x41, 0x08, 0x41, 0x08, 0x41, 0x08, 0x41, 0x08, 0x41, 0x08,
    0x41, 0x08, 0x41, 0x08, 0x41, 0x08, 0x41, 0x08, 0x41, 0x08, 0x41, 0x08, 0x41, 0x08, 0x41, 0x08,
    0x41, 0x08, 0x41, 0x08, 0x41, 0x08, 0x41, 0x08, 0x61, 0x08, 0x61, 0x08, 0x61, 0x08, 0x61, 0x08,
    0x41, 0x08, 0x61, 0x08, 0x61, 0x08, 0x41, 0x08, 0x41, 0x08, 0x61, 0x08, 0x41, 0x08, 0x41, 0x08,
    0x41, 0x08, 0x41, 0x08, 0x41, 0x08, 0x41, 0x08, 0x41, 0x08, 0x41, 0x08, 0x41, 0x08, 0x41, 0x08,
    0x41, 0x08, 0x61, 0x08, 0x61, 0x08, 0x61, 0x08, 0x61, 0x08, 0x61, 0x08, 0x41, 0x08, 0x41, 0x08,
    0x41, 0x08, 0x41, 0x08, 0x41, 0x08, 0x41, 0x08, 0x41, 0x08, 0x41, 0x08, 0x41, 0x08, 0x41, 0x08,
    0x41, 0x08, 0x41, 0x08, 0x41, 0x08, 0x41, 0x08, 0x41, 0x08, 0x61, 0x08, 0x61, 0x08, 0x61, 0x08,
    0x41, 0x08, 0x41, 0x08, 0x41, 0x08, 0x41, 0x08, 0x41, 0x08, 0x41, 0x08, 0x41, 0x08, 0x41, 0x08,
    0x61, 0x08, 0x61, 0x08, 0x61, 0x08, 0x61, 0x08, 0x61, 0x08, 0x61, 0x08, 0x41, 0x08, 0x41, 0x08,
    0x41, 0x08, 0x41, 0x08, 0x41, 0x08, 0x41, 0x08, 0x41, 0x08, 0x61, 0x08, 0x61, 0x08, 0x61, 0x08,
    0x61, 0x08, 0x41, 0x08, 0x41, 0x08, 0x41, 0x08, 0x41, 0x08, 0x41, 0x08, 0x41, 0x08, 0x61, 0x08,
    0x61, 0x08, 0x61, 0x08, 0x61, 0x08, 0x61, 0x08, 0x61, 0x08, 0x61, 0x08, 0x61, 0x08, 0x61, 0x08,
    0x61, 0x08, 0x41, 0x08, 0x41, 0x08, 0x41, 0x08, 0x61, 0x08, 0x61, 0x08, 0x41, 0x08, 0x61, 0x08,
    0x61, 0x08, 0x61, 0x08, 0x61, 0x08, 0x61, 0x08, 0x41, 0x08, 0x41, 0x08, 0x41, 0x08, 0x41, 0x08,
    0x61, 0x08, 0x61, 0x08, 0x41, 0x08, 0x41, 0x08, 0x41, 0x08, 0x41, 0x08, 0x41, 0x08, 0x41, 0x08,
    0x41, 0x08, 0x41, 0x08, 0x41, 0x08, 0x41, 0x08, 0x61, 0x08, 0x04, 0x11, 0xa2, 0x08, 0xe4, 0x10,
    0x61, 0x08, 0x41, 0x08, 0x41, 0x08, 0x41, 0x08, 0x41, 0x08, 0x41, 0x08, 0x41, 0x08, 0x41, 0x08,
    0x41, 0x08, 0x41, 0x08, 0x41, 0x08, 0x41, 0x08, 0x41, 0x08, 0x41, 0x08, 0x21, 0x00, 0x41, 0x00,
    0xe4, 0x10, 0x00, 0x00, 0x82, 0x08, 0xc3, 0x08, 0x20, 0x00, 0x41, 0x00, 0x20, 0x00, 0xa3, 0x08,
    0x82, 0x08, 0x20, 0x00, 0x41, 0x00, 0x21, 0x00, 0x41, 0x00, 0x20, 0x00, 0xa3, 0x08, 0xc4, 0x08,
    0x20, 0x08, 0x41, 0x08, 0x41, 0x08, 0x41, 0x08, 0x41, 0x08, 0x41, 0x08, 0x41, 0x00, 0x41, 0x00,
    0x41, 0x00, 0x41, 0x00, 0x41, 0x08, 0x41, 0x08, 0x41, 0x08, 0x41, 0x08, 0x41, 0x00, 0x41, 0x08,
    0x41, 0x08, 0x41, 0x08, 0x20, 0x00, 0x82, 0x08, 0x21, 0x08, 0x21, 0x00, 0x21, 0x00, 0x41, 0x08,
    0x41, 0x08, 0x41, 0x08, 0x41, 0x08, 0x41, 0x08, 0x41, 0x08, 0x41, 0x08, 0x41, 0x08, 0x41, 0x08,
    0x41, 0x00, 0x41, 0x08, 0x21, 0x08, 0x21, 0x08, 0x21, 0x08, 0x21, 0x00, 0x21, 0x00, 0x41, 0x08,
    0x41, 0x00, 0x21, 0x08, 0x21, 0x00, 0x21, 0x00, 0x21, 0x00, 0x21, 0x00, 0x21, 0x00, 0x21, 0x00,
    0x21, 0x00, 0x21, 0x00, 0x21, 0x00, 0x21, 0x00, 0x41, 0x08, 0x41, 0x08, 0x41, 0x08, 0x41, 0x08,
    0x21, 0x00, 0x21, 0x00, 0x21, 0x00, 0x21, 0x00, 0x21, 0x00, 0x21, 0x00, 0x21, 0x00, 0x40, 0x00,
    0x21, 0x00, 0x21, 0x00, 0x21, 0x00, 0x20, 0x00, 0x20, 0x00, 0x20, 0x00, 0x00, 0x00, 0x00, 0x00,
    0x41, 0x08, 0x41, 0x08, 0x41, 0x08, 0x41, 0x08, 0x41, 0x08, 0x41, 0x08, 0x41, 0x08, 0x41, 0x08,
    0x41, 0x08, 0x41, 0x08, 0x41, 0x08, 0x41, 0x08, 0x41, 0x08, 0x41, 0x08, 0x41, 0x08, 0x41, 0x08,
    0x41, 0x08, 0x41, 0x08, 0x41, 0x08, 0x41, 0x08, 0x41, 0x08, 0x41, 0x08, 0x41, 0x08, 0x41, 0x08,
    0x41, 0x08, 0x41, 0x08, 0x41, 0x08, 0x41, 0x08, 0x41, 0x08, 0x41, 0x08, 0x41, 0x08, 0x41, 0x08,
    0x41, 0x08, 0x41, 0x08, 0x41, 0x08, 0x41, 0x08, 0x41, 0x08, 0x41, 0x08, 0x61, 0x08, 0x41, 0x08,
    0x61, 0x08, 0x61, 0x08, 0x61, 0x08, 0x61, 0x08, 0x61, 0x08, 0x61, 0x08, 0x61, 0x08, 0x41, 0x08,
    0x41, 0x08, 0x41, 0x08, 0x41, 0x08, 0x41, 0x08, 0x41, 0x08, 0x41, 0x08, 0x41, 0x08, 0x41, 0x08,
    0x41, 0x08, 0x61, 0x08, 0x61, 0x08, 0x41, 0x08, 0x61, 0x08, 0x61, 0x08, 0x41, 0x08, 0x41, 0x08,
    0x41, 0x08, 0x41, 0x08, 0x41, 0x08, 0x41, 0x08, 0x61, 0x08, 0x41, 0x08, 0x41, 0x08, 0x41, 0x08,
    0x41, 0x08, 0x41, 0x08, 0x41, 0x08, 0x41, 0x08, 0x41, 0x08, 0x41, 0x08, 0x61, 0x08, 0x41, 0x08,
    0x41, 0x08, 0x41, 0x08, 0x61, 0x08, 0x61, 0x08, 0x61, 0x08, 0x41, 0x08, 0x41, 0x08, 0x41, 0x08,
    0x61, 0x08, 0x61, 0x08, 0x61, 0x08, 0x61, 0x08, 0x61, 0x08, 0x61, 0x08, 0x41, 0x08, 0x41, 0x08,
    0x41, 0x08, 0x61, 0x08, 0x61, 0x08, 0x61, 0x08, 0x61, 0x08, 0x61, 0x08, 0x61, 0x08, 0x61, 0x08,
    0x61, 0x08, 0x41, 0x08, 0x41, 0x08, 0x41, 0x08, 0x41, 0x08, 0x41, 0x08, 0x41, 0x08, 0x61, 0x08,
    0x61, 0x08, 0x61, 0x08, 0x61, 0x08, 0x61, 0x08, 0x61, 0x08, 0x61, 0x08, 0x61, 0x08, 0x61, 0x08,
    0x41, 0x08, 0x41, 0x08, 0x41, 0x08, 0x41, 0x08, 0x41, 0x08, 0x61, 0x08, 0x61, 0x08, 0x61, 0x08,
    0x41, 0x08, 0x61, 0x08, 0x61, 0x08, 0x61, 0x08, 0x41, 0x08, 0x41, 0x08, 0x41, 0x08, 0x41, 0x08,
    0x61, 0x08, 0x61, 0x08, 0x41, 0x08, 0x41, 0x08, 0x41, 0x08, 0x41, 0x08, 0x41, 0x08, 0x41, 0x08,
    0x41, 0x08, 0x41, 0x08, 0x41, 0x08, 0x20, 0x00, 0xa3, 0x08, 0xc3, 0x10, 0x00, 0x08, 0x82, 0x08,
    0xa2, 0x08, 0x20, 0x08, 0x41, 0x08, 0x41, 0x08, 0x41, 0x08, 0x41, 0x08, 0x41, 0x08, 0x41, 0x08,
    0x41, 0x08, 0x41, 0x08, 0x41, 0x08, 0x41, 0x08, 0x41, 0x08, 0x41, 0x08, 0x41, 0x08, 0x21, 0x00,
    0xe4, 0x10, 0x82, 0x08, 0xc3, 0x08, 0x62, 0x08, 0x21, 0x00, 0x41, 0x00, 0x20, 0x00, 0xc3, 0x08,
    0x82, 0x08, 0x21, 0x00, 0x41, 0x00, 0x41, 0x00, 0x41, 0x00, 0x20, 0x00, 0xc3, 0x08, 0x41, 0x08,
    0x21, 0x08, 0x41, 0x08, 0x41, 0x08, 0x41, 0x08, 0x41, 0x00, 0x41, 0x08, 0x41, 0x00, 0x41, 0x00,
    0x41, 0x08, 0x41, 0x08, 0x41, 0x08, 0x41, 0x08, 0x41, 0x08, 0x41, 0x08, 0x41, 0x08, 0x41, 0x08,
    0x41, 0x08, 0x20, 0x00, 0x41, 0x08, 0xa3, 0x08, 0x82, 0x08, 0x20, 0x00, 0x21, 0x00, 0x41, 0x08,
    0x41, 0x08, 0x41, 0x08, 0x41, 0x08, 0x41, 0x08, 0x41, 0x08, 0x41, 0x08, 0x41, 0x08, 0x41, 0x08,
    0x41, 0x08, 0x41, 0x08, 0x41, 0x00, 0x21, 0x08, 0x21, 0x08, 0x21, 0x08, 0x21, 0x00, 0x41, 0x00,
    0x41, 0x00, 0x21, 0x00, 0x21, 0x08, 0x21, 0x08, 0x21, 0x08, 0x41, 0x08, 0x20, 0x00, 0x21, 0x00,
    0x21, 0x00, 0x21, 0x00, 0x21, 0x00, 0x41, 0x08, 0x41, 0x08, 0x41, 0x08, 0x41, 0x08, 0x41, 0x00,
    0x21, 0x00, 0x21, 0x00, 0x21, 0x00, 0x21, 0x00, 0x21, 0x00, 0x21, 0x00, 0x21, 0x00, 0x20, 0x00,
    0x21, 0x00, 0x21, 0x00, 0x21, 0x00, 0x20, 0x00, 0x20, 0x00, 0x20, 0x00, 0x00, 0x00, 0x00, 0x00,
    0x41, 0x08, 0x41, 0x08, 0x61, 0x08, 0x41, 0x08, 0x41, 0x08, 0x41, 0x08, 0x41, 0x08, 0x61, 0x08,
    0x41, 0x08, 0x41, 0x08, 0x41, 0x08, 0x41, 0x08, 0x41, 0x08, 0x41, 0x08, 0x41, 0x08, 0x41, 0x08,
    0x41, 0x08, 0x41, 0x08, 0x41, 0x08, 0x41, 0x08, 0x41, 0x08, 0x41, 0x08, 0x41, 0x08, 0x41, 0x08,
    0x41, 0x08, 0x41, 0x08, 0x41, 0x08, 0x41, 0x08, 0x41, 0x08, 0x41, 0x08, 0x41, 0x08, 0x41, 0x08,
    0x41, 0x08, 0x41, 0x08, 0x41, 0x08, 0x41, 0x08, 0x41, 0x08, 0x41, 0x08, 0x41, 0x08, 0x41, 0x08,
    0x61, 0x08, 0x61, 0x08, 0x61, 0x08, 0x61, 0x08, 0x61, 0x08, 0x61, 0x08, 0x61, 0x08, 0x61, 0x08,
    0x41, 0x08, 0x41, 0x08, 0x41, 0x08, 0x41, 0x08, 0x41, 0x08, 0x41, 0x08, 0x41, 0x08, 0x41, 0x08,
    0x41, 0x08, 0x41, 0x08, 0x41, 0x08, 0x41, 0x08, 0x41, 0x08, 0x41, 0x08, 0x41, 0x08, 0x41, 0x08,
    0x41, 0x08, 0x41, 0x08, 0x41, 0x08, 0x41, 0x08, 0x61, 0x08, 0x41, 0x08, 0x41, 0x08, 0x41, 0x08,
    0x41, 0x08, 0x41, 0x08, 0x41, 0x08, 0x41, 0x08, 0x41, 0x08, 0x41, 0x08, 0x41, 0x08, 0x41, 0x08,
    0x41, 0x08, 0x41, 0x08, 0x61, 0x08, 0x61, 0x08, 0x61, 0x08, 0x61, 0x08, 0x41, 0x08, 0x41, 0x08,
    0x61, 0x08, 0x61, 0x08, 0x61, 0x08, 0x61, 0x08, 0x61, 0x08, 0x41, 0x08, 0x41, 0x08, 0x41, 0x08,
    0x41, 0x08, 0x61, 0x08, 0x61, 0x08, 0x61, 0x08, 0x61, 0x08, 0x61, 0x08, 0x61, 0x08, 0x41, 0x08,
    0x61, 0x08, 0x41, 0x08, 0x41, 0x08, 0x41, 0x08, 0x61, 0x08, 0x41, 0x08, 0x41, 0x08, 0x61, 0x08,
    0x61, 0x08, 0x61, 0x08, 0x61, 0x08, 0x61, 0x08, 0x61, 0x08, 0x61, 0x08, 0x41, 0x08, 0x41, 0x08,
    0x41, 0x08, 0x41, 0x08, 0x41, 0x08, 0x41, 0x08, 0x41, 0x08, 0x41, 0x08, 0x61, 0x08, 0x41, 0x08,
    0x41, 0x08, 0x41, 0x08, 0x41, 0x08, 0x41, 0x08, 0x41, 0x08, 0x41, 0x08, 0x41, 0x08, 0x41, 0x08,
    0x61, 0x08, 0x61, 0x08, 0x41, 0x08, 0x41, 0x08, 0x41, 0x08, 0x41, 0x08, 0x41, 0x08, 0x41, 0x08,
    0x41, 0x08, 0x41, 0x08, 0x41, 0x08, 0x41, 0x08, 0x61, 0x08, 0x05, 0x11, 0xc3, 0x10, 0x04, 0x11,
    0x61, 0x08, 0x41, 0x08, 0x41, 0x08, 0x41, 0x08, 0x41, 0x08, 0x41, 0x08, 0x41, 0x08, 0x41, 0x08,
    0x41, 0x08, 0x41, 0x08, 0x41, 0x08, 0x41, 0x08, 0x41, 0x08, 0x41, 0x08, 0x41, 0x08, 0x21, 0x00,
    0x41, 0x08, 0xc3, 0x08, 0x82, 0x08, 0x20, 0x00, 0x41, 0x00, 0x41, 0x00, 0x20, 0x00, 0xa3, 0x08,
    0x82, 0x08, 0x21, 0x00, 0x41, 0x00, 0x41, 0x00, 0x41, 0x00, 0x20, 0x00, 0xa3, 0x08, 0x61, 0x08,
    0x41, 0x08, 0x41, 0x08, 0x41, 0x08, 0x41, 0x00, 0x41, 0x08, 0x41, 0x08, 0x41, 0x00, 0x41, 0x08,
    0x41, 0x08, 0x41, 0x08, 0x41, 0x08, 0x41, 0x08, 0x41, 0x08, 0x41, 0x08, 0x41, 0x08, 0x41, 0x08,
    0x21, 0x08, 0x41, 0x08, 0xc3, 0x08, 0x41, 0x08, 0x82, 0x08, 0x82, 0x08, 0x20, 0x00, 0x41, 0x08,
    0x41, 0x08, 0x41, 0x08, 0x41, 0x08, 0x41, 0x08, 0x41, 0x08, 0x41, 0x08, 0x41, 0x00, 0x41, 0x08,
    0x41, 0x08, 0x41, 0x08, 0x41, 0x00, 0x41, 0x00, 0x21, 0x00, 0x21, 0x00, 0x41, 0x00, 0x21, 0x00,
    0x41, 0x08, 0x21, 0x08, 0x21, 0x08, 0x21, 0x08, 0x21, 0x08, 0x41, 0x08, 0x20, 0x00, 0x21, 0x00,
    0x21, 0x00, 0x21, 0x00, 0x21, 0x00, 0x41, 0x08, 0x41, 0x08, 0x41, 0x08, 0x41, 0x08, 0x21, 0x00,
    0x21, 0x00, 0x21, 0x00, 0x21, 0x00, 0x21, 0x00, 0x21, 0x00, 0x21, 0x00, 0x20, 0x00, 0x20, 0x00,
    0x21, 0x00, 0x21, 0x00, 0x20, 0x00, 0x20, 0x00, 0x20, 0x00, 0x20, 0x00, 0x00, 0x00, 0x00, 0x00,
    0x41, 0x08, 0x41, 0x08, 0x41, 0x08, 0x41, 0x08, 0x41, 0x08, 0x61, 0x08, 0x41, 0x08, 0x41, 0x08,
    0x41, 0x08, 0x41, 0x08, 0x41, 0x08, 0x41, 0x08, 0x41, 0x08, 0x41, 0x08, 0x41, 0x08, 0x41, 0x08,
    0x41, 0x08, 0x41, 0x08, 0x41, 0x08, 0x41, 0x08, 0x41, 0x08, 0x41, 0x08, 0x41, 0x08, 0x41, 0x08,
    0x41, 0x08, 0x41, 0x08, 0x41, 0x08, 0x41, 0x08, 0x41, 0x08, 0x41, 0x08, 0x41, 0x08, 0x41, 0x08,
    0x41, 0x08, 0x41, 0x08, 0x41, 0x08, 0x41, 0x08, 0x41, 0x08, 0x41, 0x08, 0x41, 0x08, 0x41, 0x08,
    0x41, 0x08, 0x41, 0x08, 0x41, 0x08, 0x61, 0x08, 0x61, 0x08, 0x61, 0x08, 0x61, 0x08, 0x61, 0x08,
    0x41, 0x08, 0x41, 0x08, 0x41, 0x08, 0x41, 0x08, 0x41, 0x08, 0x41, 0x08, 0x41, 0x08, 0x41, 0x08,
    0x41, 0x08, 0x41, 0x08, 0x41, 0x08, 0x41, 0x08, 0x41, 0x08, 0x41, 0x08, 0x41, 0x08, 0x41, 0x08,
    0x41, 0x08, 0x41, 0x08, 0x41, 0x08, 0x41, 0x08, 0x41, 0x08, 0x41, 0x08, 0x41, 0x08, 0x41, 0x08,
    0x41, 0x08, 0x41, 0x08, 0x41, 0x08, 0x41, 0x08, 0x41, 0x08, 0x41, 0x08, 0x41, 0x08, 0x61, 0x08,
    0x41, 0x08, 0x41, 0x08, 0x41, 0x08, 0x61, 0x08, 0x61, 0x08, 0x41, 0x08, 0x41, 0x08, 0x41, 0x08,
    0x41, 0x08, 0x61, 0x08, 0x61, 0x08, 0x61, 0x08, 0x41, 0x08, 0x41, 0x08, 0x41, 0x08, 0x41, 0x08,
    0x41, 0x08, 0x41, 0x08, 0x41, 0x08, 0x41, 0x08, 0x41, 0x08, 0x41, 0x08, 0x41, 0x08, 0x41, 0x08,
    0x41, 0x08, 0x41, 0x08, 0x41, 0x08, 0x41, 0x08, 0x41, 0x08, 0x41, 0x08, 0x61, 0x08, 0x61, 0x08,
    0x61, 0x08, 0x61, 0x08, 0x61, 0x08, 0x61, 0x08, 0x61, 0x08, 0x61, 0x08, 0x41, 0x08, 0x41, 0x08,
    0x41, 0x08, 0x41, 0x08, 0x41, 0x08, 0x41, 0x08, 0x41, 0x08, 0x41, 0x08, 0x41, 0x08, 0x61, 0x08,
    0x41, 0x08, 0x41, 0x08, 0x41, 0x08, 0x41, 0x08, 0x41, 0x08, 0x41, 0x08, 0x41, 0x08, 0x41, 0x08,
    0x41, 0x08, 0x41, 0x08, 0x41, 0x08, 0x41, 0x08, 0x41, 0x08, 0x41, 0x08, 0x41, 0x08, 0x41, 0x08,
    0x41, 0x08, 0x41, 0x08, 0x41, 0x08, 0x41, 0x08, 0x41, 0x08, 0x61, 0x08, 0xc3, 0x08, 0x61, 0x08,
    0x21, 0x08, 0x41, 0x08, 0x41, 0x08, 0x41, 0x08, 0x41, 0x08, 0x41, 0x08, 0x41, 0x08, 0x41, 0x08,
    0x41, 0x08, 0x41, 0x08, 0x41, 0x08, 0x41, 0x08, 0x41, 0x08, 0x41, 0x08, 0x41, 0x08, 0x41, 0x08,
    0x41, 0x08, 0x20, 0x00, 0x20, 0x00, 0x41, 0x08, 0x41, 0x00, 0x41, 0x00, 0x20, 0x00, 0xa3, 0x08,
    0x82, 0x08, 0x20, 0x00, 0x41, 0x00, 0x41, 0x00, 0x41, 0x08, 0x41, 0x08, 0xc4, 0x08, 0x41, 0x08,
    0x41, 0x08, 0x41, 0x08, 0x41, 0x00, 0x41, 0x00, 0x41, 0x00, 0x41, 0x08, 0x41, 0x08, 0x41, 0x08,
    0x41, 0x08, 0x41, 0x08, 0x41, 0x08, 0x41, 0x08, 0x41, 0x08, 0x41, 0x08, 0x41, 0x08, 0x41, 0x08,
    0x21, 0x08, 0x41, 0x08, 0xa3, 0x08, 0x41, 0x08, 0x62, 0x08, 0x82, 0x08, 0x21, 0x08, 0x21, 0x00,
    0x41, 0x08, 0x41, 0x08, 0x41, 0x08, 0x41, 0x08, 0x41, 0x08, 0x41, 0x08, 0x41, 0x00, 0x41, 0x08,
    0x41, 0x08, 0x41, 0x08, 0x41, 0x08, 0x21, 0x08, 0x21, 0x08, 0x21, 0x00, 0x21, 0x00, 0x21, 0x00,
    0x41, 0x08, 0x21, 0x08, 0x21, 0x08, 0x21, 0x08, 0x21, 0x08, 0x41, 0x08, 0x41, 0x08, 0x21, 0x00,
    0x21, 0x00, 0x21, 0x00, 0x21, 0x00, 0x41, 0x00, 0x41, 0x00, 0x41, 0x08, 0x21, 0x00, 0x21, 0x00,
    0x21, 0x00, 0x21, 0x00, 0x21, 0x00, 0x21, 0x00, 0x21, 0x00, 0x20, 0x00, 0x20, 0x00, 0x20, 0x00,
    0x20, 0x00, 0x20, 0x00, 0x20, 0x00, 0x20, 0x00, 0x20, 0x00, 0x00, 0x00, 0x00, 0x00, 0x00, 0x00,
    0x41, 0x08, 0x41, 0x08, 0x41, 0x08, 0x41, 0x08, 0x61, 0x08, 0x41, 0x08, 0x41, 0x08, 0x41, 0x08,
    0x41, 0x08, 0x41, 0x08, 0x41, 0x08, 0x41, 0x08, 0x41, 0x08, 0x41, 0x08, 0x41, 0x08, 0x61, 0x08,
    0x61, 0x08, 0x61, 0x08, 0x61, 0x08, 0x41, 0x08, 0x41, 0x08, 0x41, 0x08, 0x41, 0x08, 0x41, 0x08,
    0x41, 0x08, 0x41, 0x08, 0x41, 0x08, 0x41, 0x08, 0x41, 0x08, 0x41, 0x08, 0x41, 0x08, 0x41, 0x08,
    0x41, 0x08, 0x41, 0x08, 0x41, 0x08, 0x41, 0x08, 0x41, 0x08, 0x41, 0x08, 0x41, 0x08, 0x41, 0x08,
    0x41, 0x08, 0x41, 0x08, 0x41, 0x08, 0x41, 0x08, 0x41, 0x08, 0x41, 0x08, 0x41, 0x08, 0x41, 0x08,
    0x41, 0x08, 0x41, 0x08, 0x41, 0x08, 0x41, 0x08, 0x41, 0x08, 0x41, 0x08, 0x41, 0x08, 0x41, 0x08,
    0x41, 0x08, 0x41, 0x08, 0x41, 0x08, 0x41, 0x08, 0x41, 0x08, 0x41, 0x08, 0x41, 0x08, 0x41, 0x08,
    0x41, 0x08, 0x41, 0x08, 0x41, 0x08, 0x41, 0x08, 0x41, 0x08, 0x41, 0x08, 0x41, 0x08, 0x41, 0x08,
    0x41, 0x08, 0x41, 0x08, 0x61, 0x08, 0x61, 0x08, 0x41, 0x08, 0x41, 0x08, 0x41, 0x08, 0x61, 0x08,
    0x41, 0x08, 0x41, 0x08, 0x41, 0x08, 0x61, 0x08, 0x61, 0x08, 0x41, 0x08, 0x41, 0x08, 0x41, 0x08,
    0x41, 0x08, 0x61, 0x08, 0x61, 0x08, 0x61, 0x08, 0x41, 0x08, 0x41, 0x08, 0x41, 0x08, 0x41, 0x08,
    0x41, 0x08, 0x41, 0x08, 0x41, 0x08, 0x41, 0x08, 0x41, 0x08, 0x41, 0x08, 0x41, 0x08, 0x41, 0x08,
    0x41, 0x08, 0x41, 0x08, 0x41, 0x08, 0x41, 0x08, 0x41, 0x08, 0x41, 0x08, 0x61, 0x08, 0x61, 0x08,
    0x61, 0x08, 0x61, 0x08, 0x61, 0x08, 0x61, 0x08, 0x61, 0x08, 0x61, 0x08, 0x41, 0x08, 0x41, 0x08,
    0x41, 0x08, 0x41, 0x08, 0x41, 0x08, 0x41, 0x08, 0x41, 0x08, 0x41, 0x08, 0x41, 0x08, 0x41, 0x08,
    0x41, 0x08, 0x41, 0x08, 0x41, 0x08, 0x41, 0x08, 0x41, 0x08, 0x41, 0x08, 0x41, 0x08, 0x41, 0x08,
    0x41, 0x08, 0x41, 0x08, 0x41, 0x08, 0x41, 0x08, 0x41, 0x08, 0x41, 0x08, 0x41, 0x08, 0x41, 0x08,
    0x41, 0x08, 0x41, 0x08, 0x41, 0x08, 0x41, 0x08, 0x41, 0x08, 0x41, 0x08, 0x20, 0x00, 0x41, 0x08,
    0x41, 0x08, 0x41, 0x08, 0x41, 0x08, 0x41, 0x08, 0x41, 0x08, 0x41, 0x08, 0x41, 0x08, 0x41, 0x08,
    0x41, 0x08, 0x41, 0x08, 0x41, 0x08, 0x41, 0x08, 0x41, 0x08, 0x41, 0x08, 0x41, 0x08, 0x41, 0x08,
    0x41, 0x08, 0x41, 0x08, 0x41, 0x08, 0x41, 0x08, 0x41, 0x00, 0x41, 0x00, 0x20, 0x00, 0xc3, 0x08,
    0x82, 0x08, 0x20, 0x00, 0x41, 0x08, 0x41, 0x08, 0x20, 0x00, 0x62, 0x08, 0x25, 0x11, 0x61, 0x08,
    0x21, 0x00, 0x41, 0x08, 0x41, 0x08, 0x41, 0x08, 0x41, 0x08, 0x41, 0x08, 0x41, 0x08, 0x41, 0x08,
    0x41, 0x08, 0x41, 0x08, 0x41, 0x08, 0x41, 0x08, 0x41, 0x08, 0x41, 0x08, 0x41, 0x08, 0x41, 0x08,
    0x41, 0x08, 0x21, 0x00, 0x82, 0x08, 0xc3, 0x08, 0xa3, 0x08, 0x41, 0x08, 0x21, 0x00, 0x21, 0x00,
    0x41, 0x08, 0x41, 0x08, 0x41, 0x08, 0x41, 0x08, 0x41, 0x08, 0x41, 0x08, 0x41, 0x08, 0x41, 0x08,
    0x41, 0x08, 0x41, 0x08, 0x21, 0x08, 0x21, 0x08, 0x21, 0x08, 0x21, 0x00, 0x20, 0x00, 0x20, 0x00,
    0x21, 0x00, 0x21, 0x08, 0x21, 0x08, 0x21, 0x08, 0x21, 0x08, 0x41, 0x08, 0x41, 0x08, 0x41, 0x00,
    0x21, 0x00, 0x21, 0x00, 0x21, 0x00, 0x41, 0x00, 0x41, 0x08, 0x41, 0x08, 0x21, 0x00, 0x21, 0x00,
    0x21, 0x00, 0x21, 0x00, 0x21, 0x00, 0x21, 0x00, 0x40, 0x00, 0x20, 0x00, 0x20, 0x00, 0x20, 0x00,
    0x20, 0x00, 0x20, 0x00, 0x20, 0x00, 0x20, 0x00, 0x00, 0x00, 0x00, 0x00, 0x00, 0x00, 0x00, 0x00,
    0x41, 0x08, 0x41, 0x08, 0x41, 0x08, 0x41, 0x08, 0x41, 0x08, 0x41, 0x08, 0x41, 0x08, 0x41, 0x08,
    0x41, 0x08, 0x41, 0x08, 0x41, 0x08, 0x41, 0x08, 0x61, 0x08, 0x61, 0x08, 0x41, 0x08, 0x41, 0x08,
    0x41, 0x08, 0x61, 0x08, 0x61, 0x08, 0x41, 0x08, 0x41, 0x08, 0x41, 0x08, 0x41, 0x08, 0x41, 0x08,
    0x41, 0x08, 0x41, 0x08, 0x41, 0x08, 0x41, 0x08, 0x41, 0x08, 0x41, 0x08, 0x41, 0x08, 0x41, 0x08,
    0x41, 0x08, 0x41, 0x08, 0x41, 0x08, 0x41, 0x08, 0x41, 0x08, 0x41, 0x08, 0x41, 0x08, 0x41, 0x08,
    0x41, 0x08, 0x41, 0x08, 0x41, 0x08, 0x41, 0x08, 0x41, 0x08, 0x41, 0x08, 0x41, 0x08, 0x41, 0x08,
    0x41, 0x08, 0x41, 0x08, 0x41, 0x08, 0x41, 0x08, 0x41, 0x08, 0x41, 0x08, 0x41, 0x08, 0x41, 0x08,
    0x41, 0x08, 0x41, 0x08, 0x41, 0x08, 0x41, 0x08, 0x41, 0x08, 0x41, 0x08, 0x41, 0x08, 0x41, 0x08,
    0x41, 0x08, 0x41, 0x08, 0x61, 0x08, 0x41, 0x08, 0x41, 0x08, 0x41, 0x08, 0x41, 0x08, 0x41, 0x08,
    0x61, 0x08, 0x61, 0x08, 0x61, 0x08, 0x61, 0x08, 0x61, 0x08, 0x61, 0x08, 0x61, 0x08, 0x61, 0x08,
    0x41, 0x08, 0x41, 0x08, 0x41, 0x08, 0x61, 0x08, 0x61, 0x08, 0x61, 0x08, 0x61, 0x08, 0x61, 0x08,
    0x41, 0x08, 0x41, 0x08, 0x61, 0x08, 0x61, 0x08, 0x61, 0x08, 0x41, 0x08, 0x41, 0x08, 0x41, 0x08,
    0x41, 0x08, 0x41, 0x08, 0x41, 0x08, 0x41, 0x08, 0x41, 0x08, 0x41, 0x08, 0x41, 0x08, 0x41, 0x08,
    0x41, 0x08, 0x41, 0x08, 0x41, 0x08, 0x41, 0x08, 0x41, 0x08, 0x41, 0x08, 0x41, 0x08, 0x41, 0x08,
    0x61, 0x08, 0x61, 0x08, 0x61, 0x08, 0x61, 0x08, 0x61, 0x08, 0x61, 0x08, 0x41, 0x08, 0x41, 0x08,
    0x41, 0x08, 0x41, 0x08, 0x41, 0x08, 0x41, 0x08, 0x41, 0x08, 0x41, 0x08, 0x41, 0x08, 0x41, 0x08,
    0x41, 0x08, 0x41, 0x08, 0x41, 0x08, 0x41, 0x08, 0x41, 0x08, 0x41, 0x08, 0x41, 0x08, 0x41, 0x08,
    0x41, 0x08, 0x41, 0x08, 0x41, 0x08, 0x41, 0x08, 0x41, 0x08, 0x41, 0x08, 0x41, 0x08, 0x41, 0x08,
    0x41, 0x08, 0x41, 0x08, 0x41, 0x08, 0x41, 0x08, 0x41, 0x08, 0x41, 0x08, 0x41, 0x08, 0x41, 0x08,
    0x41, 0x08, 0x41, 0x08, 0x41, 0x08, 0x41, 0x08, 0x41, 0x08, 0x41, 0x08, 0x41, 0x08, 0x41, 0x08,
    0x41, 0x08, 0x41, 0x08, 0x41, 0x08, 0x41, 0x08, 0x41, 0x08, 0x41, 0x08, 0x41, 0x08, 0x41, 0x08,
    0x41, 0x08, 0x41, 0x08, 0x41, 0x08, 0x41, 0x08, 0x41, 0x00, 0x41, 0x00, 0x20, 0x08, 0xc3, 0x08,
    0x82, 0x08, 0x21, 0x08, 0x41, 0x08, 0x41, 0x08, 0x41, 0x08, 0x21, 0x08, 0x61, 0x08, 0x41, 0x08,
    0x41, 0x08, 0x41, 0x00, 0x41, 0x08, 0x41, 0x08, 0x41, 0x08, 0x41, 0x08, 0x41, 0x08, 0x41, 0x08,
    0x41, 0x08, 0x41, 0x08, 0x41, 0x08, 0x41, 0x08, 0x41, 0x08, 0x41, 0x08, 0x41, 0x08, 0x41, 0x08,
    0x41, 0x08, 0x41, 0x08, 0x21, 0x08, 0x41, 0x00, 0x21, 0x00, 0x21, 0x00, 0x21, 0x00, 0x41, 0x08,
    0x41, 0x08, 0x41, 0x08, 0x41, 0x08, 0x41, 0x08, 0x41, 0x08, 0x41, 0x08, 0x41, 0x08, 0x41, 0x08,
    0x41, 0x08, 0x41, 0x08, 0x21, 0x08, 0x21, 0x08, 0x21, 0x00, 0x21, 0x00, 0x41, 0x08, 0x20, 0x00,
    0x21, 0x00, 0x21, 0x00, 0x21, 0x00, 0x21, 0x00, 0x21, 0x08, 0x41, 0x08, 0x41, 0x08, 0x41, 0x08,
    0x41, 0x00, 0x21, 0x00, 0x21, 0x00, 0x41, 0x08, 0x41, 0x08, 0x41, 0x08, 0x41, 0x08, 0x21, 0x00,
    0x21, 0x00, 0x21, 0x00, 0x21, 0x00, 0x20, 0x00, 0x40, 0x00, 0x20, 0x00, 0x20, 0x00, 0x20, 0x00,
    0x20, 0x00, 0x20, 0x00, 0x20, 0x00, 0x00, 0x00, 0x00, 0x00, 0x00, 0x00, 0x00, 0x00, 0x00, 0x00,
    0x41, 0x08, 0x41, 0x08, 0x41, 0x08, 0x41, 0x08, 0x41, 0x08, 0x41, 0x08, 0x41, 0x08, 0x41, 0x08,
    0x41, 0x08, 0x41, 0x08, 0x41, 0x08, 0x41, 0x08, 0x41, 0x08, 0x41, 0x08, 0x41, 0x08, 0x41, 0x08,
    0x41, 0x08, 0x41, 0x08, 0x41, 0x08, 0x41, 0x08, 0x41, 0x08, 0x41, 0x08, 0x41, 0x08, 0x41, 0x08,
    0x41, 0x08, 0x41, 0x08, 0x41, 0x08, 0x41, 0x08, 0x41, 0x08, 0x41, 0x08, 0x41, 0x08, 0x41, 0x08,
    0x41, 0x08, 0x41, 0x08, 0x41, 0x08, 0x41, 0x08, 0x41, 0x08, 0x41, 0x08, 0x41, 0x08, 0x41, 0x08,
    0x41, 0x08, 0x41, 0x08, 0x41, 0x08, 0x41, 0x08, 0x41, 0x08, 0x41, 0x08, 0x41, 0x08, 0x41, 0x08,
    0x41, 0x08, 0x41, 0x08, 0x41, 0x08, 0x41, 0x08, 0x41, 0x08, 0x41, 0x08, 0x41, 0x08, 0x41, 0x08,
    0x41, 0x08, 0x41, 0x08, 0x41, 0x08, 0x41, 0x08, 0x41, 0x08, 0x41, 0x08, 0x41, 0x08, 0x41, 0x08,
    0x41, 0x08, 0x41, 0x08, 0x41, 0x08, 0x41, 0x08, 0x41, 0x08, 0x41, 0x08, 0x41, 0x08, 0x41, 0x08,
    0x61, 0x08, 0x61, 0x08, 0x41, 0x08, 0x41, 0x08, 0x41, 0x08, 0x41, 0x08, 0x61, 0x08, 0x61, 0x08,
    0x41, 0x08, 0x61, 0x08, 0x41, 0x08, 0x41, 0x08, 0x41, 0x08, 0x61, 0x08, 0x61, 0x08, 0x61, 0x08,
    0x61, 0x08, 0x61, 0x08, 0x41, 0x08, 0x41, 0x08, 0x61, 0x08, 0x61, 0x08, 0x41, 0x08, 0x41, 0x08,
    0x41, 0x08, 0x41, 0x08, 0x41, 0x08, 0x41, 0x08, 0x41, 0x08, 0x41, 0x08, 0x41, 0x08, 0x41, 0x08,
    0x61, 0x08, 0x61, 0x08, 0x41, 0x08, 0x41, 0x08, 0x41, 0x08, 0x41, 0x08, 0x41, 0x08, 0x41, 0x08,
    0x41, 0x08, 0x61, 0x08, 0x41, 0x08, 0x41, 0x08, 0x41, 0x08, 0x41, 0x08, 0x41, 0x08, 0x41, 0x08,
    0x41, 0x08, 0x41, 0x08, 0x41, 0x08, 0x41, 0x08, 0x41, 0x08, 0x41, 0x08, 0x41, 0x08, 0x41, 0x08,
    0x41, 0x08, 0x41, 0x08, 0x41, 0x08, 0x41, 0x08, 0x41, 0x08, 0x41, 0x08, 0x41, 0x08, 0x41, 0x08,
    0x41, 0x08, 0x41, 0x08, 0x41, 0x08, 0x41, 0x08, 0x41, 0x08, 0x41, 0x08, 0x41, 0x08, 0x41, 0x08,
    0x41, 0x08, 0x41, 0x08, 0x41, 0x08, 0x41, 0x08, 0x41, 0x08, 0x41, 0x08, 0x41, 0x08, 0x41, 0x08,
    0x41, 0x08, 0x41, 0x08, 0x41, 0x08, 0x41, 0x08, 0x41, 0x08, 0x41, 0x08, 0x41, 0x08, 0x41, 0x08,
    0x41, 0x08, 0x41, 0x08, 0x41, 0x08, 0x41, 0x08, 0x41, 0x08, 0x41, 0x08, 0x41, 0x08, 0x41, 0x08,
    0x41, 0x08, 0x41, 0x08, 0x41, 0x08, 0x41, 0x08, 0x41, 0x00, 0x41, 0x00, 0x20, 0x08, 0xc3, 0x08,
    0x82, 0x08, 0x21, 0x08, 0x41, 0x08, 0x41, 0x00, 0x41, 0x00, 0x20, 0x00, 0x20, 0x00, 0x41, 0x00,
    0x41, 0x08, 0x41, 0x08, 0x41, 0x08, 0x41, 0x08, 0x41, 0x08, 0x41, 0x08, 0x41, 0x08, 0x41, 0x08,
    0x41, 0x08, 0x41, 0x08, 0x41, 0x08, 0x41, 0x08, 0x41, 0x08, 0x41, 0x08, 0x41, 0x08, 0x41, 0x08,
    0x41, 0x08, 0x41, 0x08, 0x41, 0x08, 0x41, 0x00, 0x41, 0x00, 0x41, 0x00, 0x21, 0x08, 0x41, 0x08,
    0x41, 0x08, 0x41, 0x08, 0x41, 0x08, 0x41, 0x08, 0x41, 0x08, 0x41, 0x08, 0x41, 0x08, 0x41, 0x08,
    0x41, 0x08, 0x41, 0x08, 0x21, 0x00, 0x21, 0x00, 0x21, 0x00, 0x21, 0x00, 0x21, 0x00, 0x21, 0x00,
    0x21, 0x00, 0x21, 0x00, 0x21, 0x00, 0x21, 0x00, 0x21, 0x08, 0x41, 0x08, 0x41, 0x08, 0x41, 0x08,
    0x41, 0x08, 0x41, 0x08, 0x41, 0x08, 0x41, 0x08, 0x41, 0x08, 0x41, 0x08, 0x41, 0x08, 0x20, 0x00,
    0x20, 0x00, 0x20, 0x00, 0x20, 0x00, 0x20, 0x00, 0x20, 0x00, 0x20, 0x00, 0x20, 0x00, 0x21, 0x00,
    0x21, 0x00, 0x21, 0x00, 0x20, 0x00, 0x00, 0x00, 0x00, 0x00, 0x00, 0x00, 0x00, 0x00, 0x00, 0x00,
    0x41, 0x08, 0x41, 0x08, 0x41, 0x08, 0x41, 0x08, 0x41, 0x08, 0x41, 0x08, 0x41, 0x08, 0x41, 0x08,
    0x41, 0x08, 0x41, 0x08, 0x41, 0x08, 0x41, 0x08, 0x41, 0x08, 0x41, 0x08, 0x41, 0x08, 0x41, 0x08,
    0x41, 0x08, 0x41, 0x08, 0x41, 0x08, 0x41, 0x08, 0x41, 0x08, 0x61, 0x08, 0x41, 0x08, 0x41, 0x08,
    0x41, 0x08, 0x41, 0x08, 0x41, 0x08, 0x41, 0x08, 0x41, 0x08, 0x41, 0x08, 0x41, 0x08, 0x41, 0x08,
    0x41, 0x08, 0x41, 0x08, 0x41, 0x08, 0x41, 0x08, 0x41, 0x08, 0x41, 0x08, 0x41, 0x08, 0x41, 0x08,
    0x41, 0x08, 0x41, 0x08, 0x41, 0x08, 0x41, 0x08, 0x41, 0x08, 0x41, 0x08, 0x41, 0x08, 0x41, 0x08,
    0x41, 0x08, 0x41, 0x08, 0x41, 0x08, 0x41, 0x08, 0x41, 0x08, 0x41, 0x08, 0x41, 0x08, 0x41, 0x08,
    0x41, 0x08, 0x41, 0x08, 0x41, 0x08, 0x41, 0x08, 0x41, 0x08, 0x41, 0x08, 0x41, 0x08, 0x41, 0x08,
    0x41, 0x08, 0x41, 0x08, 0x41, 0x08, 0x41, 0x08, 0x41, 0x08, 0x41, 0x08, 0x41, 0x08, 0x41, 0x08,
    0x41, 0x08, 0x41, 0x08, 0x41, 0x08, 0x41, 0x08, 0x41, 0x08, 0x41, 0x08, 0x41, 0x08, 0x41, 0x08,
    0x41, 0x08, 0x41, 0x08, 0x41, 0x08, 0x41, 0x08, 0x41, 0x08, 0x41, 0x08, 0x41, 0x08, 0x41, 0x08,
    0x41, 0x08, 0x41, 0x08, 0x41, 0x08, 0x41, 0x08, 0x41, 0x08, 0x41, 0x08, 0x41, 0x08, 0x41, 0x08,
    0x41, 0x08, 0x41, 0x08, 0x41, 0x08, 0x41, 0x08, 0x41, 0x08, 0x41, 0x08, 0x41, 0x08, 0x41, 0x08,
    0x41, 0x08, 0x41, 0x08, 0x41, 0x08, 0x41, 0x08, 0x41, 0x08, 0x41, 0x08, 0x41, 0x08, 0x41, 0x08,
    0x41, 0x08, 0x41, 0x08, 0x41, 0x08, 0x41, 0x08, 0x41, 0x08, 0x41, 0x08, 0x41, 0x08, 0x41, 0x08,
    0x41, 0x08, 0x41, 0x08, 0x41, 0x08, 0x41, 0x08, 0x41, 0x08, 0x41, 0x08, 0x41, 0x08, 0x41, 0x08,
    0x41, 0x08, 0x41, 0x08, 0x41, 0x08, 0x41, 0x08, 0x41, 0x08, 0x41, 0x08, 0x41, 0x08, 0x41, 0x08,
    0x41, 0x08, 0x41, 0x08, 0x41, 0x08, 0x41, 0x08, 0x41, 0x08, 0x41, 0x08, 0x41, 0x08, 0x41, 0x08,
    0x41, 0x08, 0x41, 0x08, 0x41, 0x08, 0x41, 0x08, 0x41, 0x08, 0x41, 0x08, 0x41, 0x08, 0x41, 0x08,
    0x41, 0x08, 0x41, 0x08, 0x41, 0x08, 0x41, 0x08, 0x41, 0x08, 0x41, 0x08, 0x41, 0x08, 0x41, 0x08,
    0x41, 0x08, 0x41, 0x08, 0x41, 0x08, 0x41, 0x08, 0x41, 0x08, 0x41, 0x08, 0x41, 0x08, 0x41, 0x08,
    0x41, 0x08, 0x41, 0x08, 0x41, 0x08, 0x41, 0x00, 0x21, 0x00, 0x41, 0x00, 0x20, 0x08, 0xa3, 0x08,
    0x82, 0x08, 0x21, 0x08, 0x41, 0x08, 0x41, 0x08, 0x41, 0x00, 0x20, 0x00, 0x21, 0x00, 0x41, 0x00,
    0x41, 0x00, 0x41, 0x08, 0x41, 0x08, 0x41, 0x08, 0x41, 0x08, 0x41, 0x08, 0x41, 0x08, 0x41, 0x08,
    0x41, 0x08, 0x41, 0x08, 0x41, 0x08, 0x41, 0x08, 0x41, 0x08, 0x41, 0x08, 0x41, 0x08, 0x41, 0x00,
    0x41, 0x08, 0x41, 0x08, 0x41, 0x08, 0x41, 0x08, 0x41, 0x08, 0x41, 0x08, 0x41, 0x08, 0x41, 0x08,
    0x41, 0x08, 0x41, 0x08, 0x41, 0x08, 0x41, 0x08, 0x41, 0x08, 0x41, 0x08, 0x41, 0x08, 0x41, 0x08,
    0x41, 0x08, 0x41, 0x08, 0x21, 0x00, 0x21, 0x00, 0x21, 0x00, 0x21, 0x00, 0x21, 0x00, 0x21, 0x00,
    0x21, 0x00, 0x21, 0x00, 0x21, 0x00, 0x21, 0x00, 0x21, 0x00, 0x21, 0x00, 0x21, 0x00, 0x21, 0x00,
    0x21, 0x00, 0x41, 0x08, 0x41, 0x08, 0x41, 0x08, 0x41, 0x08, 0x20, 0x00, 0x20, 0x00, 0x20, 0x00,
    0x20, 0x00, 0x20, 0x00, 0x20, 0x00, 0x40, 0x00, 0x20, 0x00, 0x20, 0x00, 0x21, 0x00, 0x21, 0x00,
    0x21, 0x00, 0x21, 0x00, 0x20, 0x00, 0x00, 0x00, 0x00, 0x00, 0x00, 0x00, 0x00, 0x00, 0x00, 0x00,
};

const lv_image_dsc_t p4_icon_splash = {
    .header.magic = LV_IMAGE_HEADER_MAGIC,
    .header.cf = LV_COLOR_FORMAT_RGB565,
    .header.w = 256,
    .header.h = 256,
    .header.stride = 512,
    .data_size = sizeof(p4_icon_splash_map),
    .data = p4_icon_splash_map,
};
