/*
 * SPDX-FileCopyrightText: 2026 Stoian Alexandru
 * SPDX-License-Identifier: MIT
 *
 * Generated by tools/gen_tui_font.py - do not edit by hand.
 * Extended unscii (ASCII 0x20-0x7F, box 0x2500-0x257F,
 * symbols 0x2600-0x26FF) rendered into the listed cell sizes.
 */

#include "tui_fonts.h"

static LV_ATTRIBUTE_LARGE_CONST const uint8_t bitmap_12x24[] = {
    0x00, 0x00, 0x00, 0x00, 0x00, 0x00, 0x00, 0x00, 0x00, 0x00, 0x00, 0x00,
    0x00, 0x00, 0x00, 0x00, 0x00, 0x00, 0x00, 0x00, 0x00, 0x00, 0x00, 0x00,
    0x00, 0x00, 0x00, 0x00, 0x00, 0x00, 0x00, 0x00, 0x00, 0x00, 0x00, 0x00,
    0x00, 0x00, 0x00, 0x00, 0x00, 0x00, 0x00, 0x00, 0x00, 0x00, 0x00, 0x00,
    0x00, 0x00, 0x00, 0x00, 0x00, 0x00, 0x00, 0x00, 0x00, 0x00, 0x00, 0x00,
    0x00, 0x00, 0x00, 0x00, 0x00, 0x00, 0x00, 0x00, 0x00, 0x00, 0x00, 0x00,
    0x00, 0x00, 0x60, 0x0f, 0x00, 0xe0, 0x0e, 0x00, 0xe0, 0x0e, 0x00, 0xe0,
    0x0e, 0x00, 0xe0, 0x0e, 0x00, 0xe0, 0x0e, 0x00, 0xe0, 0x0e, 0x00, 0xe0,
    0x00, 0x00, 0x00, 0x00, 0x00, 0xe0, 0x0f, 0x00, 0x00, 0x00, 0x00, 0x00,
    0x71, 0xc7, 0x1c, 0x71, 0xc7, 0x1c, 0x71, 0xc7, 0x1c, 0x71, 0xc7, 0x1c,
    0x71, 0xc0, 0x00, 0x00, 0x00, 0x00, 0x00, 0x00, 0x00, 0x00, 0x00, 0x00,
    0x00, 0x00, 0x00, 0x00, 0x00, 0x00, 0x00, 0x00, 0x00, 0x00, 0x00, 0x00,
    0x10, 0x03, 0x38, 0x73, 0x87, 0x38, 0x73, 0x87, 0x38, 0xff, 0xcf, 0xfe,
    0xff, 0xe7, 0x38, 0x73, 0x87, 0x38, 0x7b, 0x8f, 0xfe, 0xff, 0xe7, 0x38,
    0x73, 0x87, 0x38, 0x73, 0x87, 0x38, 0x73, 0x80, 0x00, 0x00, 0x00, 0x00,
    0x04, 0x00, 0xe0, 0x0e, 0x00, 0xf0, 0x1f, 0xc1, 0xfc, 0x38, 0x07, 0x00,
    0x70, 0x03, 0x80, 0x1f, 0x83, 0xf8, 0x1f, 0x80, 0x0c, 0x01, 0xc7, 0xf8,
    0x7f, 0x87, 0xf8, 0x06, 0x00, 0xe0, 0x0e, 0x00, 0x00, 0x00, 0x00, 0x00,
    0x00, 0x00, 0x00, 0x00, 0x00, 0x00, 0xe0, 0xee, 0x0e, 0xe3, 0x8e, 0x38,
    0xe3, 0x8e, 0x30, 0x07, 0x00, 0x70, 0x0e, 0x01, 0xc0, 0x1c, 0x03, 0x8c,
    0x70, 0xe7, 0x0c, 0x60, 0xce, 0x0e, 0xe0, 0xe0, 0x00, 0x00, 0x00, 0x00,
    0x00, 0x01, 0xe0, 0x1f, 0x01, 0xf0, 0x73, 0x87, 0x38, 0x1f, 0x01, 0xf0,
    0x1f, 0x01, 0xc0, 0x7c, 0xe7, 0xce, 0x7d, 0xce, 0xf8, 0xef, 0x8e, 0x78,
    0xe3, 0x8e, 0x38, 0xe3, 0x87, 0xce, 0x7c, 0xe0, 0x00, 0x00, 0x00, 0x00,
    0x07, 0x00, 0x70, 0x07, 0x00, 0x70, 0x07, 0x00, 0xe0, 0x1c, 0x01, 0xc0,
    0x1c, 0x00, 0x00, 0x00, 0x00, 0x00, 0x00, 0x00, 0x00, 0x00, 0x00, 0x00,
    0x00, 0x00, 0x00, 0x00, 0x00, 0x00, 0x00, 0x00, 0x00, 0x00, 0x00, 0x00,
    0x00, 0x00, 0x38, 0x03, 0x80, 0x38, 0x07, 0x00, 0x70, 0x1c, 0x01, 0xc0,
    0x1c, 0x01, 0xc0, 0x1c, 0x01, 0xc0, 0x1c, 0x01, 0xc0, 0x1c, 0x00, 0xe0,
    0x07, 0x00, 0x70, 0x07, 0x00, 0x38, 0x03, 0x80, 0x00, 0x00, 0x00, 0x00,
    0x00, 0x01, 0xc0, 0x1c, 0x00, 0xe0, 0x07, 0x00, 0x70, 0x03, 0x80, 0x38,
    0x03, 0x80, 0x38, 0x03, 0x80, 0x38, 0x03, 0x80, 0x38, 0x03, 0x80, 0x70,
    0x07, 0x00, 0x60, 0x0c, 0x01, 0xc0, 0x1c, 0x00, 0x00, 0x00, 0x00, 0x00,
    0x00, 0x00, 0x00, 0x00, 0x03, 0x0c, 0x70, 0xe7, 0x0e, 0x3f, 0x81, 0xf8,
    0x3f, 0x8f, 0xff, 0xff, 0xff, 0xff, 0x1f, 0x81, 0xf8, 0x3f, 0x83, 0x0e,
    0x70, 0xe3, 0x0c, 0x00, 0x00, 0x00, 0x00, 0x00, 0x00, 0x00, 0x00, 0x00,
    0x00, 0x00, 0x00, 0x00, 0x00, 0x60, 0x07, 0x00, 0x70, 0x07, 0x00, 0x70,
    0x0f, 0x07, 0xfc, 0x7f, 0xc0, 0xf0, 0x0e, 0x00, 0xe0, 0x0e, 0x00, 0xe0,
    0x0e, 0x00, 0x60, 0x00, 0x00, 0x00, 0x00, 0x00, 0x00, 0x00, 0x00, 0x00,
    0x00, 0x00, 0x00, 0x00, 0x00, 0x00, 0x00, 0x00, 0x00, 0x00, 0x00, 0x00,
    0x00, 0x00, 0x00, 0x00, 0x00, 0x00, 0x00, 0x00, 0x00, 0x00, 0x00, 0x60,
    0x07, 0x00, 0x70, 0x07, 0x00, 0x70, 0x0e, 0x01, 0xc0, 0x1c, 0x01, 0xc0,
    0x00, 0x00, 0x00, 0x00, 0x00, 0x00, 0x00, 0x00, 0x00, 0x00, 0x00, 0x00,
    0x00, 0x00, 0x00, 0x7f, 0xc7, 0xfc, 0x3f, 0xc0, 0x00, 0x00, 0x00, 0x00,
    0x00, 0x00, 0x00, 0x00, 0x00, 0x00, 0x00, 0x00, 0x00, 0x00, 0x00, 0x00,
    0x00, 0x00, 0x00, 0x00, 0x00, 0x00, 0x00, 0x00, 0x00, 0x00, 0x00, 0x00,
    0x00, 0x00, 0x00, 0x00, 0x00, 0x00, 0x00, 0x00, 0x00, 0x00, 0x00, 0x60,
    0x0e, 0x00, 0xe0, 0x0e, 0x00, 0xe0, 0x0e, 0x00, 0x00, 0x00, 0x00, 0x00,
    0x00, 0x00, 0x07, 0x00, 0x70, 0x07, 0x00, 0xe0, 0x0e, 0x03, 0x80, 0x38,
    0x03, 0x80, 0x30, 0x07, 0x00, 0x70, 0x0e, 0x01, 0xc0, 0x1c, 0x03, 0x80,
    0x70, 0x07, 0x00, 0x60, 0x0e, 0x00, 0xe0, 0x00, 0x00, 0x00, 0x00, 0x00,
    0x00, 0x01, 0xf8, 0x1f, 0x81, 0x98, 0x71, 0xc7, 0x1c, 0x73, 0xc7, 0x3c,
    0x73, 0xc7, 0x9c, 0x7d, 0xc7, 0xdc, 0x79, 0xc7, 0x0c, 0x70, 0xc7, 0x0c,
    0x70, 0xc7, 0x1c, 0x39, 0xc1, 0xf8, 0x3f, 0x80, 0x00, 0x00, 0x00, 0x00,
    0x02, 0x00, 0x60, 0x07, 0x00, 0xf0, 0x1f, 0x01, 0xf0, 0x0f, 0x00, 0xf0,
    0x07, 0x00, 0x70, 0x07, 0x00, 0x70, 0x07, 0x00, 0x70, 0x07, 0x00, 0x70,
    0x07, 0x00, 0xf0, 0x7f, 0xc7, 0xfc, 0x7f, 0xc0, 0x00, 0x00, 0x00, 0x00,
    0x00, 0x01, 0xf8, 0x1f, 0x83, 0xf8, 0x71, 0xc7, 0x1c, 0x03, 0x80, 0x38,
    0x03, 0x80, 0x20, 0x0e, 0x00, 0xe0, 0x0e, 0x01, 0xc0, 0x1c, 0x07, 0x00,
    0x70, 0x07, 0x00, 0x78, 0x07, 0xfc, 0x7f, 0xc0, 0x00, 0x00, 0x00, 0x00,
    0x00, 0x01, 0xf8, 0x1f, 0x83, 0xf8, 0x71, 0xc7, 0x1c, 0x31, 0xc0, 0x1c,
    0x01, 0xc0, 0x1c, 0x0f, 0x80, 0xf8, 0x07, 0x80, 0x1c, 0x01, 0xc7, 0x1c,
    0x71, 0xc7, 0x1c, 0x39, 0x81, 0xf8, 0x3f, 0x80, 0x00, 0x00, 0x00, 0x00,
    0x04, 0x00, 0xf8, 0x0f, 0x80, 0xf8, 0x1f, 0x81, 0xf8, 0x3b, 0x87, 0x38,
    0x73, 0x86, 0x38, 0xe3, 0x8e, 0x38, 0xe3, 0x8f, 0xfc, 0xff, 0xc0, 0x38,
    0x03, 0x80, 0x38, 0x03, 0x80, 0x38, 0x03, 0x80, 0x00, 0x00, 0x00, 0x00,
    0x00, 0x07, 0xfc, 0x7f, 0xc7, 0x80, 0x70, 0x07, 0x00, 0x7f, 0x87, 0xf8,
    0x7f, 0x80, 0x18, 0x01, 0xc0, 0x1c, 0x01, 0xc0, 0x1c, 0x01, 0xc7, 0x1c,
    0x71, 0xc7, 0x1c, 0x39, 0x81, 0xf8, 0x3f, 0x80, 0x00, 0x00, 0x00, 0x00,
    0x00, 0x00, 0x78, 0x0f, 0x80, 0xf8, 0x1c, 0x01, 0xc0, 0x38, 0x07, 0x00,
    0x70, 0x07, 0x80, 0x7f, 0x87, 0xf8, 0x7f, 0x87, 0x1c, 0x71, 0xc7, 0x1c,
    0x71, 0xc7, 0x1c, 0x39, 0xc1, 0xf8, 0x1f, 0x80, 0x00, 0x00, 0x00, 0x00,
    0x00, 0x03, 0xfc, 0x7f, 0xe3, 0xfe, 0x00, 0xe0, 0x0e, 0x00, 0xe0, 0x0e,
    0x00, 0xe0, 0x1c, 0x03, 0x80, 0x38, 0x07, 0x80, 0xe0, 0x0e, 0x00, 0xe0,
    0x0e, 0x00, 0xe0, 0x0e, 0x00, 0xe0, 0x0e, 0x00, 0x00, 0x00, 0x00, 0x00,
    0x00, 0x01, 0xf8, 0x1f, 0x83, 0xf8, 0x71, 0xc7, 0x1c, 0x71, 0xc7, 0x1c,
    0x71, 0xc3, 0x9c, 0x3f, 0x81, 0xf8, 0x3f, 0x87, 0x1c, 0x71, 0xc7, 0x1c,
    0x71, 0xc7, 0x1c, 0x39, 0xc1, 0xf8, 0x3f, 0x80, 0x00, 0x00, 0x00, 0x00,
    0x00, 0x01, 0xf8, 0x1f, 0x83, 0xf8, 0x71, 0xc7, 0x1c, 0x71, 0xc7, 0x1c,
    0x71, 0xc3, 0x9c, 0x3f, 0xc1, 0xfc, 0x1f, 0xc0, 0x1c, 0x01, 0xc0, 0x38,
    0x03, 0x80, 0x38, 0x02, 0x01, 0xe0, 0x1e, 0x00, 0x00, 0x00, 0x00, 0x00,
    0x00, 0x00, 0x00, 0x00, 0x00, 0x00, 0x0e, 0x00, 0xe0, 0x0e, 0x00, 0xe0,
    0x0e, 0x00, 0xe0, 0x00, 0x00, 0x00, 0x00, 0x00, 0x00, 0x00, 0x00, 0x60,
    0x0e, 0x00, 0xe0, 0x0e, 0x00, 0xe0, 0x0e, 0x00, 0x00, 0x00, 0x00, 0x00,
    0x00, 0x00, 0x00, 0x00, 0x00, 0x00, 0x07, 0x00, 0x70, 0x07, 0x00, 0x70,
    0x07, 0x00, 0x70, 0x00, 0x00, 0x00, 0x00, 0x00, 0x00, 0x00, 0x00, 0x60,
    0x07, 0x00, 0x70, 0x07, 0x00, 0x70, 0x0e, 0x01, 0xc0, 0x1c, 0x01, 0xc0,
    0x00, 0x00, 0x38, 0x03, 0x80, 0x38, 0x0e, 0x00, 0xe0, 0x1c, 0x01, 0xc0,
    0x1c, 0x01, 0x00, 0x70, 0x07, 0x00, 0x38, 0x01, 0xc0, 0x1c, 0x00, 0xe0,
    0x0e, 0x00, 0xe0, 0x07, 0x00, 0x38, 0x03, 0x80, 0x00, 0x00, 0x00, 0x00,
    0x00, 0x00, 0x00, 0x00, 0x00, 0x00, 0x00, 0x00, 0x00, 0x3f, 0xc7, 0xfc,
    0x7f, 0xc0, 0x00, 0x00, 0x00, 0x00, 0x3f, 0xc7, 0xfc, 0x7f, 0xc0, 0x00,
    0x00, 0x00, 0x00, 0x00, 0x00, 0x00, 0x00, 0x00, 0x00, 0x00, 0x00, 0x00,
    0x00, 0x07, 0x00, 0x70, 0x07, 0x00, 0x1c, 0x01, 0xc0, 0x1c, 0x00, 0xe0,
    0x0e, 0x00, 0x70, 0x03, 0x80, 0x38, 0x07, 0x80, 0xe0, 0x0e, 0x01, 0xc0,
    0x1c, 0x01, 0xc0, 0x30, 0x07, 0x00, 0x70, 0x00, 0x00, 0x00, 0x00, 0x00,
    0x00, 0x01, 0xf8, 0x1f, 0x83, 0xf8, 0x70, 0xc7, 0x0c, 0x30, 0xc0, 0x0c,
    0x00, 0xc0, 0x1c, 0x03, 0x80, 0x38, 0x03, 0x80, 0xe0, 0x0e, 0x00, 0x60,
    0x00, 0x00, 0x00, 0x00, 0x00, 0xe0, 0x0f, 0x00, 0x00, 0x00, 0x00, 0x00,
    0x00, 0x07, 0xf8, 0x7f, 0x87, 0xf8, 0xe0, 0xee, 0x0e, 0xe7, 0xee, 0xfe,
    0xe7, 0xee, 0x7e, 0xe7, 0xee, 0x7e, 0xe7, 0xee, 0x7e, 0xe7, 0xee, 0x00,
    0xe0, 0x0e, 0x00, 0xe0, 0x07, 0xf8, 0x7f, 0x80, 0x00, 0x00, 0x00, 0x00,
    0x04, 0x00, 0xe0, 0x0e, 0x00, 0xf0, 0x1f, 0x81, 0xf8, 0x39, 0xc7, 0x1c,
    0x71, 0xc7, 0x1c, 0x71, 0xc7, 0x1c, 0x79, 0xc7, 0xfc, 0x7f, 0xc7, 0x1c,
    0x71, 0xc7, 0x1c, 0x71, 0xc7, 0x1c, 0x71, 0xc0, 0x00, 0x00, 0x00, 0x00,
    0x00, 0x07, 0xf8, 0x7f, 0x87, 0x98, 0x71, 0xc7, 0x1c, 0x71, 0xc7, 0x1c,
    0x71, 0xc7, 0x9c, 0x7f, 0x87, 0xf8, 0x71, 0x87, 0x1c, 0x71, 0xc7, 0x1c,
    0x71, 0xc7, 0x1c, 0x79, 0xc7, 0xf8, 0x7f, 0x80, 0x00, 0x00, 0x00, 0x00,
    0x00, 0x01, 0xf8, 0x1f, 0x83, 0xf8, 0x71, 0xc7, 0x1c, 0x70, 0xc7, 0x00,
    0x70, 0x07, 0x00, 0x70, 0x07, 0x00, 0x70, 0x07, 0x00, 0x70, 0x07, 0x1c,
    0x71, 0xc7, 0x1c, 0x39, 0x81, 0xf8, 0x3f, 0x80, 0x00, 0x00, 0x00, 0x00,
    0x00, 0x07, 0xe0, 0x7e, 0x07, 0xa0, 0x73, 0x87, 0x38, 0x71, 0xc7, 0x0c,
    0x70, 0xc7, 0x0c, 0x70, 0xc7, 0x0c, 0x70, 0xc7, 0x0c, 0x70, 0xc7, 0x38,
    0x73, 0x87, 0x38, 0x7b, 0x07, 0xf0, 0x7f, 0x00, 0x00, 0x00, 0x00, 0x00,
    0x00, 0x07, 0xfc, 0x7f, 0xe7, 0x80, 0x70, 0x07, 0x00, 0x70, 0x07, 0x00,
    0x70, 0x07, 0x80, 0x7f, 0x87, 0xf8, 0x78, 0x07, 0x00, 0x70, 0x07, 0x00,
    0x70, 0x07, 0x00, 0x78, 0x07, 0xfc, 0x7f, 0xe0, 0x00, 0x00, 0x00, 0x00,
    0x00, 0x07, 0xfc, 0x7f, 0xc7, 0x80, 0x70, 0x07, 0x00, 0x70, 0x07, 0x00,
    0x70, 0x07, 0x80, 0x7f, 0x87, 0xf8, 0x7f, 0x07, 0x00, 0x70, 0x07, 0x00,
    0x70, 0x07, 0x00, 0x70, 0x07, 0x00, 0x70, 0x00, 0x00, 0x00, 0x00, 0x00,
    0x00, 0x01, 0xf8, 0x1f, 0x83, 0xf8, 0x71, 0xc7, 0x1c, 0x71, 0xc7, 0x00,
    0x70, 0x07, 0x00, 0x73, 0xc7, 0x3c, 0x73, 0xc7, 0x1c, 0x71, 0xc7, 0x1c,
    0x71, 0xc7, 0x1c, 0x39, 0xc1, 0xfc, 0x3f, 0xc0, 0x00, 0x00, 0x00, 0x00,
    0x20, 0x07, 0x1c, 0x71, 0xc7, 0x1c, 0x71, 0xc7, 0x1c, 0x71, 0xc7, 0x1c,
    0x71, 0xc7, 0x9c, 0x7f, 0xc7, 0xfc, 0x7f, 0xc7, 0x1c, 0x71, 0xc7, 0x1c,
    0x71, 0xc7, 0x1c, 0x71, 0xc7, 0x1c, 0x71, 0xc0, 0x00, 0x00, 0x00, 0x00,
    0x00, 0x07, 0xfc, 0x7f, 0xc2, 0xf0, 0x0e, 0x00, 0xe0, 0x0e, 0x00, 0xe0,
    0x0e, 0x00, 0xe0, 0x0e, 0x00, 0xe0, 0x0e, 0x00, 0xe0, 0x0e, 0x00, 0xe0,
    0x0e, 0x00, 0xf0, 0x7f, 0xc7, 0xfc, 0x7f, 0xc0, 0x00, 0x00, 0x00, 0x00,
    0x00, 0x00, 0x1c, 0x01, 0xc0, 0x1c, 0x01, 0xc0, 0x1c, 0x01, 0xc0, 0x1c,
    0x01, 0xc0, 0x1c, 0x01, 0xc0, 0x1c, 0x01, 0xc0, 0x1c, 0x01, 0xc7, 0x1c,
    0x71, 0xc7, 0x1c, 0x39, 0x81, 0xf8, 0x3f, 0x80, 0x00, 0x00, 0x00, 0x00,
    0x00, 0x0e, 0x0c, 0xe0, 0xee, 0x1c, 0xe3, 0x8e, 0x38, 0xe7, 0x0e, 0x70,
    0xe7, 0x0e, 0x40, 0xfc, 0x0f, 0xc0, 0xfc, 0x0e, 0x70, 0xe7, 0x0e, 0x38,
    0xe3, 0x8e, 0x38, 0xe1, 0x8e, 0x0e, 0xe0, 0xe0, 0x00, 0x00, 0x00, 0x00,
    0x20, 0x07, 0x00, 0x70, 0x07, 0x00, 0x70, 0x07, 0x00, 0x70, 0x07, 0x00,
    0x70, 0x07, 0x00, 0x70, 0x07, 0x00, 0x70, 0x07, 0x00, 0x70, 0x07, 0x00,
    0x70, 0x07, 0x00, 0x78, 0x07, 0xfc, 0x7f, 0xc0, 0x00, 0x00, 0x00, 0x00,
    0x00, 0x8e, 0x0c, 0xe0, 0xee, 0x1e, 0xf3, 0xef, 0x3e, 0xff, 0xcf, 0xfc,
    0xff, 0xce, 0xc0, 0xec, 0xee, 0xce, 0xe4, 0xee, 0x0e, 0xe0, 0xee, 0x0e,
    0xe0, 0xee, 0x0e, 0xe0, 0xee, 0x0e, 0xe0, 0xe0, 0x00, 0x00, 0x00, 0x00,
    0x00, 0x0e, 0x0c, 0xe0, 0xee, 0x0e, 0xf8, 0xef, 0x0e, 0xfc, 0xef, 0xce,
    0xfc, 0xee, 0x4c, 0xe7, 0xee, 0xfe, 0xe7, 0xee, 0x3e, 0xe3, 0xee, 0x1e,
    0xe0, 0xee, 0x0e, 0xe0, 0xee, 0x0e, 0xe0, 0xe0, 0x00, 0x00, 0x00, 0x00,
    0x00, 0x01, 0xf8, 0x1f, 0x83, 0xf8, 0x71, 0xc7, 0x1c, 0x71, 0xc7, 0x1c,
    0x71, 0xc7, 0x1c, 0x71, 0xc7, 0x1c, 0x71, 0xc7, 0x1c, 0x71, 0xc7, 0x1c,
    0x71, 0xc7, 0x1c, 0x39, 0xc1, 0xf8, 0x3f, 0x80, 0x00, 0x00, 0x00, 0x00,
    0x00, 0x07, 0xf8, 0x7f, 0x87, 0x98, 0x71, 0xc7, 0x1c, 0x71, 0xc7, 0x1c,
    0x71, 0xc7, 0x9c, 0x7f, 0x87, 0xf8, 0x7f, 0x87, 0x00, 0x70, 0x07, 0x00,
    0x70, 0x07, 0x00, 0x70, 0x07, 0x00, 0x70, 0x00, 0x00, 0x00, 0x00, 0x00,
    0x00, 0x01, 0xf8, 0x1f, 0x81, 0xf8, 0x71, 0xc7, 0x1c, 0x71, 0xc7, 0x1c,
    0x71, 0xc7, 0x1c, 0x71, 0xc7, 0x1c, 0x71, 0xc7, 0x1c, 0x71, 0xc7, 0x38,
    0x73, 0x87, 0x38, 0x39, 0xc1, 0xdc, 0x1d, 0xc0, 0x00, 0x00, 0x00, 0x00,
    0x00, 0x07, 0xf8, 0x7f, 0x87, 0x98, 0x71, 0xc7, 0x1c, 0x71, 0xc7, 0x1c,
    0x71, 0xc7, 0x9c, 0x7f, 0x87, 0xf8, 0x7f, 0x87, 0x38, 0x73, 0x87, 0x1c,
    0x71, 0xc7, 0x1c, 0x71, 0xc7, 0x1c, 0x71, 0xc0, 0x00, 0x00, 0x00, 0x00,
    0x00, 0x01, 0xf8, 0x1f, 0x83, 0xf8, 0x71, 0xc7, 0x1c, 0x71, 0xc7, 0x00,
    0x70, 0x03, 0x80, 0x3f, 0x81, 0xf8, 0x1f, 0x80, 0x1c, 0x01, 0xc7, 0x1c,
    0x71, 0xc7, 0x1c, 0x39, 0x81, 0xf8, 0x3f, 0x80, 0x00, 0x00, 0x00, 0x00,
    0x00, 0x07, 0xfc, 0x7f, 0xc7, 0xfc, 0x0e, 0x00, 0xe0, 0x0e, 0x00, 0xe0,
    0x0e, 0x00, 0xe0, 0x0e, 0x00, 0xe0, 0x0e, 0x00, 0xe0, 0x0e, 0x00, 0xe0,
    0x0e, 0x00, 0xe0, 0x0e, 0x00, 0xe0, 0x0e, 0x00, 0x00, 0x00, 0x00, 0x00,
    0x00, 0x03, 0x1c, 0x71, 0xc7, 0x1c, 0x71, 0xc7, 0x1c, 0x71, 0xc7, 0x1c,
    0x71, 0xc7, 0x1c, 0x71, 0xc7, 0x1c, 0x71, 0xc7, 0x1c, 0x71, 0xc7, 0x1c,
    0x71, 0xc7, 0x1c, 0x39, 0xc1, 0xf8, 0x3f, 0x80, 0x00, 0x00, 0x00, 0x00,
    0x00, 0x03, 0x0c, 0x71, 0xc7, 0x1c, 0x71, 0xc7, 0x1c, 0x71, 0xc7, 0x1c,
    0x71, 0xc7, 0x1c, 0x71, 0xc7, 0x1c, 0x71, 0xc7, 0x1c, 0x71, 0xc3, 0xf8,
    0x1f, 0x81, 0xf8, 0x06, 0x00, 0xe0, 0x0e, 0x00, 0x00, 0x00, 0x00, 0x00,
    0x00, 0x0e, 0x0c, 0xe0, 0xee, 0x0e, 0xe0, 0xee, 0x0e, 0xe0, 0xee, 0x0e,
    0xe0, 0xee, 0x0e, 0xec, 0xee, 0xce, 0xed, 0xef, 0xfc, 0xff, 0xcf, 0xbe,
    0xf3, 0xef, 0x3e, 0xe0, 0xce, 0x0e, 0xe0, 0xe0, 0x00, 0x00, 0x00, 0x00,
    0x00, 0x0e, 0x07, 0xe0, 0x76, 0x06, 0x70, 0xe7, 0x0e, 0x1f, 0x81, 0xf8,
    0x1f, 0x80, 0xf0, 0x07, 0x00, 0x70, 0x0f, 0x01, 0xf8, 0x1f, 0x83, 0x9c,
    0x70, 0xe7, 0x0e, 0x60, 0x6e, 0x07, 0xe0, 0x70, 0x00, 0x00, 0x00, 0x00,
    0x00, 0x0e, 0x07, 0xe0, 0x76, 0x06, 0x70, 0xe7, 0x0e, 0x1f, 0x81, 0xf8,
    0x1f, 0x80, 0x00, 0x07, 0x00, 0x70, 0x07, 0x00, 0x70, 0x07, 0x00, 0x70,
    0x07, 0x00, 0x70, 0x07, 0x00, 0x70, 0x07, 0x00, 0x00, 0x00, 0x00, 0x00,
    0x00, 0x07, 0xfc, 0x7f, 0xc7, 0xfc, 0x01, 0xc0, 0x1c, 0x03, 0x80, 0x38,
    0x03, 0x80, 0x20, 0x0e, 0x00, 0xe0, 0x0e, 0x01, 0xc0, 0x1c, 0x07, 0x00,
    0x70, 0x07, 0x00, 0x78, 0x07, 0xfc, 0x7f, 0xc0, 0x00, 0x00, 0x00, 0x00,
    0x00, 0x01, 0xf8, 0x1f, 0x81, 0xe8, 0x1c, 0x01, 0xc0, 0x1c, 0x01, 0xc0,
    0x1c, 0x01, 0xc0, 0x1c, 0x01, 0xc0, 0x1c, 0x01, 0xc0, 0x1c, 0x01, 0xc0,
    0x1c, 0x01, 0xc0, 0x1e, 0x01, 0xf8, 0x1f, 0xc0, 0x00, 0x00, 0x00, 0x00,
    0x00, 0x0e, 0x00, 0xe0, 0x0e, 0x00, 0x70, 0x07, 0x00, 0x1c, 0x01, 0xc0,
    0x1c, 0x01, 0xc0, 0x0f, 0x00, 0x70, 0x07, 0x00, 0x38, 0x03, 0x80, 0x1c,
    0x00, 0xe0, 0x0e, 0x00, 0xe0, 0x07, 0x00, 0x70, 0x00, 0x00, 0x00, 0x00,
    0x00, 0x01, 0xf8, 0x1f, 0x81, 0xf8, 0x03, 0x80, 0x38, 0x03, 0x80, 0x38,
    0x03, 0x80, 0x38, 0x03, 0x80, 0x38, 0x03, 0x80, 0x38, 0x03, 0x80, 0x38,
    0x03, 0x80, 0x38, 0x07, 0x81, 0xf8, 0x1f, 0x80, 0x00, 0x00, 0x00, 0x00,
    0x00, 0x00, 0xc0, 0x0c, 0x00, 0xc0, 0x1e, 0x01, 0xe0, 0x3b, 0x87, 0x38,
    0x73, 0x86, 0x18, 0xe1, 0xce, 0x1c, 0xe0, 0xc0, 0x00, 0x00, 0x00, 0x00,
    0x00, 0x00, 0x00, 0x00, 0x00, 0x00, 0x00, 0x00, 0x00, 0x00, 0x00, 0x00,
    0x00, 0x00, 0x00, 0x00, 0x00, 0x00, 0x00, 0x00, 0x00, 0x00, 0x00, 0x00,
    0x00, 0x00, 0x00, 0x00, 0x00, 0x00, 0x00, 0x00, 0x00, 0x00, 0x00, 0x00,
    0x00, 0x00, 0x00, 0x00, 0x00, 0x00, 0x00, 0x0f, 0xff, 0xff, 0xff, 0xff,
    0x0e, 0x00, 0xe0, 0x07, 0x00, 0x38, 0x03, 0x80, 0x38, 0x01, 0xc0, 0x0e,
    0x00, 0xc0, 0x00, 0x00, 0x00, 0x00, 0x00, 0x00, 0x00, 0x00, 0x00, 0x00,
    0x00, 0x00, 0x00, 0x00, 0x00, 0x00, 0x00, 0x00, 0x00, 0x00, 0x00, 0x00,
    0x00, 0x00, 0x00, 0x00, 0x00, 0x00, 0x00, 0x00, 0x00, 0x1f, 0x81, 0xf8,
    0x1f, 0x80, 0x1c, 0x01, 0xc0, 0x1c, 0x01, 0xc1, 0xfc, 0x1f, 0xc7, 0x1c,
    0x71, 0xc7, 0x1c, 0x19, 0xc1, 0xfc, 0x1f, 0xc0, 0x00, 0x00, 0x00, 0x00,
    0x20, 0x07, 0x00, 0x70, 0x07, 0x00, 0x70, 0x07, 0x00, 0x7f, 0x07, 0xf8,
    0x7f, 0x00, 0x00, 0x71, 0xc7, 0x1c, 0x71, 0xc7, 0x1c, 0x71, 0xc7, 0x1c,
    0x71, 0xc7, 0x1c, 0x79, 0xc7, 0xf8, 0x7f, 0x80, 0x00, 0x00, 0x00, 0x00,
    0x00, 0x00, 0x00, 0x00, 0x00, 0x00, 0x00, 0x00, 0x00, 0x1f, 0x83, 0xf8,
    0x1f, 0x80, 0x00, 0x70, 0x07, 0x00, 0x70, 0x07, 0x00, 0x70, 0x07, 0x00,
    0x70, 0x07, 0x00, 0x38, 0x01, 0xf8, 0x3f, 0x80, 0x00, 0x00, 0x00, 0x00,
    0x00, 0x00, 0x1c, 0x01, 0xc0, 0x1c, 0x01, 0xc0, 0x1c, 0x1f, 0xc1, 0xfc,
    0x1f, 0xc0, 0x00, 0x71, 0xc7, 0x1c, 0x71, 0xc7, 0x1c, 0x71, 0xc7, 0x1c,
    0x71, 0xc7, 0x1c, 0x39, 0xc1, 0xfc, 0x1f, 0xc0, 0x00, 0x00, 0x00, 0x00,
    0x00, 0x00, 0x00, 0x00, 0x00, 0x00, 0x00, 0x00, 0x00, 0x1f, 0x83, 0xf8,
    0x1f, 0x83, 0x18, 0x71, 0xc7, 0x1c, 0x79, 0xc7, 0xfc, 0x7f, 0xc7, 0x00,
    0x70, 0x07, 0x00, 0x38, 0x01, 0xf8, 0x3f, 0x80, 0x00, 0x00, 0x00, 0x00,
    0x00, 0x00, 0x78, 0x0f, 0x80, 0xd0, 0x1c, 0x01, 0xc0, 0x3f, 0x87, 0xf8,
    0x7f, 0x80, 0x00, 0x1c, 0x01, 0xc0, 0x1c, 0x01, 0xc0, 0x1c, 0x01, 0xc0,
    0x1c, 0x01, 0xc0, 0x1c, 0x01, 0xc0, 0x1c, 0x00, 0x00, 0x00, 0x00, 0x00,
    0x00, 0x00, 0x00, 0x00, 0x00, 0x00, 0x00, 0x00, 0x00, 0x1f, 0xc1, 0xfc,
    0x3f, 0xc7, 0x1c, 0x71, 0xc7, 0x1c, 0x71, 0xc7, 0x1c, 0x71, 0xc3, 0xfc,
    0x1f, 0xc1, 0xfc, 0x01, 0xc0, 0x1c, 0x01, 0xc7, 0xf8, 0x7f, 0x87, 0xf8,
    0x20, 0x07, 0x00, 0x70, 0x07, 0x00, 0x70, 0x07, 0x00, 0x7f, 0x07, 0xf8,
    0x7f, 0x00, 0x00, 0x71, 0xc7, 0x1c, 0x71, 0xc7, 0x1c, 0x71, 0xc7, 0x1c,
    0x71, 0xc7, 0x1c, 0x71, 0xc7, 0x1c, 0x71, 0xc0, 0x00, 0x00, 0x00, 0x00,
    0x00, 0x00, 0x60, 0x0f, 0x00, 0x60, 0x00, 0x00, 0x00, 0x1e, 0x01, 0xe0,
    0x1e, 0x00, 0xe0, 0x0e, 0x00, 0xe0, 0x0e, 0x00, 0xe0, 0x0e, 0x00, 0xe0,
    0x0e, 0x00, 0xe0, 0x0f, 0x00, 0xfc, 0x0f, 0xc0, 0x00, 0x00, 0x00, 0x00,
    0x03, 0x80, 0x38, 0x03, 0x80, 0x00, 0x00, 0x00, 0x00, 0x03, 0x80, 0x38,
    0x03, 0x80, 0x38, 0x03, 0x80, 0x38, 0x03, 0x80, 0x38, 0x03, 0x80, 0x38,
    0x03, 0x80, 0x38, 0x03, 0x80, 0x38, 0x03, 0x87, 0xf0, 0x7f, 0x07, 0xf0,
    0x20, 0x07, 0x00, 0x70, 0x07, 0x00, 0x70, 0x07, 0x00, 0x70, 0xc7, 0x1c,
    0x70, 0xc7, 0x18, 0x73, 0x87, 0x38, 0x7b, 0x87, 0xe0, 0x7f, 0x07, 0x38,
    0x73, 0x87, 0x38, 0x71, 0x87, 0x0c, 0x71, 0xc0, 0x00, 0x00, 0x00, 0x00,
    0x00, 0x01, 0xe0, 0x1e, 0x01, 0xe0, 0x0e, 0x00, 0xe0, 0x0e, 0x00, 0xe0,
    0x0e, 0x00, 0xe0, 0x0e, 0x00, 0xe0, 0x0e, 0x00, 0xe0, 0x0e, 0x00, 0xe0,
    0x0e, 0x00, 0xe0, 0x0f, 0x00, 0xfc, 0x0f, 0xc0, 0x00, 0x00, 0x00, 0x00,
    0x00, 0x00, 0x00, 0x00, 0x00, 0x00, 0x00, 0x00, 0x00, 0x03, 0x8e, 0x38,
    0xe3, 0x8e, 0x38, 0xff, 0xcf, 0xfc, 0xff, 0xce, 0xce, 0xec, 0xee, 0xce,
    0xec, 0xee, 0xce, 0xec, 0xee, 0x0e, 0xe0, 0xe0, 0x00, 0x00, 0x00, 0x00,
    0x00, 0x00, 0x00, 0x00, 0x00, 0x00, 0x00, 0x00, 0x00, 0x3f, 0x87, 0xf8,
    0x7f, 0x80, 0x00, 0x71, 0xc7, 0x1c, 0x71, 0xc7, 0x1c, 0x71, 0xc7, 0x1c,
    0x71, 0xc7, 0x1c, 0x71, 0xc7, 0x1c, 0x71, 0xc0, 0x00, 0x00, 0x00, 0x00,
    0x00, 0x00, 0x00, 0x00, 0x00, 0x00, 0x00, 0x00, 0x00, 0x1f, 0x83, 0xf8,
    0x1f, 0x80, 0x00, 0x71, 0xc7, 0x1c, 0x71, 0xc7, 0x1c, 0x71, 0xc7, 0x1c,
    0x71, 0xc7, 0x1c, 0x39, 0xc1, 0xf8, 0x3f, 0x80, 0x00, 0x00, 0x00, 0x00,
    0x00, 0x00, 0x00, 0x00, 0x00, 0x00, 0x00, 0x00, 0x00, 0x3f, 0x87, 0xf8,
    0x7f, 0x87, 0x9c, 0x71, 0xc7, 0x1c, 0x71, 0xc7, 0x1c, 0x71, 0xc7, 0xf8,
    0x7f, 0x87, 0xf8, 0x70, 0x07, 0x00, 0x70, 0x07, 0x00, 0x70, 0x07, 0x00,
    0x00, 0x00, 0x00, 0x00, 0x00, 0x00, 0x00, 0x00, 0x00, 0x1f, 0xc1, 0xfc,
    0x3f, 0xc7, 0x1c, 0x71, 0xc7, 0x1c, 0x71, 0xc7, 0x1c, 0x39, 0xc3, 0xfc,
    0x1f, 0xc1, 0xfc, 0x01, 0xc0, 0x1c, 0x01, 0xc0, 0x1c, 0x01, 0xc0, 0x00,
    0x00, 0x00, 0x00, 0x00, 0x00, 0x00, 0x00, 0x00, 0x00, 0x3f, 0x87, 0xf8,
    0x7f, 0x83, 0x18, 0x71, 0xc7, 0x1c, 0x71, 0xc7, 0x00, 0x70, 0x07, 0x00,
    0x70, 0x07, 0x00, 0x70, 0x07, 0x00, 0x70, 0x00, 0x00, 0x00, 0x00, 0x00,
    0x00, 0x00, 0x00, 0x00, 0x00, 0x00, 0x00, 0x00, 0x00, 0x1f, 0xc3, 0xfc,
    0x1f, 0xc3, 0x00, 0x70, 0x07, 0x00, 0x38, 0x01, 0xf8, 0x1f, 0x80, 0x1c,
    0x01, 0xc0, 0x1c, 0x01, 0x87, 0xf8, 0x7f, 0x80, 0x00, 0x00, 0x00, 0x00,
    0x08, 0x01, 0xc0, 0x1c, 0x01, 0xc0, 0x1c, 0x01, 0xc0, 0x3f, 0xc7, 0xfc,
    0x7f, 0xc0, 0x00, 0x1c, 0x01, 0xc0, 0x1c, 0x01, 0xc0, 0x1c, 0x01, 0xc0,
    0x1c, 0x01, 0xc0, 0x1c, 0x00, 0xfc, 0x0f, 0xc0, 0x00, 0x00, 0x00, 0x00,
    0x00, 0x00, 0x00, 0x00, 0x00, 0x00, 0x00, 0x00, 0x00, 0x31, 0xc7, 0x1c,
    0x71, 0xc7, 0x1c, 0x71, 0xc7, 0x1c, 0x71, 0xc7, 0x1c, 0x71, 0xc7, 0x1c,
    0x71, 0xc3, 0x1c, 0x18, 0x01, 0xfc, 0x3f, 0xc0, 0x00, 0x00, 0x00, 0x00,
    0x00, 0x00, 0x00, 0x00, 0x00, 0x00, 0x00, 0x00, 0x00, 0x30, 0xc7, 0x1c,
    0x71, 0xc7, 0x1c, 0x71, 0xc7, 0x1c, 0x71, 0xc7, 0x1c, 0x71, 0xc3, 0xf8,
    0x1f, 0x81, 0xf8, 0x06, 0x00, 0xe0, 0x0e, 0x00, 0x00, 0x00, 0x00, 0x00,
    0x00, 0x00, 0x00, 0x00, 0x00, 0x00, 0x00, 0x00, 0x00, 0xe0, 0xce, 0x0e,
    0xe0, 0xee, 0x0e, 0xe0, 0xee, 0x0e, 0xe0, 0xee, 0xce, 0xec, 0xe7, 0xf8,
    0x7f, 0x87, 0xf8, 0x33, 0x87, 0x38, 0x73, 0x80, 0x00, 0x00, 0x00, 0x00,
    0x00, 0x00, 0x00, 0x00, 0x00, 0x00, 0x00, 0x00, 0x00, 0xe0, 0xce, 0x0e,
    0xe0, 0xe6, 0x08, 0x73, 0x87, 0x38, 0x3b, 0x01, 0xf0, 0x1f, 0x03, 0x38,
    0x73, 0x87, 0x38, 0x60, 0x8e, 0x0e, 0xe0, 0xe0, 0x00, 0x00, 0x00, 0x00,
    0x00, 0x00, 0x00, 0x00, 0x00, 0x00, 0x00, 0x00, 0x00, 0x31, 0xc7, 0x1c,
    0x71, 0xc7, 0x1c, 0x71, 0xc7, 0x1c, 0x71, 0xc7, 0x1c, 0x71, 0xc1, 0xfc,
    0x1f, 0xc1, 0xfc, 0x01, 0xc0, 0x1c, 0x01, 0xc1, 0xf8, 0x1f, 0x81, 0xf8,
    0x00, 0x00, 0x00, 0x00, 0x00, 0x00, 0x00, 0x00, 0x00, 0x3f, 0xc7, 0xfc,
    0x7f, 0xc0, 0x38, 0x03, 0x80, 0x38, 0x07, 0x80, 0xe0, 0x0e, 0x01, 0xc0,
    0x1c, 0x01, 0xc0, 0x7f, 0xc7, 0xfc, 0x7f, 0xc0, 0x00, 0x00, 0x00, 0x00,
    0x00, 0x00, 0x3c, 0x03, 0xc0, 0x3c, 0x0e, 0x00, 0xe0, 0x0e, 0x00, 0xe0,
    0x0e, 0x00, 0xe0, 0x7c, 0x07, 0xc0, 0x0e, 0x00, 0xe0, 0x0e, 0x00, 0xe0,
    0x0e, 0x00, 0xe0, 0x07, 0x00, 0x3c, 0x03, 0xc0, 0x00, 0x00, 0x00, 0x00,
    0x00, 0x00, 0x60, 0x0f, 0x00, 0xe0, 0x0e, 0x00, 0xe0, 0x0e, 0x00, 0xe0,
    0x0e, 0x00, 0xe0, 0x0e, 0x00, 0xe0, 0x0e, 0x00, 0xe0, 0x0e, 0x00, 0xe0,
    0x0e, 0x00, 0xe0, 0x0e, 0x00, 0xe0, 0x0e, 0x00, 0x00, 0x00, 0x00, 0x00,
    0x00, 0x07, 0xc0, 0x7c, 0x02, 0xc0, 0x0e, 0x00, 0xe0, 0x0e, 0x00, 0xe0,
    0x0e, 0x00, 0x70, 0x03, 0xc0, 0x3c, 0x07, 0xc0, 0xe0, 0x0e, 0x00, 0xe0,
    0x0e, 0x00, 0xe0, 0x0e, 0x07, 0xc0, 0x7c, 0x00, 0x00, 0x00, 0x00, 0x00,
    0x7c, 0xe7, 0xce, 0x7c, 0xc6, 0x58, 0xef, 0x8e, 0xf8, 0x00, 0x00, 0x00,
    0x00, 0x00, 0x00, 0x00, 0x00, 0x00, 0x00, 0x00, 0x00, 0x00, 0x00, 0x00,
    0x00, 0x00, 0x00, 0x00, 0x00, 0x00, 0x00, 0x00, 0x00, 0x00, 0x00, 0x00,
    0x00, 0x0e, 0x00, 0xe0, 0x0c, 0x00, 0x90, 0x09, 0x00, 0x91, 0xc9, 0x3e,
    0x93, 0xe9, 0x00, 0x90, 0x89, 0x08, 0xd0, 0x8e, 0x08, 0xe0, 0x80, 0x08,
    0x00, 0x80, 0x08, 0x00, 0x80, 0x08, 0x00, 0x80, 0x00, 0x00, 0x00, 0x00,
    0x00, 0x00, 0x00, 0x00, 0x00, 0x00, 0x00, 0x00, 0x00, 0x00, 0x00, 0x00,
    0x00, 0x0f, 0xff, 0xff, 0xff, 0xff, 0xff, 0xff, 0xff, 0xff, 0xf0, 0x00,
    0x00, 0x00, 0x00, 0x00, 0x00, 0x00, 0x00, 0x00, 0x00, 0x00, 0x00, 0x00,
    0x00, 0x00, 0x00, 0x00, 0x00, 0x00, 0x00, 0x00, 0x00, 0xff, 0xff, 0xff,
    0xff, 0xff, 0xff, 0xff, 0xff, 0xff, 0xff, 0xff, 0xff, 0xff, 0xff, 0xff,
    0xff, 0xff, 0xff, 0x00, 0x00, 0x00, 0x00, 0x00, 0x00, 0x00, 0x00, 0x00,
    0x0e, 0x00, 0xe0, 0x0e, 0x00, 0xe0, 0x0e, 0x00, 0xe0, 0x0e, 0x00, 0xe0,
    0x0e, 0x00, 0xe0, 0x0e, 0x00, 0xe0, 0x0e, 0x00, 0xe0, 0x0e, 0x00, 0xe0,
    0x0e, 0x00, 0xe0, 0x0e, 0x00, 0xe0, 0x0e, 0x00, 0xe0, 0x0e, 0x00, 0xe0,
    0x1f, 0x81, 0xf8, 0x1f, 0x81, 0xf8, 0x1f, 0x81, 0xf8, 0x1f, 0x81, 0xf8,
    0x1f, 0x81, 0xf8, 0x1f, 0x81, 0xf8, 0x1f, 0x81, 0xf8, 0x1f, 0x81, 0xf8,
    0x1f, 0x81, 0xf8, 0x1f, 0x81, 0xf8, 0x1f, 0x81, 0xf8, 0x1f, 0x81, 0xf8,
    0x00, 0x00, 0x00, 0x00, 0x00, 0x00, 0x00, 0x00, 0x00, 0x00, 0x00, 0x00,
    0x00, 0x0e, 0x79, 0xef, 0x9e, 0xf9, 0xef, 0x9e, 0xfb, 0xef, 0xb0, 0x00,
    0x00, 0x00, 0x00, 0x00, 0x00, 0x00, 0x00, 0x00, 0x00, 0x00, 0x00, 0x00,
    0x00, 0x00, 0x00, 0x00, 0x00, 0x00, 0x00, 0x00, 0x00, 0xe7, 0x9e, 0xfb,
    0xef, 0x9e, 0xf9, 0xef, 0x9e, 0xf9, 0xef, 0x9e, 0xf9, 0xef, 0x9e, 0xf9,
    0xef, 0xbe, 0x79, 0x00, 0x00, 0x00, 0x00, 0x00, 0x00, 0x00, 0x00, 0x00,
    0x0e, 0x00, 0xe0, 0x0e, 0x00, 0xe0, 0x0e, 0x00, 0x60, 0x00, 0x00, 0x00,
    0x00, 0x00, 0xe0, 0x0e, 0x00, 0xe0, 0x0e, 0x00, 0xe0, 0x0e, 0x00, 0xe0,
    0x0e, 0x00, 0x60, 0x00, 0x00, 0x00, 0x00, 0x00, 0x60, 0x0e, 0x00, 0xe0,
    0x1f, 0x81, 0xf8, 0x1f, 0x81, 0xf8, 0x1f, 0x81, 0xf8, 0x00, 0x00, 0x00,
    0x00, 0x01, 0xf8, 0x1f, 0x81, 0xf8, 0x1f, 0x81, 0xf8, 0x1f, 0x81, 0xf8,
    0x1f, 0x81, 0xf8, 0x00, 0x00, 0x00, 0x00, 0x01, 0xf8, 0x1f, 0x81, 0xf8,
    0x00, 0x00, 0x00, 0x00, 0x00, 0x00, 0x00, 0x00, 0x00, 0x00, 0x00, 0x00,
    0x00, 0x09, 0x24, 0x93, 0x49, 0xb4, 0x93, 0x4d, 0xb4, 0x9b, 0x40, 0x00,
    0x00, 0x00, 0x00, 0x00, 0x00, 0x00, 0x00, 0x00, 0x00, 0x00, 0x00, 0x00,
    0x00, 0x00, 0x00, 0x00, 0x00, 0x00, 0x00, 0x00, 0x00, 0x00, 0x00, 0x00,
    0x00, 0x09, 0x24, 0x93, 0x49, 0xb4, 0x93, 0x4d, 0xb4, 0x9b, 0x40, 0x00,
    0x00, 0x00, 0x00, 0x00, 0x00, 0x00, 0x00, 0x00, 0x00, 0x00, 0x00, 0x00,
    0x0e, 0x00, 0xe0, 0x06, 0x00, 0x00, 0x00, 0x00, 0x00, 0x06, 0x00, 0xf0,
    0x06, 0x00, 0x00, 0x00, 0x00, 0x00, 0x06, 0x00, 0xe0, 0x0e, 0x00, 0x00,
    0x00, 0x00, 0x00, 0x0e, 0x00, 0xe0, 0x06, 0x00, 0x00, 0x00, 0x00, 0x00,
    0x1f, 0x81, 0xf8, 0x1f, 0x80, 0x00, 0x00, 0x00, 0x00, 0x1f, 0x81, 0xf8,
    0x1f, 0x80, 0x00, 0x00, 0x00, 0x00, 0x1f, 0x81, 0xf8, 0x1f, 0x80, 0x00,
    0x00, 0x00, 0x00, 0x1f, 0x81, 0xf8, 0x0f, 0x80, 0x00, 0x00, 0x00, 0x00,
    0x00, 0x00, 0x00, 0x00, 0x00, 0x00, 0x00, 0x00, 0x00, 0x00, 0x00, 0x00,
    0x00, 0x00, 0xff, 0x0f, 0xf0, 0xff, 0x0f, 0xf0, 0xff, 0x0f, 0xf0, 0xf0,
    0x0e, 0x00, 0xe0, 0x0e, 0x00, 0xe0, 0x0e, 0x00, 0xe0, 0x0e, 0x00, 0xe0,
    0x00, 0x00, 0x00, 0x00, 0x00, 0x00, 0x00, 0x00, 0x00, 0x0f, 0xf0, 0xff,
    0x0f, 0xf0, 0xff, 0x0f, 0xf0, 0xff, 0x0f, 0xf0, 0xff, 0x0f, 0xf0, 0xff,
    0x0f, 0xf0, 0xff, 0x0f, 0x00, 0xe0, 0x0e, 0x00, 0xe0, 0x0e, 0x00, 0xe0,
    0x00, 0x00, 0x00, 0x00, 0x00, 0x00, 0x00, 0x00, 0x00, 0x00, 0x00, 0x00,
    0x00, 0x01, 0xff, 0x1f, 0xf1, 0xff, 0x1f, 0xf1, 0xff, 0x1f, 0xf1, 0xf8,
    0x1f, 0x81, 0xf8, 0x1f, 0x81, 0xf8, 0x1f, 0x81, 0xf8, 0x1f, 0x81, 0xf8,
    0x00, 0x00, 0x00, 0x00, 0x00, 0x00, 0x00, 0x00, 0x00, 0x1f, 0xf1, 0xff,
    0x1f, 0xf1, 0xff, 0x1f, 0xf1, 0xff, 0x1f, 0xf1, 0xff, 0x1f, 0xf1, 0xff,
    0x1f, 0xf1, 0xff, 0x1f, 0xc1, 0xf8, 0x1f, 0x81, 0xf8, 0x1f, 0x81, 0xf8,
    0x00, 0x00, 0x00, 0x00, 0x00, 0x00, 0x00, 0x00, 0x00, 0x00, 0x00, 0x00,
    0x00, 0x0f, 0xe0, 0xfe, 0x0f, 0xe0, 0xfe, 0x0f, 0xe0, 0xfe, 0x00, 0xe0,
    0x0e, 0x00, 0xe0, 0x0e, 0x00, 0xe0, 0x0e, 0x00, 0xe0, 0x0e, 0x00, 0xe0,
    0x00, 0x00, 0x00, 0x00, 0x00, 0x00, 0x00, 0x00, 0x00, 0xfe, 0x0f, 0xe0,
    0xfe, 0x0f, 0xe0, 0xfe, 0x0f, 0xe0, 0xfe, 0x0f, 0xe0, 0xfe, 0x0f, 0xe0,
    0xfe, 0x0f, 0xe0, 0x0e, 0x00, 0xe0, 0x0e, 0x00, 0xe0, 0x0e, 0x00, 0x60,
    0x00, 0x00, 0x00, 0x00, 0x00, 0x00, 0x00, 0x00, 0x00, 0x00, 0x00, 0x00,
    0x00, 0x0f, 0xf8, 0xff, 0x8f, 0xf8, 0xff, 0x8f, 0xf8, 0xff, 0x81, 0xf8,
    0x1f, 0x81, 0xf8, 0x1f, 0x81, 0xf8, 0x1f, 0x81, 0xf8, 0x1f, 0x81, 0xf8,
    0x00, 0x00, 0x00, 0x00, 0x00, 0x00, 0x00, 0x00, 0x00, 0xff, 0x8f, 0xf8,
    0xff, 0x8f, 0xf8, 0xff, 0x8f, 0xf8, 0xff, 0x8f, 0xf8, 0xff, 0x8f, 0xf8,
    0xff, 0x8f, 0xf8, 0x1f, 0x81, 0xf8, 0x1f, 0x81, 0xf8, 0x1f, 0x81, 0xf8,
    0x0e, 0x00, 0xe0, 0x0e, 0x00, 0xe0, 0x0e, 0x00, 0xe0, 0x0e, 0x00, 0xe0,
    0x0f, 0x00, 0xff, 0x0f, 0xf0, 0xff, 0x0f, 0xf0, 0xff, 0x0f, 0xf0, 0x00,
    0x00, 0x00, 0x00, 0x00, 0x00, 0x00, 0x00, 0x00, 0x00, 0x00, 0x00, 0x00,
    0x0e, 0x00, 0xe0, 0x0e, 0x00, 0xe0, 0x0e, 0x00, 0xf0, 0x0f, 0xf0, 0xff,
    0x0f, 0xf0, 0xff, 0x0f, 0xf0, 0xff, 0x0f, 0xf0, 0xff, 0x0f, 0xf0, 0xff,
    0x0f, 0xf0, 0x7f, 0x00, 0x00, 0x00, 0x00, 0x00, 0x00, 0x00, 0x00, 0x00,
    0x1f, 0x81, 0xf8, 0x1f, 0x81, 0xf8, 0x1f, 0x81, 0xf8, 0x1f, 0x81, 0xf8,
    0x1f, 0x81, 0xff, 0x1f, 0xf1, 0xff, 0x1f, 0xf1, 0xff, 0x1f, 0xf0, 0x00,
    0x00, 0x00, 0x00, 0x00, 0x00, 0x00, 0x00, 0x00, 0x00, 0x00, 0x00, 0x00,
    0x1f, 0x81, 0xf8, 0x1f, 0x81, 0xf8, 0x1f, 0x81, 0xfc, 0x1f, 0xf1, 0xff,
    0x1f, 0xf1, 0xff, 0x1f, 0xf1, 0xff, 0x1f, 0xf1, 0xff, 0x1f, 0xf1, 0xff,
    0x1f, 0xf1, 0xff, 0x00, 0x00, 0x00, 0x00, 0x00, 0x00, 0x00, 0x00, 0x00,
    0x0e, 0x00, 0xe0, 0x0e, 0x00, 0xe0, 0x0e, 0x00, 0xe0, 0x0e, 0x00, 0xe0,
    0x0e, 0x0f, 0xe0, 0xfe, 0x0f, 0xe0, 0xfe, 0x0f, 0xe0, 0xfe, 0x00, 0x00,
    0x00, 0x00, 0x00, 0x00, 0x00, 0x00, 0x00, 0x00, 0x00, 0x00, 0x00, 0x00,
    0x0e, 0x00, 0xe0, 0x0e, 0x00, 0xe0, 0x0e, 0x00, 0xe0, 0xfe, 0x0f, 0xe0,
    0xfe, 0x0f, 0xe0, 0xfe, 0x0f, 0xe0, 0xfe, 0x0f, 0xe0, 0xfe, 0x0f, 0xe0,
    0xfe, 0x0f, 0xe0, 0x00, 0x00, 0x00, 0x00, 0x00, 0x00, 0x00, 0x00, 0x00,
    0x1f, 0x81, 0xf8, 0x1f, 0x81, 0xf8, 0x1f, 0x81, 0xf8, 0x1f, 0x81, 0xf8,
    0x1f, 0x8f, 0xf8, 0xff, 0x8f, 0xf8, 0xff, 0x8f, 0xf8, 0xff, 0x80, 0x00,
    0x00, 0x00, 0x00, 0x00, 0x00, 0x00, 0x00, 0x00, 0x00, 0x00, 0x00, 0x00,
    0x1f, 0x81, 0xf8, 0x1f, 0x81, 0xf8, 0x1f, 0x81, 0xf8, 0xff, 0x8f, 0xf8,
    0xff, 0x8f, 0xf8, 0xff, 0x8f, 0xf8, 0xff, 0x8f, 0xf8, 0xff, 0x8f, 0xf8,
    0xff, 0x8f, 0xf8, 0x00, 0x00, 0x00, 0x00, 0x00, 0x00, 0x00, 0x00, 0x00,
    0x0e, 0x00, 0xe0, 0x0e, 0x00, 0xe0, 0x0e, 0x00, 0xe0, 0x0e, 0x00, 0xe0,
    0x0f, 0x00, 0xff, 0x0f, 0xf0, 0xff, 0x0f, 0xf0, 0xff, 0x0f, 0xf0, 0xf0,
    0x0e, 0x00, 0xe0, 0x0e, 0x00, 0xe0, 0x0e, 0x00, 0xe0, 0x0e, 0x00, 0xe0,
    0x0e, 0x00, 0xe0, 0x0e, 0x00, 0xe0, 0x0e, 0x00, 0xf0, 0x0f, 0xf0, 0xff,
    0x0f, 0xf0, 0xff, 0x0f, 0xf0, 0xff, 0x0f, 0xf0, 0xff, 0x0f, 0xf0, 0xff,
    0x0f, 0xf0, 0xff, 0x0f, 0x00, 0xe0, 0x0e, 0x00, 0xe0, 0x0e, 0x00, 0xe0,
    0x1f, 0x81, 0xf8, 0x1f, 0x81, 0xf8, 0x1f, 0x81, 0xf8, 0x1f, 0x81, 0xf8,
    0x1f, 0x81, 0xff, 0x1f, 0xf1, 0xff, 0x0f, 0xf0, 0xff, 0x0f, 0xf0, 0xf0,
    0x0f, 0x00, 0xf0, 0x0f, 0x00, 0xf0, 0x0f, 0x00, 0xf0, 0x0f, 0x00, 0xf0,
    0x07, 0x00, 0x70, 0x07, 0x00, 0x70, 0x07, 0x00, 0x70, 0x07, 0xf0, 0x7f,
    0x07, 0xf0, 0x7f, 0x07, 0xf0, 0xff, 0x1f, 0xf1, 0xff, 0x1f, 0xf1, 0xff,
    0x1f, 0xf1, 0xff, 0x1f, 0xc1, 0xf8, 0x1f, 0x81, 0xf8, 0x1f, 0x81, 0xf8,
    0x1f, 0x81, 0xf8, 0x1f, 0x81, 0xf8, 0x1f, 0x81, 0xf8, 0x1f, 0x81, 0xf8,
    0x1f, 0x81, 0xff, 0x1f, 0xf1, 0xff, 0x1f, 0xf1, 0xff, 0x1f, 0xf1, 0xf8,
    0x1f, 0x81, 0xf8, 0x1f, 0x81, 0xf8, 0x1f, 0x81, 0xf8, 0x1f, 0x81, 0xf8,
    0x1f, 0x81, 0xf8, 0x1f, 0x81, 0xf8, 0x1f, 0x81, 0xfc, 0x1f, 0xf1, 0xff,
    0x1f, 0xf1, 0xff, 0x1f, 0xf1, 0xff, 0x0f, 0xf0, 0x7f, 0x0f, 0xf0, 0xff,
    0x0f, 0xf0, 0xff, 0x0f, 0x00, 0xf0, 0x0f, 0x00, 0xf0, 0x0f, 0x00, 0xf0,
    0x07, 0x00, 0x70, 0x07, 0x00, 0x70, 0x07, 0x00, 0x70, 0x07, 0x00, 0x70,
    0x07, 0x00, 0x7f, 0x07, 0xf0, 0xff, 0x1f, 0xf1, 0xff, 0x1f, 0xf1, 0xf8,
    0x1f, 0x81, 0xf8, 0x1f, 0x81, 0xf8, 0x1f, 0x81, 0xf8, 0x1f, 0x81, 0xf8,
    0x1f, 0x81, 0xf8, 0x1f, 0x81, 0xf8, 0x1f, 0x81, 0xfc, 0x1f, 0xf1, 0xff,
    0x1f, 0xf1, 0xff, 0x1f, 0xf1, 0xff, 0x1f, 0xf1, 0xff, 0x1f, 0xf1, 0xff,
    0x1f, 0xf1, 0xff, 0x1f, 0xc1, 0xf8, 0x1f, 0x81, 0xf8, 0x1f, 0x81, 0xf8,
    0x0e, 0x00, 0xe0, 0x0e, 0x00, 0xe0, 0x0e, 0x00, 0xe0, 0x0e, 0x00, 0xe0,
    0x0e, 0x0f, 0xe0, 0xfe, 0x0f, 0xe0, 0xfe, 0x0f, 0xe0, 0xfe, 0x00, 0xe0,
    0x0e, 0x00, 0xe0, 0x0e, 0x00, 0xe0, 0x0e, 0x00, 0xe0, 0x0e, 0x00, 0xe0,
    0x0e, 0x00, 0xe0, 0x0e, 0x00, 0xe0, 0x0e, 0x00, 0xe0, 0xfe, 0x0f, 0xe0,
    0xfe, 0x0f, 0xe0, 0xfe, 0x0f, 0xe0, 0xfe, 0x0f, 0xe0, 0xfe, 0x0f, 0xe0,
    0xfe, 0x0f, 0xe0, 0x0e, 0x00, 0xe0, 0x0e, 0x00, 0xe0, 0x0e, 0x00, 0x60,
    0x1f, 0x81, 0xf8, 0x1f, 0x81, 0xf8, 0x1f, 0x81, 0xf8, 0x1f, 0x81, 0xf8,
    0x1f, 0x8f, 0xf8, 0xff, 0x8f, 0xf8, 0xff, 0x0f, 0xf0, 0xff, 0x00, 0xf0,
    0x07, 0x00, 0x70, 0x07, 0x00, 0x70, 0x07, 0x00, 0x70, 0x07, 0x00, 0x70,
    0x07, 0x00, 0x70, 0x07, 0x00, 0x70, 0x07, 0x00, 0x70, 0xff, 0x0f, 0xf0,
    0xff, 0x0f, 0xf0, 0xff, 0x0f, 0xf0, 0xff, 0x8f, 0xf8, 0xff, 0x8f, 0xf8,
    0xff, 0x8f, 0xf8, 0x1f, 0x81, 0xf8, 0x1f, 0x81, 0xf8, 0x1f, 0x81, 0xf8,
    0x1f, 0x81, 0xf8, 0x1f, 0x81, 0xf8, 0x1f, 0x81, 0xf8, 0x1f, 0x81, 0xf8,
    0x1f, 0x8f, 0xf8, 0xff, 0x8f, 0xf8, 0xff, 0x8f, 0xf8, 0xff, 0x81, 0xf8,
    0x1f, 0x81, 0xf8, 0x1f, 0x81, 0xf8, 0x1f, 0x81, 0xf8, 0x1f, 0x81, 0xf8,
    0x1f, 0x81, 0xf8, 0x1f, 0x81, 0xf8, 0x1f, 0x81, 0xf8, 0xff, 0x8f, 0xf8,
    0xff, 0x8f, 0xf8, 0xff, 0x8f, 0xf8, 0xff, 0x0f, 0xf0, 0xff, 0x0f, 0xf0,
    0xff, 0x0f, 0xf0, 0x0f, 0x00, 0x70, 0x07, 0x00, 0x70, 0x07, 0x00, 0x70,
    0x07, 0x00, 0x70, 0x07, 0x00, 0x70, 0x07, 0x00, 0x70, 0x07, 0x00, 0x70,
    0x07, 0x0f, 0xf0, 0xff, 0x0f, 0xf0, 0xff, 0x8f, 0xf8, 0xff, 0x81, 0xf8,
    0x1f, 0x81, 0xf8, 0x1f, 0x81, 0xf8, 0x1f, 0x81, 0xf8, 0x1f, 0x81, 0xf8,
    0x1f, 0x81, 0xf8, 0x1f, 0x81, 0xf8, 0x1f, 0x81, 0xf8, 0xff, 0x8f, 0xf8,
    0xff, 0x8f, 0xf8, 0xff, 0x8f, 0xf8, 0xff, 0x8f, 0xf8, 0xff, 0x8f, 0xf8,
    0xff, 0x8f, 0xf8, 0x1f, 0x81, 0xf8, 0x1f, 0x81, 0xf8, 0x1f, 0x81, 0xf8,
    0x00, 0x00, 0x00, 0x00, 0x00, 0x00, 0x00, 0x00, 0x00, 0x00, 0x00, 0x00,
    0x00, 0x0f, 0xff, 0xff, 0xff, 0xff, 0xff, 0xff, 0xff, 0xff, 0xf0, 0xf0,
    0x0e, 0x00, 0xe0, 0x0e, 0x00, 0xe0, 0x0e, 0x00, 0xe0, 0x0e, 0x00, 0xe0,
    0x00, 0x00, 0x00, 0x00, 0x00, 0x00, 0x00, 0x00, 0x00, 0xfc, 0x0f, 0xc0,
    0xfc, 0x0f, 0xff, 0xff, 0xff, 0xff, 0xff, 0xff, 0xff, 0xff, 0xff, 0xf0,
    0xfe, 0x0f, 0xf0, 0x0f, 0x00, 0xf0, 0x0f, 0x00, 0xf0, 0x0f, 0x00, 0xf0,
    0x00, 0x00, 0x00, 0x00, 0x00, 0x00, 0x00, 0x00, 0x00, 0x03, 0xf0, 0x3f,
    0x03, 0xff, 0xff, 0xff, 0xff, 0xff, 0xff, 0xff, 0xff, 0xff, 0xf0, 0xff,
    0x0f, 0xf0, 0xff, 0x0f, 0x00, 0xe0, 0x0e, 0x00, 0xe0, 0x0e, 0x00, 0xe0,
    0x00, 0x00, 0x00, 0x00, 0x00, 0x00, 0x00, 0x00, 0x00, 0xff, 0xff, 0xff,
    0xff, 0xff, 0xff, 0xff, 0xff, 0xff, 0xff, 0xff, 0xff, 0xff, 0xff, 0xff,
    0xff, 0xff, 0xff, 0x0f, 0x00, 0xe0, 0x0e, 0x00, 0xe0, 0x0e, 0x00, 0xe0,
    0x00, 0x00, 0x00, 0x00, 0x00, 0x00, 0x00, 0x00, 0x00, 0x00, 0x00, 0x00,
    0x00, 0x0f, 0xff, 0xff, 0xff, 0xff, 0xff, 0xff, 0xff, 0xff, 0xf1, 0xf8,
    0x1f, 0x81, 0xf8, 0x1f, 0x81, 0xf8, 0x1f, 0x81, 0xf8, 0x1f, 0x81, 0xf8,
    0x00, 0x00, 0x00, 0x00, 0x00, 0x00, 0x00, 0x00, 0x00, 0xfc, 0x0f, 0xc0,
    0xfc, 0x0f, 0xff, 0xff, 0xff, 0xff, 0xff, 0xff, 0xff, 0xff, 0xff, 0xf8,
    0xff, 0x8f, 0xf8, 0x1f, 0x81, 0xf8, 0x1f, 0x81, 0xf8, 0x1f, 0x81, 0xf8,
    0x00, 0x00, 0x00, 0x00, 0x00, 0x00, 0x00, 0x00, 0x00, 0x03, 0xf0, 0x3f,
    0x03, 0xff, 0xff, 0xff, 0xff, 0xff, 0xff, 0xff, 0xff, 0xff, 0xf1, 0xff,
    0x1f, 0xf1, 0xff, 0x1f, 0xc1, 0xf8, 0x1f, 0x81, 0xf8, 0x1f, 0x81, 0xf8,
    0x00, 0x00, 0x00, 0x00, 0x00, 0x00, 0x00, 0x00, 0x00, 0xff, 0xff, 0xff,
    0xff, 0xff, 0xff, 0xff, 0xff, 0xff, 0xff, 0xff, 0xff, 0xff, 0xff, 0xff,
    0xff, 0xff, 0xff, 0x1f, 0xc1, 0xf8, 0x1f, 0x81, 0xf8, 0x1f, 0x81, 0xf8,
    0x0e, 0x00, 0xe0, 0x0e, 0x00, 0xe0, 0x0e, 0x00, 0xe0, 0x0e, 0x00, 0xe0,
    0x0f, 0x0f, 0xff, 0xff, 0xff, 0xff, 0xff, 0xff, 0xff, 0xff, 0xf0, 0x00,
    0x00, 0x00, 0x00, 0x00, 0x00, 0x00, 0x00, 0x00, 0x00, 0x00, 0x00, 0x00,
    0x0f, 0x00, 0xf0, 0x0f, 0x00, 0x70, 0x0f, 0x00, 0xf0, 0xff, 0x0f, 0xf0,
    0xff, 0x0f, 0xff, 0xff, 0xff, 0xff, 0xff, 0xff, 0xff, 0xff, 0xff, 0xc0,
    0xfc, 0x0f, 0xc0, 0x00, 0x00, 0x00, 0x00, 0x00, 0x00, 0x00, 0x00, 0x00,
    0x0e, 0x00, 0xe0, 0x0e, 0x00, 0xe0, 0x0e, 0x00, 0xf0, 0x0f, 0xf0, 0xff,
    0x0f, 0xff, 0xff, 0xff, 0xff, 0xff, 0xff, 0xff, 0xff, 0xff, 0xf0, 0x3f,
    0x03, 0xf0, 0x3f, 0x00, 0x00, 0x00, 0x00, 0x00, 0x00, 0x00, 0x00, 0x00,
    0x0e, 0x00, 0xe0, 0x0e, 0x00, 0xe0, 0x0e, 0x00, 0xf0, 0xff, 0xff, 0xff,
    0xff, 0xff, 0xff, 0xff, 0xff, 0xff, 0xff, 0xff, 0xff, 0xff, 0xff, 0xff,
    0xff, 0xff, 0xff, 0x00, 0x00, 0x00, 0x00, 0x00, 0x00, 0x00, 0x00, 0x00,
    0x1f, 0x81, 0xf8, 0x1f, 0x81, 0xf8, 0x1f, 0x81, 0xf8, 0x1f, 0x81, 0xf8,
    0x1f, 0x8f, 0xff, 0xff, 0xff, 0xff, 0xff, 0xff, 0xff, 0xff, 0xf0, 0x00,
    0x00, 0x00, 0x00, 0x00, 0x00, 0x00, 0x00, 0x00, 0x00, 0x00, 0x00, 0x00,
    0x1f, 0x81, 0xf8, 0x1f, 0x81, 0xf8, 0x1f, 0x83, 0xf8, 0xff, 0x8f, 0xf8,
    0xff, 0x8f, 0xff, 0xff, 0xff, 0xff, 0xff, 0xff, 0xff, 0xff, 0xff, 0xc0,
    0xfc, 0x0f, 0xc0, 0x00, 0x00, 0x00, 0x00, 0x00, 0x00, 0x00, 0x00, 0x00,
    0x1f, 0x81, 0xf8, 0x1f, 0x81, 0xf8, 0x1f, 0x81, 0xfc, 0x1f, 0xf1, 0xff,
    0x1f, 0xff, 0xff, 0xff, 0xff, 0xff, 0xff, 0xff, 0xff, 0xff, 0xf0, 0x3f,
    0x03, 0xf0, 0x3f, 0x00, 0x00, 0x00, 0x00, 0x00, 0x00, 0x00, 0x00, 0x00,
    0x1f, 0x81, 0xf8, 0x1f, 0x81, 0xf8, 0x1f, 0x81, 0xfc, 0xff, 0xff, 0xff,
    0xff, 0xff, 0xff, 0xff, 0xff, 0xff, 0xff, 0xff, 0xff, 0xff, 0xff, 0xff,
    0xff, 0xff, 0xff, 0x00, 0x00, 0x00, 0x00, 0x00, 0x00, 0x00, 0x00, 0x00,
    0x0e, 0x00, 0xe0, 0x0e, 0x00, 0xe0, 0x0e, 0x00, 0xe0, 0x0e, 0x00, 0xe0,
    0x0f, 0x0f, 0xff, 0xff, 0xff, 0xff, 0xff, 0xff, 0xff, 0xff, 0xf0, 0xf0,
    0x0e, 0x00, 0xe0, 0x0e, 0x00, 0xe0, 0x0e, 0x00, 0xe0, 0x0e, 0x00, 0xe0,
    0x0e, 0x00, 0xe0, 0x0e, 0x00, 0xe0, 0x0e, 0x00, 0xe0, 0xfe, 0x0f, 0xe0,
    0xff, 0x0f, 0xff, 0xff, 0xff, 0xff, 0xff, 0xff, 0xff, 0xff, 0xff, 0xf0,
    0xfe, 0x0f, 0xe0, 0x0e, 0x00, 0xe0, 0x0e, 0x00, 0xe0, 0x0e, 0x00, 0xe0,
    0x0e, 0x00, 0xe0, 0x0e, 0x00, 0xe0, 0x0e, 0x00, 0xf0, 0x0f, 0xf0, 0xff,
    0x0f, 0xff, 0xff, 0xff, 0xff, 0xff, 0xff, 0xff, 0xff, 0xff, 0xf0, 0xff,
    0x07, 0xf0, 0xff, 0x0f, 0x00, 0xe0, 0x0e, 0x00, 0xe0, 0x0e, 0x00, 0xe0,
    0x0e, 0x00, 0xe0, 0x0e, 0x00, 0xe0, 0x0e, 0x00, 0xf0, 0xff, 0xff, 0xff,
    0xff, 0xff, 0xff, 0xff, 0xff, 0xff, 0xff, 0xff, 0xff, 0xff, 0xff, 0xff,
    0xff, 0xff, 0xff, 0x0f, 0x00, 0xe0, 0x0e, 0x00, 0xe0, 0x0e, 0x00, 0xe0,
    0x1f, 0x81, 0xf8, 0x1f, 0x81, 0xf8, 0x1f, 0x81, 0xf8, 0x1f, 0x81, 0xf8,
    0x1f, 0x8f, 0xff, 0xff, 0xff, 0xff, 0xff, 0xff, 0xff, 0xff, 0xf0, 0x70,
    0x07, 0x00, 0x70, 0x07, 0x00, 0x70, 0x07, 0x00, 0x70, 0x07, 0x00, 0x70,
    0x07, 0x00, 0x70, 0x07, 0x00, 0x70, 0x07, 0x00, 0x70, 0x07, 0x00, 0x70,
    0x0f, 0x0f, 0xff, 0xff, 0xff, 0xff, 0xff, 0xff, 0xff, 0xff, 0xf1, 0xf8,
    0x1f, 0x81, 0xf8, 0x1f, 0x81, 0xf8, 0x1f, 0x81, 0xf8, 0x1f, 0x81, 0xf8,
    0x1f, 0x81, 0xf8, 0x1f, 0x81, 0xf8, 0x1f, 0x81, 0xf8, 0x1f, 0x81, 0xf8,
    0x1f, 0x8f, 0xff, 0xff, 0xff, 0xff, 0xff, 0xff, 0xff, 0xff, 0xf1, 0xf8,
    0x1f, 0x81, 0xf8, 0x1f, 0x81, 0xf8, 0x1f, 0x81, 0xf8, 0x1f, 0x81, 0xf8,
    0x1f, 0x81, 0xf8, 0x1f, 0x81, 0xf8, 0x1f, 0x81, 0xf8, 0xff, 0x8f, 0xf8,
    0xff, 0x8f, 0xff, 0xff, 0xff, 0xff, 0xff, 0xff, 0xff, 0xff, 0xff, 0xf0,
    0xff, 0x0f, 0xf0, 0x0f, 0x00, 0x70, 0x07, 0x00, 0x70, 0x07, 0x00, 0x70,
    0x1f, 0x81, 0xf8, 0x1f, 0x81, 0xf8, 0x1f, 0x81, 0xfc, 0x1f, 0xf1, 0xff,
    0x1f, 0xff, 0xff, 0xff, 0xff, 0xff, 0xff, 0xff, 0xff, 0xff, 0xf0, 0xff,
    0x07, 0xf0, 0xff, 0x0f, 0x00, 0xf0, 0x0f, 0x00, 0xf0, 0x0f, 0x00, 0xf0,
    0x07, 0x00, 0x70, 0x07, 0x00, 0x70, 0x07, 0x00, 0xf0, 0xff, 0x0f, 0xf0,
    0xff, 0x0f, 0xff, 0xff, 0xff, 0xff, 0xff, 0xff, 0xff, 0xff, 0xff, 0xf8,
    0xff, 0x8f, 0xf8, 0x1f, 0x81, 0xf8, 0x1f, 0x81, 0xf8, 0x1f, 0x81, 0xf8,
    0x07, 0x00, 0x70, 0x07, 0x00, 0x70, 0x07, 0x00, 0x70, 0x07, 0xf0, 0x7f,
    0x07, 0xff, 0xff, 0xff, 0xff, 0xff, 0xff, 0xff, 0xff, 0xff, 0xf1, 0xff,
    0x1f, 0xf1, 0xff, 0x1f, 0xc1, 0xf8, 0x1f, 0x81, 0xf8, 0x1f, 0x81, 0xf8,
    0x1f, 0x81, 0xf8, 0x1f, 0x81, 0xf8, 0x1f, 0x81, 0xfc, 0xff, 0xff, 0xff,
    0xff, 0xff, 0xff, 0xff, 0xff, 0xff, 0xff, 0xff, 0xff, 0xff, 0xff, 0xff,
    0xff, 0xff, 0xff, 0x0f, 0x00, 0x70, 0x07, 0x00, 0x70, 0x07, 0x00, 0x70,
    0x07, 0x00, 0x70, 0x07, 0x00, 0x70, 0x07, 0x00, 0xf0, 0xff, 0xff, 0xff,
    0xff, 0xff, 0xff, 0xff, 0xff, 0xff, 0xff, 0xff, 0xff, 0xff, 0xff, 0xff,
    0xff, 0xff, 0xff, 0x1f, 0xc1, 0xf8, 0x1f, 0x81, 0xf8, 0x1f, 0x81, 0xf8,
    0x1f, 0x81, 0xf8, 0x1f, 0x81, 0xf8, 0x1f, 0x81, 0xf8, 0xff, 0x8f, 0xf8,
    0xff, 0x8f, 0xff, 0xff, 0xff, 0xff, 0xff, 0xff, 0xff, 0xff, 0xff, 0xf8,
    0xff, 0x8f, 0xf8, 0x1f, 0x81, 0xf8, 0x1f, 0x81, 0xf8, 0x1f, 0x81, 0xf8,
    0x1f, 0x81, 0xf8, 0x1f, 0x81, 0xf8, 0x1f, 0x81, 0xfc, 0x1f, 0xf1, 0xff,
    0x1f, 0xff, 0xff, 0xff, 0xff, 0xff, 0xff, 0xff, 0xff, 0xff, 0xf1, 0xff,
    0x1f, 0xf1, 0xff, 0x1f, 0xc1, 0xf8, 0x1f, 0x81, 0xf8, 0x1f, 0x81, 0xf8,
    0x1f, 0x81, 0xf8, 0x1f, 0x81, 0xf8, 0x1f, 0x81, 0xfc, 0xff, 0xff, 0xff,
    0xff, 0xff, 0xff, 0xff, 0xff, 0xff, 0xff, 0xff, 0xff, 0xff, 0xff, 0xff,
    0xff, 0xff, 0xff, 0x1f, 0xc1, 0xf8, 0x1f, 0x81, 0xf8, 0x1f, 0x81, 0xf8,
    0x00, 0x00, 0x00, 0x00, 0x00, 0x00, 0x00, 0x00, 0x00, 0x00, 0x00, 0x00,
    0x00, 0x08, 0x61, 0x8e, 0x1c, 0xe3, 0x8e, 0x1c, 0xe3, 0xce, 0x30, 0x00,
    0x00, 0x00, 0x00, 0x00, 0x00, 0x00, 0x00, 0x00, 0x00, 0x00, 0x00, 0x00,
    0x00, 0x00, 0x00, 0x00, 0x00, 0x00, 0x00, 0x00, 0x00, 0x8e, 0x1c, 0xe3,
    0x8e, 0x18, 0xe1, 0x8e, 0x18, 0xe1, 0x8e, 0x18, 0xe1, 0x8e, 0x18, 0xe1,
    0xce, 0x38, 0x61, 0x00, 0x00, 0x00, 0x00, 0x00, 0x00, 0x00, 0x00, 0x00,
    0x0e, 0x00, 0xe0, 0x06, 0x00, 0x00, 0x00, 0x00, 0x00, 0x00, 0x00, 0x00,
    0x00, 0x00, 0x60, 0x0e, 0x00, 0xe0, 0x0e, 0x00, 0xe0, 0x0e, 0x00, 0x00,
    0x00, 0x00, 0x00, 0x00, 0x00, 0x00, 0x00, 0x00, 0x60, 0x0e, 0x00, 0xe0,
    0x1f, 0x81, 0xf8, 0x1f, 0x80, 0x00, 0x00, 0x00, 0x00, 0x00, 0x00, 0x00,
    0x00, 0x01, 0xf8, 0x1f, 0x81, 0xf8, 0x1f, 0x81, 0xf8, 0x1f, 0x80, 0x00,
    0x00, 0x00, 0x00, 0x00, 0x00, 0x00, 0x00, 0x01, 0xf8, 0x1f, 0x81, 0xf8,
    0x00, 0x00, 0x00, 0x00, 0x00, 0x00, 0x00, 0x00, 0x00, 0xff, 0xff, 0xff,
    0xff, 0xf0, 0x00, 0x00, 0x00, 0x00, 0xff, 0xff, 0xff, 0xff, 0xf0, 0x00,
    0x00, 0x00, 0x00, 0x00, 0x00, 0x00, 0x00, 0x00, 0x00, 0x00, 0x00, 0x00,
    0x73, 0x87, 0x38, 0x73, 0x87, 0x38, 0x73, 0x87, 0x38, 0x73, 0x87, 0x38,
    0x73, 0x87, 0x38, 0x73, 0x87, 0x38, 0x73, 0x87, 0x38, 0x73, 0x87, 0x38,
    0x73, 0x87, 0x38, 0x73, 0x87, 0x38, 0x73, 0x87, 0x38, 0x73, 0x87, 0x38,
    0x00, 0x00, 0x00, 0x00, 0x00, 0x00, 0x00, 0x00, 0x00, 0x07, 0xf0, 0xff,
    0x0f, 0xf0, 0xf0, 0x0e, 0x00, 0xf0, 0x0f, 0xf0, 0xff, 0x0f, 0xf0, 0xf0,
    0x0e, 0x00, 0xe0, 0x0e, 0x00, 0xe0, 0x0e, 0x00, 0xe0, 0x0e, 0x00, 0xe0,
    0x00, 0x00, 0x00, 0x00, 0x00, 0x00, 0x00, 0x00, 0x00, 0x00, 0x00, 0x00,
    0x00, 0x07, 0xff, 0x7f, 0xf7, 0xff, 0x7f, 0xf7, 0xff, 0x7f, 0xf7, 0x38,
    0x73, 0x87, 0x38, 0x73, 0x87, 0x38, 0x73, 0x87, 0x38, 0x73, 0x87, 0x38,
    0x00, 0x00, 0x00, 0x00, 0x00, 0x00, 0x00, 0x00, 0x00, 0x3f, 0xf7, 0xff,
    0x7f, 0xf7, 0x80, 0x70, 0x07, 0x00, 0x73, 0xf7, 0x3f, 0x73, 0xf7, 0x38,
    0x73, 0x87, 0x38, 0x73, 0x87, 0x38, 0x73, 0x87, 0x38, 0x73, 0x87, 0x38,
    0x00, 0x00, 0x00, 0x00, 0x00, 0x00, 0x00, 0x00, 0x00, 0xfe, 0x0f, 0xe0,
    0xfe, 0x00, 0xe0, 0x0e, 0x00, 0xe0, 0xfe, 0x0f, 0xe0, 0xfe, 0x00, 0xe0,
    0x0e, 0x00, 0xe0, 0x0e, 0x00, 0xe0, 0x0e, 0x00, 0xe0, 0x0e, 0x00, 0xe0,
    0x00, 0x00, 0x00, 0x00, 0x00, 0x00, 0x00, 0x00, 0x00, 0x00, 0x00, 0x00,
    0x00, 0x0f, 0xf8, 0xff, 0x8f, 0xf8, 0xff, 0x8f, 0xf8, 0xff, 0x87, 0x38,
    0x73, 0x87, 0x38, 0x73, 0x87, 0x38, 0x73, 0x87, 0x38, 0x73, 0x87, 0x38,
    0x00, 0x00, 0x00, 0x00, 0x00, 0x00, 0x00, 0x00, 0x00, 0xff, 0x8f, 0xf8,
    0xff, 0x80, 0x38, 0x03, 0x80, 0x38, 0xf3, 0x8f, 0x38, 0xf3, 0x87, 0x38,
    0x73, 0x87, 0x38, 0x73, 0x87, 0x38, 0x73, 0x87, 0x38, 0x73, 0x87, 0x38,
    0x0e, 0x00, 0xe0, 0x0e, 0x00, 0xe0, 0x0e, 0x00, 0xf0, 0x0f, 0xf0, 0xff,
    0x0f, 0xf0, 0xf0, 0x0e, 0x00, 0xf0, 0x0f, 0xf0, 0xff, 0x0f, 0xf0, 0x00,
    0x00, 0x00, 0x00, 0x00, 0x00, 0x00, 0x00, 0x00, 0x00, 0x00, 0x00, 0x00,
    0x73, 0x87, 0x38, 0x73, 0x87, 0x38, 0x73, 0x87, 0x38, 0x73, 0x87, 0x38,
    0x73, 0x87, 0xff, 0x7f, 0xf7, 0xff, 0x7f, 0xf7, 0xff, 0x7f, 0xf0, 0x00,
    0x00, 0x00, 0x00, 0x00, 0x00, 0x00, 0x00, 0x00, 0x00, 0x00, 0x00, 0x00,
    0x73, 0x87, 0x38, 0x73, 0x87, 0x38, 0x73, 0x87, 0x38, 0x73, 0xf7, 0x3f,
    0x73, 0xf7, 0x00, 0x70, 0x07, 0x80, 0x7f, 0xf7, 0xff, 0x7f, 0xf0, 0x00,
    0x00, 0x00, 0x00, 0x00, 0x00, 0x00, 0x00, 0x00, 0x00, 0x00, 0x00, 0x00,
    0x0e, 0x00, 0xe0, 0x0e, 0x00, 0xe0, 0x0e, 0x00, 0xe0, 0xfe, 0x0f, 0xe0,
    0xfe, 0x00, 0xe0, 0x0e, 0x00, 0xe0, 0xfe, 0x0f, 0xe0, 0xfe, 0x00, 0x00,
    0x00, 0x00, 0x00, 0x00, 0x00, 0x00, 0x00, 0x00, 0x00, 0x00, 0x00, 0x00,
    0x73, 0x87, 0x38, 0x73, 0x87, 0x38, 0x73, 0x87, 0x38, 0x73, 0x87, 0x38,
    0x73, 0x8f, 0xf8, 0xff, 0x8f, 0xf8, 0xff, 0x8f, 0xf8, 0xff, 0x80, 0x00,
    0x00, 0x00, 0x00, 0x00, 0x00, 0x00, 0x00, 0x00, 0x00, 0x00, 0x00, 0x00,
    0x73, 0x87, 0x38, 0x73, 0x87, 0x38, 0x73, 0x87, 0x38, 0xf3, 0x8f, 0x38,
    0xf3, 0x80, 0x38, 0x03, 0x80, 0x38, 0xff, 0x8f, 0xf8, 0xff, 0x80, 0x00,
    0x00, 0x00, 0x00, 0x00, 0x00, 0x00, 0x00, 0x00, 0x00, 0x00, 0x00, 0x00,
    0x0e, 0x00, 0xe0, 0x0e, 0x00, 0xe0, 0x0e, 0x00, 0xf0, 0x0f, 0xf0, 0xff,
    0x0f, 0xf0, 0xf0, 0x0e, 0x00, 0xf0, 0x0f, 0xf0, 0xff, 0x0f, 0xf0, 0xf0,
    0x0e, 0x00, 0xe0, 0x0e, 0x00, 0xe0, 0x0e, 0x00, 0xe0, 0x0e, 0x00, 0xe0,
    0x73, 0x87, 0x38, 0x73, 0x87, 0x38, 0x73, 0x87, 0x38, 0x73, 0x87, 0x38,
    0x73, 0x87, 0x3f, 0x73, 0xf7, 0x3f, 0x73, 0xf7, 0x3f, 0x73, 0xf7, 0x38,
    0x73, 0x87, 0x38, 0x73, 0x87, 0x38, 0x73, 0x87, 0x38, 0x73, 0x87, 0x38,
    0x73, 0x87, 0x38, 0x73, 0x87, 0x38, 0x73, 0x87, 0x38, 0x73, 0xf7, 0x3f,
    0x73, 0xf7, 0x00, 0x70, 0x07, 0x00, 0x73, 0xf7, 0x3f, 0x73, 0xf7, 0x38,
    0x73, 0x87, 0x38, 0x73, 0x87, 0x38, 0x73, 0x87, 0x38, 0x73, 0x87, 0x38,
    0x0e, 0x00, 0xe0, 0x0e, 0x00, 0xe0, 0x0e, 0x00, 0xe0, 0xfe, 0x0f, 0xe0,
    0xfe, 0x00, 0xe0, 0x0e, 0x00, 0xe0, 0xfe, 0x0f, 0xe0, 0xfe, 0x00, 0xe0,
    0x0e, 0x00, 0xe0, 0x0e, 0x00, 0xe0, 0x0e, 0x00, 0xe0, 0x0e, 0x00, 0xe0,
    0x73, 0x87, 0x38, 0x73, 0x87, 0x38, 0x73, 0x87, 0x38, 0x73, 0x87, 0x38,
    0x73, 0x8f, 0x38, 0xf3, 0x8f, 0x38, 0xf3, 0x8f, 0x38, 0xf3, 0x87, 0x38,
    0x73, 0x87, 0x38, 0x73, 0x87, 0x38, 0x73, 0x87, 0x38, 0x73, 0x87, 0x38,
    0x73, 0x87, 0x38, 0x73, 0x87, 0x38, 0x73, 0x87, 0x38, 0xf3, 0x8f, 0x38,
    0xf3, 0x80, 0x38, 0x03, 0x80, 0x38, 0xf3, 0x8f, 0x38, 0xf3, 0x87, 0x38,
    0x73, 0x87, 0x38, 0x73, 0x87, 0x38, 0x73, 0x87, 0x38, 0x73, 0x87, 0x38,
    0x00, 0x00, 0x00, 0x00, 0x00, 0x00, 0x00, 0x00, 0x00, 0xff, 0xff, 0xff,
    0xff, 0xf0, 0x00, 0x00, 0x00, 0x00, 0xff, 0xff, 0xff, 0xff, 0xf0, 0xf0,
    0x06, 0x00, 0xf0, 0x0f, 0x00, 0xf0, 0x0f, 0x00, 0xf0, 0x0f, 0x00, 0xf0,
    0x00, 0x00, 0x00, 0x00, 0x00, 0x00, 0x00, 0x00, 0x00, 0x00, 0x00, 0x00,
    0x00, 0x0f, 0xff, 0xff, 0xff, 0xff, 0xff, 0xff, 0xff, 0xff, 0xf7, 0x38,
    0x73, 0x87, 0x38, 0x73, 0x87, 0x38, 0x73, 0x87, 0x38, 0x73, 0x87, 0x38,
    0x00, 0x00, 0x00, 0x00, 0x00, 0x00, 0x00, 0x00, 0x00, 0xff, 0xff, 0xff,
    0xff, 0xf0, 0x00, 0x00, 0x01, 0x00, 0xf3, 0xff, 0x3f, 0xf3, 0xf7, 0x38,
    0x33, 0x87, 0x38, 0x73, 0x87, 0x38, 0x73, 0x87, 0x38, 0x73, 0x87, 0x38,
    0x0f, 0x00, 0xf0, 0x0f, 0x00, 0xf0, 0x0f, 0x00, 0xf0, 0xff, 0xff, 0xff,
    0xff, 0xf0, 0x00, 0x00, 0x00, 0x00, 0xff, 0xff, 0xff, 0xff, 0xf0, 0x00,
    0x00, 0x00, 0x00, 0x00, 0x00, 0x00, 0x00, 0x00, 0x00, 0x00, 0x00, 0x00,
    0x73, 0x87, 0x38, 0x73, 0x87, 0x38, 0x73, 0x87, 0x38, 0x73, 0x87, 0x38,
    0x73, 0x8f, 0xff, 0xff, 0xff, 0xff, 0xff, 0xff, 0xff, 0xff, 0xf0, 0x00,
    0x00, 0x00, 0x00, 0x00, 0x00, 0x00, 0x00, 0x00, 0x00, 0x00, 0x00, 0x00,
    0x73, 0x87, 0x38, 0x73, 0x87, 0x38, 0x73, 0x87, 0x38, 0xf3, 0xff, 0xbf,
    0xf3, 0xf0, 0x00, 0x00, 0x00, 0x00, 0xff, 0xff, 0xff, 0xff, 0xf0, 0x00,
    0x00, 0x00, 0x00, 0x00, 0x00, 0x00, 0x00, 0x00, 0x00, 0x00, 0x00, 0x00,
    0x0e, 0x00, 0xe0, 0x0e, 0x00, 0xe0, 0x0e, 0x00, 0xf0, 0xff, 0xff, 0xff,
    0xff, 0xf0, 0xf0, 0x0e, 0x00, 0xf0, 0xff, 0xff, 0xff, 0xff, 0xf0, 0xf0,
    0x0e, 0x00, 0xe0, 0x0e, 0x00, 0xe0, 0x0e, 0x00, 0xe0, 0x0e, 0x00, 0xe0,
    0x73, 0x87, 0x38, 0x73, 0x87, 0x38, 0x73, 0x87, 0x38, 0x73, 0x87, 0x38,
    0x73, 0x8f, 0xff, 0xff, 0xff, 0xff, 0xff, 0xff, 0xff, 0xff, 0xf7, 0x38,
    0x73, 0x87, 0x38, 0x73, 0x87, 0x38, 0x73, 0x87, 0x38, 0x73, 0x87, 0x38,
    0x73, 0x87, 0x38, 0x73, 0x87, 0x38, 0x73, 0x87, 0x38, 0xf3, 0xff, 0x3f,
    0xf3, 0xf0, 0x00, 0x00, 0x01, 0x00, 0xf3, 0xff, 0x3f, 0xf3, 0xf7, 0x38,
    0x73, 0x87, 0x38, 0x73, 0x87, 0x38, 0x73, 0x87, 0x38, 0x73, 0x87, 0x38,
    0x00, 0x00, 0x00, 0x00, 0x00, 0x00, 0x00, 0x00, 0x00, 0x00, 0x00, 0x00,
    0x00, 0x00, 0x1f, 0x01, 0xf0, 0x1f, 0x03, 0xf0, 0x3f, 0x07, 0xf0, 0xf8,
    0x0f, 0x80, 0xf8, 0x0f, 0x00, 0xe0, 0x0e, 0x00, 0xe0, 0x0e, 0x00, 0xe0,
    0x00, 0x00, 0x00, 0x00, 0x00, 0x00, 0x00, 0x00, 0x00, 0x00, 0x00, 0x00,
    0x00, 0x0f, 0x00, 0xf0, 0x0f, 0x80, 0xfc, 0x0f, 0xc0, 0xfc, 0x01, 0xe0,
    0x1f, 0x01, 0xe0, 0x0f, 0x00, 0xf0, 0x0f, 0x00, 0xf0, 0x0f, 0x00, 0xf0,
    0x0f, 0x00, 0xf0, 0x0f, 0x00, 0xf0, 0x0f, 0x00, 0xf0, 0x1f, 0x01, 0xf0,
    0x1e, 0x0f, 0xe0, 0xfc, 0x0f, 0xc0, 0xf8, 0x0f, 0x00, 0xf0, 0x00, 0x00,
    0x00, 0x00, 0x00, 0x00, 0x00, 0x00, 0x00, 0x00, 0x00, 0x00, 0x00, 0x00,
    0x0e, 0x00, 0xe0, 0x0e, 0x00, 0xe0, 0x0e, 0x00, 0xe0, 0x0f, 0x80, 0xf8,
    0x0f, 0x80, 0x3f, 0x03, 0xf0, 0x3f, 0x01, 0xf0, 0x1f, 0x01, 0xf0, 0x00,
    0x00, 0x00, 0x00, 0x00, 0x00, 0x00, 0x00, 0x00, 0x00, 0x00, 0x00, 0x00,
    0x00, 0x70, 0x07, 0x00, 0xf0, 0x0e, 0x00, 0xc0, 0x1c, 0x03, 0x80, 0x38,
    0x03, 0x80, 0xf0, 0x0f, 0x00, 0xe0, 0x1e, 0x01, 0xc0, 0x3c, 0x03, 0x80,
    0x30, 0x07, 0x00, 0xe0, 0x0e, 0x00, 0xe0, 0x0c, 0x00, 0x80, 0x0c, 0x00,
    0xe0, 0x0e, 0x00, 0xe0, 0x07, 0x80, 0x38, 0x03, 0x80, 0x1c, 0x01, 0xc0,
    0x1c, 0x00, 0x70, 0x07, 0x00, 0x70, 0x03, 0x80, 0x38, 0x03, 0x80, 0x1e,
    0x00, 0xe0, 0x0e, 0x00, 0x70, 0x07, 0x00, 0x30, 0x01, 0x00, 0x10, 0x01,
    0xe0, 0x7e, 0x07, 0xe0, 0x77, 0x0e, 0x70, 0xc3, 0x9c, 0x1f, 0x81, 0xf8,
    0x1f, 0x80, 0xf0, 0x0f, 0x00, 0xf0, 0x1f, 0x81, 0xf8, 0x3f, 0xc3, 0x9c,
    0x30, 0xc7, 0x0e, 0xe0, 0x7e, 0x07, 0xe0, 0x7c, 0x03, 0x80, 0x1c, 0x03,
    0x00, 0x00, 0x00, 0x00, 0x00, 0x00, 0x00, 0x00, 0x00, 0x00, 0x00, 0x00,
    0x00, 0x0f, 0xc0, 0xfc, 0x0f, 0xc0, 0xfc, 0x0f, 0xc0, 0xfc, 0x00, 0x00,
    0x00, 0x00, 0x00, 0x00, 0x00, 0x00, 0x00, 0x00, 0x00, 0x00, 0x00, 0x00,
    0x0e, 0x00, 0xe0, 0x0e, 0x00, 0xe0, 0x0e, 0x00, 0xe0, 0x0e, 0x00, 0xe0,
    0x0e, 0x00, 0xe0, 0x0e, 0x00, 0x60, 0x00, 0x00, 0x00, 0x00, 0x00, 0x00,
    0x00, 0x00, 0x00, 0x00, 0x00, 0x00, 0x00, 0x00, 0x00, 0x00, 0x00, 0x00,
    0x00, 0x00, 0x00, 0x00, 0x00, 0x00, 0x00, 0x00, 0x00, 0x00, 0x00, 0x00,
    0x00, 0x00, 0x3f, 0x03, 0xf0, 0x3f, 0x03, 0xf0, 0x3f, 0x03, 0xf0, 0x00,
    0x00, 0x00, 0x00, 0x00, 0x00, 0x00, 0x00, 0x00, 0x00, 0x00, 0x00, 0x00,
    0x00, 0x00, 0x00, 0x00, 0x00, 0x00, 0x00, 0x00, 0x00, 0x00, 0x00, 0x00,
    0x00, 0x00, 0x00, 0x00, 0x00, 0x00, 0x06, 0x00, 0xe0, 0x0e, 0x00, 0xe0,
    0x0e, 0x00, 0xe0, 0x0e, 0x00, 0xe0, 0x0e, 0x00, 0xe0, 0x0e, 0x00, 0xe0,
    0x00, 0x00, 0x00, 0x00, 0x00, 0x00, 0x00, 0x00, 0x00, 0xfc, 0x0f, 0xc0,
    0xfc, 0x0f, 0xc0, 0xfc, 0x0f, 0xc0, 0xfc, 0x0f, 0xc0, 0xfc, 0x0f, 0xc0,
    0xfc, 0x0f, 0xc0, 0x00, 0x00, 0x00, 0x00, 0x00, 0x00, 0x00, 0x00, 0x00,
    0x1f, 0x81, 0xf8, 0x1f, 0x81, 0xf8, 0x1f, 0x81, 0xf8, 0x1f, 0x81, 0xf8,
    0x1f, 0x81, 0xf8, 0x1f, 0x81, 0xf8, 0x00, 0x00, 0x00, 0x00, 0x00, 0x00,
    0x00, 0x00, 0x00, 0x00, 0x00, 0x00, 0x00, 0x00, 0x00, 0x00, 0x00, 0x00,
    0x00, 0x00, 0x00, 0x00, 0x00, 0x00, 0x00, 0x00, 0x00, 0x03, 0xf0, 0x3f,
    0x03, 0xf0, 0x3f, 0x03, 0xf0, 0x3f, 0x03, 0xf0, 0x3f, 0x03, 0xf0, 0x3f,
    0x03, 0xf0, 0x3f, 0x00, 0x00, 0x00, 0x00, 0x00, 0x00, 0x00, 0x00, 0x00,
    0x00, 0x00, 0x00, 0x00, 0x00, 0x00, 0x00, 0x00, 0x00, 0x00, 0x00, 0x00,
    0x00, 0x00, 0x00, 0x00, 0x00, 0x00, 0x1f, 0x81, 0xf8, 0x1f, 0x81, 0xf8,
    0x1f, 0x81, 0xf8, 0x1f, 0x81, 0xf8, 0x1f, 0x81, 0xf8, 0x1f, 0x81, 0xf8,
    0x00, 0x00, 0x00, 0x00, 0x00, 0x00, 0x00, 0x00, 0x00, 0x03, 0xf0, 0x3f,
    0x03, 0xff, 0xff, 0xff, 0xff, 0xff, 0xff, 0xff, 0xff, 0xff, 0xf0, 0x3f,
    0x03, 0xf0, 0x3f, 0x00, 0x00, 0x00, 0x00, 0x00, 0x00, 0x00, 0x00, 0x00,
    0x0e, 0x00, 0xe0, 0x0e, 0x00, 0xe0, 0x0e, 0x00, 0xe0, 0x0e, 0x00, 0xe0,
    0x0e, 0x00, 0xe0, 0x0e, 0x00, 0xf0, 0x1f, 0x81, 0xf8, 0x1f, 0x81, 0xf8,
    0x1f, 0x81, 0xf8, 0x1f, 0x81, 0xf8, 0x1f, 0x81, 0xf8, 0x1f, 0x81, 0xf8,
    0x00, 0x00, 0x00, 0x00, 0x00, 0x00, 0x00, 0x00, 0x00, 0xfc, 0x0f, 0xc0,
    0xfc, 0x0f, 0xff, 0xff, 0xff, 0xff, 0xff, 0xff, 0xff, 0xff, 0xff, 0xc0,
    0xfc, 0x0f, 0xc0, 0x00, 0x00, 0x00, 0x00, 0x00, 0x00, 0x00, 0x00, 0x00,
    0x1f, 0x81, 0xf8, 0x1f, 0x81, 0xf8, 0x1f, 0x81, 0xf8, 0x1f, 0x81, 0xf8,
    0x1f, 0x81, 0xf8, 0x1f, 0x81, 0xf8, 0x0f, 0x00, 0xe0, 0x0e, 0x00, 0xe0,
    0x0e, 0x00, 0xe0, 0x0e, 0x00, 0xe0, 0x0e, 0x00, 0xe0, 0x0e, 0x00, 0xe0,
    0x00, 0x00, 0x00, 0x00, 0x00, 0x00, 0x00, 0x00, 0x00, 0x00, 0x00, 0x00,
    0x00, 0x00, 0x00, 0x00, 0x00, 0x00, 0x00, 0x00, 0x00, 0x00, 0x00, 0x00,
    0x00, 0x00, 0x00, 0x00, 0x00, 0x00, 0x00, 0x00, 0x00, 0x00, 0x00, 0x00,
    0x00, 0x00, 0x00, 0x00, 0x00, 0x00, 0x00, 0x00, 0x00, 0x00, 0x00, 0x00,
    0x00, 0x00, 0x00, 0x00, 0x00, 0x00, 0x00, 0x00, 0x00, 0x00, 0x00, 0x00,
    0x00, 0x00, 0x00, 0x00, 0x00, 0x00, 0x00, 0x00, 0x00, 0x00, 0x00, 0x00,
    0x1f, 0x81, 0xf8, 0x3f, 0xc6, 0x04, 0x60, 0x66, 0x06, 0xd2, 0x7d, 0xb7,
    0xdb, 0x7e, 0xff, 0xed, 0x9e, 0xd9, 0x2c, 0x00, 0xc0, 0x0c, 0x00, 0xc0,
    0x0c, 0x00, 0xc0, 0x0d, 0x80, 0xd8, 0x0f, 0x80, 0x70, 0x03, 0x00, 0x30,
    0x00, 0x00, 0x00, 0x00, 0x00, 0x00, 0x00, 0x00, 0x00, 0x00, 0x00, 0x00,
    0x00, 0x00, 0x00, 0x00, 0x00, 0x00, 0x00, 0x00, 0x00, 0x00, 0x00, 0x00,
    0x00, 0x00, 0x00, 0x00, 0x00, 0x00, 0x00, 0x00, 0x00, 0x00, 0x00, 0x00,
    0x00, 0x00, 0x00, 0x00, 0x00, 0x00, 0x00, 0x00, 0x00, 0x00, 0x00, 0x00,
    0x00, 0x00, 0x00, 0x00, 0x00, 0x00, 0x00, 0x00, 0x00, 0x00, 0x00, 0x00,
    0x00, 0x00, 0x00, 0x00, 0x00, 0x00, 0x00, 0x00, 0x00, 0x00, 0x00, 0x00,
    0x00, 0x00, 0x00, 0x00, 0x00, 0xc0, 0x0c, 0x00, 0xe0, 0x1e, 0x01, 0xf0,
    0x1f, 0x0f, 0xfe, 0xff, 0xef, 0xfc, 0x1f, 0x01, 0xf0, 0x3f, 0x07, 0xb8,
    0x73, 0x87, 0x38, 0xc0, 0x6c, 0x06, 0x80, 0x60, 0x00, 0x00, 0x00, 0x00,
    0x00, 0x00, 0x00, 0x00, 0x00, 0xc0, 0x0c, 0x00, 0xc0, 0x1e, 0x01, 0xf0,
    0x1f, 0x0f, 0x1e, 0xe1, 0xee, 0x1e, 0x1f, 0x01, 0xf0, 0x3f, 0x07, 0x38,
    0x73, 0x87, 0x38, 0xc0, 0x6c, 0x06, 0x80, 0x60, 0x00, 0x00, 0x00, 0x00,
    0x00, 0x00, 0x00, 0x00, 0x00, 0x00, 0x00, 0x00, 0x00, 0x00, 0x00, 0x00,
    0x00, 0x00, 0x00, 0x00, 0x00, 0x00, 0x00, 0x00, 0x00, 0x00, 0x00, 0x00,
    0x00, 0x00, 0x00, 0x00, 0x00, 0x00, 0x00, 0x00, 0x00, 0x00, 0x00, 0x00,
    0x00, 0x00, 0x00, 0x00, 0x00, 0x00, 0x00, 0x00, 0x00, 0x00, 0x00, 0x00,
    0x00, 0x00, 0x00, 0x00, 0x00, 0x00, 0x00, 0x00, 0x00, 0x00, 0x00, 0x00,
    0x00, 0x00, 0x00, 0x00, 0x00, 0x00, 0x00, 0x00, 0x00, 0x00, 0x00, 0x00,
    0x00, 0x00, 0x00, 0x00, 0x01, 0xf8, 0x1f, 0x83, 0xfc, 0x60, 0x46, 0x06,
    0x60, 0x66, 0x66, 0x6e, 0x66, 0xe6, 0x6e, 0x66, 0xe6, 0x6e, 0x66, 0x06,
    0x60, 0x66, 0x06, 0x3f, 0xc1, 0xf8, 0x1f, 0x80, 0x00, 0x00, 0x00, 0x00,
    0x00, 0x00, 0x00, 0x00, 0x00, 0x00, 0x00, 0x00, 0x00, 0x00, 0x00, 0x00,
    0x00, 0x00, 0x00, 0x00, 0x00, 0x00, 0x00, 0x00, 0x00, 0x00, 0x00, 0x00,
    0x00, 0x00, 0x00, 0x00, 0x00, 0x00, 0x00, 0x00, 0x00, 0x00, 0x00, 0x00,
    0x00, 0x00, 0x00, 0x00, 0x00, 0x00, 0x00, 0x00, 0x00, 0x00, 0x00, 0x00,
    0x00, 0x00, 0x00, 0x00, 0x00, 0x00, 0x00, 0x00, 0x00, 0x00, 0x00, 0x00,
    0x00, 0x00, 0x00, 0x00, 0x00, 0x00, 0x00, 0x00, 0x00, 0x00, 0x00, 0x00,
    0x00, 0x00, 0x00, 0x00, 0x00, 0x00, 0x00, 0x00, 0x00, 0x00, 0x00, 0x00,
    0x00, 0x00, 0x00, 0x00, 0x00, 0x00, 0x00, 0x00, 0x00, 0x00, 0x00, 0x00,
    0x00, 0x00, 0x00, 0x00, 0x00, 0x00, 0x00, 0x00, 0x00, 0x00, 0x00, 0x00,
    0x00, 0x00, 0x00, 0x00, 0x00, 0x00, 0x00, 0x00, 0x00, 0x00, 0x00, 0x00,
    0x00, 0x00, 0x00, 0x00, 0x00, 0x00, 0x00, 0x00, 0x00, 0x00, 0x00, 0x00,
    0x00, 0x00, 0x00, 0x00, 0x00, 0x00, 0x00, 0x00, 0x00, 0x00, 0x00, 0x00,
    0x7f, 0xe7, 0xfe, 0x7f, 0xee, 0x07, 0xe0, 0x7e, 0x07, 0xe6, 0x7e, 0xe7,
    0xef, 0x73, 0xfc, 0x1f, 0x83, 0xfc, 0x79, 0xe7, 0x9e, 0x79, 0xe7, 0x9e,
    0x79, 0xe7, 0x9e, 0x7f, 0xe7, 0xfe, 0x7f, 0xe0, 0x00, 0x00, 0x00, 0x00,
    0x00, 0x00, 0x00, 0x00, 0x00, 0x00, 0x00, 0x00, 0x00, 0x00, 0x00, 0x00,
    0x00, 0x00, 0x00, 0x00, 0x00, 0x00, 0x00, 0x00, 0x00, 0x00, 0x00, 0x00,
    0x00, 0x00, 0x00, 0x00, 0x00, 0x00, 0x00, 0x00, 0x00, 0x00, 0x00, 0x00,
    0xff, 0xcf, 0xfc, 0xff, 0xcc, 0x04, 0x80, 0x48, 0x04, 0xc0, 0x48, 0x04,
    0x80, 0x48, 0x04, 0x80, 0x48, 0x04, 0x80, 0x48, 0x04, 0x80, 0x4c, 0x04,
    0x80, 0x4c, 0x04, 0xff, 0xcf, 0xfc, 0xff, 0xc0, 0x00, 0x00, 0x00, 0x00,
    0xff, 0xef, 0xfe, 0xff, 0xec, 0x1e, 0x81, 0xc8, 0x1c, 0xc3, 0x48, 0x24,
    0x83, 0x49, 0xb4, 0x9b, 0x49, 0xf4, 0x8e, 0x48, 0xc4, 0x8c, 0x4c, 0x04,
    0x80, 0x4c, 0x04, 0xff, 0xef, 0xfe, 0xff, 0xc0, 0x00, 0x00, 0x00, 0x00,
    0xff, 0xcf, 0xfc, 0xff, 0xcc, 0x04, 0x80, 0x48, 0x04, 0x9a, 0x49, 0xb4,
    0x9b, 0x48, 0xe4, 0x8c, 0x48, 0xc4, 0x9a, 0x49, 0xb4, 0x9b, 0x4c, 0x04,
    0x80, 0x4c, 0x04, 0xff, 0xef, 0xfe, 0xff, 0xc0, 0x00, 0x00, 0x00, 0x00,
    0x00, 0x00, 0x00, 0x00, 0x00, 0x00, 0x00, 0x00, 0x00, 0x00, 0x00, 0x00,
    0x00, 0x00, 0x00, 0x00, 0x00, 0x00, 0x00, 0x00, 0x00, 0x00, 0x00, 0x00,
    0x00, 0x00, 0x00, 0x00, 0x00, 0x00, 0x00, 0x00, 0x00, 0x00, 0x00, 0x00,
    0x00, 0x00, 0x00, 0x00, 0x00, 0x00, 0x00, 0x00, 0x00, 0x00, 0x00, 0x00,
    0x00, 0x00, 0x00, 0x00, 0x00, 0x00, 0x00, 0x00, 0x00, 0x00, 0x00, 0x00,
    0x00, 0x00, 0x00, 0x00, 0x00, 0x00, 0x00, 0x00, 0x00, 0x00, 0x00, 0x00,
    0x00, 0x00, 0x00, 0x00, 0x0d, 0xf8, 0xdf, 0x8d, 0xf8, 0xdf, 0xfd, 0xff,
    0xdf, 0xfd, 0xff, 0xdf, 0xbd, 0xf9, 0xdf, 0x9d, 0xfb, 0xdf, 0xbd, 0xff,
    0xdf, 0xfd, 0xff, 0xdf, 0x8d, 0xf8, 0xdf, 0x87, 0xf0, 0x7f, 0x07, 0xf0,
    0x00, 0x00, 0x00, 0x00, 0x00, 0x00, 0x00, 0x00, 0x00, 0x00, 0x00, 0x00,
    0x00, 0x00, 0x00, 0x00, 0x00, 0x00, 0x00, 0x00, 0x00, 0x00, 0x00, 0x00,
    0x00, 0x00, 0x00, 0x00, 0x00, 0x00, 0x00, 0x00, 0x00, 0x00, 0x00, 0x00,
    0x00, 0x00, 0x00, 0x00, 0x00, 0x00, 0x00, 0x00, 0x00, 0x00, 0x00, 0x00,
    0x00, 0x00, 0x00, 0x00, 0x00, 0x00, 0x00, 0x00, 0x00, 0x00, 0x00, 0x00,
    0x00, 0x00, 0x00, 0x00, 0x00, 0x00, 0x00, 0x00, 0x00, 0x00, 0x00, 0x00,
    0x00, 0x00, 0x00, 0x00, 0x00, 0x00, 0x00, 0x00, 0x00, 0x00, 0x00, 0x00,
    0x00, 0x00, 0x00, 0x00, 0x00, 0x00, 0x00, 0x00, 0x00, 0x00, 0x00, 0x00,
    0x00, 0x00, 0x00, 0x00, 0x00, 0x00, 0x00, 0x00, 0x00, 0x00, 0x00, 0x00,
    0x00, 0x00, 0x00, 0x00, 0x00, 0x00, 0x00, 0x00, 0x00, 0x00, 0x00, 0x00,
    0x00, 0x00, 0x00, 0x00, 0x00, 0x00, 0x00, 0x00, 0x00, 0x00, 0x00, 0x00,
    0x00, 0x00, 0x00, 0x00, 0x00, 0x00, 0x00, 0x00, 0x00, 0x00, 0x00, 0x00,
    0x00, 0x00, 0x00, 0x00, 0x00, 0x00, 0x00, 0x00, 0x00, 0x00, 0x00, 0x00,
    0x00, 0x00, 0x00, 0x00, 0x00, 0x00, 0x00, 0x00, 0x00, 0x00, 0x00, 0x00,
    0x00, 0x00, 0x00, 0x00, 0x00, 0x00, 0x00, 0x00, 0x00, 0x00, 0x00, 0x00,
    0x00, 0x00, 0x00, 0x00, 0x00, 0x00, 0x00, 0x00, 0x00, 0x00, 0x00, 0x00,
    0x00, 0x00, 0x00, 0x00, 0x00, 0x00, 0x00, 0x00, 0x00, 0x00, 0x00, 0x00,
    0x00, 0x00, 0x00, 0x00, 0x00, 0x00, 0x00, 0x00, 0x00, 0x00, 0x00, 0x00,
    0x00, 0x00, 0x00, 0x00, 0x00, 0x00, 0x00, 0x00, 0x00, 0x00, 0x00, 0x00,
    0x00, 0x00, 0x00, 0x00, 0x00, 0x00, 0x00, 0x00, 0x00, 0x00, 0x00, 0x00,
    0x00, 0x00, 0x00, 0x00, 0x00, 0x00, 0x00, 0x00, 0x00, 0x00, 0x00, 0x00,
    0x00, 0x00, 0x00, 0x00, 0x00, 0x00, 0x00, 0x00, 0x00, 0x00, 0x00, 0x00,
    0x00, 0x00, 0x00, 0x00, 0x00, 0x00, 0x00, 0x00, 0x00, 0x00, 0x00, 0x00,
    0x00, 0x00, 0x00, 0x00, 0x00, 0x00, 0x00, 0x00, 0x00, 0x00, 0x00, 0x00,
    0x00, 0x00, 0x00, 0x00, 0x00, 0x00, 0x00, 0x00, 0x00, 0x00, 0x00, 0x00,
    0x00, 0x00, 0x00, 0x00, 0x00, 0x00, 0x00, 0x00, 0x00, 0x00, 0x00, 0x00,
    0x00, 0x00, 0x00, 0x00, 0x00, 0x00, 0x00, 0x00, 0x00, 0x00, 0x00, 0x00,
    0x00, 0x00, 0x00, 0x00, 0x00, 0x00, 0x00, 0x00, 0x00, 0x00, 0x00, 0x00,
    0x00, 0x00, 0x00, 0x00, 0x00, 0x00, 0x00, 0x00, 0x00, 0x00, 0x00, 0x00,
    0x00, 0x00, 0x00, 0x00, 0x00, 0x00, 0x00, 0x00, 0x00, 0x00, 0x00, 0x00,
    0x00, 0x00, 0x00, 0x00, 0x00, 0x00, 0x00, 0x00, 0x00, 0x00, 0x00, 0x00,
    0x00, 0x00, 0x00, 0x00, 0x00, 0x00, 0x00, 0x00, 0x00, 0x00, 0x00, 0x00,
    0x00, 0x00, 0x00, 0x00, 0x00, 0x00, 0x00, 0x00, 0x00, 0x00, 0x00, 0x00,
    0x00, 0x00, 0x00, 0x00, 0x00, 0x00, 0x00, 0x00, 0x00, 0x00, 0x00, 0x00,
    0x00, 0x00, 0x00, 0x00, 0x00, 0x00, 0x00, 0x00, 0x00, 0x00, 0x00, 0x00,
    0x00, 0x00, 0x00, 0x00, 0x00, 0x00, 0x00, 0x00, 0x00, 0x00, 0x00, 0x00,
    0x00, 0x00, 0x00, 0x00, 0x00, 0x00, 0x00, 0x00, 0x00, 0x00, 0x00, 0x00,
    0x00, 0x00, 0x00, 0x00, 0x00, 0x00, 0x00, 0x00, 0x00, 0x00, 0x00, 0x00,
    0x00, 0x00, 0x00, 0x00, 0x00, 0x00, 0x00, 0x00, 0x00, 0x00, 0x00, 0x00,
    0x00, 0x00, 0x00, 0x00, 0x00, 0x00, 0x00, 0x00, 0x00, 0x00, 0x00, 0x00,
    0x00, 0x00, 0x00, 0x00, 0x00, 0x00, 0x00, 0x00, 0x00, 0x00, 0x00, 0x00,
    0x00, 0x00, 0x00, 0x00, 0x00, 0x00, 0x00, 0x00, 0x00, 0x00, 0x00, 0x00,
    0x00, 0x00, 0x00, 0x00, 0x00, 0x00, 0x00, 0x00, 0x00, 0x00, 0x00, 0x00,
    0x00, 0x00, 0x00, 0x00, 0x00, 0x00, 0x00, 0x00, 0x00, 0x00, 0x00, 0x00,
    0x00, 0x00, 0x00, 0x00, 0x00, 0x00, 0x00, 0x00, 0x00, 0x00, 0x00, 0x00,
    0x3f, 0x83, 0xf8, 0x7f, 0xce, 0x1e, 0xe0, 0xee, 0x1e, 0x7b, 0x83, 0xb8,
    0x3b, 0x81, 0xf0, 0x1f, 0x01, 0xf4, 0xff, 0xef, 0xfe, 0xff, 0xe1, 0xf0,
    0x1f, 0x01, 0xf0, 0x1f, 0x01, 0xf0, 0x1f, 0x00, 0x00, 0x00, 0x00, 0x00,
    0x00, 0x00, 0x00, 0x00, 0x00, 0x00, 0x00, 0x00, 0x00, 0x00, 0x00, 0x00,
    0x00, 0x00, 0x00, 0x00, 0x00, 0x00, 0x00, 0x00, 0x00, 0x00, 0x00, 0x00,
    0x00, 0x00, 0x00, 0x00, 0x00, 0x00, 0x00, 0x00, 0x00, 0x00, 0x00, 0x00,
    0x00, 0x00, 0x00, 0x00, 0x00, 0x00, 0x00, 0x00, 0x00, 0x00, 0x00, 0x00,
    0x00, 0x00, 0x00, 0x00, 0x00, 0x00, 0x00, 0x00, 0x00, 0x00, 0x00, 0x00,
    0x00, 0x00, 0x00, 0x00, 0x00, 0x00, 0x00, 0x00, 0x00, 0x00, 0x00, 0x00,
    0x0e, 0x00, 0xe0, 0x0f, 0x01, 0xf8, 0x1f, 0x81, 0xf8, 0x0f, 0x00, 0xe0,
    0x0f, 0x07, 0xfe, 0x7f, 0xe3, 0xfc, 0x0f, 0x00, 0xe0, 0x0e, 0x00, 0xe0,
    0x0e, 0x00, 0xe0, 0x0e, 0x00, 0xe0, 0x0e, 0x00, 0x00, 0x00, 0x00, 0x00,
    0x00, 0x00, 0x00, 0x00, 0x00, 0x00, 0x00, 0x00, 0x00, 0x00, 0x00, 0x00,
    0x00, 0x00, 0x00, 0x00, 0x00, 0x00, 0x00, 0x00, 0x00, 0x00, 0x00, 0x00,
    0x00, 0x00, 0x00, 0x00, 0x00, 0x00, 0x00, 0x00, 0x00, 0x00, 0x00, 0x00,
    0x00, 0x00, 0x00, 0x00, 0x00, 0x00, 0x00, 0x00, 0x00, 0x00, 0x00, 0x00,
    0x00, 0x00, 0x00, 0x00, 0x00, 0x00, 0x00, 0x00, 0x00, 0x00, 0x00, 0x00,
    0x00, 0x00, 0x00, 0x00, 0x00, 0x00, 0x00, 0x00, 0x00, 0x00, 0x00, 0x00,
    0x00, 0x00, 0x00, 0x00, 0x00, 0x00, 0x00, 0x00, 0x00, 0x00, 0x00, 0x00,
    0x00, 0x00, 0x00, 0x00, 0x00, 0x00, 0x00, 0x00, 0x00, 0x00, 0x00, 0x00,
    0x00, 0x00, 0x00, 0x00, 0x00, 0x00, 0x00, 0x00, 0x00, 0x00, 0x00, 0x00,
    0x00, 0x00, 0x00, 0x00, 0x00, 0x00, 0x00, 0x00, 0x00, 0x00, 0x00, 0x00,
    0x00, 0x00, 0x00, 0x00, 0x00, 0x00, 0x00, 0x00, 0x00, 0x00, 0x00, 0x00,
    0x00, 0x00, 0x00, 0x00, 0x00, 0x00, 0x00, 0x00, 0x00, 0x00, 0x00, 0x00,
    0x00, 0x00, 0x00, 0x00, 0x00, 0x00, 0x00, 0x00, 0x00, 0x00, 0x00, 0x00,
    0x00, 0x00, 0x00, 0x00, 0x00, 0x00, 0x00, 0x00, 0x00, 0x00, 0x00, 0x00,
    0x00, 0x00, 0x00, 0x00, 0x00, 0x00, 0x00, 0x00, 0x00, 0x00, 0x00, 0x00,
    0x00, 0x00, 0x00, 0x00, 0x00, 0x00, 0x00, 0x00, 0x00, 0x00, 0x00, 0x00,
    0x00, 0x00, 0x00, 0x00, 0x00, 0x00, 0x00, 0x00, 0x00, 0x00, 0x00, 0x00,
    0x00, 0x00, 0x00, 0x00, 0x00, 0x00, 0x00, 0x00, 0x00, 0x00, 0x00, 0x00,
    0x00, 0x00, 0x00, 0x00, 0x07, 0xfe, 0x7f, 0xe7, 0xfe, 0xc0, 0x3c, 0x03,
    0xc0, 0x3d, 0xc3, 0xdc, 0x3d, 0xc3, 0xfc, 0x7f, 0xc7, 0xfe, 0xff, 0xff,
    0xff, 0xff, 0xff, 0x7f, 0xe7, 0xfe, 0x7f, 0xe0, 0x00, 0x00, 0x00, 0x00,
    0x00, 0x00, 0x00, 0x00, 0x00, 0x00, 0x00, 0x00, 0x00, 0xff, 0xcf, 0xfe,
    0xff, 0xc0, 0x00, 0x00, 0x00, 0x00, 0xff, 0xcf, 0xfe, 0xff, 0xe0, 0x00,
    0x00, 0x00, 0x00, 0xff, 0xef, 0xfe, 0xff, 0xc0, 0x00, 0x00, 0x00, 0x00,
    0x00, 0x00, 0x00, 0x00, 0x00, 0x00, 0x00, 0x00, 0x00, 0xe0, 0xce, 0x0e,
    0xe0, 0xc0, 0x00, 0x00, 0x00, 0x00, 0xff, 0xcf, 0xfe, 0xff, 0xe0, 0x00,
    0x00, 0x00, 0x00, 0xff, 0xef, 0xfe, 0xff, 0xc0, 0x00, 0x00, 0x00, 0x00,
    0x00, 0x00, 0x00, 0x00, 0x00, 0x00, 0x00, 0x00, 0x00, 0xff, 0xcf, 0xfe,
    0xff, 0xc0, 0x00, 0x00, 0x00, 0x00, 0xe0, 0xce, 0x1e, 0xe0, 0xe0, 0x00,
    0x00, 0x00, 0x00, 0xff, 0xef, 0xfe, 0xff, 0xc0, 0x00, 0x00, 0x00, 0x00,
    0x00, 0x00, 0x00, 0x00, 0x00, 0x00, 0x00, 0x00, 0x00, 0xe0, 0xce, 0x0e,
    0xe0, 0xc0, 0x00, 0x00, 0x00, 0x00, 0xe0, 0xce, 0x0e, 0xe0, 0xe0, 0x00,
    0x00, 0x00, 0x00, 0xff, 0xef, 0xfe, 0xff, 0xc0, 0x00, 0x00, 0x00, 0x00,
    0x00, 0x00, 0x00, 0x00, 0x00, 0x00, 0x00, 0x00, 0x00, 0xff, 0xcf, 0xfe,
    0xff, 0xc0, 0x00, 0x00, 0x00, 0x00, 0xff, 0xcf, 0xfe, 0xff, 0xe0, 0x00,
    0x00, 0x00, 0x00, 0xe1, 0xee, 0x1e, 0xe0, 0xc0, 0x00, 0x00, 0x00, 0x00,
    0x00, 0x00, 0x00, 0x00, 0x00, 0x00, 0x00, 0x00, 0x00, 0xe0, 0xce, 0x0e,
    0xe0, 0xc0, 0x00, 0x00, 0x00, 0x00, 0xff, 0xcf, 0xfe, 0xff, 0xe0, 0x00,
    0x00, 0x00, 0x00, 0xe0, 0xee, 0x0e, 0xe0, 0xc0, 0x00, 0x00, 0x00, 0x00,
    0x00, 0x00, 0x00, 0x00, 0x00, 0x00, 0x00, 0x00, 0x00, 0xff, 0xcf, 0xfe,
    0xff, 0xc0, 0x00, 0x00, 0x00, 0x00, 0xe0, 0xce, 0x1e, 0xe0, 0xe0, 0x00,
    0x00, 0x00, 0x00, 0xe1, 0xee, 0x1e, 0xe0, 0xc0, 0x00, 0x00, 0x00, 0x00,
    0x00, 0x00, 0x00, 0x00, 0x00, 0x00, 0x00, 0x00, 0x00, 0xe0, 0xce, 0x0e,
    0xe0, 0xc0, 0x00, 0x00, 0x00, 0x00, 0xe0, 0xce, 0x0e, 0xe0, 0xe0, 0x00,
    0x00, 0x00, 0x00, 0xe0, 0xee, 0x0e, 0xe0, 0xc0, 0x00, 0x00, 0x00, 0x00,
    0x00, 0x00, 0x00, 0x00, 0x00, 0x00, 0x00, 0x00, 0x00, 0x00, 0x00, 0x00,
    0x00, 0x00, 0x00, 0x00, 0x00, 0x00, 0x00, 0x00, 0x00, 0x00, 0x00, 0x00,
    0x00, 0x00, 0x00, 0x00, 0x00, 0x00, 0x00, 0x00, 0x00, 0x00, 0x00, 0x00,
    0x7f, 0xe7, 0xfe, 0x7f, 0xec, 0x03, 0xc0, 0x1c, 0x01, 0xd0, 0x9d, 0x99,
    0xd0, 0x9c, 0x01, 0xc0, 0x1c, 0x01, 0xc6, 0x1c, 0xf1, 0xcf, 0x3d, 0x9b,
    0xd9, 0xbd, 0x1b, 0xc0, 0x3c, 0x03, 0xc0, 0x37, 0xfe, 0x7f, 0xe7, 0xfe,
    0x7f, 0xe7, 0xfe, 0x7f, 0xec, 0x03, 0xc0, 0x1c, 0x01, 0xd0, 0x9d, 0x99,
    0xd0, 0x9c, 0x01, 0xc0, 0x1c, 0x01, 0xdf, 0x9d, 0xf9, 0xdf, 0x9c, 0xf3,
    0xcf, 0x3c, 0x63, 0xc0, 0x3c, 0x03, 0xc0, 0x37, 0xfe, 0x7f, 0xe7, 0xfe,
    0x7f, 0xe3, 0xfc, 0x7f, 0xef, 0xff, 0xff, 0xff, 0xff, 0xef, 0x7e, 0x67,
    0xef, 0x7f, 0xff, 0xff, 0xff, 0xff, 0xe0, 0x7e, 0x07, 0xe0, 0x7f, 0x0f,
    0xf0, 0xff, 0x9f, 0xff, 0xff, 0xff, 0xff, 0xf7, 0xfe, 0x3f, 0xc7, 0xfe,
    0x00, 0x00, 0x00, 0x00, 0x00, 0x00, 0x00, 0x00, 0x00, 0x00, 0x00, 0x00,
    0x00, 0x00, 0x00, 0x00, 0x00, 0x00, 0x00, 0x00, 0x00, 0x00, 0x00, 0x00,
    0x00, 0x00, 0x00, 0x00, 0x00, 0x00, 0x00, 0x00, 0x00, 0x00, 0x00, 0x00,
    0x00, 0x00, 0x00, 0x00, 0x00, 0x00, 0x00, 0x00, 0x00, 0x00, 0x00, 0x00,
    0x00, 0x00, 0x00, 0x00, 0x00, 0x00, 0x00, 0x00, 0x00, 0x00, 0x00, 0x00,
    0x00, 0x00, 0x00, 0x00, 0x00, 0x00, 0x00, 0x00, 0x00, 0x00, 0x00, 0x00,
    0x00, 0x00, 0x00, 0x00, 0x00, 0x00, 0x00, 0x00, 0x00, 0x00, 0x00, 0x00,
    0x00, 0x00, 0x00, 0x00, 0x00, 0x00, 0x00, 0x00, 0x00, 0x00, 0x00, 0x00,
    0x00, 0x00, 0x00, 0x00, 0x00, 0x00, 0x00, 0x00, 0x00, 0x00, 0x00, 0x00,
    0x00, 0x00, 0x00, 0x00, 0x00, 0x00, 0x00, 0x00, 0x00, 0x00, 0x00, 0x00,
    0x00, 0x00, 0x00, 0x00, 0x00, 0x00, 0x00, 0x00, 0x00, 0x00, 0x00, 0x00,
    0x00, 0x00, 0x00, 0x00, 0x00, 0x00, 0x00, 0x00, 0x00, 0x00, 0x00, 0x00,
    0x1f, 0x81, 0xf8, 0x3f, 0xc3, 0x9c, 0x70, 0xe7, 0x0e, 0x70, 0xe7, 0x0e,
    0x70, 0xe7, 0x0e, 0x70, 0xe3, 0x9c, 0x1f, 0xc1, 0xf8, 0x1f, 0x80, 0xf0,
    0x06, 0x00, 0xf0, 0x7f, 0xe7, 0xfe, 0x3f, 0xc0, 0xf0, 0x06, 0x00, 0xf0,
    0x00, 0x00, 0x00, 0x00, 0x00, 0x00, 0x00, 0x00, 0x00, 0x00, 0x00, 0x00,
    0x00, 0x00, 0x00, 0x00, 0x00, 0x00, 0x00, 0x00, 0x00, 0x00, 0x00, 0x00,
    0x00, 0x00, 0x00, 0x00, 0x00, 0x00, 0x00, 0x00, 0x00, 0x00, 0x00, 0x00,
    0x03, 0xf0, 0x3f, 0x03, 0xf0, 0x1f, 0x00, 0xf0, 0x1f, 0x03, 0xf0, 0x3f,
    0x03, 0xf3, 0xff, 0x3f, 0x97, 0xf9, 0xf3, 0x8e, 0x38, 0xe3, 0x8e, 0x38,
    0xe3, 0x8e, 0x38, 0xe3, 0x8e, 0x38, 0xf3, 0x87, 0xf0, 0x3f, 0x03, 0xf0,
    0x00, 0x00, 0x00, 0x00, 0x00, 0x00, 0x00, 0x00, 0x00, 0x00, 0x00, 0x00,
    0x00, 0x00, 0x00, 0x00, 0x00, 0x00, 0x00, 0x00, 0x00, 0x00, 0x00, 0x00,
    0x00, 0x00, 0x00, 0x00, 0x00, 0x00, 0x00, 0x00, 0x00, 0x00, 0x00, 0x00,
    0x00, 0x00, 0x00, 0x00, 0x00, 0x00, 0x00, 0x00, 0x00, 0x00, 0x00, 0x00,
    0x00, 0x00, 0x00, 0x00, 0x00, 0x00, 0x00, 0x00, 0x00, 0x00, 0x00, 0x00,
    0x00, 0x00, 0x00, 0x00, 0x00, 0x00, 0x00, 0x00, 0x00, 0x00, 0x00, 0x00,
    0x00, 0x00, 0x00, 0x00, 0x00, 0x00, 0x00, 0x00, 0x00, 0x00, 0x00, 0x00,
    0x00, 0x00, 0x00, 0x00, 0x00, 0x00, 0x00, 0x00, 0x00, 0x00, 0x00, 0x00,
    0x00, 0x00, 0x00, 0x00, 0x00, 0x00, 0x00, 0x00, 0x00, 0x00, 0x00, 0x00,
    0x00, 0x00, 0x00, 0x00, 0x00, 0x00, 0x00, 0x00, 0x00, 0x00, 0x00, 0x00,
    0x00, 0x00, 0x00, 0x00, 0x00, 0x00, 0x00, 0x00, 0x00, 0x00, 0x00, 0x00,
    0x00, 0x00, 0x00, 0x00, 0x00, 0x00, 0x00, 0x00, 0x00, 0x00, 0x00, 0x00,
    0x00, 0x00, 0x00, 0x00, 0x00, 0x00, 0x00, 0x00, 0x00, 0x00, 0x00, 0x00,
    0x00, 0x00, 0x00, 0x00, 0x00, 0x00, 0x00, 0x00, 0x00, 0x00, 0x00, 0x00,
    0x00, 0x00, 0x00, 0x00, 0x00, 0x00, 0x00, 0x00, 0x00, 0x00, 0x00, 0x00,
    0x00, 0x00, 0x00, 0x00, 0x00, 0x00, 0x00, 0x00, 0x00, 0x00, 0x00, 0x00,
    0x00, 0x00, 0x00, 0x00, 0x00, 0x00, 0x00, 0x00, 0x00, 0x00, 0x00, 0x00,
    0x00, 0x00, 0x00, 0x00, 0x00, 0x00, 0x00, 0x00, 0x00, 0x00, 0x00, 0x00,
    0x00, 0x00, 0x00, 0x00, 0x00, 0x00, 0x00, 0x00, 0x00, 0x00, 0x00, 0x00,
    0x00, 0x00, 0x00, 0x00, 0x00, 0x00, 0x00, 0x00, 0x00, 0x00, 0x00, 0x00,
    0x00, 0x00, 0x00, 0x00, 0x00, 0x00, 0x00, 0x00, 0x00, 0x00, 0x00, 0x00,
    0x00, 0x00, 0x00, 0x00, 0x00, 0x00, 0x00, 0x00, 0x00, 0x00, 0x00, 0x00,
    0x00, 0x00, 0x00, 0x00, 0x00, 0x00, 0x00, 0x00, 0x00, 0x00, 0x00, 0x00,
    0x00, 0x00, 0x00, 0x00, 0x00, 0x00, 0x00, 0x00, 0x00, 0x00, 0x00, 0x00,
    0x00, 0x00, 0x00, 0x00, 0x00, 0x00, 0x00, 0x00, 0x00, 0x00, 0x00, 0x00,
    0x00, 0x00, 0x00, 0x00, 0x00, 0x00, 0x00, 0x00, 0x00, 0x00, 0x00, 0x00,
    0x00, 0x00, 0x00, 0x00, 0x00, 0x00, 0x00, 0x00, 0x00, 0x00, 0x00, 0x00,
    0x00, 0x00, 0x00, 0x00, 0x00, 0x00, 0x00, 0x00, 0x00, 0x00, 0x00, 0x00,
    0x00, 0x00, 0x00, 0x00, 0x00, 0x00, 0x00, 0x00, 0x00, 0x00, 0x00, 0x00,
    0x00, 0x00, 0x00, 0x00, 0x00, 0x00, 0x00, 0x00, 0x00, 0x00, 0x00, 0x00,
    0x00, 0x00, 0x00, 0x00, 0x00, 0x00, 0x00, 0x00, 0x00, 0x00, 0x00, 0x00,
    0x00, 0x00, 0x00, 0x00, 0x00, 0x00, 0x00, 0x00, 0x00, 0x00, 0x00, 0x00,
    0x00, 0x00, 0x00, 0x00, 0x00, 0x00, 0x00, 0x00, 0x00, 0x00, 0x00, 0x00,
    0x00, 0x00, 0x00, 0x00, 0x00, 0x00, 0x00, 0x00, 0x00, 0x00, 0x00, 0x00,
    0x00, 0x00, 0x00, 0x00, 0x00, 0x00, 0x00, 0x00, 0x00, 0x00, 0x00, 0x00,
    0x00, 0x00, 0x00, 0x00, 0x00, 0x00, 0x00, 0x00, 0x00, 0x00, 0x00, 0x00,
    0x00, 0x00, 0x00, 0x00, 0x00, 0x00, 0x00, 0x00, 0x00, 0x00, 0x00, 0x00,
    0x00, 0x00, 0x00, 0x00, 0x00, 0x00, 0x00, 0x00, 0x00, 0x00, 0x00, 0x00,
    0x00, 0x00, 0x00, 0x00, 0x00, 0x00, 0x00, 0x00, 0x00, 0x00, 0x00, 0x00,
    0x00, 0x00, 0x00, 0x00, 0x00, 0x00, 0x00, 0x00, 0x00, 0x00, 0x00, 0x00,
    0x00, 0x00, 0x00, 0x00, 0x00, 0x00, 0x00, 0x00, 0x00, 0x00, 0x00, 0x00,
    0x00, 0x00, 0x00, 0x00, 0x00, 0x00, 0x00, 0x00, 0x00, 0x00, 0x00, 0x00,
    0x00, 0x00, 0x00, 0x00, 0x00, 0x00, 0x00, 0x00, 0x00, 0x00, 0x00, 0x00,
    0x00, 0x00, 0x00, 0x00, 0x00, 0x00, 0x00, 0x00, 0x00, 0x00, 0x00, 0x00,
    0x00, 0x00, 0x00, 0x00, 0x00, 0x00, 0x00, 0x00, 0x00, 0x00, 0x00, 0x00,
    0x00, 0x00, 0x00, 0x00, 0x00, 0x00, 0x00, 0x00, 0x00, 0x00, 0x00, 0x00,
    0x00, 0x00, 0x00, 0x00, 0x00, 0x00, 0x00, 0x00, 0x00, 0x00, 0x00, 0x00,
    0x00, 0x00, 0x00, 0x00, 0x00, 0x00, 0x00, 0x00, 0x00, 0x00, 0x00, 0x00,
    0x00, 0x00, 0x00, 0x00, 0x00, 0x00, 0x00, 0x00, 0x00, 0x00, 0x00, 0x00,
    0x00, 0x00, 0x00, 0x00, 0x00, 0x00, 0x00, 0x00, 0x00, 0x00, 0x00, 0x00,
    0x00, 0x00, 0x00, 0x00, 0x00, 0x00, 0x00, 0x00, 0x00, 0x00, 0x00, 0x00,
    0x00, 0x00, 0x00, 0x00, 0x00, 0x00, 0x00, 0x00, 0x00, 0x00, 0x00, 0x00,
    0x00, 0x00, 0x00, 0x00, 0x00, 0x00, 0x00, 0x00, 0x00, 0x00, 0x00, 0x00,
    0x00, 0x00, 0x00, 0x00, 0x00, 0x00, 0x00, 0x00, 0x00, 0x00, 0x00, 0x00,
    0x00, 0x00, 0x00, 0x00, 0x00, 0x00, 0x00, 0x00, 0x00, 0x00, 0x00, 0x00,
    0x00, 0x00, 0x00, 0x00, 0x00, 0x00, 0x00, 0x00, 0x00, 0x00, 0x00, 0x00,
    0x00, 0x00, 0x00, 0x00, 0x00, 0x00, 0x00, 0x00, 0x00, 0x00, 0x00, 0x00,
    0x00, 0x00, 0x00, 0x00, 0x00, 0x00, 0x00, 0x00, 0x00, 0x00, 0x00, 0x00,
    0x00, 0x00, 0x00, 0x00, 0x00, 0x00, 0x00, 0x00, 0x00, 0x00, 0x00, 0x00,
    0x00, 0x00, 0x00, 0x00, 0x00, 0x00, 0x00, 0x00, 0x00, 0x00, 0x00, 0x00,
    0x00, 0x00, 0x00, 0x00, 0x00, 0x00, 0x00, 0x00, 0x00, 0x00, 0x00, 0x00,
    0x00, 0x00, 0x00, 0x00, 0x00, 0x00, 0x00, 0x00, 0x00, 0x00, 0x00, 0x00,
    0x00, 0x00, 0x00, 0x00, 0x00, 0x00, 0x00, 0x00, 0x00, 0x00, 0x00, 0x00,
    0x00, 0x00, 0x00, 0x00, 0x00, 0x00, 0x00, 0x00, 0x00, 0x00, 0x00, 0x00,
    0x00, 0x00, 0x00, 0x00, 0x00, 0x00, 0x00, 0x00, 0x00, 0x00, 0x00, 0x00,
    0x00, 0x00, 0x00, 0x00, 0x00, 0x00, 0x00, 0x00, 0x00, 0x00, 0x00, 0x00,
    0x00, 0x00, 0x00, 0x00, 0x00, 0x00, 0x00, 0x00, 0x00, 0x00, 0x00, 0x00,
    0x00, 0x00, 0x00, 0x00, 0x00, 0x00, 0x00, 0x00, 0x00, 0x00, 0x00, 0x00,
    0x00, 0x00, 0x00, 0x00, 0x00, 0x00, 0x00, 0x00, 0x00, 0x00, 0x00, 0x00,
    0x00, 0x00, 0x00, 0x00, 0x00, 0x00, 0x00, 0x00, 0x00, 0x00, 0x00, 0x00,
    0x00, 0x00, 0x00, 0x00, 0x00, 0x00, 0x00, 0x00, 0x00, 0x00, 0x00, 0x00,
    0x00, 0x00, 0x00, 0x00, 0x00, 0x00, 0x00, 0x00, 0x00, 0x00, 0x00, 0x00,
    0x00, 0x00, 0x00, 0x00, 0x00, 0x00, 0x00, 0x00, 0x00, 0x00, 0x00, 0x00,
    0x00, 0x00, 0x00, 0x00, 0x00, 0x00, 0x00, 0x00, 0x00, 0x00, 0x00, 0x00,
    0x00, 0x00, 0x00, 0x00, 0x00, 0x00, 0x00, 0x00, 0x00, 0x00, 0x00, 0x00,
    0x00, 0x00, 0x00, 0x00, 0x00, 0x00, 0x00, 0x00, 0x00, 0x00, 0x00, 0x00,
    0x00, 0x00, 0x00, 0x00, 0x00, 0x00, 0x00, 0x00, 0x00, 0x00, 0x00, 0x00,
    0x00, 0x00, 0x00, 0x00, 0x00, 0x00, 0x00, 0x00, 0x00, 0x00, 0x00, 0x00,
    0x00, 0x00, 0x00, 0x00, 0x00, 0x00, 0x00, 0x00, 0x00, 0x00, 0x00, 0x00,
    0x00, 0x00, 0x00, 0x00, 0x00, 0x00, 0x00, 0x00, 0x00, 0x00, 0x00, 0x00,
    0x00, 0x00, 0x00, 0x00, 0x00, 0x00, 0x00, 0x00, 0x00, 0x00, 0x00, 0x00,
    0x00, 0x00, 0x00, 0x00, 0x00, 0x00, 0x00, 0x00, 0x00, 0x00, 0x00, 0x00,
    0x00, 0x00, 0x00, 0x00, 0x00, 0x00, 0x00, 0x00, 0x00, 0x00, 0x00, 0x00,
    0x00, 0x00, 0x00, 0x00, 0x00, 0x00, 0x00, 0x00, 0x00, 0x00, 0x00, 0x00,
    0x00, 0x00, 0x00, 0x00, 0x00, 0x00, 0x00, 0x00, 0x00, 0x00, 0x00, 0x00,
    0x00, 0x00, 0x00, 0x00, 0x00, 0x00, 0x00, 0x00, 0x00, 0x00, 0x00, 0x00,
    0x00, 0x00, 0x00, 0x00, 0x00, 0x00, 0x00, 0x00, 0x00, 0x00, 0x00, 0x00,
    0x04, 0x00, 0x40, 0x0e, 0x01, 0xf0, 0x1f, 0x01, 0xf0, 0x3f, 0x83, 0xf8,
    0x7f, 0x8f, 0xfe, 0xff, 0xef, 0xfe, 0xff, 0xef, 0xfe, 0xff, 0xe1, 0xf0,
    0x1e, 0x01, 0xf0, 0x3f, 0x83, 0xf8, 0x3f, 0x80, 0x00, 0x00, 0x00, 0x00,
    0x73, 0x87, 0x38, 0x7b, 0x8f, 0xfc, 0xff, 0xcf, 0xfc, 0xe1, 0xce, 0x1c,
    0xe1, 0xce, 0x1c, 0xe1, 0xcf, 0x1c, 0x73, 0x87, 0x38, 0x3f, 0x81, 0xe0,
    0x1e, 0x01, 0xe0, 0x0c, 0x00, 0xc0, 0x0c, 0x00, 0x00, 0x00, 0x00, 0x00,
    0x04, 0x00, 0x40, 0x0e, 0x01, 0xf0, 0x1f, 0x01, 0xf0, 0x3b, 0x83, 0xb8,
    0x3b, 0x8e, 0x1e, 0xe0, 0xef, 0x1c, 0x7b, 0xc3, 0xb8, 0x3b, 0x81, 0xf0,
    0x1f, 0x01, 0xf0, 0x0e, 0x00, 0x40, 0x04, 0x00, 0x00, 0x00, 0x00, 0x00,
    0x0f, 0x00, 0xf0, 0x0f, 0x00, 0xf0, 0x0f, 0x00, 0xf0, 0x79, 0xe7, 0x9e,
    0x79, 0xe7, 0x9e, 0x79, 0xe7, 0x9e, 0x0f, 0x00, 0xf0, 0x0f, 0x00, 0xf0,
    0x0f, 0x00, 0xf0, 0x1f, 0x81, 0xf8, 0x0f, 0x80, 0x00, 0x00, 0x00, 0x00,
    0x04, 0x00, 0x40, 0x0e, 0x01, 0xf0, 0x1f, 0x01, 0xf0, 0x3b, 0x83, 0xb8,
    0x3b, 0x8e, 0x1e, 0xe0, 0xef, 0x1e, 0xfb, 0xef, 0xbe, 0xfb, 0xe1, 0xf0,
    0x1e, 0x01, 0xf0, 0x7f, 0x87, 0xf8, 0x3f, 0x80, 0x00, 0x00, 0x00, 0x00,
    0x73, 0x87, 0x38, 0x7b, 0x8f, 0xfc, 0xff, 0xcf, 0xfc, 0xff, 0xcf, 0xfc,
    0xff, 0xcf, 0xfc, 0xff, 0xcf, 0xfc, 0x7f, 0xc3, 0xf8, 0x7f, 0x81, 0xf0,
    0x1e, 0x01, 0xe0, 0x0c, 0x00, 0xc0, 0x0c, 0x00, 0x00, 0x00, 0x00, 0x00,
    0x0c, 0x00, 0xc0, 0x0c, 0x01, 0xe0, 0x1e, 0x01, 0xf0, 0x3f, 0x87, 0xf8,
    0x7f, 0x8f, 0xfc, 0xff, 0xcf, 0xfc, 0x7f, 0xc3, 0xf8, 0x7f, 0x81, 0xf0,
    0x1e, 0x01, 0xe0, 0x0c, 0x00, 0xc0, 0x0c, 0x00, 0x00, 0x00, 0x00, 0x00,
    0x1f, 0x01, 0xf0, 0x1f, 0x01, 0xf0, 0x1f, 0x03, 0xf0, 0xe1, 0xce, 0x0e,
    0xe0, 0xce, 0x0e, 0xe0, 0xef, 0x1e, 0xf3, 0xcf, 0x3e, 0xf3, 0xe1, 0x30,
    0x13, 0x01, 0xb0, 0x7f, 0x87, 0xf8, 0x3f, 0x80, 0x00, 0x00, 0x00, 0x00,
    0x00, 0x00, 0x00, 0x00, 0x00, 0x00, 0x00, 0x00, 0x00, 0x00, 0x00, 0x00,
    0x00, 0x00, 0x00, 0x00, 0x00, 0x00, 0x00, 0x00, 0x00, 0x00, 0x00, 0x00,
    0x00, 0x00, 0x00, 0x00, 0x00, 0x00, 0x00, 0x00, 0x00, 0x00, 0x00, 0x00,
    0x03, 0x80, 0x38, 0x03, 0x80, 0x38, 0x03, 0x80, 0x38, 0x03, 0x80, 0x38,
    0x03, 0x80, 0x38, 0x03, 0x80, 0x38, 0x03, 0x80, 0x38, 0x03, 0x81, 0xf8,
    0x1f, 0x81, 0xf8, 0x3f, 0x83, 0xf8, 0x3f, 0x81, 0xf0, 0x1f, 0x01, 0xf0,
    0x0e, 0x00, 0xe0, 0x0f, 0x00, 0xf8, 0x0f, 0x80, 0xf8, 0x0f, 0xc0, 0xfc,
    0x0f, 0xc0, 0xff, 0x0e, 0x70, 0xe6, 0x0e, 0x00, 0xe0, 0x0e, 0x03, 0xe0,
    0x3e, 0x07, 0xe0, 0xfe, 0x0f, 0xe0, 0xfe, 0x07, 0xc0, 0x7c, 0x07, 0xc0,
    0x7f, 0xf3, 0xff, 0x7f, 0xf7, 0x87, 0x38, 0x77, 0x87, 0x78, 0x77, 0x87,
    0x78, 0x77, 0x87, 0x78, 0x77, 0x87, 0x78, 0x77, 0x87, 0x78, 0x77, 0x8f,
    0x38, 0xf7, 0x8f, 0xf8, 0xef, 0x8e, 0xf0, 0xee, 0x00, 0xe0, 0x0e, 0x00,
    0x7f, 0xf3, 0xff, 0x7f, 0xf7, 0x87, 0x38, 0x77, 0x87, 0x7f, 0xf3, 0xff,
    0x7f, 0xf7, 0x8f, 0x78, 0x73, 0x07, 0x78, 0x77, 0x87, 0x78, 0x77, 0x8f,
    0x38, 0xf7, 0x8f, 0xf8, 0xef, 0x8e, 0xf0, 0xee, 0x00, 0xe0, 0x0e, 0x00,
    0x00, 0x00, 0x00, 0x00, 0x00, 0x00, 0x00, 0x00, 0x00, 0x00, 0x00, 0x00,
    0x00, 0x00, 0x00, 0x00, 0x00, 0x00, 0x00, 0x00, 0x00, 0x00, 0x00, 0x00,
    0x00, 0x00, 0x00, 0x00, 0x00, 0x00, 0x00, 0x00, 0x00, 0x00, 0x00, 0x00,
    0x00, 0x00, 0x00, 0x00, 0x00, 0x00, 0x00, 0x00, 0x00, 0x00, 0x00, 0x00,
    0x00, 0x00, 0x00, 0x00, 0x00, 0x00, 0x00, 0x00, 0x00, 0x00, 0x00, 0x00,
    0x00, 0x00, 0x00, 0x00, 0x00, 0x00, 0x00, 0x00, 0x00, 0x00, 0x00, 0x00,
    0x00, 0x00, 0x00, 0x00, 0x00, 0x00, 0x00, 0x00, 0x00, 0x00, 0x00, 0x00,
    0x00, 0x00, 0x00, 0x00, 0x00, 0x00, 0x00, 0x00, 0x00, 0x00, 0x00, 0x00,
    0x00, 0x00, 0x00, 0x00, 0x00, 0x00, 0x00, 0x00, 0x00, 0x00, 0x00, 0x00,
    0x00, 0x00, 0x00, 0x00, 0x00, 0x00, 0x00, 0x00, 0x00, 0x00, 0x00, 0x00,
    0x00, 0x00, 0x00, 0x00, 0x00, 0x00, 0x00, 0x00, 0x00, 0x00, 0x00, 0x00,
    0x00, 0x00, 0x00, 0x00, 0x00, 0x00, 0x00, 0x00, 0x00, 0x00, 0x00, 0x00,
    0x00, 0x00, 0x00, 0x00, 0x00, 0x00, 0x00, 0x00, 0x00, 0x00, 0x00, 0x00,
    0x00, 0x00, 0x00, 0x00, 0x00, 0x00, 0x00, 0x00, 0x00, 0x00, 0x00, 0x00,
    0x00, 0x00, 0x00, 0x00, 0x00, 0x00, 0x00, 0x00, 0x00, 0x00, 0x00, 0x00,
    0x00, 0x00, 0x00, 0x00, 0x00, 0x00, 0x00, 0x00, 0x00, 0x00, 0x00, 0x00,
    0x00, 0x00, 0x00, 0x00, 0x00, 0x00, 0x00, 0x00, 0x00, 0x00, 0x00, 0x00,
    0x00, 0x00, 0x00, 0x00, 0x00, 0x00, 0x00, 0x00, 0x00, 0x00, 0x00, 0x00,
    0x00, 0x00, 0x00, 0x00, 0x00, 0x00, 0x00, 0x00, 0x00, 0x00, 0x00, 0x00,
    0x00, 0x00, 0x00, 0x00, 0x00, 0x00, 0x00, 0x00, 0x00, 0x00, 0x00, 0x00,
    0x00, 0x00, 0x00, 0x00, 0x00, 0x00, 0x00, 0x00, 0x00, 0x00, 0x00, 0x00,
    0x00, 0x00, 0x00, 0x00, 0x00, 0x00, 0x00, 0x00, 0x00, 0x00, 0x00, 0x00,
    0x00, 0x00, 0x00, 0x00, 0x00, 0x00, 0x00, 0x00, 0x00, 0x00, 0x00, 0x00,
    0x00, 0x00, 0x00, 0x00, 0x00, 0x00, 0x00, 0x00, 0x00, 0x00, 0x00, 0x00,
    0x00, 0x00, 0x00, 0x00, 0x00, 0x00, 0x00, 0x00, 0x00, 0x00, 0x00, 0x00,
    0x00, 0x00, 0x00, 0x00, 0x00, 0x00, 0x00, 0x00, 0x00, 0x00, 0x00, 0x00,
    0x00, 0x00, 0x00, 0x00, 0x00, 0x00, 0x00, 0x00, 0x00, 0x00, 0x00, 0x00,
    0x00, 0x00, 0x00, 0x00, 0x00, 0x00, 0x00, 0x00, 0x00, 0x00, 0x00, 0x00,
    0x00, 0x00, 0x00, 0x00, 0x00, 0x00, 0x00, 0x00, 0x00, 0x00, 0x00, 0x00,
    0x00, 0x00, 0x00, 0x00, 0x00, 0x00, 0x00, 0x00, 0x00, 0x00, 0x00, 0x00,
    0x00, 0x00, 0x00, 0x00, 0x00, 0x00, 0x00, 0x00, 0x00, 0x00, 0x00, 0x00,
    0x00, 0x00, 0x00, 0x00, 0x00, 0x00, 0x00, 0x00, 0x00, 0x00, 0x00, 0x00,
    0x00, 0x00, 0x00, 0x00, 0x00, 0x00, 0x00, 0x00, 0x00, 0x00, 0x00, 0x00,
    0x00, 0x00, 0x00, 0x00, 0x00, 0x00, 0x00, 0x00, 0x00, 0x00, 0x00, 0x00,
    0x00, 0x00, 0x00, 0x00, 0x00, 0x00, 0x00, 0x00, 0x00, 0x00, 0x00, 0x00,
    0x00, 0x00, 0x00, 0x00, 0x00, 0x00, 0x00, 0x00, 0x00, 0x00, 0x00, 0x00,
    0x00, 0x00, 0x00, 0x00, 0x00, 0x00, 0x00, 0x00, 0x00, 0x00, 0x00, 0x00,
    0x00, 0x00, 0x00, 0x00, 0x00, 0x00, 0x00, 0x00, 0x00, 0x00, 0x00, 0x00,
    0x00, 0x00, 0x00, 0x00, 0x00, 0x00, 0x00, 0x00, 0x00, 0x00, 0x00, 0x00,
    0x00, 0x00, 0x00, 0x00, 0x00, 0x00, 0x00, 0x00, 0x00, 0x00, 0x00, 0x00,
    0x00, 0x00, 0x00, 0x00, 0x00, 0x00, 0x00, 0x00, 0x00, 0x00, 0x00, 0x00,
    0x00, 0x00, 0x00, 0x00, 0x00, 0x00, 0x00, 0x00, 0x00, 0x00, 0x00, 0x00,
    0x00, 0x00, 0x00, 0x00, 0x00, 0x00, 0x00, 0x00, 0x00, 0x00, 0x00, 0x00,
    0x00, 0x00, 0x00, 0x00, 0x00, 0x00, 0x00, 0x00, 0x00, 0x00, 0x00, 0x00,
    0x00, 0x00, 0x00, 0x00, 0x00, 0x00, 0x00, 0x00, 0x00, 0x00, 0x00, 0x00,
    0x00, 0x00, 0x00, 0x00, 0x00, 0x00, 0x00, 0x00, 0x00, 0x00, 0x00, 0x00,
    0x00, 0x00, 0x00, 0x00, 0x00, 0x00, 0x00, 0x00, 0x00, 0x00, 0x00, 0x00,
    0x00, 0x00, 0x00, 0x00, 0x00, 0x00, 0x00, 0x00, 0x00, 0x00, 0x00, 0x00,
    0x00, 0x00, 0x00, 0x00, 0x00, 0x00, 0x00, 0x00, 0x00, 0x00, 0x00, 0x00,
    0x00, 0x00, 0x00, 0x00, 0x00, 0x00, 0x00, 0x00, 0x00, 0x00, 0x00, 0x00,
    0x00, 0x00, 0x00, 0x00, 0x00, 0x00, 0x00, 0x00, 0x00, 0x00, 0x00, 0x00,
    0x00, 0x00, 0x00, 0x00, 0x00, 0x00, 0x00, 0x00, 0x00, 0x00, 0x00, 0x00,
    0x00, 0x00, 0x00, 0x00, 0x00, 0x00, 0x00, 0x00, 0x00, 0x00, 0x00, 0x00,
    0x00, 0x00, 0x00, 0x00, 0x00, 0x00, 0x00, 0x00, 0x00, 0x00, 0x00, 0x00,
    0x00, 0x00, 0x00, 0x00, 0x00, 0x00, 0x00, 0x00, 0x00, 0x00, 0x00, 0x00,
    0x00, 0x00, 0x00, 0x00, 0x00, 0x00, 0x00, 0x00, 0x00, 0x00, 0x00, 0x00,
    0x00, 0x00, 0x00, 0x00, 0x00, 0x00, 0x00, 0x00, 0x00, 0x00, 0x00, 0x00,
    0x00, 0x00, 0x00, 0x00, 0x00, 0x00, 0x00, 0x00, 0x00, 0x00, 0x00, 0x00,
    0x00, 0x00, 0x00, 0x00, 0x00, 0x00, 0x00, 0x00, 0x00, 0x00, 0x00, 0x00,
    0x00, 0x00, 0x00, 0x00, 0x00, 0x00, 0x00, 0x00, 0x00, 0x00, 0x00, 0x00,
    0x00, 0x00, 0x00, 0x00, 0x00, 0x00, 0x00, 0x00, 0x00, 0x00, 0x00, 0x00,
    0x00, 0x00, 0x00, 0x00, 0x00, 0x00, 0x00, 0x00, 0x00, 0x00, 0x00, 0x00,
    0x00, 0x00, 0x00, 0x00, 0x00, 0x00, 0x00, 0x00, 0x00, 0x00, 0x00, 0x00,
    0x00, 0x00, 0x00, 0x00, 0x00, 0x00, 0x00, 0x00, 0x00, 0x00, 0x00, 0x00,
    0x00, 0x00, 0x00, 0x00, 0x00, 0x00, 0x00, 0x00, 0x00, 0x00, 0x00, 0x00,
    0x00, 0x00, 0x00, 0x00, 0x00, 0x00, 0x00, 0x00, 0x00, 0x00, 0x00, 0x00,
    0xff, 0xff, 0xff, 0xff, 0xfc, 0x03, 0x80, 0x18, 0x01, 0x90, 0x99, 0x99,
    0x90, 0x98, 0x01, 0x80, 0x18, 0x01, 0x80, 0x18, 0x01, 0x80, 0x19, 0x09,
    0x99, 0x99, 0x09, 0x80, 0x18, 0x01, 0xc0, 0x3f, 0xff, 0xff, 0xff, 0xff,
    0x00, 0x00, 0x00, 0x00, 0x00, 0x00, 0x00, 0x00, 0x00, 0x00, 0x00, 0x00,
    0x00, 0x00, 0x00, 0x00, 0x00, 0x00, 0x00, 0x00, 0x00, 0x00, 0x00, 0x00,
    0x00, 0x00, 0x00, 0x00, 0x00, 0x00, 0x00, 0x00, 0x00, 0x00, 0x00, 0x00,
    0x00, 0x00, 0x00, 0x00, 0x00, 0x00, 0x00, 0x00, 0x00, 0x00, 0x00, 0x00,
    0x00, 0x00, 0x00, 0x00, 0x00, 0x00, 0x00, 0x00, 0x00, 0x00, 0x00, 0x00,
    0x00, 0x00, 0x00, 0x00, 0x00, 0x00, 0x00, 0x00, 0x00, 0x00, 0x00, 0x00,
    0x00, 0x00, 0x00, 0x00, 0x00, 0x00, 0x00, 0x00, 0x00, 0x00, 0x00, 0x00,
    0x00, 0x00, 0x00, 0x00, 0x00, 0x00, 0x00, 0x00, 0x00, 0x00, 0x00, 0x00,
    0x00, 0x00, 0x00, 0x00, 0x00, 0x00, 0x00, 0x00, 0x00, 0x00, 0x00, 0x00,
    0x00, 0x00, 0x00, 0x00, 0x00, 0x00, 0x00, 0x00, 0x00, 0x00, 0x00, 0x00,
    0x00, 0x00, 0x00, 0x00, 0x00, 0x00, 0x00, 0x00, 0x00, 0x00, 0x00, 0x00,
    0x00, 0x00, 0x00, 0x00, 0x00, 0x00, 0x00, 0x00, 0x00, 0x00, 0x00, 0x00,
    0x00, 0x00, 0x00, 0x00, 0x00, 0x00, 0x00, 0x00, 0x00, 0x00, 0x00, 0x00,
    0x00, 0x00, 0x00, 0x00, 0x00, 0x00, 0x00, 0x00, 0x00, 0x00, 0x00, 0x00,
    0x00, 0x00, 0x00, 0x00, 0x00, 0x00, 0x00, 0x00, 0x00, 0x00, 0x00, 0x00,
    0x00, 0x00, 0x00, 0x00, 0x00, 0x00, 0x00, 0x00, 0x00, 0x00, 0x00, 0x00,
    0x00, 0x00, 0x00, 0x00, 0x00, 0x00, 0x00, 0x00, 0x00, 0x00, 0x00, 0x00,
    0x00, 0x00, 0x00, 0x00, 0x00, 0x00, 0x00, 0x00, 0x00, 0x00, 0x00, 0x00,
    0x00, 0x00, 0x00, 0x00, 0x00, 0x00, 0x00, 0x00, 0x00, 0xff, 0xcf, 0xfe,
    0xff, 0xc0, 0x00, 0x00, 0x00, 0x00, 0x00, 0x00, 0x00, 0x00, 0x00, 0x00,
    0x00, 0x00, 0x00, 0x00, 0x00, 0x00, 0x00, 0x00, 0x00, 0x00, 0x00, 0x00,
    0x00, 0x00, 0x00, 0x00, 0x00, 0x00, 0x00, 0x00, 0x00, 0xe0, 0xce, 0x0e,
    0xe0, 0xc0, 0x00, 0x00, 0x00, 0x00, 0x00, 0x00, 0x00, 0x00, 0x00, 0x00,
    0x00, 0x00, 0x00, 0x00, 0x00, 0x00, 0x00, 0x00, 0x00, 0x00, 0x00, 0x00,
    0x00, 0x00, 0x00, 0x00, 0x00, 0x00, 0x00, 0x00, 0x00, 0xff, 0xcf, 0xfe,
    0xff, 0xc0, 0x00, 0x00, 0x00, 0x00, 0xff, 0xcf, 0xfe, 0xff, 0xe0, 0x00,
    0x00, 0x00, 0x00, 0x00, 0x00, 0x00, 0x00, 0x00, 0x00, 0x00, 0x00, 0x00,
    0x00, 0x00, 0x00, 0x00, 0x00, 0x00, 0x00, 0x00, 0x00, 0xe0, 0xce, 0x0e,
    0xe0, 0xc0, 0x00, 0x00, 0x00, 0x00, 0xff, 0xcf, 0xfe, 0xff, 0xe0, 0x00,
    0x00, 0x00, 0x00, 0x00, 0x00, 0x00, 0x00, 0x00, 0x00, 0x00, 0x00, 0x00,
    0x00, 0x00, 0x00, 0x00, 0x00, 0x00, 0x00, 0x00, 0x00, 0xff, 0xcf, 0xfe,
    0xff, 0xc0, 0x00, 0x00, 0x00, 0x00, 0xe0, 0xce, 0x1e, 0xe0, 0xe0, 0x00,
    0x00, 0x00, 0x00, 0x00, 0x00, 0x00, 0x00, 0x00, 0x00, 0x00, 0x00, 0x00,
    0x00, 0x00, 0x00, 0x00, 0x00, 0x00, 0x00, 0x00, 0x00, 0xe0, 0xce, 0x0e,
    0xe0, 0xc0, 0x00, 0x00, 0x00, 0x00, 0xe0, 0xce, 0x0e, 0xe0, 0xe0, 0x00,
    0x00, 0x00, 0x00, 0x00, 0x00, 0x00, 0x00, 0x00, 0x00, 0x00, 0x00, 0x00,
    0x00, 0x00, 0x00, 0x00, 0x00, 0x00, 0x00, 0x00, 0x00, 0x00, 0x00, 0x00,
    0x00, 0x00, 0x00, 0x00, 0x00, 0x00, 0x00, 0x00, 0x00, 0x00, 0x00, 0x00,
    0x00, 0x00, 0x00, 0x00, 0x00, 0x00, 0x00, 0x00, 0x00, 0x00, 0x00, 0x00,
    0x00, 0x00, 0x00, 0x00, 0x00, 0x00, 0x00, 0x00, 0x00, 0x00, 0x00, 0x00,
    0x00, 0x00, 0x00, 0x00, 0x00, 0x00, 0x00, 0x00, 0x00, 0x00, 0x00, 0x00,
    0x00, 0x00, 0x00, 0x00, 0x00, 0x00, 0x00, 0x00, 0x00, 0x00, 0x00, 0x00,
    0x00, 0x00, 0x00, 0x00, 0x00, 0x00, 0x00, 0x00, 0x00, 0x00, 0x00, 0x00,
    0x00, 0x00, 0x00, 0x00, 0x00, 0x00, 0x00, 0x00, 0x00, 0x00, 0x00, 0x00,
    0x00, 0x00, 0x00, 0x00, 0x00, 0x00, 0x00, 0x00, 0x00, 0x00, 0x00, 0x00,
    0x00, 0x00, 0x00, 0x00, 0x00, 0x00, 0x00, 0x00, 0x00, 0x00, 0x00, 0x00,
    0x00, 0x00, 0x00, 0x00, 0x00, 0x00, 0x00, 0x00, 0x00, 0x00, 0x00, 0x00,
    0x00, 0x00, 0x00, 0x00, 0x00, 0x00, 0x00, 0x00, 0x00, 0x00, 0x00, 0x00,
    0x00, 0x00, 0x00, 0x00, 0x00, 0x00, 0x00, 0x00, 0x00, 0x00, 0x00, 0x00,
    0x00, 0x00, 0x00, 0x00, 0x00, 0x00, 0x00, 0x00, 0x00, 0x00, 0x00, 0x00,
    0x00, 0x00, 0x00, 0x00, 0x00, 0x00, 0x00, 0x00, 0x00, 0x00, 0x00, 0x00,
    0x00, 0x00, 0x00, 0x00, 0x00, 0x00, 0x00, 0x00, 0x00, 0x00, 0x00, 0x00,
    0x00, 0x00, 0x00, 0x00, 0x00, 0x00, 0x00, 0x00, 0x00, 0x00, 0x00, 0x00,
    0x00, 0x00, 0x00, 0x00, 0x00, 0x00, 0x00, 0x00, 0x00, 0x00, 0x00, 0x00,
    0x00, 0x00, 0x00, 0x00, 0x00, 0x00, 0x00, 0x00, 0x00, 0x00, 0x00, 0x00,
    0x00, 0x00, 0x00, 0x00, 0x00, 0x00, 0x00, 0x00, 0x00, 0x00, 0x00, 0x00,
    0x00, 0x00, 0x00, 0x00, 0x00, 0x00, 0x00, 0x00, 0x00, 0x00, 0x00, 0x00,
    0x00, 0x00, 0x00, 0x00, 0x00, 0x00, 0x00, 0x00, 0x00, 0x00, 0x00, 0x00,
    0x00, 0x00, 0x00, 0x00, 0x00, 0x00, 0x00, 0x00, 0x00, 0x00, 0x00, 0x00,
    0x00, 0x00, 0x00, 0x00, 0x00, 0x00, 0x00, 0x00, 0x00, 0x00, 0x00, 0x00,
    0x00, 0x00, 0x00, 0x00, 0x00, 0x00, 0x00, 0x00, 0x00, 0x00, 0x00, 0x00,
    0x00, 0x00, 0x00, 0x00, 0x00, 0x00, 0x00, 0x00, 0x00, 0x00, 0x00, 0x00,
    0x00, 0x00, 0x00, 0x00, 0x00, 0x00, 0x00, 0x00, 0x00, 0x00, 0x00, 0x00,
    0x00, 0x00, 0x00, 0x00, 0x00, 0x00, 0x00, 0x00, 0x00, 0x00, 0x00, 0x00,
    0x00, 0x00, 0x00, 0x00, 0x00, 0x00, 0x00, 0x00, 0x00, 0x00, 0x00, 0x00,
    0x00, 0x00, 0x00, 0x00, 0x00, 0x00, 0x00, 0x00, 0x00, 0x00, 0x00, 0x00,
    0x00, 0x00, 0x00, 0x00, 0x00, 0x00, 0x00, 0x00, 0x00, 0x00, 0x00, 0x00,
    0x00, 0x00, 0x00, 0x00, 0x00, 0x00, 0x00, 0x00, 0x00, 0x00, 0x00, 0x00,
    0x00, 0x00, 0x00, 0x00, 0x00, 0x00, 0x00, 0x00, 0x00, 0x00, 0x00, 0x00,
    0x00, 0x00, 0x00, 0x00, 0x00, 0x00, 0x00, 0x00, 0x00, 0x00, 0x00, 0x00,
    0x00, 0x00, 0x00, 0x00, 0x00, 0x00, 0x00, 0x00, 0x00, 0x00, 0x00, 0x00,
    0x00, 0x00, 0x00, 0x00, 0x00, 0x00, 0x00, 0x00, 0x00, 0x00, 0x00, 0x00,
    0x00, 0x00, 0x00, 0x00, 0x00, 0x00, 0x00, 0x00, 0x00, 0x00, 0x00, 0x00,
    0x00, 0x00, 0x00, 0x00, 0x00, 0x00, 0x00, 0x00, 0x00, 0x00, 0x00, 0x00,
    0x00, 0x00, 0x00, 0x00, 0x00, 0x00, 0x00, 0x00, 0x00, 0x00, 0x00, 0x00,
    0x00, 0x00, 0x00, 0x00, 0x00, 0x00, 0x00, 0x00, 0x00, 0x00, 0x00, 0x00,
    0x00, 0x00, 0x00, 0x00, 0x00, 0x00, 0x00, 0x00, 0x00, 0x00, 0x00, 0x00,
    0x00, 0x00, 0x00, 0x00, 0x00, 0x00, 0x00, 0x00, 0x00, 0x00, 0x00, 0x00,
    0xf0, 0x0f, 0x00, 0xf8, 0x01, 0xe0, 0x1f, 0x01, 0xf0, 0x00, 0x00, 0x00,
    0x00, 0x0f, 0xfc, 0xff, 0xef, 0xfe, 0xff, 0xcf, 0xfe, 0xff, 0xe0, 0x00,
    0x00, 0x00, 0x00, 0x1f, 0x01, 0xf0, 0x3e, 0x0f, 0x80, 0xf0, 0x0f, 0x00,
    0x00, 0xf0, 0x0f, 0x01, 0xf0, 0x7c, 0x0f, 0x80, 0xf8, 0x00, 0x00, 0x00,
    0x00, 0x03, 0xff, 0x7f, 0xf7, 0xff, 0x3f, 0xf7, 0xff, 0x7f, 0xf0, 0x00,
    0x00, 0x00, 0x00, 0x07, 0x80, 0xf8, 0x07, 0x80, 0x1f, 0x00, 0xf0, 0x0f,
    0x00, 0x00, 0x00, 0x00, 0x00, 0x00, 0x00, 0x00, 0x00, 0x00, 0x00, 0x00,
    0x00, 0x00, 0x00, 0x00, 0x00, 0x00, 0x00, 0x00, 0x00, 0x00, 0x00, 0x00,
    0x00, 0x00, 0x00, 0x00, 0x00, 0x00, 0x00, 0x00, 0x00, 0x00, 0x00, 0x00,
    0x00, 0x00, 0x00, 0x00, 0x00, 0x00, 0x00, 0x00, 0x00, 0x00, 0x00, 0x00,
    0x00, 0x00, 0x00, 0x00, 0x00, 0x00, 0x00, 0x00, 0x00, 0x00, 0x00, 0x00,
    0x00, 0x00, 0x00, 0x00, 0x00, 0x00, 0x00, 0x00, 0x00, 0x00, 0x00, 0x00,
    0x00, 0x00, 0x00, 0x00, 0x00, 0x00, 0x00, 0x00, 0x00, 0x00, 0x00, 0x00,
    0x00, 0x00, 0x00, 0x00, 0x00, 0x00, 0x00, 0x00, 0x00, 0x00, 0x00, 0x00,
    0x00, 0x00, 0x00, 0x00, 0x00, 0x00, 0x00, 0x00, 0x00, 0x00, 0x00, 0x00,
    0x00, 0x00, 0x00, 0x00, 0x00, 0x00, 0x00, 0x00, 0x00, 0x00, 0x00, 0x00,
    0x00, 0x00, 0x00, 0x00, 0x00, 0x00, 0x00, 0x00, 0x00, 0x00, 0x00, 0x00,
    0x00, 0x00, 0x00, 0x00, 0x00, 0x00, 0x00, 0x00, 0x00, 0x00, 0x00, 0x00,
    0x00, 0x00, 0x00, 0x00, 0x00, 0x00, 0x00, 0x00, 0x00, 0x00, 0x00, 0x00,
    0x00, 0x00, 0x00, 0x00, 0x00, 0x00, 0x00, 0x00, 0x00, 0x00, 0x00, 0x00,
    0x00, 0x00, 0x00, 0x00, 0x00, 0x00, 0x00, 0x00, 0x00, 0x00, 0x00, 0x00,
    0x00, 0x00, 0x00, 0x00, 0x00, 0x00, 0x00, 0x00, 0x00, 0x00, 0x00, 0x00,
    0x00, 0x00, 0x00, 0x00, 0x00, 0x00, 0x00, 0x00, 0x00, 0x00, 0x00, 0x00,
    0x00, 0x00, 0x00, 0x00, 0x00, 0x00, 0x00, 0x00, 0x00, 0x00, 0x00, 0x00,
    0x00, 0x00, 0x00, 0x00, 0x00, 0x00, 0x00, 0x00, 0x00, 0x00, 0x00, 0x00,
    0x00, 0x00, 0x00, 0x00, 0x00, 0x00, 0x00, 0x00, 0x00, 0x00, 0x00, 0x00,
    0x00, 0x00, 0x00, 0x00, 0x00, 0x00, 0x00, 0x00, 0x00, 0x00, 0x00, 0x00,
    0x00, 0x00, 0x00, 0x00, 0x00, 0x00, 0x00, 0x00, 0x00, 0x00, 0x00, 0x00,
    0x00, 0x00, 0x00, 0x00, 0x00, 0x00, 0x00, 0x00, 0x00, 0x00, 0x00, 0x00,
    0x00, 0x00, 0x00, 0x00, 0x00, 0x00, 0x00, 0x00, 0x00, 0x00, 0x00, 0x00,
    0x00, 0x00, 0x00, 0x00, 0x00, 0x00, 0x00, 0x00, 0x00, 0x00, 0x00, 0x00,
    0x00, 0x00, 0x00, 0x00, 0x00, 0x00, 0x00, 0x00, 0x00, 0x00, 0x00, 0x00,
    0x00, 0x00, 0x00, 0x00, 0x00, 0x00, 0x00, 0x00, 0x00, 0x00, 0x00, 0x00,
    0x00, 0x00, 0x00, 0x00, 0x00, 0x00, 0x00, 0x00, 0x00, 0x00, 0x00, 0x00,
    0x00, 0x00, 0x00, 0x00, 0x00, 0x00, 0x00, 0x00, 0x00, 0x00, 0x00, 0x00,
    0x00, 0x00, 0x00, 0x00, 0x00, 0x00, 0x00, 0x00, 0x00, 0x00, 0x00, 0x00,
    0x00, 0x00, 0x00, 0x00, 0x01, 0xf8, 0x1f, 0x81, 0xfc, 0x39, 0xc3, 0x8c,
    0x38, 0xee, 0x0f, 0xe0, 0x7e, 0x07, 0xe0, 0x7e, 0x07, 0xf0, 0xf3, 0x8e,
    0x38, 0xc3, 0x9c, 0x1f, 0xc1, 0xf8, 0x1f, 0x80, 0x00, 0x00, 0x00, 0x00,
    0x00, 0x00, 0x00, 0x00, 0x01, 0xf8, 0x1f, 0x81, 0xfc, 0x3f, 0xe3, 0xfe,
    0x7f, 0xef, 0xff, 0xff, 0xff, 0xff, 0xff, 0xff, 0xff, 0xff, 0xf7, 0xfe,
    0x3f, 0xc3, 0xfc, 0x1f, 0xc1, 0xf8, 0x1f, 0x80, 0x00, 0x00, 0x00, 0x00,
    0x00, 0x00, 0x00, 0x00, 0x01, 0xe0, 0x1e, 0x01, 0xf0, 0x3f, 0x87, 0xf8,
    0x7f, 0x87, 0xf8, 0x73, 0x87, 0xb8, 0x7f, 0x87, 0xf8, 0x7f, 0x81, 0xe0,
    0x1e, 0x01, 0xe0, 0x00, 0x00, 0x00, 0x00, 0x00, 0x00, 0x00, 0x00, 0x00,
    0x00, 0x00, 0x00, 0x00, 0x00, 0x00, 0x00, 0x00, 0x00, 0x00, 0x00, 0x00,
    0x00, 0x00, 0x00, 0x00, 0x00, 0x00, 0x00, 0x00, 0x00, 0x00, 0x00, 0x00,
    0x00, 0x00, 0x00, 0x00, 0x00, 0x00, 0x00, 0x00, 0x00, 0x00, 0x00, 0x00,
    0x00, 0x00, 0x00, 0x00, 0x00, 0x00, 0x00, 0x00, 0x00, 0x00, 0x00, 0x00,
    0x00, 0x00, 0x00, 0x00, 0x00, 0x00, 0x00, 0x00, 0x00, 0x00, 0x00, 0x00,
    0x00, 0x00, 0x00, 0x00, 0x00, 0x00, 0x00, 0x00, 0x00, 0x00, 0x00, 0x00,
    0x00, 0x00, 0x00, 0x00, 0x00, 0x00, 0x00, 0x00, 0x00, 0x00, 0x00, 0x00,
    0x00, 0x00, 0x00, 0x00, 0x00, 0x00, 0x00, 0x00, 0x00, 0x00, 0x00, 0x00,
    0x00, 0x00, 0x00, 0x00, 0x00, 0x00, 0x00, 0x00, 0x00, 0x00, 0x00, 0x00,
    0x00, 0x00, 0x00, 0x00, 0x00, 0x00, 0x00, 0x00, 0x00, 0x00, 0x00, 0x00,
    0x00, 0x00, 0x00, 0x00, 0x00, 0x00, 0x00, 0x00, 0x00, 0x00, 0x00, 0x00,
    0x00, 0x00, 0x00, 0x00, 0x00, 0x00, 0x00, 0x00, 0x00, 0x00, 0x00, 0x00,
    0x00, 0x00, 0x00, 0x00, 0x00, 0x00, 0x00, 0x00, 0x00, 0x00, 0x00, 0x00,
    0x00, 0x00, 0x00, 0x00, 0x00, 0x00, 0x00, 0x00, 0x00, 0x00, 0x00, 0x00,
    0x00, 0x00, 0x00, 0x00, 0x00, 0x00, 0x00, 0x00, 0x00, 0x00, 0x00, 0x00,
    0x00, 0x00, 0x00, 0x00, 0x00, 0x00, 0x00, 0x00, 0x00, 0x00, 0x00, 0x00,
    0x00, 0x00, 0x00, 0x00, 0x00, 0x00, 0x00, 0x00, 0x00, 0x00, 0x00, 0x00,
    0x00, 0x00, 0x00, 0x00, 0x00, 0x00, 0x00, 0x00, 0x00, 0x00, 0x00, 0x00,
    0x00, 0x00, 0x00, 0x00, 0x00, 0x00, 0x00, 0x00, 0x00, 0x00, 0x00, 0x00,
    0x00, 0x00, 0x00, 0x00, 0x00, 0x00, 0x00, 0x00, 0x00, 0x00, 0x00, 0x00,
    0x00, 0x00, 0x00, 0x00, 0x00, 0x00, 0x00, 0x00, 0x00, 0x00, 0x00, 0x00,
    0x00, 0x00, 0x00, 0x00, 0x00, 0x00, 0x00, 0x00, 0x00, 0x00, 0x00, 0x00,
    0x00, 0x00, 0x00, 0x00, 0x00, 0x00, 0x00, 0x00, 0x00, 0x00, 0x00, 0x00,
    0x00, 0x00, 0x00, 0x00, 0x00, 0x00, 0x00, 0x00, 0x00, 0x00, 0x00, 0x00,
    0x00, 0x00, 0x00, 0x00, 0x00, 0x00, 0x00, 0x00, 0x00, 0x00, 0x00, 0x00,
    0x00, 0x00, 0x00, 0x00, 0x00, 0x00, 0x00, 0x00, 0x00, 0x00, 0x00, 0x00,
    0x00, 0x00, 0x00, 0x00, 0x00, 0x00, 0x00, 0x00, 0x00, 0x00, 0x00, 0x00,
    0x00, 0x00, 0x00, 0x00, 0x00, 0x00, 0x00, 0x00, 0x00, 0x00, 0x00, 0x00,
    0x00, 0x00, 0x00, 0x00, 0x00, 0x00, 0x00, 0x00, 0x00, 0x00, 0x00, 0x00,
    0x00, 0x00, 0x00, 0x00, 0x00, 0x00, 0x00, 0x00, 0x00, 0x00, 0x00, 0x00,
    0x00, 0x00, 0x00, 0x00, 0x00, 0x00, 0x00, 0x00, 0x00, 0x00, 0x00, 0x00,
    0x00, 0x00, 0x00, 0x00, 0x00, 0x00, 0x00, 0x00, 0x00, 0x00, 0x00, 0x00,
    0x00, 0x00, 0x00, 0x00, 0x00, 0x00, 0x00, 0x00, 0x00, 0x00, 0x00, 0x00,
    0x00, 0x00, 0x00, 0x00, 0x00, 0x00, 0x00, 0x00, 0x00, 0x00, 0x00, 0x00,
    0x00, 0x00, 0x00, 0x00, 0x00, 0x00, 0x00, 0x00, 0x00, 0x00, 0x00, 0x00,
    0x00, 0x00, 0x00, 0x00, 0x00, 0x00, 0x00, 0x00, 0x00, 0x00, 0x00, 0x00,
    0x00, 0x00, 0x00, 0x00, 0x00, 0x00, 0x00, 0x00, 0x00, 0x00, 0x00, 0x00,
    0x00, 0x00, 0x00, 0x00, 0x00, 0x00, 0x00, 0x00, 0x00, 0x00, 0x00, 0x00,
    0x00, 0x00, 0x00, 0x00, 0x00, 0x00, 0x00, 0x00, 0x00, 0x00, 0x00, 0x00,
    0x00, 0x00, 0x00, 0x00, 0x00, 0x00, 0x00, 0x00, 0x00, 0x00, 0x00, 0x00,
    0x00, 0x00, 0x00, 0x00, 0x00, 0x00, 0x00, 0x00, 0x00, 0x00, 0x00, 0x00,
    0x00, 0x00, 0x00, 0x00, 0x00, 0x00, 0x00, 0x00, 0x00, 0x00, 0x00, 0x00,
    0x00, 0x00, 0x00, 0x00, 0x00, 0x00, 0x00, 0x00, 0x00, 0x00, 0x00, 0x00,
    0x00, 0x00, 0x00, 0x00, 0x00, 0x00, 0x00, 0x00, 0x00, 0x00, 0x00, 0x00,
    0x00, 0x00, 0x00, 0x00, 0x00, 0x00, 0x00, 0x00, 0x00, 0x00, 0x00, 0x00,
    0x00, 0x00, 0x00, 0x00, 0x00, 0x00, 0x00, 0x00, 0x00, 0x00, 0x00, 0x00,
    0x00, 0x00, 0x00, 0x00, 0x00, 0x00, 0x00, 0x00, 0x00, 0x00, 0x00, 0x00,
    0x00, 0x00, 0x00, 0x00, 0x00, 0x00, 0x00, 0x00, 0x00, 0x00, 0x00, 0x00,
    0x00, 0x00, 0x00, 0x00, 0x00, 0x00, 0x00, 0x00, 0x00, 0x00, 0x00, 0x00,
    0x00, 0x00, 0x00, 0x00, 0x00, 0x00, 0x00, 0x00, 0x00, 0x00, 0x00, 0x00,
    0x00, 0x00, 0x00, 0x00, 0x00, 0x00, 0x00, 0x00, 0x00, 0x00, 0x00, 0x00,
    0x00, 0x00, 0x00, 0x00, 0x00, 0x00, 0x00, 0x00, 0x00, 0x00, 0x00, 0x00,
    0x00, 0x00, 0x00, 0x00, 0x00, 0x00, 0x00, 0x00, 0x00, 0x00, 0x00, 0x00,
    0x00, 0x00, 0x00, 0x00, 0x00, 0x00, 0x00, 0x00, 0x00, 0x00, 0x00, 0x00,
    0x00, 0x00, 0x00, 0x00, 0x00, 0x00, 0x00, 0x00, 0x00, 0x00, 0x00, 0x00,
    0x00, 0x00, 0x00, 0x00, 0x00, 0x00, 0x00, 0x00, 0x00, 0x00, 0x00, 0x00,
    0x00, 0x00, 0x00, 0x00, 0x00, 0x00, 0x00, 0x00, 0x00, 0x00, 0x00, 0x00,
    0x00, 0x00, 0x00, 0x00, 0x00, 0x00, 0x00, 0x00, 0x00, 0x00, 0x00, 0x00,
    0x00, 0x00, 0x00, 0x00, 0x00, 0x00, 0x00, 0x00, 0x00, 0x00, 0x00, 0x00,
    0x00, 0x00, 0x00, 0x00, 0x00, 0x00, 0x00, 0x00, 0x00, 0x00, 0x00, 0x00,
    0x00, 0x00, 0x00, 0x00, 0x00, 0x00, 0x00, 0x00, 0x00, 0x00, 0x00, 0x00,
    0x00, 0x00, 0x00, 0x00, 0x00, 0x00, 0x00, 0x00, 0x00, 0x00, 0x00, 0x00,
    0x00, 0x00, 0x00, 0x00, 0x00, 0x00, 0x00, 0x00, 0x00, 0x00, 0x00, 0x00,
    0x00, 0x00, 0x00, 0x00, 0x00, 0x00, 0x00, 0x00, 0x00, 0x00, 0x00, 0x00,
    0x00, 0x00, 0x00, 0x00, 0x00, 0x00, 0x00, 0x00, 0x00, 0x00, 0x00, 0x00,
    0x00, 0x00, 0x00, 0x00, 0x00, 0x00, 0x00, 0x00, 0x00, 0x00, 0x00, 0x00,
    0x00, 0x00, 0x00, 0x00, 0x00, 0x00, 0x00, 0x00, 0x00, 0x00, 0x00, 0x00,
    0x00, 0x00, 0x00, 0x00, 0x00, 0x00, 0x00, 0x00, 0x00, 0x00, 0x00, 0x00,
    0x00, 0x00, 0x00, 0x00, 0x00, 0x00, 0x00, 0x00, 0x00, 0x00, 0x00, 0x00,
    0x00, 0x00, 0x00, 0x00, 0x00, 0x00, 0x00, 0x00, 0x00, 0x00, 0x00, 0x00,
    0x00, 0x00, 0x00, 0x00, 0x00, 0x00, 0x00, 0x00, 0x00, 0x00, 0x00, 0x00,
    0x00, 0x00, 0x00, 0x00, 0x00, 0x00, 0x00, 0x00, 0x00, 0x00, 0x00, 0x00,
    0x00, 0x00, 0x00, 0x00, 0x00, 0x00, 0x00, 0x00, 0x00, 0x00, 0x00, 0x00,
    0x00, 0x00, 0x00, 0x00, 0x00, 0x00, 0x00, 0x00, 0x00, 0x00, 0x00, 0x00,
    0x00, 0x00, 0x00, 0x00, 0x00, 0x00, 0x00, 0x00, 0x00, 0x00, 0x00, 0x00,
    0x00, 0x00, 0x00, 0x00, 0x00, 0x00, 0x00, 0x00, 0x00, 0x00, 0x00, 0x00,
    0x00, 0x00, 0x00, 0x00, 0x00, 0x00, 0x00, 0x00, 0x00, 0x00, 0x00, 0x00,
    0x00, 0x00, 0x00, 0x00, 0x00, 0x00, 0x00, 0x00, 0x00, 0x00, 0x00, 0x00,
    0x00, 0x00, 0x00, 0x00, 0x00, 0x00, 0x00, 0x00, 0x00, 0x00, 0x00, 0x00,
    0x00, 0x00, 0x00, 0x00, 0x00, 0x00, 0x00, 0x00, 0x00, 0x00, 0x00, 0x00,
    0x00, 0x00, 0x00, 0x00, 0x00, 0x00, 0x00, 0x00, 0x00, 0x00, 0x00, 0x00,
    0x1f, 0x81, 0xf8, 0x1f, 0x8f, 0xff, 0xff, 0xff, 0xff, 0xff, 0xff, 0xff,
    0xff, 0xf0, 0xf0, 0x0f, 0x00, 0x70, 0x07, 0x80, 0x38, 0x07, 0x80, 0x70,
    0x06, 0x00, 0xe0, 0x1e, 0x01, 0xc0, 0x1c, 0x00, 0xe0, 0x07, 0x00, 0xf0,
    0x00, 0x00, 0x00, 0x00, 0x00, 0x00, 0x00, 0x00, 0x00, 0x00, 0x00, 0x00,
    0x00, 0x00, 0x00, 0x00, 0x00, 0x00, 0x00, 0x00, 0x00, 0x00, 0x00, 0x00,
    0x00, 0x00, 0x00, 0x00, 0x00, 0x00, 0x00, 0x00, 0x00, 0x00, 0x00, 0x00,
    0x00, 0x00, 0x00, 0x00, 0x00, 0x00, 0x00, 0x00, 0x00, 0x00, 0x00, 0x00,
    0x00, 0x00, 0x00, 0x00, 0x00, 0x00, 0x00, 0x00, 0x00, 0x00, 0x00, 0x00,
    0x00, 0x00, 0x00, 0x00, 0x00, 0x00, 0x00, 0x00, 0x00, 0x00, 0x00, 0x00,
    0x00, 0x00, 0x00, 0x00, 0x00, 0x00, 0x00, 0x00, 0x00, 0x00, 0x00, 0x00,
    0x00, 0x00, 0x00, 0x00, 0x00, 0x00, 0x00, 0x00, 0x00, 0x00, 0x00, 0x00,
    0x00, 0x00, 0x00, 0x00, 0x00, 0x00, 0x00, 0x00, 0x00, 0x00, 0x00, 0x00,
    0x00, 0x00, 0x00, 0x00, 0x00, 0x00, 0x00, 0x00, 0x00, 0x00, 0x00, 0x00,
    0x00, 0x00, 0x00, 0x00, 0x00, 0x00, 0x00, 0x00, 0x00, 0x00, 0x00, 0x00,
    0x00, 0x00, 0x00, 0x00, 0x00, 0x00, 0x00, 0x00, 0x00, 0x00, 0x00, 0x00,
    0x00, 0x00, 0x00, 0x00, 0x00, 0x00, 0x00, 0x00, 0x00, 0x00, 0x00, 0x00,
    0x00, 0x00, 0x00, 0x00, 0x00, 0x00, 0x00, 0x00, 0x00, 0x00, 0x00, 0x00,
    0x00, 0x00, 0x00, 0x00, 0x00, 0x00, 0x00, 0x00, 0x00, 0x00, 0x00, 0x00,
    0x00, 0x00, 0x00, 0x00, 0x00, 0x00, 0x00, 0x00, 0x00, 0x00, 0x00, 0x00,
    0x00, 0x00, 0x00, 0x00, 0x00, 0x00, 0x00, 0x00, 0x00, 0x00, 0x00, 0x00,
    0x00, 0x00, 0x00, 0x00, 0x00, 0x00, 0x00, 0x00, 0x00, 0x00, 0x00, 0x00,
    0x00, 0x00, 0x00, 0x00, 0x00, 0x00, 0x00, 0x00, 0x00, 0x00, 0x00, 0x00,
    0x00, 0x00, 0x00, 0x00, 0x00, 0x00, 0x00, 0x00, 0x00, 0x00, 0x00, 0x00,
    0x00, 0x00, 0x00, 0x00, 0x00, 0x00, 0x00, 0x00, 0x00, 0x00, 0x00, 0x00,
    0x00, 0x00, 0x00, 0x00, 0x00, 0x00, 0x00, 0x00, 0x00, 0x00, 0x00, 0x00,
    0x00, 0x00, 0x00, 0x00, 0x00, 0x00, 0x00, 0x00, 0x00, 0x00, 0x00, 0x00,
    0x00, 0x00, 0x00, 0x00, 0x00, 0x00, 0x00, 0x00, 0x00, 0x00, 0x00, 0x00,
    0x00, 0x00, 0x00, 0x00, 0x00, 0x00, 0x00, 0x00, 0x00, 0x00, 0x00, 0x00,
    0x00, 0x00, 0x00, 0x00, 0x00, 0x00, 0x00, 0x00, 0x00, 0x00, 0x00, 0x00,
    0x00, 0x00, 0x00, 0x00, 0x00, 0x00, 0x00, 0x00, 0x00, 0x00, 0x00, 0x00,
    0x00, 0x00, 0x00, 0x00, 0x00, 0x00, 0x00, 0x00, 0x00, 0x00, 0x00, 0x00,
    0x00, 0x00, 0x00, 0x00, 0x00, 0x00, 0x00, 0x00, 0x00, 0x00, 0x00, 0x00,
    0x00, 0x00, 0x00, 0x00, 0x00, 0x00, 0x00, 0x00, 0x00, 0x00, 0x00, 0x00,
    0x00, 0x00, 0x00, 0x00, 0x00, 0x00, 0x00, 0x00, 0x00, 0x00, 0x00, 0x00,
    0x00, 0x00, 0x00, 0x00, 0x00, 0x00, 0x00, 0x00, 0x00, 0x00, 0x00, 0x00,
    0x00, 0x00, 0x00, 0x00, 0x00, 0x00, 0x00, 0x00, 0x00, 0x00, 0x00, 0x00,
    0x00, 0x00, 0x00, 0x00, 0x00, 0x00, 0x00, 0x00, 0x00, 0x00, 0x00, 0x00,
    0x00, 0x00, 0x00, 0x00, 0x00, 0x00, 0x00, 0x00, 0x00, 0x00, 0x00, 0x00,
    0x00, 0x00, 0x00, 0x00, 0x00, 0x00, 0x00, 0x00, 0x00, 0x00, 0x00, 0x00,
    0x00, 0x00, 0x00, 0x00, 0x00, 0x00, 0x00, 0x00, 0x00, 0x00, 0x00, 0x00,
    0x00, 0x00, 0x00, 0x00, 0x00, 0x00, 0x00, 0x00, 0x00, 0x00, 0x00, 0x00,
    0x00, 0x00, 0x00, 0x00, 0x00, 0x00, 0x00, 0x00, 0x00, 0x00, 0x00, 0x00,
    0x00, 0x00, 0x00, 0x00, 0x00, 0x00, 0x00, 0x00, 0x00, 0x00, 0x00, 0x00,
    0x00, 0x00, 0x00, 0x00, 0x00, 0x00, 0x00, 0x00, 0x00, 0x00, 0x00, 0x00,
    0x00, 0x00, 0x00, 0x00, 0x00, 0x00, 0x00, 0x00, 0x00, 0x00, 0x00, 0x00,
    0x00, 0x00, 0x00, 0x00, 0x00, 0x00, 0x00, 0x00, 0x00, 0x00, 0x00, 0x00,
    0x00, 0x00, 0x00, 0x00, 0x00, 0x00, 0x00, 0x00, 0x00, 0x00, 0x00, 0x00,
    0x00, 0x00, 0x00, 0x00, 0x00, 0x00, 0x00, 0x00, 0x00, 0x00, 0x00, 0x00,
    0x00, 0x00, 0x00, 0x00, 0x00, 0x00, 0x00, 0x00, 0x00, 0x00, 0x00, 0x00,
    0x00, 0x00, 0x00, 0x00, 0x00, 0x00, 0x00, 0x00, 0x00, 0x00, 0x00, 0x00,
    0x00, 0x00, 0x00, 0x00, 0x00, 0x00, 0x00, 0x00, 0x00, 0x00, 0x00, 0x00,
    0x00, 0x00, 0x00, 0x00, 0x00, 0x00, 0x00, 0x00, 0x00, 0x00, 0x00, 0x00,
    0x00, 0x00, 0x00, 0x00, 0x00, 0x00, 0x00, 0x00, 0x00, 0x00, 0x00, 0x00,
    0x00, 0x00, 0x00, 0x00, 0x00, 0x00, 0x00, 0x00, 0x00, 0x00, 0x00, 0x00,
    0x00, 0x00, 0x00, 0x00, 0x00, 0x00, 0x00, 0x00, 0x00, 0x00, 0x00, 0x00,
    0x00, 0x00, 0x00, 0x00, 0x00, 0x00, 0x00, 0x00, 0x00, 0x00, 0x00, 0x00,
    0x00, 0x00, 0x00, 0x00, 0x00, 0x00, 0x00, 0x00, 0x00, 0x00, 0x00, 0x00,
    0x00, 0x00, 0x00, 0x00, 0x00, 0x00, 0x00, 0x00, 0x00, 0x00, 0x00, 0x00,
    0x00, 0x00, 0x00, 0x00, 0x00, 0x00, 0x00, 0x00, 0x00, 0x00, 0x00, 0x00,
    0x00, 0x00, 0x00, 0x00, 0x00, 0x00, 0x00, 0x00, 0x00, 0x00, 0x00, 0x00,
    0x00, 0x00, 0x00, 0x00, 0x00, 0x00, 0x00, 0x00, 0x00, 0x00, 0x00, 0x00,
    0x00, 0x00, 0x00, 0x00, 0x00, 0x00, 0x00, 0x00, 0x00, 0x00, 0x00, 0x00,
    0x00, 0x00, 0x00, 0x00, 0x00, 0x00, 0x00, 0x00, 0x00, 0x00, 0x00, 0x00,
    0x00, 0x00, 0x00, 0x00, 0x00, 0x00, 0x00, 0x00, 0x00, 0x00, 0x00, 0x00,
    0x00, 0x00, 0x00, 0x00, 0x00, 0x00, 0x00, 0x00, 0x00, 0x00, 0x00, 0x00,
    0x00, 0x00, 0x00, 0x00, 0x00, 0x00, 0x00, 0x00, 0x00, 0x00, 0x00, 0x00,
    0x00, 0x00, 0x00, 0x00, 0x00, 0x00, 0x00, 0x00, 0x00, 0x00, 0x00, 0x00,
    0x00, 0x00, 0x00, 0x00, 0x00, 0x00, 0x00, 0x00, 0x00, 0x00, 0x00, 0x00,
    0x00, 0x00, 0x00, 0x00, 0x00, 0x00, 0x00, 0x00, 0x00, 0x00, 0x00, 0x00,
    0x00, 0x00, 0x00, 0x00, 0x00, 0x00, 0x00, 0x00, 0x00, 0x00, 0x00, 0x00,
    0x00, 0x00, 0x00, 0x00, 0x00, 0x00, 0x00, 0x00, 0x00, 0x00, 0x00, 0x00,
    0x00, 0x00, 0x00, 0x00, 0x00, 0x00, 0x00, 0x00, 0x00, 0x00, 0x00, 0x00,
    0x00, 0x00, 0x00, 0x00, 0x00, 0x00, 0x00, 0x00, 0x00, 0x00, 0x00, 0x00,
    0x00, 0x00, 0x00, 0x00, 0x00, 0x00, 0x00, 0x00, 0x00, 0x00, 0x00, 0x00,
    0x00, 0x00, 0x00, 0x00, 0x00, 0x00, 0x00, 0x00, 0x00, 0x00, 0x00, 0x00,
    0x00, 0x00, 0x00, 0x00, 0x00, 0x00, 0x00, 0x00, 0x00, 0x00, 0x00, 0x00,
    0x00, 0x00, 0x00, 0x00, 0x00, 0x00, 0x00, 0x00, 0x00, 0x00, 0x00, 0x00,
    0x00, 0x00, 0x00, 0x00, 0x00, 0x00, 0x00, 0x00, 0x00, 0x00, 0x00, 0x00,
    0x00, 0x00, 0x00, 0x00, 0x00, 0x00, 0x00, 0x00, 0x00, 0x00, 0x00, 0x00,
    0x00, 0x00, 0x00, 0x00, 0x00, 0x00, 0x00, 0x00, 0x00, 0x00, 0x00, 0x00,
    0x00, 0x00, 0x00, 0x00, 0x00, 0x00, 0x00, 0x00, 0x00, 0x00, 0x00, 0x00,
    0x00, 0x00, 0x00, 0x00, 0x00, 0x00, 0x00, 0x00, 0x00, 0x00, 0x00, 0x00,
    0x00, 0x00, 0x00, 0x00, 0x00, 0x00, 0x00, 0x00, 0x00, 0x00, 0x00, 0x00,
    0x00, 0x00, 0x00, 0x00, 0x00, 0x00, 0x00, 0x00, 0x00, 0x00, 0x00, 0x00,
    0x00, 0x00, 0x00, 0x00, 0x00, 0x00, 0x00, 0x00, 0x00, 0x00, 0x00, 0x00,
    0x00, 0x00, 0x00, 0x00, 0x00, 0x00, 0x00, 0x00, 0x00, 0x00, 0x00, 0x00,
    0x00, 0x00, 0x00, 0x00, 0x00, 0x00, 0x00, 0x00, 0x00, 0x00, 0x00, 0x00,
    0x00, 0x00, 0x00, 0x00, 0x00, 0x00, 0x00, 0x00, 0x00, 0x00, 0x00, 0x00,
    0x00, 0x00, 0x00, 0x00, 0x00, 0x00, 0x00, 0x00, 0x00, 0x00, 0x00, 0x00,
    0x00, 0x00, 0x00, 0x00, 0x00, 0x00, 0x00, 0x00, 0x00, 0x00, 0x00, 0x00,
    0x00, 0x00, 0x00, 0x00, 0x00, 0x00, 0x00, 0x00, 0x00, 0x00, 0x00, 0x00,
    0x00, 0x00, 0x00, 0x00, 0x00, 0x00, 0x00, 0x00, 0x00, 0x00, 0x00, 0x00,
    0x00, 0x00, 0x00, 0x00, 0x00, 0x00, 0x00, 0x00, 0x00, 0x00, 0x00, 0x00,
    0x00, 0x00, 0x00, 0x00, 0x00, 0x00, 0x00, 0x00, 0x00, 0x00, 0x00, 0x00,
    0x00, 0x00, 0x00, 0x00, 0x00, 0x00, 0x00, 0x00, 0x00, 0x00, 0x00, 0x00,
    0x00, 0x00, 0x00, 0x00, 0x00, 0x00, 0x00, 0x00, 0x00, 0x00, 0x00, 0x00,
    0x00, 0x00, 0x00, 0x00, 0x00, 0x00, 0x00, 0x00, 0x00, 0x00, 0x00, 0x00,
    0x00, 0x00, 0x00, 0x00, 0x00, 0x00, 0x00, 0x00, 0x00, 0x00, 0x00, 0x00,
    0x00, 0x00, 0x00, 0x00, 0x00, 0x00, 0x00, 0x00, 0x00, 0x00, 0x00, 0x00,
    0x00, 0x00, 0x00, 0x00, 0x00, 0x00, 0x00, 0x00, 0x00, 0x00, 0x00, 0x00,
    0x00, 0x00, 0x00, 0x00, 0x00, 0x00, 0x00, 0x00, 0x00, 0x00, 0x00, 0x00,
    0x00, 0x00, 0x00, 0x00, 0x00, 0x00, 0x00, 0x00, 0x00, 0x00, 0x00, 0x00,
    0x00, 0x00, 0x00, 0x00, 0x00, 0x00, 0x00, 0x00, 0x00, 0x00, 0x00, 0x00,
    0x00, 0x00, 0x00, 0x00, 0x00, 0x00, 0x00, 0x00, 0x00, 0x00, 0x00, 0x00,
    0x00, 0x00, 0x00, 0x00, 0x00, 0x00, 0x00, 0x00, 0x00, 0x00, 0x00, 0x00,
    0x00, 0x00, 0x00, 0x00, 0x00, 0x00, 0x00, 0x00, 0x00, 0x00, 0x00, 0x00,
    0x00, 0x00, 0x00, 0x00, 0x00, 0x00, 0x00, 0x00, 0x00, 0x00, 0x00, 0x00,
    0x00, 0x00, 0x00, 0x00, 0x00, 0x00, 0x00, 0x00, 0x00, 0x00, 0x00, 0x00,
    0x00, 0x00, 0x00, 0x00, 0x00, 0x00, 0x00, 0x00, 0x00, 0x00, 0x00, 0x00,
    0x00, 0x00, 0x00, 0x00, 0x00, 0x00, 0x00, 0x00, 0x00, 0x00, 0x00, 0x00,
    0x00, 0x00, 0x00, 0x00, 0x00, 0x00, 0x00, 0x00, 0x00, 0x00, 0x00, 0x00,
    0x00, 0x00, 0x00, 0x00, 0x00, 0x00, 0x00, 0x00, 0x00, 0x00, 0x00, 0x00,
    0x00, 0x00, 0x00, 0x00, 0x00, 0x00, 0x00, 0x00, 0x00, 0x00, 0x00, 0x00,
    0x00, 0x00, 0x00, 0x00, 0x00, 0x00, 0x00, 0x00, 0x00, 0x00, 0x00, 0x00,
    0x00, 0x00, 0x00, 0x00, 0x00, 0x00, 0x00, 0x00, 0x00, 0x00, 0x00, 0x00,
    0x00, 0x00, 0x00, 0x00, 0x00, 0x00, 0x00, 0x00, 0x00, 0x00, 0x00, 0x00,
    0x00, 0x00, 0x00, 0x00, 0x00, 0x00, 0x00, 0x00, 0x00, 0x00, 0x00, 0x00,
    0x00, 0x00, 0x00, 0x00, 0x00, 0x00, 0x00, 0x00, 0x00, 0x00, 0x00, 0x00,
    0x00, 0x00, 0x00, 0x00, 0x00, 0x00, 0x00, 0x00, 0x00, 0x00, 0x00, 0x00,
    0x00, 0x00, 0x00, 0x00, 0x00, 0x00, 0x00, 0x00, 0x00, 0x00, 0x00, 0x00,
    0x00, 0x00, 0x00, 0x00, 0x00, 0x00, 0x00, 0x00, 0x00, 0x00, 0x00, 0x00,
    0x00, 0x00, 0x00, 0x00, 0x00, 0x00, 0x00, 0x00, 0x00, 0x00, 0x00, 0x00,
    0x00, 0x00, 0x00, 0x00, 0x00, 0x00, 0x00, 0x00, 0x00, 0x00, 0x00, 0x00,
    0x00, 0x00, 0x00, 0x00, 0x00, 0x00, 0x00, 0x00, 0x00, 0x00, 0x00, 0x00,
    0x00, 0x00, 0x00, 0x00, 0x00, 0x00, 0x00, 0x00, 0x00, 0x00, 0x00, 0x00,
    0x00, 0x00, 0x00, 0x00, 0x00, 0x00, 0x00, 0x00, 0x00, 0x00, 0x00, 0x00,
    0x00, 0x00, 0x00, 0x00, 0x00, 0x00, 0x00, 0x00, 0x00, 0x00, 0x00, 0x00,
    0x00, 0x00, 0x00, 0x00, 0x00, 0x00, 0x00, 0x00, 0x00, 0x00, 0x00, 0x00,
    0x00, 0x00, 0x00, 0x00, 0x00, 0x00, 0x00, 0x00, 0x00, 0x00, 0x00, 0x00,
    0x00, 0x00, 0x00, 0x00, 0x00, 0x00, 0x00, 0x00, 0x00, 0x00, 0x00, 0x00,
    0x00, 0x00, 0x00, 0x00, 0x00, 0x00, 0x00, 0x00, 0x00, 0x00, 0x00, 0x00,
    0x00, 0x00, 0x00, 0x00, 0x00, 0x00, 0x00, 0x00, 0x00, 0x00, 0x00, 0x00,
    0x00, 0x00, 0x00, 0x00, 0x00, 0x00, 0x00, 0x00, 0x00, 0x00, 0x00, 0x00,
    0x00, 0x00, 0x00, 0x00, 0x00, 0x00, 0x00, 0x00, 0x00, 0x00, 0x00, 0x00,
    0x00, 0x00, 0x00, 0x00, 0x00, 0x00, 0x00, 0x00, 0x00, 0x00, 0x00, 0x00,
    0x18, 0x01, 0x00, 0x18, 0x01, 0xc0, 0x1c, 0x01, 0xc0, 0x18, 0x01, 0x00,
    0x18, 0x01, 0x80, 0x10, 0x03, 0x80, 0xff, 0xff, 0xff, 0xff, 0xf7, 0xfe,
    0x3f, 0xc3, 0xfc, 0x1f, 0x81, 0xf8, 0x1f, 0x80, 0x00, 0x00, 0x00, 0x00,
    0x00, 0x00, 0x00, 0x00, 0x00, 0x00, 0x00, 0x00, 0x00, 0x00, 0x00, 0x00,
    0x00, 0x00, 0x00, 0x00, 0x00, 0x00, 0x00, 0x00, 0x00, 0x00, 0x00, 0x00,
    0x00, 0x00, 0x00, 0x00, 0x00, 0x00, 0x00, 0x00, 0x00, 0x00, 0x00, 0x00,
    0x00, 0x00, 0x00, 0x00, 0x00, 0x00, 0x00, 0x00, 0x00, 0x00, 0x00, 0x00,
    0x00, 0x00, 0x00, 0x00, 0x00, 0x00, 0x00, 0x00, 0x00, 0x00, 0x00, 0x00,
    0x00, 0x00, 0x00, 0x00, 0x00, 0x00, 0x00, 0x00, 0x00, 0x00, 0x00, 0x00,
    0x00, 0x00, 0x00, 0x00, 0x00, 0x00, 0x00, 0x00, 0x00, 0x00, 0x00, 0x00,
    0x00, 0x00, 0x00, 0x00, 0x00, 0x00, 0x00, 0x00, 0x00, 0x00, 0x00, 0x00,
    0x00, 0x00, 0x00, 0x00, 0x00, 0x00, 0x00, 0x00, 0x00, 0x00, 0x00, 0x00,
    0x00, 0x00, 0x00, 0x00, 0x00, 0x00, 0x00, 0x00, 0x00, 0x00, 0x00, 0x00,
    0x00, 0x00, 0x00, 0x00, 0x00, 0x00, 0x00, 0x00, 0x00, 0x00, 0x00, 0x00,
    0x00, 0x00, 0x00, 0x00, 0x00, 0x00, 0x00, 0x00, 0x00, 0x00, 0x00, 0x00,
    0x00, 0x00, 0x00, 0x00, 0x00, 0x00, 0x00, 0x00, 0x00, 0x00, 0x00, 0x00,
    0x00, 0x00, 0x00, 0x00, 0x00, 0x00, 0x00, 0x00, 0x00, 0x00, 0x00, 0x00,
    0x00, 0x00, 0x00, 0x00, 0x00, 0x00, 0x00, 0x00, 0x00, 0x00, 0x00, 0x00,
    0x00, 0x00, 0x00, 0x00, 0x00, 0x00, 0x00, 0x00, 0x00, 0x00, 0x00, 0x00,
    0x00, 0x00, 0x00, 0x00, 0x00, 0x00, 0x00, 0x00, 0x00, 0x00, 0x00, 0x00,
    0x00, 0x00, 0x00, 0x00, 0x00, 0x00, 0x00, 0x00, 0x00, 0x00, 0x00, 0x00,
    0x00, 0x00, 0x00, 0x00, 0x00, 0x00, 0x00, 0x00, 0x00, 0x00, 0x00, 0x00,
    0x00, 0x00, 0x00, 0x00, 0x00, 0x00, 0x00, 0x00, 0x00, 0x00, 0x00, 0x00,
    0x00, 0x00, 0x00, 0x00, 0x00, 0x00, 0x00, 0x00, 0x00, 0x00, 0x00, 0x00,
    0x00, 0x00, 0x00, 0x00, 0x00, 0x00, 0x00, 0x00, 0x00, 0x00, 0x00, 0x00,
    0x00, 0x00, 0x00, 0x00, 0x00, 0x00, 0x00, 0x00, 0x00, 0x00, 0x00, 0x00,
    0x00, 0x00, 0x00, 0x00, 0x00, 0x00, 0x00, 0x00, 0x00, 0x00, 0x00, 0x00,
    0x00, 0x00, 0x00, 0x00, 0x00, 0x00, 0x00, 0x00, 0x00, 0x00, 0x00, 0x00,
    0x00, 0x00, 0x00, 0x00, 0x00, 0x00, 0x00, 0x00, 0x00, 0x00, 0x00, 0x00,
    0x00, 0x00, 0x00, 0x00, 0x00, 0x00, 0x00, 0x00, 0x00, 0x00, 0x00, 0x00,
    0x00, 0x00, 0x00, 0x00, 0x00, 0x00, 0x00, 0x00, 0x00, 0x00, 0x00, 0x00,
    0x00, 0x00, 0x00, 0x00, 0x00, 0x00, 0x00, 0x00, 0x00, 0x00, 0x00, 0x00,
    0x00, 0x00, 0x00, 0x00, 0x00, 0x00, 0x00, 0x00, 0x00, 0x00, 0x00, 0x00,
};

static const lv_font_fmt_txt_glyph_dsc_t dsc_12x24[] = {
    {.bitmap_index = 0, .adv_w = 0, .box_w = 0, .box_h = 0, .ofs_x = 0, .ofs_y = 0} /* id = 0 reserved */,
    {.bitmap_index = 36, .adv_w = 192, .box_w = 12, .box_h = 24, .ofs_x = 0, .ofs_y = 0},
    {.bitmap_index = 72, .adv_w = 192, .box_w = 12, .box_h = 24, .ofs_x = 0, .ofs_y = 0},
    {.bitmap_index = 108, .adv_w = 192, .box_w = 12, .box_h = 24, .ofs_x = 0, .ofs_y = 0},
    {.bitmap_index = 144, .adv_w = 192, .box_w = 12, .box_h = 24, .ofs_x = 0, .ofs_y = 0},
    {.bitmap_index = 180, .adv_w = 192, .box_w = 12, .box_h = 24, .ofs_x = 0, .ofs_y = 0},
    {.bitmap_index = 216, .adv_w = 192, .box_w = 12, .box_h = 24, .ofs_x = 0, .ofs_y = 0},
    {.bitmap_index = 252, .adv_w = 192, .box_w = 12, .box_h = 24, .ofs_x = 0, .ofs_y = 0},
    {.bitmap_index = 288, .adv_w = 192, .box_w = 12, .box_h = 24, .ofs_x = 0, .ofs_y = 0},
    {.bitmap_index = 324, .adv_w = 192, .box_w = 12, .box_h = 24, .ofs_x = 0, .ofs_y = 0},
    {.bitmap_index = 360, .adv_w = 192, .box_w = 12, .box_h = 24, .ofs_x = 0, .ofs_y = 0},
    {.bitmap_index = 396, .adv_w = 192, .box_w = 12, .box_h = 24, .ofs_x = 0, .ofs_y = 0},
    {.bitmap_index = 432, .adv_w = 192, .box_w = 12, .box_h = 24, .ofs_x = 0, .ofs_y = 0},
    {.bitmap_index = 468, .adv_w = 192, .box_w = 12, .box_h = 24, .ofs_x = 0, .ofs_y = 0},
    {.bitmap_index = 504, .adv_w = 192, .box_w = 12, .box_h = 24, .ofs_x = 0, .ofs_y = 0},
    {.bitmap_index = 540, .adv_w = 192, .box_w = 12, .box_h = 24, .ofs_x = 0, .ofs_y = 0},
    {.bitmap_index = 576, .adv_w = 192, .box_w = 12, .box_h = 24, .ofs_x = 0, .ofs_y = 0},
    {.bitmap_index = 612, .adv_w = 192, .box_w = 12, .box_h = 24, .ofs_x = 0, .ofs_y = 0},
    {.bitmap_index = 648, .adv_w = 192, .box_w = 12, .box_h = 24, .ofs_x = 0, .ofs_y = 0},
    {.bitmap_index = 684, .adv_w = 192, .box_w = 12, .box_h = 24, .ofs_x = 0, .ofs_y = 0},
    {.bitmap_index = 720, .adv_w = 192, .box_w = 12, .box_h = 24, .ofs_x = 0, .ofs_y = 0},
    {.bitmap_index = 756, .adv_w = 192, .box_w = 12, .box_h = 24, .ofs_x = 0, .ofs_y = 0},
    {.bitmap_index = 792, .adv_w = 192, .box_w = 12, .box_h = 24, .ofs_x = 0, .ofs_y = 0},
    {.bitmap_index = 828, .adv_w = 192, .box_w = 12, .box_h = 24, .ofs_x = 0, .ofs_y = 0},
    {.bitmap_index = 864, .adv_w = 192, .box_w = 12, .box_h = 24, .ofs_x = 0, .ofs_y = 0},
    {.bitmap_index = 900, .adv_w = 192, .box_w = 12, .box_h = 24, .ofs_x = 0, .ofs_y = 0},
    {.bitmap_index = 936, .adv_w = 192, .box_w = 12, .box_h = 24, .ofs_x = 0, .ofs_y = 0},
    {.bitmap_index = 972, .adv_w = 192, .box_w = 12, .box_h = 24, .ofs_x = 0, .ofs_y = 0},
    {.bitmap_index = 1008, .adv_w = 192, .box_w = 12, .box_h = 24, .ofs_x = 0, .ofs_y = 0},
    {.bitmap_index = 1044, .adv_w = 192, .box_w = 12, .box_h = 24, .ofs_x = 0, .ofs_y = 0},
    {.bitmap_index = 1080, .adv_w = 192, .box_w = 12, .box_h = 24, .ofs_x = 0, .ofs_y = 0},
    {.bitmap_index = 1116, .adv_w = 192, .box_w = 12, .box_h = 24, .ofs_x = 0, .ofs_y = 0},
    {.bitmap_index = 1152, .adv_w = 192, .box_w = 12, .box_h = 24, .ofs_x = 0, .ofs_y = 0},
    {.bitmap_index = 1188, .adv_w = 192, .box_w = 12, .box_h = 24, .ofs_x = 0, .ofs_y = 0},
    {.bitmap_index = 1224, .adv_w = 192, .box_w = 12, .box_h = 24, .ofs_x = 0, .ofs_y = 0},
    {.bitmap_index = 1260, .adv_w = 192, .box_w = 12, .box_h = 24, .ofs_x = 0, .ofs_y = 0},
    {.bitmap_index = 1296, .adv_w = 192, .box_w = 12, .box_h = 24, .ofs_x = 0, .ofs_y = 0},
    {.bitmap_index = 1332, .adv_w = 192, .box_w = 12, .box_h = 24, .ofs_x = 0, .ofs_y = 0},
    {.bitmap_index = 1368, .adv_w = 192, .box_w = 12, .box_h = 24, .ofs_x = 0, .ofs_y = 0},
    {.bitmap_index = 1404, .adv_w = 192, .box_w = 12, .box_h = 24, .ofs_x = 0, .ofs_y = 0},
    {.bitmap_index = 1440, .adv_w = 192, .box_w = 12, .box_h = 24, .ofs_x = 0, .ofs_y = 0},
    {.bitmap_index = 1476, .adv_w = 192, .box_w = 12, .box_h = 24, .ofs_x = 0, .ofs_y = 0},
    {.bitmap_index = 1512, .adv_w = 192, .box_w = 12, .box_h = 24, .ofs_x = 0, .ofs_y = 0},
    {.bitmap_index = 1548, .adv_w = 192, .box_w = 12, .box_h = 24, .ofs_x = 0, .ofs_y = 0},
    {.bitmap_index = 1584, .adv_w = 192, .box_w = 12, .box_h = 24, .ofs_x = 0, .ofs_y = 0},
    {.bitmap_index = 1620, .adv_w = 192, .box_w = 12, .box_h = 24, .ofs_x = 0, .ofs_y = 0},
    {.bitmap_index = 1656, .adv_w = 192, .box_w = 12, .box_h = 24, .ofs_x = 0, .ofs_y = 0},
    {.bitmap_index = 1692, .adv_w = 192, .box_w = 12, .box_h = 24, .ofs_x = 0, .ofs_y = 0},
    {.bitmap_index = 1728, .adv_w = 192, .box_w = 12, .box_h = 24, .ofs_x = 0, .ofs_y = 0},
    {.bitmap_index = 1764, .adv_w = 192, .box_w = 12, .box_h = 24, .ofs_x = 0, .ofs_y = 0},
    {.bitmap_index = 1800, .adv_w = 192, .box_w = 12, .box_h = 24, .ofs_x = 0, .ofs_y = 0},
    {.bitmap_index = 1836, .adv_w = 192, .box_w = 12, .box_h = 24, .ofs_x = 0, .ofs_y = 0},
    {.bitmap_index = 1872, .adv_w = 192, .box_w = 12, .box_h = 24, .ofs_x = 0, .ofs_y = 0},
    {.bitmap_index = 1908, .adv_w = 192, .box_w = 12, .box_h = 24, .ofs_x = 0, .ofs_y = 0},
    {.bitmap_index = 1944, .adv_w = 192, .box_w = 12, .box_h = 24, .ofs_x = 0, .ofs_y = 0},
    {.bitmap_index = 1980, .adv_w = 192, .box_w = 12, .box_h = 24, .ofs_x = 0, .ofs_y = 0},
    {.bitmap_index = 2016, .adv_w = 192, .box_w = 12, .box_h = 24, .ofs_x = 0, .ofs_y = 0},
    {.bitmap_index = 2052, .adv_w = 192, .box_w = 12, .box_h = 24, .ofs_x = 0, .ofs_y = 0},
    {.bitmap_index = 2088, .adv_w = 192, .box_w = 12, .box_h = 24, .ofs_x = 0, .ofs_y = 0},
    {.bitmap_index = 2124, .adv_w = 192, .box_w = 12, .box_h = 24, .ofs_x = 0, .ofs_y = 0},
    {.bitmap_index = 2160, .adv_w = 192, .box_w = 12, .box_h = 24, .ofs_x = 0, .ofs_y = 0},
    {.bitmap_index = 2196, .adv_w = 192, .box_w = 12, .box_h = 24, .ofs_x = 0, .ofs_y = 0},
    {.bitmap_index = 2232, .adv_w = 192, .box_w = 12, .box_h = 24, .ofs_x = 0, .ofs_y = 0},
    {.bitmap_index = 2268, .adv_w = 192, .box_w = 12, .box_h = 24, .ofs_x = 0, .ofs_y = 0},
    {.bitmap_index = 2304, .adv_w = 192, .box_w = 12, .box_h = 24, .ofs_x = 0, .ofs_y = 0},
    {.bitmap_index = 2340, .adv_w = 192, .box_w = 12, .box_h = 24, .ofs_x = 0, .ofs_y = 0},
    {.bitmap_index = 2376, .adv_w = 192, .box_w = 12, .box_h = 24, .ofs_x = 0, .ofs_y = 0},
    {.bitmap_index = 2412, .adv_w = 192, .box_w = 12, .box_h = 24, .ofs_x = 0, .ofs_y = 0},
    {.bitmap_index = 2448, .adv_w = 192, .box_w = 12, .box_h = 24, .ofs_x = 0, .ofs_y = 0},
    {.bitmap_index = 2484, .adv_w = 192, .box_w = 12, .box_h = 24, .ofs_x = 0, .ofs_y = 0},
    {.bitmap_index = 2520, .adv_w = 192, .box_w = 12, .box_h = 24, .ofs_x = 0, .ofs_y = 0},
    {.bitmap_index = 2556, .adv_w = 192, .box_w = 12, .box_h = 24, .ofs_x = 0, .ofs_y = 0},
    {.bitmap_index = 2592, .adv_w = 192, .box_w = 12, .box_h = 24, .ofs_x = 0, .ofs_y = 0},
    {.bitmap_index = 2628, .adv_w = 192, .box_w = 12, .box_h = 24, .ofs_x = 0, .ofs_y = 0},
    {.bitmap_index = 2664, .adv_w = 192, .box_w = 12, .box_h = 24, .ofs_x = 0, .ofs_y = 0},
    {.bitmap_index = 2700, .adv_w = 192, .box_w = 12, .box_h = 24, .ofs_x = 0, .ofs_y = 0},
    {.bitmap_index = 2736, .adv_w = 192, .box_w = 12, .box_h = 24, .ofs_x = 0, .ofs_y = 0},
    {.bitmap_index = 2772, .adv_w = 192, .box_w = 12, .box_h = 24, .ofs_x = 0, .ofs_y = 0},
    {.bitmap_index = 2808, .adv_w = 192, .box_w = 12, .box_h = 24, .ofs_x = 0, .ofs_y = 0},
    {.bitmap_index = 2844, .adv_w = 192, .box_w = 12, .box_h = 24, .ofs_x = 0, .ofs_y = 0},
    {.bitmap_index = 2880, .adv_w = 192, .box_w = 12, .box_h = 24, .ofs_x = 0, .ofs_y = 0},
    {.bitmap_index = 2916, .adv_w = 192, .box_w = 12, .box_h = 24, .ofs_x = 0, .ofs_y = 0},
    {.bitmap_index = 2952, .adv_w = 192, .box_w = 12, .box_h = 24, .ofs_x = 0, .ofs_y = 0},
    {.bitmap_index = 2988, .adv_w = 192, .box_w = 12, .box_h = 24, .ofs_x = 0, .ofs_y = 0},
    {.bitmap_index = 3024, .adv_w = 192, .box_w = 12, .box_h = 24, .ofs_x = 0, .ofs_y = 0},
    {.bitmap_index = 3060, .adv_w = 192, .box_w = 12, .box_h = 24, .ofs_x = 0, .ofs_y = 0},
    {.bitmap_index = 3096, .adv_w = 192, .box_w = 12, .box_h = 24, .ofs_x = 0, .ofs_y = 0},
    {.bitmap_index = 3132, .adv_w = 192, .box_w = 12, .box_h = 24, .ofs_x = 0, .ofs_y = 0},
    {.bitmap_index = 3168, .adv_w = 192, .box_w = 12, .box_h = 24, .ofs_x = 0, .ofs_y = 0},
    {.bitmap_index = 3204, .adv_w = 192, .box_w = 12, .box_h = 24, .ofs_x = 0, .ofs_y = 0},
    {.bitmap_index = 3240, .adv_w = 192, .box_w = 12, .box_h = 24, .ofs_x = 0, .ofs_y = 0},
    {.bitmap_index = 3276, .adv_w = 192, .box_w = 12, .box_h = 24, .ofs_x = 0, .ofs_y = 0},
    {.bitmap_index = 3312, .adv_w = 192, .box_w = 12, .box_h = 24, .ofs_x = 0, .ofs_y = 0},
    {.bitmap_index = 3348, .adv_w = 192, .box_w = 12, .box_h = 24, .ofs_x = 0, .ofs_y = 0},
    {.bitmap_index = 3384, .adv_w = 192, .box_w = 12, .box_h = 24, .ofs_x = 0, .ofs_y = 0},
    {.bitmap_index = 3420, .adv_w = 192, .box_w = 12, .box_h = 24, .ofs_x = 0, .ofs_y = 0},
    {.bitmap_index = 3456, .adv_w = 192, .box_w = 12, .box_h = 24, .ofs_x = 0, .ofs_y = 0},
    {.bitmap_index = 3492, .adv_w = 192, .box_w = 12, .box_h = 24, .ofs_x = 0, .ofs_y = 0},
    {.bitmap_index = 3528, .adv_w = 192, .box_w = 12, .box_h = 24, .ofs_x = 0, .ofs_y = 0},
    {.bitmap_index = 3564, .adv_w = 192, .box_w = 12, .box_h = 24, .ofs_x = 0, .ofs_y = 0},
    {.bitmap_index = 3600, .adv_w = 192, .box_w = 12, .box_h = 24, .ofs_x = 0, .ofs_y = 0},
    {.bitmap_index = 3636, .adv_w = 192, .box_w = 12, .box_h = 24, .ofs_x = 0, .ofs_y = 0},
    {.bitmap_index = 3672, .adv_w = 192, .box_w = 12, .box_h = 24, .ofs_x = 0, .ofs_y = 0},
    {.bitmap_index = 3708, .adv_w = 192, .box_w = 12, .box_h = 24, .ofs_x = 0, .ofs_y = 0},
    {.bitmap_index = 3744, .adv_w = 192, .box_w = 12, .box_h = 24, .ofs_x = 0, .ofs_y = 0},
    {.bitmap_index = 3780, .adv_w = 192, .box_w = 12, .box_h = 24, .ofs_x = 0, .ofs_y = 0},
    {.bitmap_index = 3816, .adv_w = 192, .box_w = 12, .box_h = 24, .ofs_x = 0, .ofs_y = 0},
    {.bitmap_index = 3852, .adv_w = 192, .box_w = 12, .box_h = 24, .ofs_x = 0, .ofs_y = 0},
    {.bitmap_index = 3888, .adv_w = 192, .box_w = 12, .box_h = 24, .ofs_x = 0, .ofs_y = 0},
    {.bitmap_index = 3924, .adv_w = 192, .box_w = 12, .box_h = 24, .ofs_x = 0, .ofs_y = 0},
    {.bitmap_index = 3960, .adv_w = 192, .box_w = 12, .box_h = 24, .ofs_x = 0, .ofs_y = 0},
    {.bitmap_index = 3996, .adv_w = 192, .box_w = 12, .box_h = 24, .ofs_x = 0, .ofs_y = 0},
    {.bitmap_index = 4032, .adv_w = 192, .box_w = 12, .box_h = 24, .ofs_x = 0, .ofs_y = 0},
    {.bitmap_index = 4068, .adv_w = 192, .box_w = 12, .box_h = 24, .ofs_x = 0, .ofs_y = 0},
    {.bitmap_index = 4104, .adv_w = 192, .box_w = 12, .box_h = 24, .ofs_x = 0, .ofs_y = 0},
    {.bitmap_index = 4140, .adv_w = 192, .box_w = 12, .box_h = 24, .ofs_x = 0, .ofs_y = 0},
    {.bitmap_index = 4176, .adv_w = 192, .box_w = 12, .box_h = 24, .ofs_x = 0, .ofs_y = 0},
    {.bitmap_index = 4212, .adv_w = 192, .box_w = 12, .box_h = 24, .ofs_x = 0, .ofs_y = 0},
    {.bitmap_index = 4248, .adv_w = 192, .box_w = 12, .box_h = 24, .ofs_x = 0, .ofs_y = 0},
    {.bitmap_index = 4284, .adv_w = 192, .box_w = 12, .box_h = 24, .ofs_x = 0, .ofs_y = 0},
    {.bitmap_index = 4320, .adv_w = 192, .box_w = 12, .box_h = 24, .ofs_x = 0, .ofs_y = 0},
    {.bitmap_index = 4356, .adv_w = 192, .box_w = 12, .box_h = 24, .ofs_x = 0, .ofs_y = 0},
    {.bitmap_index = 4392, .adv_w = 192, .box_w = 12, .box_h = 24, .ofs_x = 0, .ofs_y = 0},
    {.bitmap_index = 4428, .adv_w = 192, .box_w = 12, .box_h = 24, .ofs_x = 0, .ofs_y = 0},
    {.bitmap_index = 4464, .adv_w = 192, .box_w = 12, .box_h = 24, .ofs_x = 0, .ofs_y = 0},
    {.bitmap_index = 4500, .adv_w = 192, .box_w = 12, .box_h = 24, .ofs_x = 0, .ofs_y = 0},
    {.bitmap_index = 4536, .adv_w = 192, .box_w = 12, .box_h = 24, .ofs_x = 0, .ofs_y = 0},
    {.bitmap_index = 4572, .adv_w = 192, .box_w = 12, .box_h = 24, .ofs_x = 0, .ofs_y = 0},
    {.bitmap_index = 4608, .adv_w = 192, .box_w = 12, .box_h = 24, .ofs_x = 0, .ofs_y = 0},
    {.bitmap_index = 4644, .adv_w = 192, .box_w = 12, .box_h = 24, .ofs_x = 0, .ofs_y = 0},
    {.bitmap_index = 4680, .adv_w = 192, .box_w = 12, .box_h = 24, .ofs_x = 0, .ofs_y = 0},
    {.bitmap_index = 4716, .adv_w = 192, .box_w = 12, .box_h = 24, .ofs_x = 0, .ofs_y = 0},
    {.bitmap_index = 4752, .adv_w = 192, .box_w = 12, .box_h = 24, .ofs_x = 0, .ofs_y = 0},
    {.bitmap_index = 4788, .adv_w = 192, .box_w = 12, .box_h = 24, .ofs_x = 0, .ofs_y = 0},
    {.bitmap_index = 4824, .adv_w = 192, .box_w = 12, .box_h = 24, .ofs_x = 0, .ofs_y = 0},
    {.bitmap_index = 4860, .adv_w = 192, .box_w = 12, .box_h = 24, .ofs_x = 0, .ofs_y = 0},
    {.bitmap_index = 4896, .adv_w = 192, .box_w = 12, .box_h = 24, .ofs_x = 0, .ofs_y = 0},
    {.bitmap_index = 4932, .adv_w = 192, .box_w = 12, .box_h = 24, .ofs_x = 0, .ofs_y = 0},
    {.bitmap_index = 4968, .adv_w = 192, .box_w = 12, .box_h = 24, .ofs_x = 0, .ofs_y = 0},
    {.bitmap_index = 5004, .adv_w = 192, .box_w = 12, .box_h = 24, .ofs_x = 0, .ofs_y = 0},
    {.bitmap_index = 5040, .adv_w = 192, .box_w = 12, .box_h = 24, .ofs_x = 0, .ofs_y = 0},
    {.bitmap_index = 5076, .adv_w = 192, .box_w = 12, .box_h = 24, .ofs_x = 0, .ofs_y = 0},
    {.bitmap_index = 5112, .adv_w = 192, .box_w = 12, .box_h = 24, .ofs_x = 0, .ofs_y = 0},
    {.bitmap_index = 5148, .adv_w = 192, .box_w = 12, .box_h = 24, .ofs_x = 0, .ofs_y = 0},
    {.bitmap_index = 5184, .adv_w = 192, .box_w = 12, .box_h = 24, .ofs_x = 0, .ofs_y = 0},
    {.bitmap_index = 5220, .adv_w = 192, .box_w = 12, .box_h = 24, .ofs_x = 0, .ofs_y = 0},
    {.bitmap_index = 5256, .adv_w = 192, .box_w = 12, .box_h = 24, .ofs_x = 0, .ofs_y = 0},
    {.bitmap_index = 5292, .adv_w = 192, .box_w = 12, .box_h = 24, .ofs_x = 0, .ofs_y = 0},
    {.bitmap_index = 5328, .adv_w = 192, .box_w = 12, .box_h = 24, .ofs_x = 0, .ofs_y = 0},
    {.bitmap_index = 5364, .adv_w = 192, .box_w = 12, .box_h = 24, .ofs_x = 0, .ofs_y = 0},
    {.bitmap_index = 5400, .adv_w = 192, .box_w = 12, .box_h = 24, .ofs_x = 0, .ofs_y = 0},
    {.bitmap_index = 5436, .adv_w = 192, .box_w = 12, .box_h = 24, .ofs_x = 0, .ofs_y = 0},
    {.bitmap_index = 5472, .adv_w = 192, .box_w = 12, .box_h = 24, .ofs_x = 0, .ofs_y = 0},
    {.bitmap_index = 5508, .adv_w = 192, .box_w = 12, .box_h = 24, .ofs_x = 0, .ofs_y = 0},
    {.bitmap_index = 5544, .adv_w = 192, .box_w = 12, .box_h = 24, .ofs_x = 0, .ofs_y = 0},
    {.bitmap_index = 5580, .adv_w = 192, .box_w = 12, .box_h = 24, .ofs_x = 0, .ofs_y = 0},
    {.bitmap_index = 5616, .adv_w = 192, .box_w = 12, .box_h = 24, .ofs_x = 0, .ofs_y = 0},
    {.bitmap_index = 5652, .adv_w = 192, .box_w = 12, .box_h = 24, .ofs_x = 0, .ofs_y = 0},
    {.bitmap_index = 5688, .adv_w = 192, .box_w = 12, .box_h = 24, .ofs_x = 0, .ofs_y = 0},
    {.bitmap_index = 5724, .adv_w = 192, .box_w = 12, .box_h = 24, .ofs_x = 0, .ofs_y = 0},
    {.bitmap_index = 5760, .adv_w = 192, .box_w = 12, .box_h = 24, .ofs_x = 0, .ofs_y = 0},
    {.bitmap_index = 5796, .adv_w = 192, .box_w = 12, .box_h = 24, .ofs_x = 0, .ofs_y = 0},
    {.bitmap_index = 5832, .adv_w = 192, .box_w = 12, .box_h = 24, .ofs_x = 0, .ofs_y = 0},
    {.bitmap_index = 5868, .adv_w = 192, .box_w = 12, .box_h = 24, .ofs_x = 0, .ofs_y = 0},
    {.bitmap_index = 5904, .adv_w = 192, .box_w = 12, .box_h = 24, .ofs_x = 0, .ofs_y = 0},
    {.bitmap_index = 5940, .adv_w = 192, .box_w = 12, .box_h = 24, .ofs_x = 0, .ofs_y = 0},
    {.bitmap_index = 5976, .adv_w = 192, .box_w = 12, .box_h = 24, .ofs_x = 0, .ofs_y = 0},
    {.bitmap_index = 6012, .adv_w = 192, .box_w = 12, .box_h = 24, .ofs_x = 0, .ofs_y = 0},
    {.bitmap_index = 6048, .adv_w = 192, .box_w = 12, .box_h = 24, .ofs_x = 0, .ofs_y = 0},
    {.bitmap_index = 6084, .adv_w = 192, .box_w = 12, .box_h = 24, .ofs_x = 0, .ofs_y = 0},
    {.bitmap_index = 6120, .adv_w = 192, .box_w = 12, .box_h = 24, .ofs_x = 0, .ofs_y = 0},
    {.bitmap_index = 6156, .adv_w = 192, .box_w = 12, .box_h = 24, .ofs_x = 0, .ofs_y = 0},
    {.bitmap_index = 6192, .adv_w = 192, .box_w = 12, .box_h = 24, .ofs_x = 0, .ofs_y = 0},
    {.bitmap_index = 6228, .adv_w = 192, .box_w = 12, .box_h = 24, .ofs_x = 0, .ofs_y = 0},
    {.bitmap_index = 6264, .adv_w = 192, .box_w = 12, .box_h = 24, .ofs_x = 0, .ofs_y = 0},
    {.bitmap_index = 6300, .adv_w = 192, .box_w = 12, .box_h = 24, .ofs_x = 0, .ofs_y = 0},
    {.bitmap_index = 6336, .adv_w = 192, .box_w = 12, .box_h = 24, .ofs_x = 0, .ofs_y = 0},
    {.bitmap_index = 6372, .adv_w = 192, .box_w = 12, .box_h = 24, .ofs_x = 0, .ofs_y = 0},
    {.bitmap_index = 6408, .adv_w = 192, .box_w = 12, .box_h = 24, .ofs_x = 0, .ofs_y = 0},
    {.bitmap_index = 6444, .adv_w = 192, .box_w = 12, .box_h = 24, .ofs_x = 0, .ofs_y = 0},
    {.bitmap_index = 6480, .adv_w = 192, .box_w = 12, .box_h = 24, .ofs_x = 0, .ofs_y = 0},
    {.bitmap_index = 6516, .adv_w = 192, .box_w = 12, .box_h = 24, .ofs_x = 0, .ofs_y = 0},
    {.bitmap_index = 6552, .adv_w = 192, .box_w = 12, .box_h = 24, .ofs_x = 0, .ofs_y = 0},
    {.bitmap_index = 6588, .adv_w = 192, .box_w = 12, .box_h = 24, .ofs_x = 0, .ofs_y = 0},
    {.bitmap_index = 6624, .adv_w = 192, .box_w = 12, .box_h = 24, .ofs_x = 0, .ofs_y = 0},
    {.bitmap_index = 6660, .adv_w = 192, .box_w = 12, .box_h = 24, .ofs_x = 0, .ofs_y = 0},
    {.bitmap_index = 6696, .adv_w = 192, .box_w = 12, .box_h = 24, .ofs_x = 0, .ofs_y = 0},
    {.bitmap_index = 6732, .adv_w = 192, .box_w = 12, .box_h = 24, .ofs_x = 0, .ofs_y = 0},
    {.bitmap_index = 6768, .adv_w = 192, .box_w = 12, .box_h = 24, .ofs_x = 0, .ofs_y = 0},
    {.bitmap_index = 6804, .adv_w = 192, .box_w = 12, .box_h = 24, .ofs_x = 0, .ofs_y = 0},
    {.bitmap_index = 6840, .adv_w = 192, .box_w = 12, .box_h = 24, .ofs_x = 0, .ofs_y = 0},
    {.bitmap_index = 6876, .adv_w = 192, .box_w = 12, .box_h = 24, .ofs_x = 0, .ofs_y = 0},
    {.bitmap_index = 6912, .adv_w = 192, .box_w = 12, .box_h = 24, .ofs_x = 0, .ofs_y = 0},
    {.bitmap_index = 6948, .adv_w = 192, .box_w = 12, .box_h = 24, .ofs_x = 0, .ofs_y = 0},
    {.bitmap_index = 6984, .adv_w = 192, .box_w = 12, .box_h = 24, .ofs_x = 0, .ofs_y = 0},
    {.bitmap_index = 7020, .adv_w = 192, .box_w = 12, .box_h = 24, .ofs_x = 0, .ofs_y = 0},
    {.bitmap_index = 7056, .adv_w = 192, .box_w = 12, .box_h = 24, .ofs_x = 0, .ofs_y = 0},
    {.bitmap_index = 7092, .adv_w = 192, .box_w = 12, .box_h = 24, .ofs_x = 0, .ofs_y = 0},
    {.bitmap_index = 7128, .adv_w = 192, .box_w = 12, .box_h = 24, .ofs_x = 0, .ofs_y = 0},
    {.bitmap_index = 7164, .adv_w = 192, .box_w = 12, .box_h = 24, .ofs_x = 0, .ofs_y = 0},
    {.bitmap_index = 7200, .adv_w = 192, .box_w = 12, .box_h = 24, .ofs_x = 0, .ofs_y = 0},
    {.bitmap_index = 7236, .adv_w = 192, .box_w = 12, .box_h = 24, .ofs_x = 0, .ofs_y = 0},
    {.bitmap_index = 7272, .adv_w = 192, .box_w = 12, .box_h = 24, .ofs_x = 0, .ofs_y = 0},
    {.bitmap_index = 7308, .adv_w = 192, .box_w = 12, .box_h = 24, .ofs_x = 0, .ofs_y = 0},
    {.bitmap_index = 7344, .adv_w = 192, .box_w = 12, .box_h = 24, .ofs_x = 0, .ofs_y = 0},
    {.bitmap_index = 7380, .adv_w = 192, .box_w = 12, .box_h = 24, .ofs_x = 0, .ofs_y = 0},
    {.bitmap_index = 7416, .adv_w = 192, .box_w = 12, .box_h = 24, .ofs_x = 0, .ofs_y = 0},
    {.bitmap_index = 7452, .adv_w = 192, .box_w = 12, .box_h = 24, .ofs_x = 0, .ofs_y = 0},
    {.bitmap_index = 7488, .adv_w = 192, .box_w = 12, .box_h = 24, .ofs_x = 0, .ofs_y = 0},
    {.bitmap_index = 7524, .adv_w = 192, .box_w = 12, .box_h = 24, .ofs_x = 0, .ofs_y = 0},
    {.bitmap_index = 7560, .adv_w = 192, .box_w = 12, .box_h = 24, .ofs_x = 0, .ofs_y = 0},
    {.bitmap_index = 7596, .adv_w = 192, .box_w = 12, .box_h = 24, .ofs_x = 0, .ofs_y = 0},
    {.bitmap_index = 7632, .adv_w = 192, .box_w = 12, .box_h = 24, .ofs_x = 0, .ofs_y = 0},
    {.bitmap_index = 7668, .adv_w = 192, .box_w = 12, .box_h = 24, .ofs_x = 0, .ofs_y = 0},
    {.bitmap_index = 7704, .adv_w = 192, .box_w = 12, .box_h = 24, .ofs_x = 0, .ofs_y = 0},
    {.bitmap_index = 7740, .adv_w = 192, .box_w = 12, .box_h = 24, .ofs_x = 0, .ofs_y = 0},
    {.bitmap_index = 7776, .adv_w = 192, .box_w = 12, .box_h = 24, .ofs_x = 0, .ofs_y = 0},
    {.bitmap_index = 7812, .adv_w = 192, .box_w = 12, .box_h = 24, .ofs_x = 0, .ofs_y = 0},
    {.bitmap_index = 7848, .adv_w = 192, .box_w = 12, .box_h = 24, .ofs_x = 0, .ofs_y = 0},
    {.bitmap_index = 7884, .adv_w = 192, .box_w = 12, .box_h = 24, .ofs_x = 0, .ofs_y = 0},
    {.bitmap_index = 7920, .adv_w = 192, .box_w = 12, .box_h = 24, .ofs_x = 0, .ofs_y = 0},
    {.bitmap_index = 7956, .adv_w = 192, .box_w = 12, .box_h = 24, .ofs_x = 0, .ofs_y = 0},
    {.bitmap_index = 7992, .adv_w = 192, .box_w = 12, .box_h = 24, .ofs_x = 0, .ofs_y = 0},
    {.bitmap_index = 8028, .adv_w = 192, .box_w = 12, .box_h = 24, .ofs_x = 0, .ofs_y = 0},
    {.bitmap_index = 8064, .adv_w = 192, .box_w = 12, .box_h = 24, .ofs_x = 0, .ofs_y = 0},
    {.bitmap_index = 8100, .adv_w = 192, .box_w = 12, .box_h = 24, .ofs_x = 0, .ofs_y = 0},
    {.bitmap_index = 8136, .adv_w = 192, .box_w = 12, .box_h = 24, .ofs_x = 0, .ofs_y = 0},
    {.bitmap_index = 8172, .adv_w = 192, .box_w = 12, .box_h = 24, .ofs_x = 0, .ofs_y = 0},
    {.bitmap_index = 8208, .adv_w = 192, .box_w = 12, .box_h = 24, .ofs_x = 0, .ofs_y = 0},
    {.bitmap_index = 8244, .adv_w = 192, .box_w = 12, .box_h = 24, .ofs_x = 0, .ofs_y = 0},
    {.bitmap_index = 8280, .adv_w = 192, .box_w = 12, .box_h = 24, .ofs_x = 0, .ofs_y = 0},
    {.bitmap_index = 8316, .adv_w = 192, .box_w = 12, .box_h = 24, .ofs_x = 0, .ofs_y = 0},
    {.bitmap_index = 8352, .adv_w = 192, .box_w = 12, .box_h = 24, .ofs_x = 0, .ofs_y = 0},
    {.bitmap_index = 8388, .adv_w = 192, .box_w = 12, .box_h = 24, .ofs_x = 0, .ofs_y = 0},
    {.bitmap_index = 8424, .adv_w = 192, .box_w = 12, .box_h = 24, .ofs_x = 0, .ofs_y = 0},
    {.bitmap_index = 8460, .adv_w = 192, .box_w = 12, .box_h = 24, .ofs_x = 0, .ofs_y = 0},
    {.bitmap_index = 8496, .adv_w = 192, .box_w = 12, .box_h = 24, .ofs_x = 0, .ofs_y = 0},
    {.bitmap_index = 8532, .adv_w = 192, .box_w = 12, .box_h = 24, .ofs_x = 0, .ofs_y = 0},
    {.bitmap_index = 8568, .adv_w = 192, .box_w = 12, .box_h = 24, .ofs_x = 0, .ofs_y = 0},
    {.bitmap_index = 8604, .adv_w = 192, .box_w = 12, .box_h = 24, .ofs_x = 0, .ofs_y = 0},
    {.bitmap_index = 8640, .adv_w = 192, .box_w = 12, .box_h = 24, .ofs_x = 0, .ofs_y = 0},
    {.bitmap_index = 8676, .adv_w = 192, .box_w = 12, .box_h = 24, .ofs_x = 0, .ofs_y = 0},
    {.bitmap_index = 8712, .adv_w = 192, .box_w = 12, .box_h = 24, .ofs_x = 0, .ofs_y = 0},
    {.bitmap_index = 8748, .adv_w = 192, .box_w = 12, .box_h = 24, .ofs_x = 0, .ofs_y = 0},
    {.bitmap_index = 8784, .adv_w = 192, .box_w = 12, .box_h = 24, .ofs_x = 0, .ofs_y = 0},
    {.bitmap_index = 8820, .adv_w = 192, .box_w = 12, .box_h = 24, .ofs_x = 0, .ofs_y = 0},
    {.bitmap_index = 8856, .adv_w = 192, .box_w = 12, .box_h = 24, .ofs_x = 0, .ofs_y = 0},
    {.bitmap_index = 8892, .adv_w = 192, .box_w = 12, .box_h = 24, .ofs_x = 0, .ofs_y = 0},
    {.bitmap_index = 8928, .adv_w = 192, .box_w = 12, .box_h = 24, .ofs_x = 0, .ofs_y = 0},
    {.bitmap_index = 8964, .adv_w = 192, .box_w = 12, .box_h = 24, .ofs_x = 0, .ofs_y = 0},
    {.bitmap_index = 9000, .adv_w = 192, .box_w = 12, .box_h = 24, .ofs_x = 0, .ofs_y = 0},
    {.bitmap_index = 9036, .adv_w = 192, .box_w = 12, .box_h = 24, .ofs_x = 0, .ofs_y = 0},
    {.bitmap_index = 9072, .adv_w = 192, .box_w = 12, .box_h = 24, .ofs_x = 0, .ofs_y = 0},
    {.bitmap_index = 9108, .adv_w = 192, .box_w = 12, .box_h = 24, .ofs_x = 0, .ofs_y = 0},
    {.bitmap_index = 9144, .adv_w = 192, .box_w = 12, .box_h = 24, .ofs_x = 0, .ofs_y = 0},
    {.bitmap_index = 9180, .adv_w = 192, .box_w = 12, .box_h = 24, .ofs_x = 0, .ofs_y = 0},
    {.bitmap_index = 9216, .adv_w = 192, .box_w = 12, .box_h = 24, .ofs_x = 0, .ofs_y = 0},
    {.bitmap_index = 9252, .adv_w = 192, .box_w = 12, .box_h = 24, .ofs_x = 0, .ofs_y = 0},
    {.bitmap_index = 9288, .adv_w = 192, .box_w = 12, .box_h = 24, .ofs_x = 0, .ofs_y = 0},
    {.bitmap_index = 9324, .adv_w = 192, .box_w = 12, .box_h = 24, .ofs_x = 0, .ofs_y = 0},
    {.bitmap_index = 9360, .adv_w = 192, .box_w = 12, .box_h = 24, .ofs_x = 0, .ofs_y = 0},
    {.bitmap_index = 9396, .adv_w = 192, .box_w = 12, .box_h = 24, .ofs_x = 0, .ofs_y = 0},
    {.bitmap_index = 9432, .adv_w = 192, .box_w = 12, .box_h = 24, .ofs_x = 0, .ofs_y = 0},
    {.bitmap_index = 9468, .adv_w = 192, .box_w = 12, .box_h = 24, .ofs_x = 0, .ofs_y = 0},
    {.bitmap_index = 9504, .adv_w = 192, .box_w = 12, .box_h = 24, .ofs_x = 0, .ofs_y = 0},
    {.bitmap_index = 9540, .adv_w = 192, .box_w = 12, .box_h = 24, .ofs_x = 0, .ofs_y = 0},
    {.bitmap_index = 9576, .adv_w = 192, .box_w = 12, .box_h = 24, .ofs_x = 0, .ofs_y = 0},
    {.bitmap_index = 9612, .adv_w = 192, .box_w = 12, .box_h = 24, .ofs_x = 0, .ofs_y = 0},
    {.bitmap_index = 9648, .adv_w = 192, .box_w = 12, .box_h = 24, .ofs_x = 0, .ofs_y = 0},
    {.bitmap_index = 9684, .adv_w = 192, .box_w = 12, .box_h = 24, .ofs_x = 0, .ofs_y = 0},
    {.bitmap_index = 9720, .adv_w = 192, .box_w = 12, .box_h = 24, .ofs_x = 0, .ofs_y = 0},
    {.bitmap_index = 9756, .adv_w = 192, .box_w = 12, .box_h = 24, .ofs_x = 0, .ofs_y = 0},
    {.bitmap_index = 9792, .adv_w = 192, .box_w = 12, .box_h = 24, .ofs_x = 0, .ofs_y = 0},
    {.bitmap_index = 9828, .adv_w = 192, .box_w = 12, .box_h = 24, .ofs_x = 0, .ofs_y = 0},
    {.bitmap_index = 9864, .adv_w = 192, .box_w = 12, .box_h = 24, .ofs_x = 0, .ofs_y = 0},
    {.bitmap_index = 9900, .adv_w = 192, .box_w = 12, .box_h = 24, .ofs_x = 0, .ofs_y = 0},
    {.bitmap_index = 9936, .adv_w = 192, .box_w = 12, .box_h = 24, .ofs_x = 0, .ofs_y = 0},
    {.bitmap_index = 9972, .adv_w = 192, .box_w = 12, .box_h = 24, .ofs_x = 0, .ofs_y = 0},
    {.bitmap_index = 10008, .adv_w = 192, .box_w = 12, .box_h = 24, .ofs_x = 0, .ofs_y = 0},
    {.bitmap_index = 10044, .adv_w = 192, .box_w = 12, .box_h = 24, .ofs_x = 0, .ofs_y = 0},
    {.bitmap_index = 10080, .adv_w = 192, .box_w = 12, .box_h = 24, .ofs_x = 0, .ofs_y = 0},
    {.bitmap_index = 10116, .adv_w = 192, .box_w = 12, .box_h = 24, .ofs_x = 0, .ofs_y = 0},
    {.bitmap_index = 10152, .adv_w = 192, .box_w = 12, .box_h = 24, .ofs_x = 0, .ofs_y = 0},
    {.bitmap_index = 10188, .adv_w = 192, .box_w = 12, .box_h = 24, .ofs_x = 0, .ofs_y = 0},
    {.bitmap_index = 10224, .adv_w = 192, .box_w = 12, .box_h = 24, .ofs_x = 0, .ofs_y = 0},
    {.bitmap_index = 10260, .adv_w = 192, .box_w = 12, .box_h = 24, .ofs_x = 0, .ofs_y = 0},
    {.bitmap_index = 10296, .adv_w = 192, .box_w = 12, .box_h = 24, .ofs_x = 0, .ofs_y = 0},
    {.bitmap_index = 10332, .adv_w = 192, .box_w = 12, .box_h = 24, .ofs_x = 0, .ofs_y = 0},
    {.bitmap_index = 10368, .adv_w = 192, .box_w = 12, .box_h = 24, .ofs_x = 0, .ofs_y = 0},
    {.bitmap_index = 10404, .adv_w = 192, .box_w = 12, .box_h = 24, .ofs_x = 0, .ofs_y = 0},
    {.bitmap_index = 10440, .adv_w = 192, .box_w = 12, .box_h = 24, .ofs_x = 0, .ofs_y = 0},
    {.bitmap_index = 10476, .adv_w = 192, .box_w = 12, .box_h = 24, .ofs_x = 0, .ofs_y = 0},
    {.bitmap_index = 10512, .adv_w = 192, .box_w = 12, .box_h = 24, .ofs_x = 0, .ofs_y = 0},
    {.bitmap_index = 10548, .adv_w = 192, .box_w = 12, .box_h = 24, .ofs_x = 0, .ofs_y = 0},
    {.bitmap_index = 10584, .adv_w = 192, .box_w = 12, .box_h = 24, .ofs_x = 0, .ofs_y = 0},
    {.bitmap_index = 10620, .adv_w = 192, .box_w = 12, .box_h = 24, .ofs_x = 0, .ofs_y = 0},
    {.bitmap_index = 10656, .adv_w = 192, .box_w = 12, .box_h = 24, .ofs_x = 0, .ofs_y = 0},
    {.bitmap_index = 10692, .adv_w = 192, .box_w = 12, .box_h = 24, .ofs_x = 0, .ofs_y = 0},
    {.bitmap_index = 10728, .adv_w = 192, .box_w = 12, .box_h = 24, .ofs_x = 0, .ofs_y = 0},
    {.bitmap_index = 10764, .adv_w = 192, .box_w = 12, .box_h = 24, .ofs_x = 0, .ofs_y = 0},
    {.bitmap_index = 10800, .adv_w = 192, .box_w = 12, .box_h = 24, .ofs_x = 0, .ofs_y = 0},
    {.bitmap_index = 10836, .adv_w = 192, .box_w = 12, .box_h = 24, .ofs_x = 0, .ofs_y = 0},
    {.bitmap_index = 10872, .adv_w = 192, .box_w = 12, .box_h = 24, .ofs_x = 0, .ofs_y = 0},
    {.bitmap_index = 10908, .adv_w = 192, .box_w = 12, .box_h = 24, .ofs_x = 0, .ofs_y = 0},
    {.bitmap_index = 10944, .adv_w = 192, .box_w = 12, .box_h = 24, .ofs_x = 0, .ofs_y = 0},
    {.bitmap_index = 10980, .adv_w = 192, .box_w = 12, .box_h = 24, .ofs_x = 0, .ofs_y = 0},
    {.bitmap_index = 11016, .adv_w = 192, .box_w = 12, .box_h = 24, .ofs_x = 0, .ofs_y = 0},
    {.bitmap_index = 11052, .adv_w = 192, .box_w = 12, .box_h = 24, .ofs_x = 0, .ofs_y = 0},
    {.bitmap_index = 11088, .adv_w = 192, .box_w = 12, .box_h = 24, .ofs_x = 0, .ofs_y = 0},
    {.bitmap_index = 11124, .adv_w = 192, .box_w = 12, .box_h = 24, .ofs_x = 0, .ofs_y = 0},
    {.bitmap_index = 11160, .adv_w = 192, .box_w = 12, .box_h = 24, .ofs_x = 0, .ofs_y = 0},
    {.bitmap_index = 11196, .adv_w = 192, .box_w = 12, .box_h = 24, .ofs_x = 0, .ofs_y = 0},
    {.bitmap_index = 11232, .adv_w = 192, .box_w = 12, .box_h = 24, .ofs_x = 0, .ofs_y = 0},
    {.bitmap_index = 11268, .adv_w = 192, .box_w = 12, .box_h = 24, .ofs_x = 0, .ofs_y = 0},
    {.bitmap_index = 11304, .adv_w = 192, .box_w = 12, .box_h = 24, .ofs_x = 0, .ofs_y = 0},
    {.bitmap_index = 11340, .adv_w = 192, .box_w = 12, .box_h = 24, .ofs_x = 0, .ofs_y = 0},
    {.bitmap_index = 11376, .adv_w = 192, .box_w = 12, .box_h = 24, .ofs_x = 0, .ofs_y = 0},
    {.bitmap_index = 11412, .adv_w = 192, .box_w = 12, .box_h = 24, .ofs_x = 0, .ofs_y = 0},
    {.bitmap_index = 11448, .adv_w = 192, .box_w = 12, .box_h = 24, .ofs_x = 0, .ofs_y = 0},
    {.bitmap_index = 11484, .adv_w = 192, .box_w = 12, .box_h = 24, .ofs_x = 0, .ofs_y = 0},
    {.bitmap_index = 11520, .adv_w = 192, .box_w = 12, .box_h = 24, .ofs_x = 0, .ofs_y = 0},
    {.bitmap_index = 11556, .adv_w = 192, .box_w = 12, .box_h = 24, .ofs_x = 0, .ofs_y = 0},
    {.bitmap_index = 11592, .adv_w = 192, .box_w = 12, .box_h = 24, .ofs_x = 0, .ofs_y = 0},
    {.bitmap_index = 11628, .adv_w = 192, .box_w = 12, .box_h = 24, .ofs_x = 0, .ofs_y = 0},
    {.bitmap_index = 11664, .adv_w = 192, .box_w = 12, .box_h = 24, .ofs_x = 0, .ofs_y = 0},
    {.bitmap_index = 11700, .adv_w = 192, .box_w = 12, .box_h = 24, .ofs_x = 0, .ofs_y = 0},
    {.bitmap_index = 11736, .adv_w = 192, .box_w = 12, .box_h = 24, .ofs_x = 0, .ofs_y = 0},
    {.bitmap_index = 11772, .adv_w = 192, .box_w = 12, .box_h = 24, .ofs_x = 0, .ofs_y = 0},
    {.bitmap_index = 11808, .adv_w = 192, .box_w = 12, .box_h = 24, .ofs_x = 0, .ofs_y = 0},
    {.bitmap_index = 11844, .adv_w = 192, .box_w = 12, .box_h = 24, .ofs_x = 0, .ofs_y = 0},
    {.bitmap_index = 11880, .adv_w = 192, .box_w = 12, .box_h = 24, .ofs_x = 0, .ofs_y = 0},
    {.bitmap_index = 11916, .adv_w = 192, .box_w = 12, .box_h = 24, .ofs_x = 0, .ofs_y = 0},
    {.bitmap_index = 11952, .adv_w = 192, .box_w = 12, .box_h = 24, .ofs_x = 0, .ofs_y = 0},
    {.bitmap_index = 11988, .adv_w = 192, .box_w = 12, .box_h = 24, .ofs_x = 0, .ofs_y = 0},
    {.bitmap_index = 12024, .adv_w = 192, .box_w = 12, .box_h = 24, .ofs_x = 0, .ofs_y = 0},
    {.bitmap_index = 12060, .adv_w = 192, .box_w = 12, .box_h = 24, .ofs_x = 0, .ofs_y = 0},
    {.bitmap_index = 12096, .adv_w = 192, .box_w = 12, .box_h = 24, .ofs_x = 0, .ofs_y = 0},
    {.bitmap_index = 12132, .adv_w = 192, .box_w = 12, .box_h = 24, .ofs_x = 0, .ofs_y = 0},
    {.bitmap_index = 12168, .adv_w = 192, .box_w = 12, .box_h = 24, .ofs_x = 0, .ofs_y = 0},
    {.bitmap_index = 12204, .adv_w = 192, .box_w = 12, .box_h = 24, .ofs_x = 0, .ofs_y = 0},
    {.bitmap_index = 12240, .adv_w = 192, .box_w = 12, .box_h = 24, .ofs_x = 0, .ofs_y = 0},
    {.bitmap_index = 12276, .adv_w = 192, .box_w = 12, .box_h = 24, .ofs_x = 0, .ofs_y = 0},
    {.bitmap_index = 12312, .adv_w = 192, .box_w = 12, .box_h = 24, .ofs_x = 0, .ofs_y = 0},
    {.bitmap_index = 12348, .adv_w = 192, .box_w = 12, .box_h = 24, .ofs_x = 0, .ofs_y = 0},
    {.bitmap_index = 12384, .adv_w = 192, .box_w = 12, .box_h = 24, .ofs_x = 0, .ofs_y = 0},
    {.bitmap_index = 12420, .adv_w = 192, .box_w = 12, .box_h = 24, .ofs_x = 0, .ofs_y = 0},
    {.bitmap_index = 12456, .adv_w = 192, .box_w = 12, .box_h = 24, .ofs_x = 0, .ofs_y = 0},
    {.bitmap_index = 12492, .adv_w = 192, .box_w = 12, .box_h = 24, .ofs_x = 0, .ofs_y = 0},
    {.bitmap_index = 12528, .adv_w = 192, .box_w = 12, .box_h = 24, .ofs_x = 0, .ofs_y = 0},
    {.bitmap_index = 12564, .adv_w = 192, .box_w = 12, .box_h = 24, .ofs_x = 0, .ofs_y = 0},
    {.bitmap_index = 12600, .adv_w = 192, .box_w = 12, .box_h = 24, .ofs_x = 0, .ofs_y = 0},
    {.bitmap_index = 12636, .adv_w = 192, .box_w = 12, .box_h = 24, .ofs_x = 0, .ofs_y = 0},
    {.bitmap_index = 12672, .adv_w = 192, .box_w = 12, .box_h = 24, .ofs_x = 0, .ofs_y = 0},
    {.bitmap_index = 12708, .adv_w = 192, .box_w = 12, .box_h = 24, .ofs_x = 0, .ofs_y = 0},
    {.bitmap_index = 12744, .adv_w = 192, .box_w = 12, .box_h = 24, .ofs_x = 0, .ofs_y = 0},
    {.bitmap_index = 12780, .adv_w = 192, .box_w = 12, .box_h = 24, .ofs_x = 0, .ofs_y = 0},
    {.bitmap_index = 12816, .adv_w = 192, .box_w = 12, .box_h = 24, .ofs_x = 0, .ofs_y = 0},
    {.bitmap_index = 12852, .adv_w = 192, .box_w = 12, .box_h = 24, .ofs_x = 0, .ofs_y = 0},
    {.bitmap_index = 12888, .adv_w = 192, .box_w = 12, .box_h = 24, .ofs_x = 0, .ofs_y = 0},
    {.bitmap_index = 12924, .adv_w = 192, .box_w = 12, .box_h = 24, .ofs_x = 0, .ofs_y = 0},
    {.bitmap_index = 12960, .adv_w = 192, .box_w = 12, .box_h = 24, .ofs_x = 0, .ofs_y = 0},
    {.bitmap_index = 12996, .adv_w = 192, .box_w = 12, .box_h = 24, .ofs_x = 0, .ofs_y = 0},
    {.bitmap_index = 13032, .adv_w = 192, .box_w = 12, .box_h = 24, .ofs_x = 0, .ofs_y = 0},
    {.bitmap_index = 13068, .adv_w = 192, .box_w = 12, .box_h = 24, .ofs_x = 0, .ofs_y = 0},
    {.bitmap_index = 13104, .adv_w = 192, .box_w = 12, .box_h = 24, .ofs_x = 0, .ofs_y = 0},
    {.bitmap_index = 13140, .adv_w = 192, .box_w = 12, .box_h = 24, .ofs_x = 0, .ofs_y = 0},
    {.bitmap_index = 13176, .adv_w = 192, .box_w = 12, .box_h = 24, .ofs_x = 0, .ofs_y = 0},
    {.bitmap_index = 13212, .adv_w = 192, .box_w = 12, .box_h = 24, .ofs_x = 0, .ofs_y = 0},
    {.bitmap_index = 13248, .adv_w = 192, .box_w = 12, .box_h = 24, .ofs_x = 0, .ofs_y = 0},
    {.bitmap_index = 13284, .adv_w = 192, .box_w = 12, .box_h = 24, .ofs_x = 0, .ofs_y = 0},
    {.bitmap_index = 13320, .adv_w = 192, .box_w = 12, .box_h = 24, .ofs_x = 0, .ofs_y = 0},
    {.bitmap_index = 13356, .adv_w = 192, .box_w = 12, .box_h = 24, .ofs_x = 0, .ofs_y = 0},
    {.bitmap_index = 13392, .adv_w = 192, .box_w = 12, .box_h = 24, .ofs_x = 0, .ofs_y = 0},
    {.bitmap_index = 13428, .adv_w = 192, .box_w = 12, .box_h = 24, .ofs_x = 0, .ofs_y = 0},
    {.bitmap_index = 13464, .adv_w = 192, .box_w = 12, .box_h = 24, .ofs_x = 0, .ofs_y = 0},
    {.bitmap_index = 13500, .adv_w = 192, .box_w = 12, .box_h = 24, .ofs_x = 0, .ofs_y = 0},
    {.bitmap_index = 13536, .adv_w = 192, .box_w = 12, .box_h = 24, .ofs_x = 0, .ofs_y = 0},
    {.bitmap_index = 13572, .adv_w = 192, .box_w = 12, .box_h = 24, .ofs_x = 0, .ofs_y = 0},
    {.bitmap_index = 13608, .adv_w = 192, .box_w = 12, .box_h = 24, .ofs_x = 0, .ofs_y = 0},
    {.bitmap_index = 13644, .adv_w = 192, .box_w = 12, .box_h = 24, .ofs_x = 0, .ofs_y = 0},
    {.bitmap_index = 13680, .adv_w = 192, .box_w = 12, .box_h = 24, .ofs_x = 0, .ofs_y = 0},
    {.bitmap_index = 13716, .adv_w = 192, .box_w = 12, .box_h = 24, .ofs_x = 0, .ofs_y = 0},
    {.bitmap_index = 13752, .adv_w = 192, .box_w = 12, .box_h = 24, .ofs_x = 0, .ofs_y = 0},
    {.bitmap_index = 13788, .adv_w = 192, .box_w = 12, .box_h = 24, .ofs_x = 0, .ofs_y = 0},
    {.bitmap_index = 13824, .adv_w = 192, .box_w = 12, .box_h = 24, .ofs_x = 0, .ofs_y = 0},
    {.bitmap_index = 13860, .adv_w = 192, .box_w = 12, .box_h = 24, .ofs_x = 0, .ofs_y = 0},
    {.bitmap_index = 13896, .adv_w = 192, .box_w = 12, .box_h = 24, .ofs_x = 0, .ofs_y = 0},
    {.bitmap_index = 13932, .adv_w = 192, .box_w = 12, .box_h = 24, .ofs_x = 0, .ofs_y = 0},
    {.bitmap_index = 13968, .adv_w = 192, .box_w = 12, .box_h = 24, .ofs_x = 0, .ofs_y = 0},
    {.bitmap_index = 14004, .adv_w = 192, .box_w = 12, .box_h = 24, .ofs_x = 0, .ofs_y = 0},
    {.bitmap_index = 14040, .adv_w = 192, .box_w = 12, .box_h = 24, .ofs_x = 0, .ofs_y = 0},
    {.bitmap_index = 14076, .adv_w = 192, .box_w = 12, .box_h = 24, .ofs_x = 0, .ofs_y = 0},
    {.bitmap_index = 14112, .adv_w = 192, .box_w = 12, .box_h = 24, .ofs_x = 0, .ofs_y = 0},
    {.bitmap_index = 14148, .adv_w = 192, .box_w = 12, .box_h = 24, .ofs_x = 0, .ofs_y = 0},
    {.bitmap_index = 14184, .adv_w = 192, .box_w = 12, .box_h = 24, .ofs_x = 0, .ofs_y = 0},
    {.bitmap_index = 14220, .adv_w = 192, .box_w = 12, .box_h = 24, .ofs_x = 0, .ofs_y = 0},
    {.bitmap_index = 14256, .adv_w = 192, .box_w = 12, .box_h = 24, .ofs_x = 0, .ofs_y = 0},
    {.bitmap_index = 14292, .adv_w = 192, .box_w = 12, .box_h = 24, .ofs_x = 0, .ofs_y = 0},
    {.bitmap_index = 14328, .adv_w = 192, .box_w = 12, .box_h = 24, .ofs_x = 0, .ofs_y = 0},
    {.bitmap_index = 14364, .adv_w = 192, .box_w = 12, .box_h = 24, .ofs_x = 0, .ofs_y = 0},
    {.bitmap_index = 14400, .adv_w = 192, .box_w = 12, .box_h = 24, .ofs_x = 0, .ofs_y = 0},
    {.bitmap_index = 14436, .adv_w = 192, .box_w = 12, .box_h = 24, .ofs_x = 0, .ofs_y = 0},
    {.bitmap_index = 14472, .adv_w = 192, .box_w = 12, .box_h = 24, .ofs_x = 0, .ofs_y = 0},
    {.bitmap_index = 14508, .adv_w = 192, .box_w = 12, .box_h = 24, .ofs_x = 0, .ofs_y = 0},
    {.bitmap_index = 14544, .adv_w = 192, .box_w = 12, .box_h = 24, .ofs_x = 0, .ofs_y = 0},
    {.bitmap_index = 14580, .adv_w = 192, .box_w = 12, .box_h = 24, .ofs_x = 0, .ofs_y = 0},
    {.bitmap_index = 14616, .adv_w = 192, .box_w = 12, .box_h = 24, .ofs_x = 0, .ofs_y = 0},
    {.bitmap_index = 14652, .adv_w = 192, .box_w = 12, .box_h = 24, .ofs_x = 0, .ofs_y = 0},
    {.bitmap_index = 14688, .adv_w = 192, .box_w = 12, .box_h = 24, .ofs_x = 0, .ofs_y = 0},
    {.bitmap_index = 14724, .adv_w = 192, .box_w = 12, .box_h = 24, .ofs_x = 0, .ofs_y = 0},
    {.bitmap_index = 14760, .adv_w = 192, .box_w = 12, .box_h = 24, .ofs_x = 0, .ofs_y = 0},
    {.bitmap_index = 14796, .adv_w = 192, .box_w = 12, .box_h = 24, .ofs_x = 0, .ofs_y = 0},
    {.bitmap_index = 14832, .adv_w = 192, .box_w = 12, .box_h = 24, .ofs_x = 0, .ofs_y = 0},
    {.bitmap_index = 14868, .adv_w = 192, .box_w = 12, .box_h = 24, .ofs_x = 0, .ofs_y = 0},
    {.bitmap_index = 14904, .adv_w = 192, .box_w = 12, .box_h = 24, .ofs_x = 0, .ofs_y = 0},
    {.bitmap_index = 14940, .adv_w = 192, .box_w = 12, .box_h = 24, .ofs_x = 0, .ofs_y = 0},
    {.bitmap_index = 14976, .adv_w = 192, .box_w = 12, .box_h = 24, .ofs_x = 0, .ofs_y = 0},
    {.bitmap_index = 15012, .adv_w = 192, .box_w = 12, .box_h = 24, .ofs_x = 0, .ofs_y = 0},
    {.bitmap_index = 15048, .adv_w = 192, .box_w = 12, .box_h = 24, .ofs_x = 0, .ofs_y = 0},
    {.bitmap_index = 15084, .adv_w = 192, .box_w = 12, .box_h = 24, .ofs_x = 0, .ofs_y = 0},
    {.bitmap_index = 15120, .adv_w = 192, .box_w = 12, .box_h = 24, .ofs_x = 0, .ofs_y = 0},
    {.bitmap_index = 15156, .adv_w = 192, .box_w = 12, .box_h = 24, .ofs_x = 0, .ofs_y = 0},
    {.bitmap_index = 15192, .adv_w = 192, .box_w = 12, .box_h = 24, .ofs_x = 0, .ofs_y = 0},
    {.bitmap_index = 15228, .adv_w = 192, .box_w = 12, .box_h = 24, .ofs_x = 0, .ofs_y = 0},
    {.bitmap_index = 15264, .adv_w = 192, .box_w = 12, .box_h = 24, .ofs_x = 0, .ofs_y = 0},
    {.bitmap_index = 15300, .adv_w = 192, .box_w = 12, .box_h = 24, .ofs_x = 0, .ofs_y = 0},
    {.bitmap_index = 15336, .adv_w = 192, .box_w = 12, .box_h = 24, .ofs_x = 0, .ofs_y = 0},
    {.bitmap_index = 15372, .adv_w = 192, .box_w = 12, .box_h = 24, .ofs_x = 0, .ofs_y = 0},
    {.bitmap_index = 15408, .adv_w = 192, .box_w = 12, .box_h = 24, .ofs_x = 0, .ofs_y = 0},
    {.bitmap_index = 15444, .adv_w = 192, .box_w = 12, .box_h = 24, .ofs_x = 0, .ofs_y = 0},
    {.bitmap_index = 15480, .adv_w = 192, .box_w = 12, .box_h = 24, .ofs_x = 0, .ofs_y = 0},
    {.bitmap_index = 15516, .adv_w = 192, .box_w = 12, .box_h = 24, .ofs_x = 0, .ofs_y = 0},
    {.bitmap_index = 15552, .adv_w = 192, .box_w = 12, .box_h = 24, .ofs_x = 0, .ofs_y = 0},
    {.bitmap_index = 15588, .adv_w = 192, .box_w = 12, .box_h = 24, .ofs_x = 0, .ofs_y = 0},
    {.bitmap_index = 15624, .adv_w = 192, .box_w = 12, .box_h = 24, .ofs_x = 0, .ofs_y = 0},
    {.bitmap_index = 15660, .adv_w = 192, .box_w = 12, .box_h = 24, .ofs_x = 0, .ofs_y = 0},
    {.bitmap_index = 15696, .adv_w = 192, .box_w = 12, .box_h = 24, .ofs_x = 0, .ofs_y = 0},
    {.bitmap_index = 15732, .adv_w = 192, .box_w = 12, .box_h = 24, .ofs_x = 0, .ofs_y = 0},
    {.bitmap_index = 15768, .adv_w = 192, .box_w = 12, .box_h = 24, .ofs_x = 0, .ofs_y = 0},
    {.bitmap_index = 15804, .adv_w = 192, .box_w = 12, .box_h = 24, .ofs_x = 0, .ofs_y = 0},
    {.bitmap_index = 15840, .adv_w = 192, .box_w = 12, .box_h = 24, .ofs_x = 0, .ofs_y = 0},
    {.bitmap_index = 15876, .adv_w = 192, .box_w = 12, .box_h = 24, .ofs_x = 0, .ofs_y = 0},
    {.bitmap_index = 15912, .adv_w = 192, .box_w = 12, .box_h = 24, .ofs_x = 0, .ofs_y = 0},
    {.bitmap_index = 15948, .adv_w = 192, .box_w = 12, .box_h = 24, .ofs_x = 0, .ofs_y = 0},
    {.bitmap_index = 15984, .adv_w = 192, .box_w = 12, .box_h = 24, .ofs_x = 0, .ofs_y = 0},
    {.bitmap_index = 16020, .adv_w = 192, .box_w = 12, .box_h = 24, .ofs_x = 0, .ofs_y = 0},
    {.bitmap_index = 16056, .adv_w = 192, .box_w = 12, .box_h = 24, .ofs_x = 0, .ofs_y = 0},
    {.bitmap_index = 16092, .adv_w = 192, .box_w = 12, .box_h = 24, .ofs_x = 0, .ofs_y = 0},
    {.bitmap_index = 16128, .adv_w = 192, .box_w = 12, .box_h = 24, .ofs_x = 0, .ofs_y = 0},
    {.bitmap_index = 16164, .adv_w = 192, .box_w = 12, .box_h = 24, .ofs_x = 0, .ofs_y = 0},
    {.bitmap_index = 16200, .adv_w = 192, .box_w = 12, .box_h = 24, .ofs_x = 0, .ofs_y = 0},
    {.bitmap_index = 16236, .adv_w = 192, .box_w = 12, .box_h = 24, .ofs_x = 0, .ofs_y = 0},
    {.bitmap_index = 16272, .adv_w = 192, .box_w = 12, .box_h = 24, .ofs_x = 0, .ofs_y = 0},
    {.bitmap_index = 16308, .adv_w = 192, .box_w = 12, .box_h = 24, .ofs_x = 0, .ofs_y = 0},
    {.bitmap_index = 16344, .adv_w = 192, .box_w = 12, .box_h = 24, .ofs_x = 0, .ofs_y = 0},
    {.bitmap_index = 16380, .adv_w = 192, .box_w = 12, .box_h = 24, .ofs_x = 0, .ofs_y = 0},
    {.bitmap_index = 16416, .adv_w = 192, .box_w = 12, .box_h = 24, .ofs_x = 0, .ofs_y = 0},
    {.bitmap_index = 16452, .adv_w = 192, .box_w = 12, .box_h = 24, .ofs_x = 0, .ofs_y = 0},
    {.bitmap_index = 16488, .adv_w = 192, .box_w = 12, .box_h = 24, .ofs_x = 0, .ofs_y = 0},
    {.bitmap_index = 16524, .adv_w = 192, .box_w = 12, .box_h = 24, .ofs_x = 0, .ofs_y = 0},
    {.bitmap_index = 16560, .adv_w = 192, .box_w = 12, .box_h = 24, .ofs_x = 0, .ofs_y = 0},
    {.bitmap_index = 16596, .adv_w = 192, .box_w = 12, .box_h = 24, .ofs_x = 0, .ofs_y = 0},
    {.bitmap_index = 16632, .adv_w = 192, .box_w = 12, .box_h = 24, .ofs_x = 0, .ofs_y = 0},
    {.bitmap_index = 16668, .adv_w = 192, .box_w = 12, .box_h = 24, .ofs_x = 0, .ofs_y = 0},
    {.bitmap_index = 16704, .adv_w = 192, .box_w = 12, .box_h = 24, .ofs_x = 0, .ofs_y = 0},
    {.bitmap_index = 16740, .adv_w = 192, .box_w = 12, .box_h = 24, .ofs_x = 0, .ofs_y = 0},
    {.bitmap_index = 16776, .adv_w = 192, .box_w = 12, .box_h = 24, .ofs_x = 0, .ofs_y = 0},
    {.bitmap_index = 16812, .adv_w = 192, .box_w = 12, .box_h = 24, .ofs_x = 0, .ofs_y = 0},
    {.bitmap_index = 16848, .adv_w = 192, .box_w = 12, .box_h = 24, .ofs_x = 0, .ofs_y = 0},
    {.bitmap_index = 16884, .adv_w = 192, .box_w = 12, .box_h = 24, .ofs_x = 0, .ofs_y = 0},
    {.bitmap_index = 16920, .adv_w = 192, .box_w = 12, .box_h = 24, .ofs_x = 0, .ofs_y = 0},
    {.bitmap_index = 16956, .adv_w = 192, .box_w = 12, .box_h = 24, .ofs_x = 0, .ofs_y = 0},
    {.bitmap_index = 16992, .adv_w = 192, .box_w = 12, .box_h = 24, .ofs_x = 0, .ofs_y = 0},
    {.bitmap_index = 17028, .adv_w = 192, .box_w = 12, .box_h = 24, .ofs_x = 0, .ofs_y = 0},
    {.bitmap_index = 17064, .adv_w = 192, .box_w = 12, .box_h = 24, .ofs_x = 0, .ofs_y = 0},
    {.bitmap_index = 17100, .adv_w = 192, .box_w = 12, .box_h = 24, .ofs_x = 0, .ofs_y = 0},
    {.bitmap_index = 17136, .adv_w = 192, .box_w = 12, .box_h = 24, .ofs_x = 0, .ofs_y = 0},
    {.bitmap_index = 17172, .adv_w = 192, .box_w = 12, .box_h = 24, .ofs_x = 0, .ofs_y = 0},
    {.bitmap_index = 17208, .adv_w = 192, .box_w = 12, .box_h = 24, .ofs_x = 0, .ofs_y = 0},
    {.bitmap_index = 17244, .adv_w = 192, .box_w = 12, .box_h = 24, .ofs_x = 0, .ofs_y = 0},
    {.bitmap_index = 17280, .adv_w = 192, .box_w = 12, .box_h = 24, .ofs_x = 0, .ofs_y = 0},
};

static const lv_font_fmt_txt_cmap_t cmaps_12x24[] = {
    {.range_start = 0x20, .range_length = 96, .glyph_id_start = 1, .unicode_list = NULL, .glyph_id_ofs_list = NULL, .list_length = 0, .type = LV_FONT_FMT_TXT_CMAP_FORMAT0_TINY},
    {.range_start = 0x2500, .range_length = 128, .glyph_id_start = 97, .unicode_list = NULL, .glyph_id_ofs_list = NULL, .list_length = 0, .type = LV_FONT_FMT_TXT_CMAP_FORMAT0_TINY},
    {.range_start = 0x2600, .range_length = 256, .glyph_id_start = 225, .unicode_list = NULL, .glyph_id_ofs_list = NULL, .list_length = 0, .type = LV_FONT_FMT_TXT_CMAP_FORMAT0_TINY},
};

static const lv_font_fmt_txt_dsc_t fdsc_12x24 = {
    .glyph_bitmap = bitmap_12x24,
    .glyph_dsc = dsc_12x24,
    .cmaps = cmaps_12x24,
    .kern_dsc = NULL,
    .kern_scale = 0,
    .cmap_num = 3,
    .bpp = 1,
    .kern_classes = 0,
    .bitmap_format = 0,
};

const lv_font_t lv_font_tui_12x24 = {
    .get_glyph_dsc = lv_font_get_glyph_dsc_fmt_txt,
    .get_glyph_bitmap = lv_font_get_bitmap_fmt_txt,
    .line_height = 24,
    .base_line = 0,
    .subpx = LV_FONT_SUBPX_NONE,
    .underline_position = 0,
    .underline_thickness = 0,
    .dsc = &fdsc_12x24,
};

static LV_ATTRIBUTE_LARGE_CONST const uint8_t bitmap_12x20[] = {
    0x00, 0x00, 0x00, 0x00, 0x00, 0x00, 0x00, 0x00, 0x00, 0x00, 0x00, 0x00,
    0x00, 0x00, 0x00, 0x00, 0x00, 0x00, 0x00, 0x00, 0x00, 0x00, 0x00, 0x00,
    0x00, 0x00, 0x00, 0x00, 0x00, 0x00, 0x00, 0x00, 0x00, 0x00, 0x00, 0x00,
    0x00, 0x00, 0x00, 0x00, 0x00, 0x00, 0x00, 0x00, 0x00, 0x00, 0x00, 0x00,
    0x00, 0x00, 0x00, 0x00, 0x00, 0x00, 0x00, 0x00, 0x00, 0x00, 0x00, 0x00,
    0x0f, 0x00, 0xf0, 0x0f, 0x00, 0xf0, 0x0f, 0x00, 0xf0, 0x0f, 0x00, 0xf0,
    0x0f, 0x00, 0xf0, 0x06, 0x00, 0xf0, 0x06, 0x00, 0x00, 0x00, 0x00, 0x60,
    0x0f, 0x00, 0x00, 0x00, 0x00, 0x00, 0x39, 0xc3, 0x9c, 0x39, 0xc3, 0x9c,
    0x39, 0xc3, 0x0c, 0x79, 0xe3, 0x0c, 0x00, 0x00, 0x00, 0x00, 0x00, 0x00,
    0x00, 0x00, 0x00, 0x00, 0x00, 0x00, 0x00, 0x00, 0x00, 0x00, 0x00, 0x00,
    0x33, 0x83, 0x38, 0x7b, 0x83, 0x38, 0x7b, 0x8f, 0xfc, 0xff, 0xef, 0xfc,
    0x33, 0x87, 0xb8, 0xff, 0xcf, 0xfe, 0x7b, 0x83, 0x38, 0x73, 0x83, 0x38,
    0x7b, 0x83, 0x30, 0x00, 0x00, 0x00, 0x0f, 0x00, 0x60, 0x0f, 0x01, 0xfe,
    0x1f, 0xc3, 0x80, 0x70, 0x01, 0xf8, 0x1f, 0x81, 0xf8, 0x01, 0xc0, 0x0e,
    0x0f, 0x87, 0xf8, 0x3f, 0x80, 0xf0, 0x0f, 0x00, 0x60, 0x00, 0x00, 0x00,
    0x00, 0x00, 0x00, 0xc0, 0x8e, 0x1e, 0xe1, 0xce, 0x38, 0xe3, 0x8c, 0x70,
    0x0e, 0x00, 0xe0, 0x1c, 0x01, 0xc0, 0x38, 0xc7, 0x1e, 0x70, 0xce, 0x0c,
    0xe1, 0xe0, 0x0c, 0x00, 0x00, 0x00, 0x1f, 0x01, 0xe0, 0x3f, 0x07, 0x38,
    0x3b, 0x81, 0xf0, 0x1e, 0x03, 0xf8, 0x7c, 0xe7, 0xdc, 0xef, 0x8e, 0xf8,
    0xe7, 0x8e, 0x38, 0xe3, 0x87, 0xdc, 0x7d, 0xe2, 0x08, 0x00, 0x00, 0x00,
    0x0f, 0x00, 0xf0, 0x0e, 0x00, 0x70, 0x0e, 0x01, 0xc0, 0x1c, 0x00, 0x00,
    0x00, 0x00, 0x00, 0x00, 0x00, 0x00, 0x00, 0x00, 0x00, 0x00, 0x00, 0x00,
    0x00, 0x00, 0x00, 0x00, 0x00, 0x00, 0x03, 0x80, 0x38, 0x07, 0x00, 0xe0,
    0x0e, 0x01, 0xc0, 0x1c, 0x01, 0xc0, 0x1c, 0x01, 0xc0, 0x1c, 0x01, 0xc0,
    0x0e, 0x00, 0x70, 0x07, 0x00, 0x38, 0x03, 0x80, 0x10, 0x00, 0x00, 0x00,
    0x1c, 0x01, 0xc0, 0x0e, 0x00, 0x70, 0x07, 0x00, 0x38, 0x03, 0x80, 0x38,
    0x03, 0x80, 0x38, 0x03, 0x80, 0x38, 0x07, 0x00, 0xe0, 0x0e, 0x01, 0xc0,
    0x1c, 0x00, 0x80, 0x00, 0x00, 0x00, 0x00, 0x00, 0x00, 0x10, 0x87, 0x9e,
    0x39, 0xc1, 0xf8, 0x1f, 0x83, 0xfc, 0xff, 0xff, 0xff, 0x1f, 0x81, 0xf8,
    0x3f, 0xc7, 0x0e, 0x30, 0xc0, 0x00, 0x00, 0x00, 0x00, 0x00, 0x00, 0x00,
    0x00, 0x00, 0x00, 0x06, 0x00, 0xf0, 0x06, 0x00, 0xf0, 0x06, 0x00, 0xf0,
    0x7f, 0xe3, 0xfc, 0x0f, 0x00, 0x60, 0x0f, 0x00, 0xf0, 0x06, 0x00, 0x00,
    0x00, 0x00, 0x00, 0x00, 0x00, 0x00, 0x00, 0x00, 0x00, 0x00, 0x00, 0x00,
    0x00, 0x00, 0x00, 0x00, 0x00, 0x00, 0x00, 0x00, 0x00, 0x00, 0x00, 0x00,
    0x06, 0x00, 0xf0, 0x06, 0x00, 0xe0, 0x07, 0x00, 0xe0, 0x1c, 0x01, 0xc0,
    0x00, 0x00, 0x00, 0x00, 0x00, 0x00, 0x00, 0x00, 0x00, 0x00, 0x00, 0x00,
    0x7f, 0xe3, 0xfc, 0x00, 0x00, 0x00, 0x00, 0x00, 0x00, 0x00, 0x00, 0x00,
    0x00, 0x00, 0x00, 0x00, 0x00, 0x00, 0x00, 0x00, 0x00, 0x00, 0x00, 0x00,
    0x00, 0x00, 0x00, 0x00, 0x00, 0x00, 0x00, 0x00, 0x00, 0x00, 0x00, 0x00,
    0x06, 0x00, 0xf0, 0x06, 0x00, 0x60, 0x0f, 0x00, 0x60, 0x00, 0x00, 0x00,
    0x00, 0x70, 0x07, 0x00, 0xe0, 0x1c, 0x01, 0xc0, 0x38, 0x03, 0x80, 0x70,
    0x0e, 0x00, 0xe0, 0x1c, 0x01, 0xc0, 0x38, 0x07, 0x00, 0x70, 0x0e, 0x00,
    0xe0, 0x00, 0x00, 0x00, 0x00, 0x00, 0x1f, 0x81, 0xf8, 0x3b, 0xc7, 0x0e,
    0x39, 0xc3, 0xbc, 0x33, 0xc3, 0x9c, 0x3c, 0xc3, 0xcc, 0x39, 0xc3, 0x1c,
    0x39, 0xc7, 0x0e, 0x39, 0xc1, 0xf8, 0x1f, 0x80, 0x90, 0x00, 0x00, 0x00,
    0x0f, 0x00, 0x70, 0x0f, 0x01, 0xf0, 0x1f, 0x00, 0xf0, 0x07, 0x00, 0xf0,
    0x0f, 0x00, 0xf0, 0x0f, 0x00, 0xf0, 0x0f, 0x00, 0x60, 0x0f, 0x03, 0xfc,
    0x7f, 0xe0, 0xf0, 0x00, 0x00, 0x00, 0x1f, 0x81, 0xf8, 0x3b, 0xc7, 0x0e,
    0x31, 0xc0, 0x38, 0x03, 0x80, 0x70, 0x0e, 0x00, 0xe0, 0x1c, 0x01, 0xc0,
    0x3c, 0x07, 0x00, 0x38, 0x03, 0xfc, 0x7f, 0xe3, 0x80, 0x00, 0x00, 0x00,
    0x1f, 0x81, 0xf8, 0x39, 0xc7, 0x0e, 0x31, 0xc0, 0x1c, 0x00, 0xe0, 0x1c,
    0x0f, 0x80, 0x78, 0x01, 0xc0, 0x0e, 0x01, 0xc7, 0x8e, 0x39, 0xc1, 0xf8,
    0x1f, 0x80, 0x90, 0x00, 0x00, 0x00, 0x0f, 0x80, 0x78, 0x0f, 0x81, 0xf8,
    0x1f, 0x83, 0xb8, 0x3b, 0x8f, 0x38, 0xe3, 0x8e, 0x38, 0xff, 0xcf, 0xfe,
    0xc3, 0x80, 0x38, 0x03, 0x80, 0x38, 0x03, 0x80, 0x10, 0x00, 0x00, 0x00,
    0x3f, 0xc3, 0xfe, 0x3f, 0x83, 0x00, 0x38, 0x03, 0xf8, 0x7f, 0x82, 0x1c,
    0x00, 0xe0, 0x1c, 0x01, 0xc0, 0x1c, 0x01, 0xc7, 0x8e, 0x39, 0xc1, 0xf8,
    0x1f, 0x80, 0x90, 0x00, 0x00, 0x00, 0x0f, 0x80, 0x78, 0x0c, 0x01, 0xc0,
    0x1c, 0x03, 0x80, 0x70, 0x03, 0x80, 0x3f, 0x83, 0xf8, 0x39, 0xc3, 0x0e,
    0x39, 0xc7, 0x0e, 0x39, 0xc1, 0xf8, 0x1f, 0x80, 0x90, 0x00, 0x00, 0x00,
    0x3f, 0xc7, 0xfc, 0x01, 0xc0, 0x0c, 0x01, 0xc0, 0x1c, 0x00, 0xe0, 0x1c,
    0x03, 0x80, 0x38, 0x07, 0x00, 0xe0, 0x07, 0x00, 0xf0, 0x0f, 0x00, 0x60,
    0x0f, 0x00, 0x60, 0x00, 0x00, 0x00, 0x1f, 0x81, 0xf8, 0x39, 0xc7, 0x0e,
    0x39, 0xc3, 0x9c, 0x70, 0xe3, 0x9c, 0x1f, 0x81, 0xf8, 0x39, 0xc7, 0x0e,
    0x39, 0xc7, 0x0e, 0x39, 0xc1, 0xf8, 0x1f, 0x80, 0x90, 0x00, 0x00, 0x00,
    0x1f, 0x81, 0xf8, 0x39, 0xc7, 0x0e, 0x39, 0xc3, 0x9c, 0x70, 0xc3, 0x9c,
    0x1f, 0xc1, 0xfc, 0x01, 0xc0, 0x0e, 0x03, 0xc0, 0x38, 0x03, 0x81, 0xf0,
    0x1f, 0x00, 0x20, 0x00, 0x00, 0x00, 0x00, 0x00, 0x00, 0x06, 0x00, 0xf0,
    0x06, 0x00, 0x60, 0x0f, 0x00, 0x60, 0x00, 0x00, 0x00, 0x00, 0x00, 0x00,
    0x06, 0x00, 0xf0, 0x06, 0x00, 0x60, 0x0f, 0x00, 0x60, 0x00, 0x00, 0x00,
    0x00, 0x00, 0x00, 0x06, 0x00, 0xf0, 0x06, 0x00, 0x60, 0x0f, 0x00, 0x60,
    0x00, 0x00, 0x00, 0x00, 0x00, 0x00, 0x06, 0x00, 0xf0, 0x06, 0x00, 0xe0,
    0x07, 0x00, 0xe0, 0x1c, 0x01, 0xc0, 0x03, 0x80, 0x38, 0x07, 0x00, 0xe0,
    0x0e, 0x01, 0xc0, 0x1c, 0x01, 0xc0, 0x70, 0x03, 0x80, 0x1c, 0x01, 0xc0,
    0x0e, 0x00, 0x70, 0x07, 0x00, 0x38, 0x03, 0x80, 0x10, 0x00, 0x00, 0x00,
    0x00, 0x00, 0x00, 0x00, 0x00, 0x00, 0x00, 0x03, 0xfc, 0x7f, 0xe2, 0xf4,
    0x00, 0x00, 0x00, 0x3f, 0xc7, 0xfe, 0x00, 0x00, 0x00, 0x00, 0x00, 0x00,
    0x00, 0x00, 0x00, 0x00, 0x00, 0x00, 0x38, 0x07, 0x00, 0x38, 0x01, 0xc0,
    0x1c, 0x00, 0xe0, 0x0e, 0x00, 0x70, 0x03, 0x80, 0x38, 0x07, 0x00, 0x70,
    0x0e, 0x01, 0xc0, 0x1c, 0x03, 0x80, 0x78, 0x01, 0x00, 0x00, 0x00, 0x00,
    0x1f, 0x81, 0xf8, 0x39, 0xc7, 0x0e, 0x31, 0xc0, 0x1c, 0x00, 0xe0, 0x1c,
    0x03, 0x80, 0x38, 0x07, 0x00, 0xf0, 0x06, 0x00, 0x00, 0x00, 0x00, 0x60,
    0x0f, 0x00, 0x00, 0x00, 0x00, 0x00, 0x7f, 0x83, 0xf8, 0xe7, 0xce, 0x0e,
    0xe1, 0xce, 0x7c, 0xef, 0xce, 0x7c, 0xe7, 0xce, 0x7c, 0xe7, 0xce, 0xfe,
    0xe7, 0xce, 0x00, 0xe0, 0x07, 0xf8, 0x7f, 0x82, 0x00, 0x00, 0x00, 0x00,
    0x0f, 0x00, 0x60, 0x0f, 0x01, 0xf8, 0x1f, 0x83, 0x9c, 0x70, 0xe3, 0x9c,
    0x30, 0xc3, 0x9c, 0x3f, 0xc3, 0xfc, 0x39, 0xc3, 0x0c, 0x39, 0xc3, 0x0c,
    0x79, 0xe3, 0x0c, 0x00, 0x00, 0x00, 0x3f, 0x83, 0xf8, 0x39, 0xc3, 0x0e,
    0x39, 0xc3, 0x9c, 0x30, 0xe3, 0x9c, 0x3f, 0x83, 0xf8, 0x39, 0xc3, 0x0e,
    0x39, 0xc3, 0x0e, 0x39, 0xc3, 0xf8, 0x7f, 0x83, 0x90, 0x00, 0x00, 0x00,
    0x1f, 0x81, 0xf8, 0x39, 0xc7, 0x0e, 0x38, 0xc3, 0x80, 0x38, 0x03, 0x80,
    0x38, 0x03, 0x80, 0x38, 0x03, 0x80, 0x38, 0x07, 0x1e, 0x39, 0xc1, 0xf8,
    0x1f, 0x80, 0x90, 0x00, 0x00, 0x00, 0x3f, 0x03, 0xe0, 0x3b, 0x03, 0x38,
    0x33, 0x83, 0x9c, 0x38, 0xe3, 0x9c, 0x39, 0xc3, 0x9c, 0x39, 0xc3, 0x8e,
    0x39, 0xc3, 0x38, 0x3b, 0x83, 0xf0, 0x7f, 0x03, 0x20, 0x00, 0x00, 0x00,
    0x3f, 0xc3, 0xfe, 0x38, 0x03, 0x00, 0x38, 0x03, 0x80, 0x30, 0x03, 0x80,
    0x3f, 0x83, 0xf8, 0x38, 0x03, 0x00, 0x38, 0x03, 0x00, 0x38, 0x03, 0xfc,
    0x7f, 0xe3, 0x80, 0x00, 0x00, 0x00, 0x3f, 0xc3, 0xfe, 0x38, 0x03, 0x00,
    0x38, 0x03, 0x80, 0x30, 0x03, 0x80, 0x3f, 0x83, 0xf8, 0x38, 0x03, 0x00,
    0x38, 0x03, 0x80, 0x38, 0x03, 0x00, 0x78, 0x03, 0x00, 0x00, 0x00, 0x00,
    0x1f, 0x81, 0xf8, 0x39, 0xc7, 0x0e, 0x38, 0xc3, 0x80, 0x38, 0x03, 0x1c,
    0x33, 0xe3, 0x3c, 0x39, 0xc3, 0x8c, 0x39, 0xc7, 0x0c, 0x39, 0xc1, 0xfc,
    0x1f, 0xe0, 0x9c, 0x00, 0x00, 0x00, 0x39, 0xc3, 0x9c, 0x39, 0xc3, 0x9c,
    0x39, 0xc3, 0x9c, 0x30, 0xc3, 0x9c, 0x3f, 0xc3, 0xfc, 0x39, 0xc3, 0x0c,
    0x39, 0xc3, 0x9c, 0x39, 0xc3, 0x0c, 0x79, 0xe3, 0x0c, 0x00, 0x00, 0x00,
    0x3f, 0xc7, 0xfe, 0x0f, 0x00, 0x60, 0x0f, 0x00, 0xf0, 0x0f, 0x00, 0xf0,
    0x0f, 0x00, 0xf0, 0x0f, 0x00, 0xf0, 0x0f, 0x00, 0x60, 0x0f, 0x03, 0xfc,
    0x7f, 0xe0, 0xf0, 0x00, 0x00, 0x00, 0x01, 0xc0, 0x1c, 0x01, 0xc0, 0x1c,
    0x01, 0xc0, 0x1c, 0x01, 0xc0, 0x1c, 0x01, 0xc0, 0x1c, 0x01, 0xc0, 0x1c,
    0x01, 0xc7, 0x8e, 0x39, 0xc1, 0xf8, 0x1f, 0x80, 0x90, 0x00, 0x00, 0x00,
    0xe1, 0xce, 0x0e, 0xe1, 0xce, 0x38, 0xe3, 0x8e, 0x70, 0xe7, 0x0e, 0xe0,
    0xfc, 0x0f, 0xc0, 0xee, 0x0e, 0xe0, 0xe7, 0x0e, 0x38, 0xe3, 0x8e, 0x1c,
    0xe1, 0xec, 0x08, 0x00, 0x00, 0x00, 0x38, 0x03, 0x80, 0x38, 0x03, 0x80,
    0x38, 0x03, 0x80, 0x38, 0x03, 0x80, 0x38, 0x03, 0x80, 0x38, 0x03, 0x80,
    0x38, 0x03, 0x00, 0x38, 0x03, 0xfc, 0x7f, 0xe3, 0x80, 0x00, 0x00, 0x00,
    0xe1, 0xce, 0x0c, 0xf3, 0xcf, 0xbc, 0xfb, 0xcf, 0xfc, 0xff, 0xcf, 0xdc,
    0xe4, 0xce, 0x4c, 0xe1, 0xce, 0x1c, 0xe1, 0xce, 0x1c, 0xe1, 0xce, 0x0c,
    0xe1, 0xec, 0x0c, 0x00, 0x00, 0x00, 0xe1, 0xce, 0x1c, 0xf1, 0xcf, 0x9c,
    0xf9, 0xcf, 0xcc, 0xfc, 0xcf, 0xdc, 0xe7, 0xce, 0x7c, 0xe3, 0xce, 0x3c,
    0xe1, 0xce, 0x0c, 0xe1, 0xce, 0x0c, 0xe1, 0xec, 0x0c, 0x00, 0x00, 0x00,
    0x1f, 0x81, 0xf8, 0x39, 0xc7, 0x0e, 0x39, 0xc3, 0x9c, 0x39, 0xc3, 0x9c,
    0x39, 0xc3, 0x9c, 0x39, 0xc3, 0x9c, 0x39, 0xc7, 0x0e, 0x39, 0xc1, 0xf8,
    0x1f, 0x80, 0x90, 0x00, 0x00, 0x00, 0x3f, 0x83, 0xf8, 0x39, 0xc3, 0x0e,
    0x39, 0xc3, 0x9c, 0x30, 0xe3, 0x9c, 0x3f, 0x83, 0xf8, 0x38, 0x03, 0x00,
    0x38, 0x03, 0x80, 0x38, 0x03, 0x00, 0x78, 0x03, 0x00, 0x00, 0x00, 0x00,
    0x1f, 0x81, 0xf8, 0x39, 0xc7, 0x0e, 0x39, 0xc3, 0x9c, 0x39, 0xc3, 0x9c,
    0x39, 0xc3, 0x9c, 0x39, 0xc3, 0x8e, 0x39, 0xc7, 0x38, 0x3b, 0x81, 0xdc,
    0x1d, 0xe0, 0x08, 0x00, 0x00, 0x00, 0x3f, 0x83, 0xf8, 0x39, 0xc3, 0x0e,
    0x39, 0xc3, 0x9c, 0x30, 0xe3, 0x9c, 0x3f, 0x83, 0xf8, 0x3b, 0x83, 0x38,
    0x39, 0xc3, 0x8e, 0x39, 0xc3, 0x0c, 0x79, 0xe3, 0x0c, 0x00, 0x00, 0x00,
    0x1f, 0x81, 0xf8, 0x39, 0xc7, 0x0e, 0x38, 0xc3, 0x80, 0x70, 0x03, 0x98,
    0x1f, 0x81, 0xf8, 0x01, 0xc0, 0x0e, 0x11, 0xc7, 0x8e, 0x39, 0xc1, 0xf8,
    0x1f, 0x80, 0x90, 0x00, 0x00, 0x00, 0x3f, 0xc7, 0xfe, 0x0f, 0x00, 0x60,
    0x0f, 0x00, 0xf0, 0x0f, 0x00, 0xf0, 0x0f, 0x00, 0xf0, 0x0f, 0x00, 0xf0,
    0x0f, 0x00, 0xf0, 0x0f, 0x00, 0x60, 0x0f, 0x00, 0x60, 0x00, 0x00, 0x00,
    0x39, 0xc3, 0x9c, 0x39, 0xc3, 0x9c, 0x39, 0xc3, 0x9c, 0x39, 0xc3, 0x9c,
    0x39, 0xc3, 0x9c, 0x39, 0xc3, 0x9c, 0x39, 0xc7, 0x0e, 0x39, 0xc1, 0xf8,
    0x1f, 0x80, 0x90, 0x00, 0x00, 0x00, 0x39, 0xc3, 0x9c, 0x39, 0xc3, 0x9c,
    0x39, 0xc3, 0x9c, 0x39, 0xc3, 0x9c, 0x39, 0xc3, 0x9c, 0x39, 0xc7, 0x0e,
    0x3f, 0xc1, 0xf8, 0x1f, 0x80, 0xf0, 0x0f, 0x00, 0x60, 0x00, 0x00, 0x00,
    0xe1, 0xce, 0x1c, 0xe1, 0xce, 0x1c, 0xe1, 0xce, 0x1c, 0xe1, 0xce, 0x5c,
    0xec, 0xce, 0xdc, 0xff, 0xcf, 0xfc, 0xff, 0xcf, 0x3c, 0xf3, 0xce, 0x1c,
    0xe1, 0xec, 0x0c, 0x00, 0x00, 0x00, 0xe0, 0x7e, 0x07, 0x70, 0xe3, 0x9c,
    0x39, 0xc1, 0xf8, 0x1f, 0x81, 0xf8, 0x06, 0x00, 0xf0, 0x1f, 0x81, 0xf8,
    0x3f, 0xc7, 0x0e, 0x70, 0xee, 0x07, 0xe0, 0x70, 0x00, 0x00, 0x00, 0x00,
    0xe0, 0x7e, 0x07, 0x70, 0xe3, 0x9c, 0x39, 0xc1, 0xf8, 0x1f, 0x80, 0xf0,
    0x06, 0x00, 0xf0, 0x0f, 0x00, 0xf0, 0x0f, 0x00, 0xf0, 0x0f, 0x00, 0x60,
    0x0f, 0x00, 0x60, 0x00, 0x00, 0x00, 0x3f, 0xc7, 0xfc, 0x03, 0xc0, 0x0e,
    0x01, 0xc0, 0x38, 0x03, 0x80, 0x70, 0x0e, 0x00, 0xe0, 0x1c, 0x01, 0xc0,
    0x3c, 0x07, 0x00, 0x38, 0x03, 0xfc, 0x7f, 0xe3, 0x80, 0x00, 0x00, 0x00,
    0x1f, 0x81, 0xf8, 0x1e, 0x01, 0xc0, 0x1c, 0x01, 0xc0, 0x1c, 0x01, 0xc0,
    0x1c, 0x01, 0xc0, 0x1c, 0x01, 0xc0, 0x1c, 0x01, 0xc0, 0x1c, 0x01, 0xf8,
    0x1f, 0x80, 0xc0, 0x00, 0x00, 0x00, 0xe0, 0x0e, 0x00, 0x70, 0x03, 0x80,
    0x38, 0x01, 0xc0, 0x1c, 0x00, 0xe0, 0x07, 0x00, 0x70, 0x03, 0x80, 0x38,
    0x01, 0xc0, 0x0e, 0x00, 0xe0, 0x07, 0x00, 0x70, 0x00, 0x00, 0x00, 0x00,
    0x1f, 0x81, 0xf8, 0x07, 0x80, 0x38, 0x03, 0x80, 0x38, 0x03, 0x80, 0x38,
    0x03, 0x80, 0x38, 0x03, 0x80, 0x38, 0x03, 0x80, 0x38, 0x03, 0x81, 0xf8,
    0x1f, 0x80, 0x30, 0x00, 0x00, 0x00, 0x0c, 0x00, 0x40, 0x0e, 0x01, 0xf0,
    0x1f, 0x03, 0xb8, 0x3b, 0x87, 0x18, 0xe0, 0xee, 0x0c, 0x00, 0x00, 0x00,
    0x00, 0x00, 0x00, 0x00, 0x00, 0x00, 0x00, 0x00, 0x00, 0x00, 0x00, 0x00,
    0x00, 0x00, 0x00, 0x00, 0x00, 0x00, 0x00, 0x00, 0x00, 0x00, 0x00, 0x00,
    0x00, 0x00, 0x00, 0x00, 0x00, 0x00, 0x00, 0x00, 0x00, 0x00, 0x00, 0x00,
    0x00, 0x00, 0x00, 0xff, 0xff, 0xff, 0x07, 0x00, 0xe0, 0x07, 0x00, 0x38,
    0x03, 0x80, 0x1c, 0x01, 0xe0, 0x00, 0x00, 0x00, 0x00, 0x00, 0x00, 0x00,
    0x00, 0x00, 0x00, 0x00, 0x00, 0x00, 0x00, 0x00, 0x00, 0x00, 0x00, 0x00,
    0x00, 0x00, 0x00, 0x00, 0x00, 0x00, 0x00, 0x01, 0xf8, 0x1f, 0x80, 0xfc,
    0x00, 0xe0, 0x1c, 0x1f, 0xc1, 0xfc, 0x1f, 0xc7, 0x0c, 0x39, 0xc1, 0xfc,
    0x1f, 0xe0, 0x9c, 0x00, 0x00, 0x00, 0x38, 0x03, 0x80, 0x38, 0x03, 0x00,
    0x38, 0x03, 0xf8, 0x3f, 0x83, 0x9c, 0x30, 0xe3, 0x9c, 0x39, 0xc3, 0x9c,
    0x39, 0xc3, 0x0e, 0x39, 0xc3, 0xf8, 0x7f, 0x83, 0x90, 0x00, 0x00, 0x00,
    0x00, 0x00, 0x00, 0x00, 0x00, 0x00, 0x00, 0x01, 0xf8, 0x1f, 0x83, 0x80,
    0x70, 0x03, 0x80, 0x38, 0x03, 0x80, 0x38, 0x07, 0x00, 0x38, 0x01, 0xf8,
    0x1f, 0x80, 0x80, 0x00, 0x00, 0x00, 0x01, 0xc0, 0x1c, 0x01, 0xc0, 0x0c,
    0x01, 0xc1, 0xfc, 0x1f, 0xc3, 0x9c, 0x70, 0xc3, 0x9c, 0x39, 0xc3, 0x9c,
    0x39, 0xc7, 0x0c, 0x39, 0xc1, 0xfc, 0x1f, 0xe0, 0x9c, 0x00, 0x00, 0x00,
    0x00, 0x00, 0x00, 0x00, 0x00, 0x00, 0x00, 0x01, 0xf8, 0x1f, 0x83, 0xfc,
    0x70, 0xe3, 0x9c, 0x3f, 0xc3, 0xfe, 0x3f, 0xc7, 0x00, 0x38, 0x01, 0xf8,
    0x1f, 0x80, 0x80, 0x00, 0x00, 0x00, 0x0f, 0x80, 0x78, 0x0f, 0x01, 0xc0,
    0x1c, 0x03, 0xf8, 0x7f, 0x81, 0xc0, 0x1c, 0x01, 0xc0, 0x1c, 0x01, 0xc0,
    0x1c, 0x01, 0xc0, 0x1c, 0x01, 0xc0, 0x1c, 0x00, 0x80, 0x00, 0x00, 0x00,
    0x00, 0x00, 0x00, 0x00, 0x00, 0x00, 0x00, 0x01, 0xfc, 0x1f, 0xe3, 0x9c,
    0x70, 0xc3, 0x9c, 0x39, 0xc7, 0x0c, 0x39, 0xc1, 0xfc, 0x1f, 0xc0, 0x1c,
    0x00, 0xe1, 0xfc, 0x7f, 0x83, 0xf8, 0x38, 0x03, 0x80, 0x38, 0x03, 0x00,
    0x38, 0x03, 0xf8, 0x3f, 0x83, 0x9c, 0x30, 0xe3, 0x9c, 0x39, 0xc3, 0x9c,
    0x39, 0xc3, 0x9c, 0x39, 0xc3, 0x0c, 0x79, 0xe3, 0x0c, 0x00, 0x00, 0x00,
    0x06, 0x00, 0xf0, 0x06, 0x00, 0x00, 0x00, 0x01, 0xe0, 0x1f, 0x00, 0xe0,
    0x07, 0x00, 0xf0, 0x0f, 0x00, 0xf0, 0x0f, 0x00, 0xe0, 0x0f, 0x00, 0x7c,
    0x0f, 0xe0, 0x70, 0x00, 0x00, 0x00, 0x03, 0x80, 0x38, 0x01, 0x00, 0x00,
    0x00, 0x00, 0x38, 0x03, 0x80, 0x38, 0x03, 0x80, 0x38, 0x03, 0x80, 0x38,
    0x03, 0x80, 0x38, 0x03, 0x80, 0x38, 0x03, 0x80, 0x30, 0x7e, 0x03, 0xf0,
    0x38, 0x03, 0x80, 0x38, 0x03, 0x80, 0x38, 0x03, 0x8c, 0x38, 0xe3, 0x98,
    0x33, 0x83, 0xb8, 0x3f, 0x03, 0xe0, 0x3b, 0x83, 0x38, 0x33, 0x83, 0x1c,
    0x79, 0xe3, 0x08, 0x00, 0x00, 0x00, 0x1f, 0x01, 0xf0, 0x0f, 0x00, 0x70,
    0x0f, 0x00, 0xf0, 0x0f, 0x00, 0xf0, 0x0f, 0x00, 0xf0, 0x0f, 0x00, 0xf0,
    0x0f, 0x00, 0xe0, 0x0f, 0x00, 0x7c, 0x0f, 0xe0, 0x70, 0x00, 0x00, 0x00,
    0x00, 0x00, 0x00, 0x00, 0x00, 0x00, 0x00, 0x0e, 0x38, 0xe3, 0x8e, 0x7c,
    0xff, 0xef, 0xfc, 0xed, 0xce, 0x4c, 0xed, 0xce, 0xcc, 0xe4, 0xce, 0x0c,
    0xe1, 0xec, 0x0c, 0x00, 0x00, 0x00, 0x00, 0x00, 0x00, 0x00, 0x00, 0x00,
    0x00, 0x03, 0xf8, 0x7f, 0x83, 0x9c, 0x30, 0xe3, 0x9c, 0x39, 0xc3, 0x9c,
    0x39, 0xc3, 0x9c, 0x39, 0xc3, 0x0c, 0x79, 0xe3, 0x0c, 0x00, 0x00, 0x00,
    0x00, 0x00, 0x00, 0x00, 0x00, 0x00, 0x00, 0x01, 0xf8, 0x1f, 0x83, 0x9c,
    0x70, 0xe3, 0x9c, 0x39, 0xc3, 0x9c, 0x39, 0xc7, 0x0e, 0x39, 0xc1, 0xf8,
    0x1f, 0x80, 0x90, 0x00, 0x00, 0x00, 0x00, 0x00, 0x00, 0x00, 0x00, 0x00,
    0x00, 0x03, 0xf8, 0x7f, 0x83, 0x9c, 0x30, 0xe3, 0x9c, 0x39, 0xc3, 0x0e,
    0x39, 0xc3, 0xf8, 0x3f, 0x83, 0x80, 0x30, 0x03, 0x80, 0x38, 0x03, 0x80,
    0x00, 0x00, 0x00, 0x00, 0x00, 0x00, 0x00, 0x01, 0xfc, 0x1f, 0xe3, 0x9c,
    0x70, 0xc3, 0x9c, 0x39, 0xc7, 0x0c, 0x39, 0xc1, 0xfc, 0x1f, 0xc0, 0x1c,
    0x00, 0xc0, 0x1c, 0x01, 0xc0, 0x1c, 0x00, 0x00, 0x00, 0x00, 0x00, 0x00,
    0x00, 0x03, 0xf8, 0x7f, 0x83, 0x98, 0x30, 0xe3, 0x8c, 0x38, 0x03, 0x80,
    0x38, 0x03, 0x80, 0x38, 0x03, 0x00, 0x78, 0x03, 0x00, 0x00, 0x00, 0x00,
    0x00, 0x00, 0x00, 0x00, 0x00, 0x00, 0x00, 0x01, 0xfc, 0x1f, 0xe1, 0xf0,
    0x70, 0x03, 0x80, 0x1f, 0x81, 0xf8, 0x1f, 0x80, 0x0e, 0x01, 0xc3, 0xf8,
    0x7f, 0x80, 0x10, 0x00, 0x00, 0x00, 0x1c, 0x01, 0xc0, 0x1c, 0x01, 0xc0,
    0x1c, 0x03, 0xfc, 0x7f, 0xe1, 0xc0, 0x1c, 0x01, 0xc0, 0x1c, 0x01, 0xc0,
    0x1c, 0x01, 0xc0, 0x1c, 0x00, 0xfc, 0x0f, 0xe0, 0x40, 0x00, 0x00, 0x00,
    0x00, 0x00, 0x00, 0x00, 0x00, 0x00, 0x00, 0x03, 0x0c, 0x79, 0xe3, 0x0c,
    0x39, 0xc3, 0x9c, 0x39, 0xc3, 0x9c, 0x39, 0xc7, 0x0c, 0x39, 0xc1, 0xfc,
    0x1f, 0xe0, 0x9c, 0x00, 0x00, 0x00, 0x00, 0x00, 0x00, 0x00, 0x00, 0x00,
    0x00, 0x03, 0x0c, 0x79, 0xe3, 0x0c, 0x39, 0xc3, 0x9c, 0x39, 0xc7, 0x0e,
    0x3f, 0xc1, 0xf8, 0x1f, 0x80, 0xf0, 0x0f, 0x00, 0x60, 0x00, 0x00, 0x00,
    0x00, 0x00, 0x00, 0x00, 0x00, 0x00, 0x00, 0x0e, 0x0c, 0xe1, 0xee, 0x0c,
    0xe1, 0xce, 0x1c, 0xe4, 0xce, 0x4e, 0xed, 0xc3, 0xf8, 0x7f, 0x83, 0xb8,
    0x7b, 0x83, 0x30, 0x00, 0x00, 0x00, 0x00, 0x00, 0x00, 0x00, 0x00, 0x00,
    0x00, 0x0e, 0x0c, 0xe0, 0xe7, 0x18, 0x3b, 0x83, 0xb8, 0x1f, 0x01, 0xe0,
    0x3b, 0x87, 0x38, 0x73, 0x8e, 0x1c, 0xe1, 0xe0, 0x08, 0x00, 0x00, 0x00,
    0x00, 0x00, 0x00, 0x00, 0x00, 0x00, 0x00, 0x03, 0x0c, 0x79, 0xe3, 0x0c,
    0x39, 0xc3, 0x9c, 0x39, 0xc7, 0x0c, 0x39, 0xc1, 0xfc, 0x1f, 0xc0, 0x1c,
    0x00, 0xe0, 0xfc, 0x1f, 0x81, 0xf8, 0x00, 0x00, 0x00, 0x00, 0x00, 0x00,
    0x00, 0x03, 0xfc, 0x7f, 0xe0, 0x78, 0x03, 0x80, 0x38, 0x07, 0x00, 0x70,
    0x0e, 0x01, 0xc0, 0x1c, 0x03, 0xfc, 0x7f, 0xe1, 0xc0, 0x00, 0x00, 0x00,
    0x03, 0xc0, 0x3e, 0x07, 0x00, 0xe0, 0x07, 0x00, 0xe0, 0x07, 0x00, 0xe0,
    0x7c, 0x03, 0xc0, 0x0e, 0x00, 0x70, 0x0f, 0x00, 0xe0, 0x07, 0x00, 0x3c,
    0x03, 0xe0, 0x10, 0x00, 0x00, 0x00, 0x0f, 0x00, 0xf0, 0x0f, 0x00, 0xf0,
    0x0f, 0x00, 0xf0, 0x0f, 0x00, 0xf0, 0x0f, 0x00, 0xf0, 0x0f, 0x00, 0xf0,
    0x0f, 0x00, 0xf0, 0x0f, 0x00, 0x60, 0x0f, 0x00, 0x60, 0x00, 0x00, 0x00,
    0x3c, 0x07, 0xc0, 0x0e, 0x00, 0x70, 0x0e, 0x00, 0x70, 0x0e, 0x00, 0x70,
    0x03, 0xe0, 0x3c, 0x07, 0x00, 0xe0, 0x0f, 0x00, 0x70, 0x0e, 0x03, 0xc0,
    0x7c, 0x00, 0x80, 0x00, 0x00, 0x00, 0x7c, 0xc3, 0xce, 0x6d, 0xce, 0x78,
    0xe7, 0x80, 0x00, 0x00, 0x00, 0x00, 0x00, 0x00, 0x00, 0x00, 0x00, 0x00,
    0x00, 0x00, 0x00, 0x00, 0x00, 0x00, 0x00, 0x00, 0x00, 0x00, 0x00, 0x00,
    0xe0, 0x0e, 0x00, 0xd0, 0x09, 0x80, 0xd8, 0x09, 0xbc, 0x9b, 0xed, 0x18,
    0x98, 0x8d, 0x18, 0xe1, 0x8e, 0x18, 0x81, 0x80, 0x18, 0x01, 0x80, 0x18,
    0x01, 0x80, 0x08, 0x00, 0x00, 0x00, 0x00, 0x00, 0x00, 0x00, 0x00, 0x00,
    0x00, 0x00, 0x00, 0x00, 0x0f, 0xff, 0xff, 0xff, 0xff, 0xff, 0xff, 0xff,
    0xff, 0xf0, 0x00, 0x00, 0x00, 0x00, 0x00, 0x00, 0x00, 0x00, 0x00, 0x00,
    0x00, 0x00, 0x00, 0x00, 0x00, 0x00, 0x00, 0x0f, 0xff, 0xff, 0xff, 0xff,
    0xff, 0xff, 0xff, 0xff, 0xff, 0xff, 0xff, 0xff, 0xff, 0xff, 0xf0, 0x00,
    0x00, 0x00, 0x00, 0x00, 0x00, 0x00, 0x0f, 0x00, 0xf0, 0x0f, 0x00, 0xf0,
    0x0f, 0x00, 0xf0, 0x0f, 0x00, 0xf0, 0x0f, 0x00, 0xf0, 0x0f, 0x00, 0xf0,
    0x0f, 0x00, 0xf0, 0x0f, 0x00, 0xf0, 0x0f, 0x00, 0xf0, 0x0f, 0x00, 0xf0,
    0x1f, 0x81, 0xf8, 0x1f, 0x81, 0xf8, 0x1f, 0x81, 0xf8, 0x1f, 0x81, 0xf8,
    0x1f, 0x81, 0xf8, 0x1f, 0x81, 0xf8, 0x1f, 0x81, 0xf8, 0x1f, 0x81, 0xf8,
    0x1f, 0x81, 0xf8, 0x1f, 0x81, 0xf8, 0x00, 0x00, 0x00, 0x00, 0x00, 0x00,
    0x00, 0x00, 0x00, 0x00, 0x0c, 0x51, 0xef, 0xbe, 0x79, 0xe7, 0x9e, 0xfb,
    0xc5, 0x10, 0x00, 0x00, 0x00, 0x00, 0x00, 0x00, 0x00, 0x00, 0x00, 0x00,
    0x00, 0x00, 0x00, 0x00, 0x00, 0x00, 0x00, 0x0e, 0x79, 0xef, 0xbe, 0x79,
    0xe7, 0x9e, 0x79, 0xe7, 0x9e, 0x79, 0xe7, 0x9e, 0xfb, 0xe7, 0x90, 0x00,
    0x00, 0x00, 0x00, 0x00, 0x00, 0x00, 0x0f, 0x00, 0xf0, 0x06, 0x00, 0xf0,
    0x06, 0x00, 0x00, 0x00, 0x00, 0x60, 0x0f, 0x00, 0x60, 0x0f, 0x00, 0xf0,
    0x06, 0x00, 0xf0, 0x06, 0x00, 0x00, 0x00, 0x00, 0x60, 0x0f, 0x00, 0x60,
    0x1f, 0x81, 0xf8, 0x1f, 0x81, 0xf8, 0x1f, 0x80, 0x00, 0x00, 0x01, 0xf8,
    0x1f, 0x81, 0xf8, 0x1f, 0x81, 0xf8, 0x1f, 0x81, 0xf8, 0x1f, 0x80, 0x00,
    0x00, 0x00, 0xf0, 0x1f, 0x81, 0xf8, 0x00, 0x00, 0x00, 0x00, 0x00, 0x00,
    0x00, 0x00, 0x00, 0x00, 0x09, 0x24, 0xdb, 0x69, 0x24, 0x92, 0x4d, 0xb6,
    0x92, 0x40, 0x00, 0x00, 0x00, 0x00, 0x00, 0x00, 0x00, 0x00, 0x00, 0x00,
    0x00, 0x00, 0x00, 0x00, 0x00, 0x00, 0x00, 0x00, 0x00, 0x00, 0x09, 0x24,
    0xdb, 0x69, 0x24, 0x92, 0x4d, 0xb6, 0x92, 0x40, 0x00, 0x00, 0x00, 0x00,
    0x00, 0x00, 0x00, 0x00, 0x00, 0x00, 0x06, 0x00, 0xf0, 0x06, 0x00, 0x00,
    0x00, 0x00, 0x60, 0x0f, 0x00, 0x60, 0x00, 0x00, 0x00, 0x06, 0x00, 0xf0,
    0x06, 0x00, 0x00, 0x00, 0x00, 0x60, 0x0f, 0x00, 0x00, 0x00, 0x00, 0x00,
    0x1f, 0x81, 0xf8, 0x0f, 0x00, 0x00, 0x00, 0x01, 0xf8, 0x1f, 0x80, 0xf0,
    0x00, 0x00, 0x00, 0x1f, 0x81, 0xf8, 0x0f, 0x00, 0x00, 0x00, 0x01, 0xf8,
    0x1f, 0x80, 0x00, 0x00, 0x00, 0x00, 0x00, 0x00, 0x00, 0x00, 0x00, 0x00,
    0x00, 0x00, 0x00, 0x00, 0x00, 0x7f, 0x0f, 0xf0, 0x7f, 0x0f, 0xf0, 0xff,
    0x0f, 0xf0, 0xe0, 0x0f, 0x00, 0xf0, 0x0f, 0x00, 0xf0, 0x0f, 0x00, 0xf0,
    0x00, 0x00, 0x00, 0x00, 0x00, 0x00, 0x04, 0x00, 0x7f, 0x0f, 0xf0, 0x7f,
    0x0f, 0xf0, 0xff, 0x0f, 0xf0, 0xff, 0x0f, 0xf0, 0xff, 0x0f, 0xf0, 0xf0,
    0x0e, 0x00, 0xf0, 0x0f, 0x00, 0xf0, 0x00, 0x00, 0x00, 0x00, 0x00, 0x00,
    0x00, 0x00, 0x00, 0x00, 0x01, 0xff, 0x1f, 0xf1, 0xff, 0x1f, 0xf1, 0xff,
    0x1f, 0xf1, 0xf8, 0x1f, 0x81, 0xf8, 0x1f, 0x81, 0xf8, 0x1f, 0x81, 0xf8,
    0x00, 0x00, 0x00, 0x00, 0x00, 0x00, 0x00, 0x01, 0xff, 0x1f, 0xf1, 0xff,
    0x1f, 0xf1, 0xff, 0x1f, 0xf1, 0xff, 0x1f, 0xf1, 0xff, 0x1f, 0xf1, 0xf8,
    0x1f, 0x81, 0xf8, 0x1f, 0x81, 0xf8, 0x00, 0x00, 0x00, 0x00, 0x00, 0x00,
    0x00, 0x00, 0x00, 0x00, 0x0f, 0xa0, 0xff, 0x0f, 0xe0, 0xff, 0x0f, 0xf0,
    0xff, 0x00, 0x70, 0x0f, 0x00, 0xf0, 0x0f, 0x00, 0xf0, 0x0f, 0x00, 0xf0,
    0x00, 0x00, 0x00, 0x00, 0x00, 0x00, 0x00, 0x0f, 0xe0, 0xff, 0x0f, 0xe0,
    0xff, 0x0f, 0xf0, 0xff, 0x0f, 0xf0, 0xff, 0x0f, 0xf0, 0xff, 0x00, 0xf0,
    0x07, 0x00, 0xf0, 0x0f, 0x00, 0xf0, 0x00, 0x00, 0x00, 0x00, 0x00, 0x00,
    0x00, 0x00, 0x00, 0x00, 0x0f, 0xf0, 0xff, 0x8f, 0xf8, 0xff, 0x8f, 0xf8,
    0xff, 0x81, 0xf8, 0x1f, 0x81, 0xf8, 0x1f, 0x81, 0xf8, 0x1f, 0x81, 0xf8,
    0x00, 0x00, 0x00, 0x00, 0x00, 0x00, 0x00, 0x0f, 0xf8, 0xff, 0x8f, 0xf8,
    0xff, 0x8f, 0xf8, 0xff, 0x8f, 0xf8, 0xff, 0x8f, 0xf8, 0xff, 0x81, 0xf8,
    0x1f, 0x81, 0xf8, 0x1f, 0x81, 0xf8, 0x0f, 0x00, 0xf0, 0x0f, 0x00, 0xf0,
    0x0f, 0x00, 0xf0, 0x0e, 0x00, 0xff, 0x0f, 0xf0, 0xff, 0x07, 0xf0, 0xff,
    0x05, 0xf0, 0x00, 0x00, 0x00, 0x00, 0x00, 0x00, 0x00, 0x00, 0x00, 0x00,
    0x0f, 0x00, 0xf0, 0x0f, 0x00, 0xe0, 0x0f, 0x00, 0xff, 0x0f, 0xf0, 0xff,
    0x0f, 0xf0, 0xff, 0x0f, 0xf0, 0xff, 0x07, 0xf0, 0xff, 0x07, 0xf0, 0x00,
    0x00, 0x00, 0x00, 0x00, 0x00, 0x00, 0x1f, 0x81, 0xf8, 0x1f, 0x81, 0xf8,
    0x1f, 0x81, 0xf8, 0x1f, 0x81, 0xff, 0x1f, 0xf1, 0xff, 0x1f, 0xf1, 0xff,
    0x0f, 0xf0, 0x00, 0x00, 0x00, 0x00, 0x00, 0x00, 0x00, 0x00, 0x00, 0x00,
    0x1f, 0x81, 0xf8, 0x1f, 0x81, 0xf8, 0x1f, 0x81, 0xff, 0x1f, 0xf1, 0xff,
    0x1f, 0xf1, 0xff, 0x1f, 0xf1, 0xff, 0x1f, 0xf1, 0xff, 0x1f, 0xf0, 0x00,
    0x00, 0x00, 0x00, 0x00, 0x00, 0x00, 0x0f, 0x00, 0xf0, 0x0f, 0x00, 0xf0,
    0x0f, 0x00, 0xf0, 0x07, 0x0f, 0xf0, 0xff, 0x0f, 0xf0, 0xfe, 0x0f, 0xf0,
    0xfa, 0x00, 0x00, 0x00, 0x00, 0x00, 0x00, 0x00, 0x00, 0x00, 0x00, 0x00,
    0x0f, 0x00, 0xf0, 0x0f, 0x00, 0x70, 0x0f, 0x0f, 0xf0, 0xff, 0x0f, 0xf0,
    0xff, 0x0f, 0xf0, 0xff, 0x0f, 0xf0, 0xfe, 0x0f, 0xf0, 0xfe, 0x00, 0x00,
    0x00, 0x00, 0x00, 0x00, 0x00, 0x00, 0x1f, 0x81, 0xf8, 0x1f, 0x81, 0xf8,
    0x1f, 0x81, 0xf8, 0x1f, 0x8f, 0xf8, 0xff, 0x8f, 0xf8, 0xff, 0x8f, 0xf8,
    0xff, 0x00, 0x00, 0x00, 0x00, 0x00, 0x00, 0x00, 0x00, 0x00, 0x00, 0x00,
    0x1f, 0x81, 0xf8, 0x1f, 0x81, 0xf8, 0x1f, 0x8f, 0xf8, 0xff, 0x8f, 0xf8,
    0xff, 0x8f, 0xf8, 0xff, 0x8f, 0xf8, 0xff, 0x8f, 0xf8, 0xff, 0x80, 0x00,
    0x00, 0x00, 0x00, 0x00, 0x00, 0x00, 0x0f, 0x00, 0xf0, 0x0f, 0x00, 0xf0,
    0x0e, 0x00, 0xe0, 0x0f, 0x00, 0xff, 0x0f, 0xf0, 0xff, 0x0f, 0xf0, 0xff,
    0x0f, 0xf0, 0xe0, 0x0f, 0x00, 0xf0, 0x0f, 0x00, 0xf0, 0x0f, 0x00, 0xf0,
    0x0f, 0x00, 0xf0, 0x0e, 0x00, 0xf0, 0x0f, 0x00, 0xff, 0x0f, 0xf0, 0xff,
    0x0f, 0xf0, 0xff, 0x0f, 0xf0, 0xff, 0x0f, 0xf0, 0xff, 0x0f, 0xf0, 0xf0,
    0x0e, 0x00, 0xf0, 0x0f, 0x00, 0xf0, 0x1f, 0x81, 0xf8, 0x1f, 0x81, 0xf8,
    0x1f, 0x81, 0xf8, 0x1f, 0x81, 0xff, 0x1f, 0xf1, 0xff, 0x0f, 0xf0, 0x7f,
    0x0f, 0xf0, 0xe0, 0x0f, 0x00, 0xf0, 0x0f, 0x00, 0xf0, 0x0f, 0x00, 0xf0,
    0x0f, 0x00, 0xf0, 0x0e, 0x00, 0xf0, 0x0f, 0x00, 0xff, 0x0f, 0xf0, 0x7f,
    0x0f, 0xf0, 0xff, 0x1f, 0xf1, 0xff, 0x1f, 0xf1, 0xff, 0x1f, 0xf1, 0xf8,
    0x1f, 0x81, 0xf8, 0x1f, 0x81, 0xf8, 0x1f, 0x81, 0xf8, 0x1f, 0x81, 0xf8,
    0x1f, 0x81, 0xf8, 0x1f, 0x81, 0xff, 0x1f, 0xf1, 0xff, 0x1f, 0xf1, 0xff,
    0x1f, 0xf1, 0xf8, 0x1f, 0x81, 0xf8, 0x1f, 0x81, 0xf8, 0x1f, 0x81, 0xf8,
    0x1f, 0x81, 0xf8, 0x1f, 0x81, 0xf8, 0x1f, 0xc1, 0xff, 0x1f, 0xf1, 0xff,
    0x1f, 0xf1, 0xff, 0x0f, 0xf0, 0x7f, 0x0f, 0xf0, 0xff, 0x0f, 0xf0, 0xf0,
    0x0e, 0x00, 0xf0, 0x0f, 0x00, 0xf0, 0x0f, 0x00, 0xf0, 0x0f, 0x00, 0xf0,
    0x0e, 0x00, 0xe0, 0x0f, 0x00, 0x7f, 0x0f, 0xf0, 0xff, 0x1f, 0xf1, 0xff,
    0x1f, 0xf1, 0xf8, 0x1f, 0x81, 0xf8, 0x1f, 0x81, 0xf8, 0x1f, 0x81, 0xf8,
    0x1f, 0x81, 0xf8, 0x1f, 0x81, 0xf8, 0x1f, 0xc1, 0xff, 0x1f, 0xf1, 0xff,
    0x1f, 0xf1, 0xff, 0x1f, 0xf1, 0xff, 0x1f, 0xf1, 0xff, 0x1f, 0xf1, 0xf8,
    0x1f, 0x81, 0xf8, 0x1f, 0x81, 0xf8, 0x0f, 0x00, 0xf0, 0x0f, 0x00, 0xf0,
    0x0f, 0x00, 0xf0, 0x07, 0x0f, 0xf0, 0xff, 0x0f, 0xf0, 0xff, 0x0f, 0xf0,
    0xff, 0x00, 0x70, 0x0f, 0x00, 0xf0, 0x0f, 0x00, 0xf0, 0x0f, 0x00, 0xf0,
    0x0f, 0x00, 0xf0, 0x0f, 0x00, 0x70, 0x0f, 0x0f, 0xf0, 0xff, 0x0f, 0xf0,
    0xff, 0x0f, 0xf0, 0xff, 0x0f, 0xf0, 0xff, 0x0f, 0xf0, 0xff, 0x00, 0xf0,
    0x07, 0x00, 0xf0, 0x0f, 0x00, 0xf0, 0x1f, 0x81, 0xf8, 0x1f, 0x81, 0xf8,
    0x1f, 0x81, 0xf8, 0x1f, 0x8f, 0xf8, 0xff, 0x8f, 0xf8, 0xff, 0x0f, 0xe0,
    0xff, 0x00, 0x70, 0x0f, 0x00, 0xf0, 0x0f, 0x00, 0xf0, 0x0f, 0x00, 0xf0,
    0x0f, 0x00, 0xf0, 0x0f, 0x00, 0x70, 0x0f, 0x0f, 0xf0, 0xff, 0x0f, 0xf0,
    0xfe, 0x0f, 0xf0, 0xff, 0x8f, 0xf8, 0xff, 0x8f, 0xf8, 0xff, 0x81, 0xf8,
    0x1f, 0x81, 0xf8, 0x1f, 0x81, 0xf8, 0x1f, 0x81, 0xf8, 0x1f, 0x81, 0xf8,
    0x1f, 0x81, 0xf8, 0x1f, 0x8f, 0xf8, 0xff, 0x8f, 0xf8, 0xff, 0x8f, 0xf8,
    0xff, 0x81, 0xf8, 0x1f, 0x81, 0xf8, 0x1f, 0x81, 0xf8, 0x1f, 0x81, 0xf8,
    0x1f, 0x81, 0xf8, 0x1f, 0x81, 0xf8, 0x3f, 0x8f, 0xf8, 0xff, 0x8f, 0xf8,
    0xff, 0x8f, 0xf8, 0xff, 0x0f, 0xe0, 0xff, 0x0f, 0xf0, 0xff, 0x00, 0xf0,
    0x07, 0x00, 0xf0, 0x0f, 0x00, 0xf0, 0x0f, 0x00, 0xf0, 0x0f, 0x00, 0xf0,
    0x0f, 0x00, 0xf0, 0x07, 0x0f, 0xf0, 0xfe, 0x0f, 0xf0, 0xff, 0x8f, 0xf8,
    0xff, 0x81, 0xf8, 0x1f, 0x81, 0xf8, 0x1f, 0x81, 0xf8, 0x1f, 0x81, 0xf8,
    0x1f, 0x81, 0xf8, 0x1f, 0x81, 0xf8, 0x1f, 0x8f, 0xf8, 0xff, 0x8f, 0xf8,
    0xff, 0x8f, 0xf8, 0xff, 0x8f, 0xf8, 0xff, 0x8f, 0xf8, 0xff, 0x81, 0xf8,
    0x1f, 0x81, 0xf8, 0x1f, 0x81, 0xf8, 0x00, 0x00, 0x00, 0x00, 0x00, 0x00,
    0x00, 0x00, 0x00, 0x00, 0x0f, 0xff, 0xff, 0xff, 0xff, 0xff, 0xff, 0xff,
    0xff, 0xf0, 0x60, 0x0f, 0x00, 0xf0, 0x0f, 0x00, 0xf0, 0x0f, 0x00, 0xf0,
    0x00, 0x00, 0x00, 0x00, 0x00, 0x00, 0x00, 0x0f, 0xc0, 0xfc, 0x0f, 0xff,
    0xff, 0xff, 0xff, 0xff, 0xff, 0xff, 0xff, 0xff, 0xe0, 0xff, 0x00, 0xf0,
    0x07, 0x00, 0xf0, 0x0f, 0x00, 0xf0, 0x00, 0x00, 0x00, 0x00, 0x00, 0x00,
    0x00, 0x00, 0x3f, 0x03, 0xff, 0xff, 0xff, 0xff, 0xff, 0xff, 0xff, 0xff,
    0xff, 0xf0, 0x7f, 0x0f, 0xf0, 0xf0, 0x0e, 0x00, 0xf0, 0x0f, 0x00, 0xf0,
    0x00, 0x00, 0x00, 0x00, 0x00, 0x00, 0x00, 0x0f, 0xff, 0xff, 0xff, 0xff,
    0xff, 0xff, 0xff, 0xff, 0xff, 0xff, 0xff, 0xff, 0xff, 0xff, 0xf0, 0xf0,
    0x06, 0x00, 0xf0, 0x0f, 0x00, 0xf0, 0x00, 0x00, 0x00, 0x00, 0x00, 0x00,
    0x00, 0x00, 0x00, 0x00, 0x0f, 0xff, 0xff, 0xff, 0xff, 0xff, 0xff, 0xff,
    0xff, 0xf1, 0xf8, 0x1f, 0x81, 0xf8, 0x1f, 0x81, 0xf8, 0x1f, 0x81, 0xf8,
    0x00, 0x00, 0x00, 0x00, 0x00, 0x00, 0x00, 0x0f, 0xc0, 0xfc, 0x0f, 0xff,
    0xff, 0xff, 0xff, 0xff, 0xff, 0xff, 0xff, 0xff, 0xf8, 0xff, 0x81, 0xf8,
    0x1f, 0x81, 0xf8, 0x1f, 0x81, 0xf8, 0x00, 0x00, 0x00, 0x00, 0x00, 0x00,
    0x00, 0x00, 0x3f, 0x03, 0xff, 0xff, 0xff, 0xff, 0xff, 0xff, 0xff, 0xff,
    0xff, 0xf1, 0xff, 0x1f, 0xf1, 0xf8, 0x1f, 0x81, 0xf8, 0x1f, 0x81, 0xf8,
    0x00, 0x00, 0x00, 0x00, 0x00, 0x00, 0x00, 0x0f, 0xff, 0xff, 0xff, 0xff,
    0xff, 0xff, 0xff, 0xff, 0xff, 0xff, 0xff, 0xff, 0xff, 0xff, 0xf1, 0xf8,
    0x1f, 0x81, 0xf8, 0x1f, 0x81, 0xf8, 0x0f, 0x00, 0xf0, 0x0f, 0x00, 0xf0,
    0x0f, 0x00, 0xf0, 0x06, 0x0f, 0xff, 0xff, 0xff, 0xff, 0xff, 0xff, 0xff,
    0xff, 0xf0, 0x00, 0x00, 0x00, 0x00, 0x00, 0x00, 0x00, 0x00, 0x00, 0x00,
    0x0f, 0x00, 0xf0, 0x07, 0x00, 0xf0, 0x0e, 0x0f, 0xe0, 0xff, 0x0f, 0xff,
    0xff, 0xff, 0xff, 0xff, 0xff, 0xff, 0xff, 0xff, 0xc0, 0xfc, 0x00, 0x00,
    0x00, 0x00, 0x00, 0x00, 0x00, 0x00, 0x0f, 0x00, 0xf0, 0x0f, 0x00, 0xe0,
    0x0f, 0x00, 0xff, 0x07, 0xff, 0xff, 0xff, 0xff, 0xff, 0xff, 0xff, 0xff,
    0xff, 0xf0, 0x3f, 0x03, 0xf0, 0x00, 0x00, 0x00, 0x00, 0x00, 0x00, 0x00,
    0x0f, 0x00, 0xf0, 0x0f, 0x00, 0x60, 0x0f, 0x0f, 0xff, 0xff, 0xff, 0xff,
    0xff, 0xff, 0xff, 0xff, 0xff, 0xff, 0xff, 0xff, 0xff, 0xff, 0xf0, 0x00,
    0x00, 0x00, 0x00, 0x00, 0x00, 0x00, 0x1f, 0x81, 0xf8, 0x1f, 0x81, 0xf8,
    0x1f, 0x81, 0xf8, 0x1f, 0x8f, 0xff, 0xff, 0xff, 0xff, 0xff, 0xff, 0xff,
    0xff, 0xf0, 0x00, 0x00, 0x00, 0x00, 0x00, 0x00, 0x00, 0x00, 0x00, 0x00,
    0x1f, 0x81, 0xf8, 0x1f, 0x81, 0xf8, 0x3f, 0x8f, 0xf8, 0xff, 0x8f, 0xff,
    0xff, 0xff, 0xff, 0xff, 0xff, 0xff, 0xff, 0xff, 0xc0, 0xfc, 0x00, 0x00,
    0x00, 0x00, 0x00, 0x00, 0x00, 0x00, 0x1f, 0x81, 0xf8, 0x1f, 0x81, 0xf8,
    0x1f, 0x81, 0xff, 0x1f, 0xff, 0xff, 0xff, 0xff, 0xff, 0xff, 0xff, 0xff,
    0xff, 0xf0, 0x3f, 0x03, 0xf0, 0x00, 0x00, 0x00, 0x00, 0x00, 0x00, 0x00,
    0x1f, 0x81, 0xf8, 0x1f, 0x81, 0xf8, 0x1f, 0x8f, 0xff, 0xff, 0xff, 0xff,
    0xff, 0xff, 0xff, 0xff, 0xff, 0xff, 0xff, 0xff, 0xff, 0xff, 0xf0, 0x00,
    0x00, 0x00, 0x00, 0x00, 0x00, 0x00, 0x0f, 0x00, 0xf0, 0x0f, 0x00, 0xf0,
    0x06, 0x00, 0x60, 0x0f, 0x0f, 0xff, 0xff, 0xff, 0xff, 0xff, 0xff, 0xff,
    0xff, 0xf0, 0x60, 0x0f, 0x00, 0xf0, 0x0f, 0x00, 0xf0, 0x0f, 0x00, 0xf0,
    0x0f, 0x00, 0xf0, 0x07, 0x00, 0xf0, 0x0e, 0x0f, 0xe0, 0xff, 0x0f, 0xff,
    0xff, 0xff, 0xff, 0xff, 0xff, 0xff, 0xff, 0xff, 0xe0, 0xff, 0x00, 0xf0,
    0x07, 0x00, 0xf0, 0x0f, 0x00, 0xf0, 0x0f, 0x00, 0xf0, 0x0e, 0x00, 0xf0,
    0x0f, 0x00, 0xff, 0x07, 0xff, 0xff, 0xff, 0xff, 0xff, 0xff, 0xff, 0xff,
    0xff, 0xf0, 0x7f, 0x0f, 0xf0, 0xf0, 0x0e, 0x00, 0xf0, 0x0f, 0x00, 0xf0,
    0x0f, 0x00, 0xf0, 0x06, 0x00, 0xf0, 0x0f, 0x0f, 0xff, 0xff, 0xff, 0xff,
    0xff, 0xff, 0xff, 0xff, 0xff, 0xff, 0xff, 0xff, 0xff, 0xff, 0xf0, 0xf0,
    0x06, 0x00, 0xf0, 0x0f, 0x00, 0xf0, 0x1f, 0x81, 0xf8, 0x1f, 0x81, 0xf8,
    0x1f, 0x81, 0xf8, 0x1f, 0x8f, 0xff, 0xff, 0xff, 0xff, 0xff, 0xff, 0xff,
    0xff, 0xf0, 0x60, 0x0f, 0x00, 0xf0, 0x0f, 0x00, 0xf0, 0x0f, 0x00, 0xf0,
    0x0f, 0x00, 0xf0, 0x0f, 0x00, 0xf0, 0x06, 0x00, 0x60, 0x0f, 0x0f, 0xff,
    0xff, 0xff, 0xff, 0xff, 0xff, 0xff, 0xff, 0xf1, 0xf8, 0x1f, 0x81, 0xf8,
    0x1f, 0x81, 0xf8, 0x1f, 0x81, 0xf8, 0x1f, 0x81, 0xf8, 0x1f, 0x81, 0xf8,
    0x1f, 0x81, 0xf8, 0x1f, 0x8f, 0xff, 0xff, 0xff, 0xff, 0xff, 0xff, 0xff,
    0xff, 0xf1, 0xf8, 0x1f, 0x81, 0xf8, 0x1f, 0x81, 0xf8, 0x1f, 0x81, 0xf8,
    0x1f, 0x81, 0xf8, 0x1f, 0x81, 0xf8, 0x3f, 0x8f, 0xf8, 0xff, 0x8f, 0xff,
    0xff, 0xff, 0xff, 0xff, 0xff, 0xff, 0xff, 0xff, 0xe0, 0xff, 0x00, 0xf0,
    0x07, 0x00, 0xf0, 0x0f, 0x00, 0xf0, 0x1f, 0x81, 0xf8, 0x1f, 0x81, 0xf8,
    0x1f, 0xc1, 0xff, 0x1f, 0xff, 0xff, 0xff, 0xff, 0xff, 0xff, 0xff, 0xff,
    0xff, 0xf0, 0x7f, 0x0f, 0xf0, 0xf0, 0x0e, 0x00, 0xf0, 0x0f, 0x00, 0xf0,
    0x0f, 0x00, 0xf0, 0x07, 0x00, 0xf0, 0x0e, 0x0f, 0xe0, 0xff, 0x0f, 0xff,
    0xff, 0xff, 0xff, 0xff, 0xff, 0xff, 0xff, 0xff, 0xf8, 0xff, 0x81, 0xf8,
    0x1f, 0x81, 0xf8, 0x1f, 0x81, 0xf8, 0x0f, 0x00, 0xf0, 0x0e, 0x00, 0xf0,
    0x0f, 0x00, 0xff, 0x07, 0xff, 0xff, 0xff, 0xff, 0xff, 0xff, 0xff, 0xff,
    0xff, 0xf1, 0xff, 0x1f, 0xf1, 0xf8, 0x1f, 0x81, 0xf8, 0x1f, 0x81, 0xf8,
    0x1f, 0x81, 0xf8, 0x1f, 0x81, 0xf8, 0x3f, 0xcf, 0xff, 0xff, 0xff, 0xff,
    0xff, 0xff, 0xff, 0xff, 0xff, 0xff, 0xff, 0xff, 0xff, 0xff, 0xf0, 0xf0,
    0x06, 0x00, 0xf0, 0x0f, 0x00, 0xf0, 0x0f, 0x00, 0xf0, 0x06, 0x00, 0xf0,
    0x0f, 0x0f, 0xff, 0xff, 0xff, 0xff, 0xff, 0xff, 0xff, 0xff, 0xff, 0xff,
    0xff, 0xff, 0xff, 0xff, 0xf1, 0xf8, 0x1f, 0x81, 0xf8, 0x1f, 0x81, 0xf8,
    0x1f, 0x81, 0xf8, 0x1f, 0x81, 0xf8, 0x3f, 0x8f, 0xf8, 0xff, 0x8f, 0xff,
    0xff, 0xff, 0xff, 0xff, 0xff, 0xff, 0xff, 0xff, 0xf8, 0xff, 0x81, 0xf8,
    0x1f, 0x81, 0xf8, 0x1f, 0x81, 0xf8, 0x1f, 0x81, 0xf8, 0x1f, 0x81, 0xf8,
    0x1f, 0xc1, 0xff, 0x1f, 0xff, 0xff, 0xff, 0xff, 0xff, 0xff, 0xff, 0xff,
    0xff, 0xf1, 0xff, 0x1f, 0xf1, 0xf8, 0x1f, 0x81, 0xf8, 0x1f, 0x81, 0xf8,
    0x1f, 0x81, 0xf8, 0x1f, 0x81, 0xf8, 0x3f, 0xcf, 0xff, 0xff, 0xff, 0xff,
    0xff, 0xff, 0xff, 0xff, 0xff, 0xff, 0xff, 0xff, 0xff, 0xff, 0xf1, 0xf8,
    0x1f, 0x81, 0xf8, 0x1f, 0x81, 0xf8, 0x00, 0x00, 0x00, 0x00, 0x00, 0x00,
    0x00, 0x00, 0x00, 0x00, 0x08, 0x61, 0xcf, 0x38, 0x61, 0x86, 0x1c, 0xf3,
    0x86, 0x10, 0x00, 0x00, 0x00, 0x00, 0x00, 0x00, 0x00, 0x00, 0x00, 0x00,
    0x00, 0x00, 0x00, 0x00, 0x00, 0x00, 0x00, 0x08, 0x61, 0xcf, 0x38, 0x61,
    0xcf, 0x3c, 0xf3, 0xcf, 0x3c, 0xf3, 0x86, 0x1c, 0xf3, 0x86, 0x10, 0x00,
    0x00, 0x00, 0x00, 0x00, 0x00, 0x00, 0x06, 0x00, 0xf0, 0x00, 0x00, 0x00,
    0x00, 0x00, 0x00, 0x00, 0x00, 0x60, 0x0f, 0x00, 0x60, 0x06, 0x00, 0xf0,
    0x06, 0x00, 0x00, 0x00, 0x00, 0x00, 0x00, 0x00, 0x00, 0x0f, 0x00, 0x60,
    0x1f, 0x81, 0xf8, 0x00, 0x00, 0x00, 0x00, 0x00, 0x00, 0x00, 0x00, 0xf0,
    0x1f, 0x81, 0xf8, 0x1f, 0x81, 0xf8, 0x0f, 0x00, 0x00, 0x00, 0x00, 0x00,
    0x00, 0x00, 0x00, 0x1f, 0x81, 0xf8, 0x00, 0x00, 0x00, 0x00, 0x00, 0x00,
    0x00, 0x0f, 0xff, 0xff, 0xff, 0xff, 0x00, 0x00, 0x00, 0xff, 0xff, 0xff,
    0x00, 0x00, 0x00, 0x00, 0x00, 0x00, 0x00, 0x00, 0x00, 0x00, 0x00, 0x00,
    0x33, 0x83, 0x38, 0x33, 0x83, 0x38, 0x33, 0x83, 0x38, 0x33, 0x83, 0x38,
    0x33, 0x83, 0x38, 0x33, 0x83, 0x38, 0x33, 0x83, 0x38, 0x33, 0x83, 0x38,
    0x33, 0x83, 0x38, 0x33, 0x83, 0x38, 0x00, 0x00, 0x00, 0x00, 0x00, 0x00,
    0x04, 0x00, 0x7f, 0x0f, 0xf0, 0x70, 0x0e, 0x00, 0xf7, 0x0f, 0xf0, 0xff,
    0x0f, 0x00, 0xe0, 0x0f, 0x00, 0xf0, 0x0f, 0x00, 0xf0, 0x0f, 0x00, 0xf0,
    0x00, 0x00, 0x00, 0x00, 0x00, 0x00, 0x00, 0x00, 0x00, 0x00, 0x03, 0xff,
    0x7f, 0xf3, 0xff, 0x3f, 0xf3, 0xff, 0x3f, 0xf3, 0x38, 0x33, 0x83, 0x38,
    0x33, 0x83, 0x38, 0x33, 0x83, 0x38, 0x00, 0x00, 0x00, 0x00, 0x00, 0x00,
    0x20, 0x03, 0xff, 0x7f, 0xf3, 0x80, 0x30, 0x03, 0xbf, 0x33, 0xf3, 0x3f,
    0x33, 0xc3, 0x38, 0x33, 0x83, 0x38, 0x33, 0x83, 0x38, 0x33, 0x83, 0x38,
    0x00, 0x00, 0x00, 0x00, 0x00, 0x00, 0x00, 0x0f, 0xe0, 0xff, 0x0f, 0xe0,
    0x07, 0x00, 0xf0, 0xff, 0x0f, 0xf0, 0x0f, 0x00, 0x70, 0x0f, 0x00, 0xf0,
    0x0f, 0x00, 0xf0, 0x0f, 0x00, 0xf0, 0x00, 0x00, 0x00, 0x00, 0x00, 0x00,
    0x00, 0x00, 0x00, 0x00, 0x0f, 0xf8, 0xff, 0x8f, 0xf8, 0xff, 0x8f, 0xf8,
    0xff, 0x83, 0x38, 0x73, 0x83, 0x38, 0x33, 0x83, 0x38, 0x33, 0x83, 0x38,
    0x00, 0x00, 0x00, 0x00, 0x00, 0x00, 0x00, 0x0f, 0xf8, 0xff, 0x8d, 0x38,
    0x03, 0x80, 0x38, 0xf3, 0x8f, 0xb8, 0x73, 0x83, 0x38, 0x73, 0x83, 0x38,
    0x33, 0x83, 0x38, 0x33, 0x83, 0x38, 0x0f, 0x00, 0xf0, 0x0e, 0x00, 0xf0,
    0x0f, 0x00, 0xff, 0x0f, 0xf0, 0xff, 0x0e, 0x00, 0xf0, 0x07, 0xf0, 0xff,
    0x04, 0x00, 0x00, 0x00, 0x00, 0x00, 0x00, 0x00, 0x00, 0x00, 0x00, 0x00,
    0x33, 0x83, 0x38, 0x33, 0x83, 0x38, 0x33, 0x83, 0x38, 0x3b, 0x83, 0xff,
    0x3f, 0xf3, 0xff, 0x3f, 0xf7, 0xff, 0x2f, 0xf0, 0x00, 0x00, 0x00, 0x00,
    0x00, 0x00, 0x00, 0x00, 0x00, 0x00, 0x33, 0x83, 0x38, 0x33, 0x83, 0x38,
    0x33, 0x83, 0x3f, 0x33, 0xf3, 0xbf, 0x30, 0x03, 0x80, 0x3f, 0xf7, 0xff,
    0x20, 0x00, 0x00, 0x00, 0x00, 0x00, 0x00, 0x00, 0x00, 0x00, 0x00, 0x00,
    0x0f, 0x00, 0xf0, 0x0f, 0x00, 0x70, 0x0f, 0x0f, 0xf0, 0xff, 0x0f, 0xf0,
    0x07, 0x00, 0xf0, 0xfe, 0x0f, 0xf0, 0x02, 0x00, 0x00, 0x00, 0x00, 0x00,
    0x00, 0x00, 0x00, 0x00, 0x00, 0x00, 0x33, 0x83, 0x38, 0x33, 0x83, 0x38,
    0x33, 0x83, 0x38, 0x7b, 0x8f, 0xf8, 0xff, 0x8f, 0xf8, 0xff, 0x8f, 0xf8,
    0xff, 0x00, 0x00, 0x00, 0x00, 0x00, 0x00, 0x00, 0x00, 0x00, 0x00, 0x00,
    0x33, 0x83, 0x38, 0x73, 0x83, 0x38, 0x73, 0x8f, 0x38, 0xfb, 0x8f, 0x38,
    0x03, 0x80, 0x38, 0xff, 0x8f, 0xf8, 0x01, 0x00, 0x00, 0x00, 0x00, 0x00,
    0x00, 0x00, 0x00, 0x00, 0x00, 0x00, 0x0f, 0x00, 0xf0, 0x0e, 0x00, 0xf0,
    0x0f, 0x00, 0xff, 0x0f, 0xf0, 0xf0, 0x0e, 0x00, 0xf7, 0x0f, 0xf0, 0xff,
    0x0f, 0x00, 0xe0, 0x0f, 0x00, 0xf0, 0x0f, 0x00, 0xf0, 0x0f, 0x00, 0xf0,
    0x33, 0x83, 0x38, 0x33, 0x83, 0x38, 0x33, 0x83, 0x38, 0x33, 0x83, 0x3f,
    0x33, 0xf3, 0x3f, 0x33, 0xf3, 0x3f, 0x33, 0xf3, 0x38, 0x33, 0x83, 0x38,
    0x33, 0x83, 0x38, 0x33, 0x83, 0x38, 0x33, 0x83, 0x38, 0x33, 0x83, 0x38,
    0x33, 0x83, 0x3f, 0x33, 0xf3, 0x3f, 0x38, 0x03, 0x80, 0x33, 0xf3, 0x3f,
    0x33, 0x83, 0x38, 0x33, 0x83, 0x38, 0x33, 0x83, 0x38, 0x33, 0x83, 0x38,
    0x0f, 0x00, 0xf0, 0x0f, 0x00, 0x70, 0x0f, 0x0f, 0xf0, 0xff, 0x0f, 0xf0,
    0x07, 0x00, 0xf0, 0xff, 0x0f, 0xf0, 0x0f, 0x00, 0x70, 0x0f, 0x00, 0xf0,
    0x0f, 0x00, 0xf0, 0x0f, 0x00, 0xf0, 0x33, 0x83, 0x38, 0x33, 0x83, 0x38,
    0x33, 0x87, 0x38, 0x33, 0x8f, 0x38, 0xf3, 0x8f, 0x38, 0xf3, 0x8f, 0x38,
    0xf3, 0x83, 0x38, 0x73, 0x83, 0x38, 0x33, 0x83, 0x38, 0x33, 0x83, 0x38,
    0x33, 0x83, 0x38, 0x73, 0x83, 0x38, 0x73, 0x8f, 0x38, 0xfb, 0x8f, 0x38,
    0x03, 0x80, 0x38, 0xf3, 0x8f, 0xb8, 0x73, 0x83, 0x38, 0x73, 0x83, 0x38,
    0x33, 0x83, 0x38, 0x33, 0x83, 0x38, 0x00, 0x00, 0x00, 0x00, 0x00, 0x00,
    0x00, 0x0f, 0xff, 0xff, 0xf0, 0x00, 0x00, 0x0f, 0xff, 0xff, 0xff, 0xff,
    0x0f, 0x00, 0x60, 0x0f, 0x00, 0xf0, 0x0f, 0x00, 0xf0, 0x0f, 0x00, 0xf0,
    0x00, 0x00, 0x00, 0x00, 0x00, 0x00, 0x00, 0x00, 0x00, 0x00, 0x0f, 0xff,
    0xff, 0xff, 0xff, 0xff, 0xff, 0xff, 0xff, 0xf3, 0x38, 0x73, 0x83, 0x38,
    0x33, 0x83, 0x38, 0x33, 0x83, 0x38, 0x00, 0x00, 0x00, 0x00, 0x00, 0x00,
    0x00, 0x0f, 0xff, 0xff, 0xf0, 0x00, 0x00, 0x0d, 0x1f, 0xf3, 0xff, 0xbf,
    0x73, 0xc3, 0x38, 0x33, 0x83, 0x38, 0x33, 0x83, 0x38, 0x33, 0x83, 0x38,
    0x0f, 0x00, 0xf0, 0x0f, 0x00, 0x60, 0x0f, 0x0f, 0xff, 0xff, 0xff, 0xff,
    0x00, 0x00, 0x00, 0xff, 0xff, 0xff, 0x00, 0x00, 0x00, 0x00, 0x00, 0x00,
    0x00, 0x00, 0x00, 0x00, 0x00, 0x00, 0x33, 0x83, 0x38, 0x33, 0x83, 0x38,
    0x33, 0x83, 0x38, 0x7b, 0x8f, 0xff, 0xff, 0xff, 0xff, 0xff, 0xff, 0xff,
    0xff, 0xf0, 0x00, 0x00, 0x00, 0x00, 0x00, 0x00, 0x00, 0x00, 0x00, 0x00,
    0x33, 0x83, 0x38, 0x73, 0x83, 0x38, 0x73, 0x8f, 0x3f, 0xfb, 0xff, 0x3f,
    0x00, 0x00, 0x00, 0xff, 0xff, 0xff, 0x00, 0x00, 0x00, 0x00, 0x00, 0x00,
    0x00, 0x00, 0x00, 0x00, 0x00, 0x00, 0x0f, 0x00, 0xf0, 0x06, 0x00, 0xf0,
    0x0f, 0x0f, 0xff, 0xff, 0xf0, 0xf0, 0x06, 0x0e, 0xf7, 0xff, 0xff, 0xff,
    0x0f, 0x00, 0x60, 0x0f, 0x00, 0xf0, 0x0f, 0x00, 0xf0, 0x0f, 0x00, 0xf0,
    0x33, 0x83, 0x38, 0x33, 0x83, 0x38, 0x33, 0x83, 0x38, 0x7b, 0x8f, 0xff,
    0xff, 0xff, 0xff, 0xff, 0xff, 0xff, 0xff, 0xf3, 0x38, 0x73, 0x83, 0x38,
    0x33, 0x83, 0x38, 0x33, 0x83, 0x38, 0x33, 0x83, 0x38, 0x73, 0x83, 0x38,
    0x73, 0x8f, 0x3f, 0xfb, 0xf0, 0x00, 0x00, 0x0d, 0x1f, 0xf3, 0xff, 0xbf,
    0x73, 0xc3, 0x38, 0x33, 0x83, 0x38, 0x33, 0x83, 0x38, 0x33, 0x83, 0x38,
    0x00, 0x00, 0x00, 0x00, 0x00, 0x00, 0x00, 0x00, 0x00, 0x00, 0x00, 0x0f,
    0x01, 0xf0, 0x1f, 0x03, 0xf0, 0x3f, 0x07, 0xf0, 0xf8, 0x07, 0x80, 0xf0,
    0x0e, 0x00, 0xf0, 0x0f, 0x00, 0xf0, 0x00, 0x00, 0x00, 0x00, 0x00, 0x00,
    0x00, 0x00, 0x00, 0x00, 0x0d, 0x00, 0xf8, 0x0f, 0x80, 0xfc, 0x0f, 0xc0,
    0xfe, 0x01, 0xf0, 0x1e, 0x00, 0xf0, 0x07, 0x00, 0xf0, 0x0f, 0x00, 0xf0,
    0x0f, 0x00, 0xf0, 0x07, 0x00, 0xf0, 0x0f, 0x01, 0xe0, 0x1f, 0x0f, 0xe0,
    0xfc, 0x0f, 0xc0, 0xf8, 0x0f, 0x80, 0xd0, 0x00, 0x00, 0x00, 0x00, 0x00,
    0x00, 0x00, 0x00, 0x00, 0x00, 0x00, 0x0f, 0x00, 0xf0, 0x0f, 0x00, 0xe0,
    0x0f, 0x00, 0x78, 0x0f, 0x80, 0x7f, 0x03, 0xf0, 0x3f, 0x01, 0xf0, 0x1f,
    0x00, 0xb0, 0x00, 0x00, 0x00, 0x00, 0x00, 0x00, 0x00, 0x00, 0x00, 0x00,
    0x00, 0x70, 0x07, 0x00, 0xe0, 0x1c, 0x01, 0xc0, 0x38, 0x03, 0x80, 0x70,
    0x0e, 0x00, 0xe0, 0x1c, 0x01, 0xc0, 0x38, 0x07, 0x00, 0x70, 0x0e, 0x00,
    0xe0, 0x0c, 0x00, 0x80, 0x0c, 0x00, 0xe0, 0x0e, 0x00, 0x70, 0x03, 0x80,
    0x38, 0x01, 0xc0, 0x1c, 0x00, 0xe0, 0x07, 0x00, 0x70, 0x03, 0x80, 0x38,
    0x01, 0xc0, 0x0e, 0x00, 0xe0, 0x07, 0x00, 0x70, 0x03, 0x00, 0x10, 0x03,
    0xe0, 0x7e, 0x07, 0x70, 0xe3, 0x9c, 0x39, 0xc1, 0xf8, 0x1f, 0x80, 0xf0,
    0x06, 0x00, 0xf0, 0x1f, 0x81, 0xf8, 0x3f, 0xc7, 0x0e, 0x70, 0xee, 0x07,
    0xe0, 0x7c, 0x03, 0x80, 0x1c, 0x03, 0x00, 0x00, 0x00, 0x00, 0x00, 0x00,
    0x00, 0x00, 0x00, 0x00, 0x0f, 0x80, 0xfc, 0x0f, 0xc0, 0xfc, 0x0f, 0xc0,
    0xf8, 0x00, 0x00, 0x00, 0x00, 0x00, 0x00, 0x00, 0x00, 0x00, 0x00, 0x00,
    0x0f, 0x00, 0xf0, 0x0f, 0x00, 0xf0, 0x0f, 0x00, 0xf0, 0x0f, 0x00, 0x60,
    0x0f, 0x00, 0x60, 0x00, 0x00, 0x00, 0x00, 0x00, 0x00, 0x00, 0x00, 0x00,
    0x00, 0x00, 0x00, 0x00, 0x00, 0x00, 0x00, 0x00, 0x00, 0x00, 0x00, 0x00,
    0x00, 0x00, 0x00, 0x00, 0x00, 0x1f, 0x03, 0xf0, 0x3f, 0x03, 0xf0, 0x3f,
    0x01, 0xf0, 0x00, 0x00, 0x00, 0x00, 0x00, 0x00, 0x00, 0x00, 0x00, 0x00,
    0x00, 0x00, 0x00, 0x00, 0x00, 0x00, 0x00, 0x00, 0x00, 0x00, 0x00, 0x00,
    0x00, 0x00, 0x00, 0x06, 0x00, 0xf0, 0x06, 0x00, 0xf0, 0x0f, 0x00, 0xf0,
    0x0f, 0x00, 0xf0, 0x0f, 0x00, 0xf0, 0x00, 0x00, 0x00, 0x00, 0x00, 0x00,
    0x00, 0x0f, 0xc0, 0xfc, 0x0f, 0xc0, 0xfc, 0x0f, 0xc0, 0xfc, 0x0f, 0xc0,
    0xfc, 0x0f, 0xc0, 0xfc, 0x00, 0x00, 0x00, 0x00, 0x00, 0x00, 0x00, 0x00,
    0x1f, 0x81, 0xf8, 0x1f, 0x81, 0xf8, 0x1f, 0x81, 0xf8, 0x1f, 0x81, 0xf8,
    0x1f, 0x81, 0xf8, 0x00, 0x00, 0x00, 0x00, 0x00, 0x00, 0x00, 0x00, 0x00,
    0x00, 0x00, 0x00, 0x00, 0x00, 0x00, 0x00, 0x00, 0x00, 0x00, 0x00, 0x00,
    0x00, 0x00, 0x3f, 0x03, 0xf0, 0x3f, 0x03, 0xf0, 0x3f, 0x03, 0xf0, 0x3f,
    0x03, 0xf0, 0x3f, 0x03, 0xf0, 0x00, 0x00, 0x00, 0x00, 0x00, 0x00, 0x00,
    0x00, 0x00, 0x00, 0x00, 0x00, 0x00, 0x00, 0x00, 0x00, 0x00, 0x00, 0x00,
    0x00, 0x00, 0x00, 0x1f, 0x81, 0xf8, 0x1f, 0x81, 0xf8, 0x1f, 0x81, 0xf8,
    0x1f, 0x81, 0xf8, 0x1f, 0x81, 0xf8, 0x00, 0x00, 0x00, 0x00, 0x00, 0x00,
    0x00, 0x00, 0x3f, 0x03, 0xff, 0xff, 0xff, 0xff, 0xff, 0xff, 0xff, 0xff,
    0xff, 0xf0, 0x3f, 0x03, 0xf0, 0x00, 0x00, 0x00, 0x00, 0x00, 0x00, 0x00,
    0x0f, 0x00, 0xf0, 0x0f, 0x00, 0xf0, 0x0f, 0x00, 0xf0, 0x0f, 0x00, 0xf0,
    0x06, 0x00, 0xf0, 0x1f, 0x81, 0xf8, 0x1f, 0x81, 0xf8, 0x1f, 0x81, 0xf8,
    0x1f, 0x81, 0xf8, 0x1f, 0x81, 0xf8, 0x00, 0x00, 0x00, 0x00, 0x00, 0x00,
    0x00, 0x0f, 0xc0, 0xfc, 0x0f, 0xff, 0xff, 0xff, 0xff, 0xff, 0xff, 0xff,
    0xff, 0xff, 0xc0, 0xfc, 0x00, 0x00, 0x00, 0x00, 0x00, 0x00, 0x00, 0x00,
    0x1f, 0x81, 0xf8, 0x1f, 0x81, 0xf8, 0x1f, 0x81, 0xf8, 0x1f, 0x81, 0xf8,
    0x1f, 0x81, 0xf8, 0x0f, 0x00, 0x60, 0x0f, 0x00, 0xf0, 0x0f, 0x00, 0xf0,
    0x0f, 0x00, 0xf0, 0x0f, 0x00, 0xf0, 0x00, 0x00, 0x00, 0x00, 0x00, 0x00,
    0x00, 0x00, 0x00, 0x00, 0x00, 0x00, 0x00, 0x00, 0x00, 0x00, 0x00, 0x00,
    0x00, 0x00, 0x00, 0x00, 0x00, 0x00, 0x00, 0x00, 0x00, 0x00, 0x00, 0x00,
    0x00, 0x00, 0x00, 0x00, 0x00, 0x00, 0x00, 0x00, 0x00, 0x00, 0x00, 0x00,
    0x00, 0x00, 0x00, 0x00, 0x00, 0x00, 0x00, 0x00, 0x00, 0x00, 0x00, 0x00,
    0x00, 0x00, 0x00, 0x00, 0x00, 0x00, 0x1f, 0x81, 0xfc, 0x38, 0x46, 0x06,
    0x62, 0x6d, 0xb7, 0xdb, 0x7f, 0xff, 0xe4, 0x9e, 0x49, 0x04, 0x00, 0xc0,
    0x0c, 0x00, 0xc0, 0x0c, 0x80, 0x48, 0x0d, 0x80, 0x78, 0x03, 0x00, 0x30,
    0x00, 0x00, 0x00, 0x00, 0x00, 0x00, 0x00, 0x00, 0x00, 0x00, 0x00, 0x00,
    0x00, 0x00, 0x00, 0x00, 0x00, 0x00, 0x00, 0x00, 0x00, 0x00, 0x00, 0x00,
    0x00, 0x00, 0x00, 0x00, 0x00, 0x00, 0x00, 0x00, 0x00, 0x00, 0x00, 0x00,
    0x00, 0x00, 0x00, 0x00, 0x00, 0x00, 0x00, 0x00, 0x00, 0x00, 0x00, 0x00,
    0x00, 0x00, 0x00, 0x00, 0x00, 0x00, 0x00, 0x00, 0x00, 0x00, 0x00, 0x00,
    0x00, 0x00, 0x00, 0x04, 0x00, 0xc0, 0x0e, 0x01, 0xe0, 0x1f, 0x0f, 0xfc,
    0xff, 0xef, 0xfc, 0x1f, 0x01, 0xf0, 0x3b, 0x87, 0x38, 0x73, 0xcc, 0x06,
    0xc0, 0x60, 0x04, 0x00, 0x00, 0x00, 0x00, 0x00, 0x00, 0x04, 0x00, 0xc0,
    0x0e, 0x01, 0xf0, 0x1f, 0x0f, 0x1e, 0xe1, 0xef, 0x5e, 0x1f, 0x01, 0xf0,
    0x3b, 0x87, 0x38, 0x73, 0xcc, 0x06, 0xc0, 0x60, 0x04, 0x00, 0x00, 0x00,
    0x00, 0x00, 0x00, 0x00, 0x00, 0x00, 0x00, 0x00, 0x00, 0x00, 0x00, 0x00,
    0x00, 0x00, 0x00, 0x00, 0x00, 0x00, 0x00, 0x00, 0x00, 0x00, 0x00, 0x00,
    0x00, 0x00, 0x00, 0x00, 0x00, 0x00, 0x00, 0x00, 0x00, 0x00, 0x00, 0x00,
    0x00, 0x00, 0x00, 0x00, 0x00, 0x00, 0x00, 0x00, 0x00, 0x00, 0x00, 0x00,
    0x00, 0x00, 0x00, 0x00, 0x00, 0x00, 0x00, 0x00, 0x00, 0x00, 0x00, 0x00,
    0x00, 0x00, 0x00, 0x1f, 0x81, 0xf8, 0x3f, 0xc2, 0x06, 0x60, 0x62, 0x66,
    0x2f, 0x62, 0x66, 0x26, 0x62, 0xf6, 0x20, 0x66, 0x06, 0x36, 0x61, 0xf8,
    0x1f, 0x80, 0x00, 0x00, 0x00, 0x00, 0x00, 0x00, 0x00, 0x00, 0x00, 0x00,
    0x00, 0x00, 0x00, 0x00, 0x00, 0x00, 0x00, 0x00, 0x00, 0x00, 0x00, 0x00,
    0x00, 0x00, 0x00, 0x00, 0x00, 0x00, 0x00, 0x00, 0x00, 0x00, 0x00, 0x00,
    0x00, 0x00, 0x00, 0x00, 0x00, 0x00, 0x00, 0x00, 0x00, 0x00, 0x00, 0x00,
    0x00, 0x00, 0x00, 0x00, 0x00, 0x00, 0x00, 0x00, 0x00, 0x00, 0x00, 0x00,
    0x00, 0x00, 0x00, 0x00, 0x00, 0x00, 0x00, 0x00, 0x00, 0x00, 0x00, 0x00,
    0x00, 0x00, 0x00, 0x00, 0x00, 0x00, 0x00, 0x00, 0x00, 0x00, 0x00, 0x00,
    0x00, 0x00, 0x00, 0x00, 0x00, 0x00, 0x00, 0x00, 0x00, 0x00, 0x00, 0x00,
    0x00, 0x00, 0x00, 0x00, 0x00, 0x00, 0x00, 0x00, 0x00, 0x00, 0x00, 0x00,
    0x00, 0x00, 0x00, 0x00, 0x00, 0x00, 0x00, 0x00, 0x00, 0x00, 0x00, 0x00,
    0x00, 0x00, 0x00, 0x00, 0x00, 0x00, 0x3f, 0xe7, 0xfe, 0xf0, 0x7e, 0x07,
    0xe6, 0x7e, 0x67, 0xef, 0x79, 0xfd, 0x1f, 0x83, 0xfc, 0x39, 0xe7, 0x8e,
    0x39, 0xe3, 0x9e, 0x3d, 0xe3, 0xfe, 0x7f, 0xe3, 0x9c, 0x00, 0x00, 0x00,
    0x00, 0x00, 0x00, 0x00, 0x00, 0x00, 0x00, 0x00, 0x00, 0x00, 0x00, 0x00,
    0x00, 0x00, 0x00, 0x00, 0x00, 0x00, 0x00, 0x00, 0x00, 0x00, 0x00, 0x00,
    0x00, 0x00, 0x00, 0x00, 0x00, 0x00, 0xff, 0xcf, 0xfc, 0xc0, 0x68, 0x06,
    0xc0, 0x6c, 0x06, 0xc0, 0x6c, 0x06, 0xc0, 0x6c, 0x06, 0xc0, 0x6c, 0x06,
    0x80, 0x6c, 0x06, 0xc0, 0x6f, 0xfc, 0xff, 0xec, 0x04, 0x00, 0x00, 0x00,
    0xff, 0xef, 0xfe, 0xc1, 0xe8, 0x1c, 0xc1, 0xcc, 0x36, 0xc3, 0x69, 0xb6,
    0x9b, 0x69, 0xf6, 0xcc, 0x6c, 0xc6, 0x80, 0x6c, 0x06, 0xc4, 0x6f, 0xfc,
    0xff, 0xec, 0x04, 0x00, 0x00, 0x00, 0xff, 0xcf, 0xfc, 0xc0, 0x68, 0x06,
    0xd2, 0x69, 0xb6, 0x9b, 0x69, 0xe6, 0xc4, 0x6c, 0xc6, 0x9b, 0x69, 0xb6,
    0x80, 0x6c, 0x06, 0xd2, 0x6f, 0xfc, 0xff, 0xec, 0x04, 0x00, 0x00, 0x00,
    0x00, 0x00, 0x00, 0x00, 0x00, 0x00, 0x00, 0x00, 0x00, 0x00, 0x00, 0x00,
    0x00, 0x00, 0x00, 0x00, 0x00, 0x00, 0x00, 0x00, 0x00, 0x00, 0x00, 0x00,
    0x00, 0x00, 0x00, 0x00, 0x00, 0x00, 0x00, 0x00, 0x00, 0x00, 0x00, 0x00,
    0x00, 0x00, 0x00, 0x00, 0x00, 0x00, 0x00, 0x00, 0x00, 0x00, 0x00, 0x00,
    0x00, 0x00, 0x00, 0x00, 0x00, 0x00, 0x00, 0x00, 0x00, 0x00, 0x00, 0x00,
    0x00, 0x00, 0x00, 0xdf, 0x8d, 0xf8, 0xdf, 0xcd, 0xff, 0xdf, 0xfd, 0xfb,
    0xdf, 0x9d, 0xf9, 0xdf, 0x9d, 0xfb, 0xdf, 0xfd, 0xff, 0xdf, 0xfd, 0xf8,
    0xdf, 0x8f, 0xf0, 0x3e, 0x07, 0xf0, 0x00, 0x00, 0x00, 0x00, 0x00, 0x00,
    0x00, 0x00, 0x00, 0x00, 0x00, 0x00, 0x00, 0x00, 0x00, 0x00, 0x00, 0x00,
    0x00, 0x00, 0x00, 0x00, 0x00, 0x00, 0x00, 0x00, 0x00, 0x00, 0x00, 0x00,
    0x00, 0x00, 0x00, 0x00, 0x00, 0x00, 0x00, 0x00, 0x00, 0x00, 0x00, 0x00,
    0x00, 0x00, 0x00, 0x00, 0x00, 0x00, 0x00, 0x00, 0x00, 0x00, 0x00, 0x00,
    0x00, 0x00, 0x00, 0x00, 0x00, 0x00, 0x00, 0x00, 0x00, 0x00, 0x00, 0x00,
    0x00, 0x00, 0x00, 0x00, 0x00, 0x00, 0x00, 0x00, 0x00, 0x00, 0x00, 0x00,
    0x00, 0x00, 0x00, 0x00, 0x00, 0x00, 0x00, 0x00, 0x00, 0x00, 0x00, 0x00,
    0x00, 0x00, 0x00, 0x00, 0x00, 0x00, 0x00, 0x00, 0x00, 0x00, 0x00, 0x00,
    0x00, 0x00, 0x00, 0x00, 0x00, 0x00, 0x00, 0x00, 0x00, 0x00, 0x00, 0x00,
    0x00, 0x00, 0x00, 0x00, 0x00, 0x00, 0x00, 0x00, 0x00, 0x00, 0x00, 0x00,
    0x00, 0x00, 0x00, 0x00, 0x00, 0x00, 0x00, 0x00, 0x00, 0x00, 0x00, 0x00,
    0x00, 0x00, 0x00, 0x00, 0x00, 0x00, 0x00, 0x00, 0x00, 0x00, 0x00, 0x00,
    0x00, 0x00, 0x00, 0x00, 0x00, 0x00, 0x00, 0x00, 0x00, 0x00, 0x00, 0x00,
    0x00, 0x00, 0x00, 0x00, 0x00, 0x00, 0x00, 0x00, 0x00, 0x00, 0x00, 0x00,
    0x00, 0x00, 0x00, 0x00, 0x00, 0x00, 0x00, 0x00, 0x00, 0x00, 0x00, 0x00,
    0x00, 0x00, 0x00, 0x00, 0x00, 0x00, 0x00, 0x00, 0x00, 0x00, 0x00, 0x00,
    0x00, 0x00, 0x00, 0x00, 0x00, 0x00, 0x00, 0x00, 0x00, 0x00, 0x00, 0x00,
    0x00, 0x00, 0x00, 0x00, 0x00, 0x00, 0x00, 0x00, 0x00, 0x00, 0x00, 0x00,
    0x00, 0x00, 0x00, 0x00, 0x00, 0x00, 0x00, 0x00, 0x00, 0x00, 0x00, 0x00,
    0x00, 0x00, 0x00, 0x00, 0x00, 0x00, 0x00, 0x00, 0x00, 0x00, 0x00, 0x00,
    0x00, 0x00, 0x00, 0x00, 0x00, 0x00, 0x00, 0x00, 0x00, 0x00, 0x00, 0x00,
    0x00, 0x00, 0x00, 0x00, 0x00, 0x00, 0x00, 0x00, 0x00, 0x00, 0x00, 0x00,
    0x00, 0x00, 0x00, 0x00, 0x00, 0x00, 0x00, 0x00, 0x00, 0x00, 0x00, 0x00,
    0x00, 0x00, 0x00, 0x00, 0x00, 0x00, 0x00, 0x00, 0x00, 0x00, 0x00, 0x00,
    0x00, 0x00, 0x00, 0x00, 0x00, 0x00, 0x00, 0x00, 0x00, 0x00, 0x00, 0x00,
    0x00, 0x00, 0x00, 0x00, 0x00, 0x00, 0x00, 0x00, 0x00, 0x00, 0x00, 0x00,
    0x00, 0x00, 0x00, 0x00, 0x00, 0x00, 0x00, 0x00, 0x00, 0x00, 0x00, 0x00,
    0x00, 0x00, 0x00, 0x00, 0x00, 0x00, 0x00, 0x00, 0x00, 0x00, 0x00, 0x00,
    0x00, 0x00, 0x00, 0x00, 0x00, 0x00, 0x00, 0x00, 0x00, 0x00, 0x00, 0x00,
    0x00, 0x00, 0x00, 0x00, 0x00, 0x00, 0x00, 0x00, 0x00, 0x00, 0x00, 0x00,
    0x00, 0x00, 0x00, 0x00, 0x00, 0x00, 0x00, 0x00, 0x00, 0x00, 0x00, 0x00,
    0x00, 0x00, 0x00, 0x00, 0x00, 0x00, 0x00, 0x00, 0x00, 0x00, 0x00, 0x00,
    0x00, 0x00, 0x00, 0x00, 0x00, 0x00, 0x00, 0x00, 0x00, 0x00, 0x00, 0x00,
    0x00, 0x00, 0x00, 0x00, 0x00, 0x00, 0x00, 0x00, 0x00, 0x00, 0x00, 0x00,
    0x00, 0x00, 0x00, 0x00, 0x00, 0x00, 0x00, 0x00, 0x00, 0x00, 0x00, 0x00,
    0x00, 0x00, 0x00, 0x00, 0x00, 0x00, 0x00, 0x00, 0x00, 0x00, 0x00, 0x00,
    0x00, 0x00, 0x00, 0x00, 0x00, 0x00, 0x00, 0x00, 0x00, 0x00, 0x00, 0x00,
    0x3f, 0x87, 0xf8, 0xe5, 0xce, 0x0e, 0xf1, 0xc7, 0x38, 0x3b, 0x81, 0xf0,
    0x1e, 0x03, 0xf4, 0xff, 0xcf, 0xfe, 0x3f, 0x01, 0xe0, 0x1f, 0x01, 0xe0,
    0x1f, 0x00, 0xe0, 0x00, 0x00, 0x00, 0x00, 0x00, 0x00, 0x00, 0x00, 0x00,
    0x00, 0x00, 0x00, 0x00, 0x00, 0x00, 0x00, 0x00, 0x00, 0x00, 0x00, 0x00,
    0x00, 0x00, 0x00, 0x00, 0x00, 0x00, 0x00, 0x00, 0x00, 0x00, 0x00, 0x00,
    0x00, 0x00, 0x00, 0x00, 0x00, 0x00, 0x00, 0x00, 0x00, 0x00, 0x00, 0x00,
    0x00, 0x00, 0x00, 0x00, 0x00, 0x00, 0x00, 0x00, 0x00, 0x00, 0x00, 0x00,
    0x00, 0x00, 0x00, 0x00, 0x00, 0x00, 0x06, 0x00, 0xf0, 0x1f, 0x81, 0xf8,
    0x1f, 0x80, 0xf0, 0x0f, 0x03, 0xfc, 0x7f, 0xe3, 0xfc, 0x0f, 0x00, 0x60,
    0x0f, 0x00, 0xf0, 0x0f, 0x00, 0x60, 0x0f, 0x00, 0x60, 0x00, 0x00, 0x00,
    0x00, 0x00, 0x00, 0x00, 0x00, 0x00, 0x00, 0x00, 0x00, 0x00, 0x00, 0x00,
    0x00, 0x00, 0x00, 0x00, 0x00, 0x00, 0x00, 0x00, 0x00, 0x00, 0x00, 0x00,
    0x00, 0x00, 0x00, 0x00, 0x00, 0x00, 0x00, 0x00, 0x00, 0x00, 0x00, 0x00,
    0x00, 0x00, 0x00, 0x00, 0x00, 0x00, 0x00, 0x00, 0x00, 0x00, 0x00, 0x00,
    0x00, 0x00, 0x00, 0x00, 0x00, 0x00, 0x00, 0x00, 0x00, 0x00, 0x00, 0x00,
    0x00, 0x00, 0x00, 0x00, 0x00, 0x00, 0x00, 0x00, 0x00, 0x00, 0x00, 0x00,
    0x00, 0x00, 0x00, 0x00, 0x00, 0x00, 0x00, 0x00, 0x00, 0x00, 0x00, 0x00,
    0x00, 0x00, 0x00, 0x00, 0x00, 0x00, 0x00, 0x00, 0x00, 0x00, 0x00, 0x00,
    0x00, 0x00, 0x00, 0x00, 0x00, 0x00, 0x00, 0x00, 0x00, 0x00, 0x00, 0x00,
    0x00, 0x00, 0x00, 0x00, 0x00, 0x00, 0x00, 0x00, 0x00, 0x00, 0x00, 0x00,
    0x00, 0x00, 0x00, 0x00, 0x00, 0x00, 0x00, 0x00, 0x00, 0x00, 0x00, 0x00,
    0x00, 0x00, 0x00, 0x00, 0x00, 0x00, 0x00, 0x00, 0x00, 0x00, 0x00, 0x00,
    0x00, 0x00, 0x00, 0x00, 0x00, 0x00, 0x00, 0x00, 0x00, 0x00, 0x00, 0x00,
    0x00, 0x00, 0x00, 0x00, 0x00, 0x00, 0x00, 0x00, 0x00, 0x00, 0x00, 0x00,
    0x00, 0x00, 0x00, 0x00, 0x00, 0x00, 0x00, 0x00, 0x00, 0x00, 0x00, 0x00,
    0x00, 0x00, 0x00, 0x3f, 0xe7, 0xfe, 0x7f, 0xfc, 0x03, 0xc0, 0x1d, 0xc1,
    0xdc, 0x3f, 0xc3, 0xfc, 0x7f, 0xc7, 0xff, 0xff, 0xff, 0xff, 0xf7, 0xfe,
    0x7f, 0xe3, 0xfc, 0x00, 0x00, 0x00, 0x00, 0x00, 0x00, 0x00, 0x00, 0x00,
    0x00, 0x0f, 0xfc, 0xff, 0xef, 0xf4, 0x00, 0x00, 0x00, 0xff, 0xcf, 0xfe,
    0xff, 0x40, 0x00, 0x00, 0x0f, 0xfc, 0xff, 0xe0, 0x00, 0x00, 0x00, 0x00,
    0x00, 0x00, 0x00, 0x00, 0x00, 0x00, 0x00, 0x0e, 0x0c, 0xe1, 0xec, 0x04,
    0x00, 0x00, 0x00, 0xff, 0xcf, 0xfe, 0xff, 0x40, 0x00, 0x00, 0x0f, 0xfc,
    0xff, 0xe0, 0x00, 0x00, 0x00, 0x00, 0x00, 0x00, 0x00, 0x00, 0x00, 0x00,
    0x00, 0x0f, 0xfc, 0xff, 0xec, 0x04, 0x00, 0x00, 0x00, 0xe0, 0xce, 0x1e,
    0xc0, 0x40, 0x00, 0x00, 0x0f, 0xfc, 0xff, 0xe0, 0x00, 0x00, 0x00, 0x00,
    0x00, 0x00, 0x00, 0x00, 0x00, 0x00, 0x00, 0x0e, 0x0c, 0xe1, 0xec, 0x0c,
    0x00, 0x00, 0x00, 0xe0, 0xce, 0x1e, 0xc0, 0x40, 0x00, 0x00, 0x0f, 0xfc,
    0xff, 0xe0, 0x00, 0x00, 0x00, 0x00, 0x00, 0x00, 0x00, 0x00, 0x00, 0x00,
    0x00, 0x0f, 0xfc, 0xff, 0xef, 0xf4, 0x00, 0x00, 0x00, 0xff, 0xcf, 0xfe,
    0xc0, 0x40, 0x00, 0x00, 0x0e, 0x0c, 0xe1, 0xe0, 0x00, 0x00, 0x00, 0x00,
    0x00, 0x00, 0x00, 0x00, 0x00, 0x00, 0x00, 0x0e, 0x0c, 0xe1, 0xec, 0x04,
    0x00, 0x00, 0x00, 0xff, 0xcf, 0xfe, 0xc0, 0x40, 0x00, 0x00, 0x0e, 0x0c,
    0xe1, 0xe0, 0x00, 0x00, 0x00, 0x00, 0x00, 0x00, 0x00, 0x00, 0x00, 0x00,
    0x00, 0x0f, 0xfc, 0xff, 0xec, 0x04, 0x00, 0x00, 0x00, 0xe0, 0xce, 0x1e,
    0xc0, 0xc0, 0x00, 0x00, 0x0e, 0x0c, 0xe1, 0xe0, 0x00, 0x00, 0x00, 0x00,
    0x00, 0x00, 0x00, 0x00, 0x00, 0x00, 0x00, 0x0e, 0x0c, 0xe1, 0xec, 0x0c,
    0x00, 0x00, 0x00, 0xe0, 0xce, 0x1e, 0xc0, 0xc0, 0x00, 0x00, 0x0e, 0x0c,
    0xe1, 0xe0, 0x00, 0x00, 0x00, 0x00, 0x00, 0x00, 0x00, 0x00, 0x00, 0x00,
    0x00, 0x00, 0x00, 0x00, 0x00, 0x00, 0x00, 0x00, 0x00, 0x00, 0x00, 0x00,
    0x00, 0x00, 0x00, 0x00, 0x00, 0x00, 0x00, 0x00, 0x00, 0x00, 0x00, 0x00,
    0x3f, 0xe7, 0xfe, 0xf8, 0xbc, 0x01, 0xc0, 0x1d, 0x09, 0xd8, 0x9c, 0x01,
    0xc0, 0x1c, 0x01, 0xc7, 0x1c, 0xf1, 0xc1, 0xbd, 0x99, 0xd0, 0x9c, 0x01,
    0xc0, 0x3f, 0xff, 0x3f, 0xe7, 0xfe, 0x3f, 0xe7, 0xfe, 0xf9, 0xbc, 0x01,
    0xc0, 0x1d, 0x09, 0xd9, 0x9c, 0x09, 0xc0, 0x1c, 0x01, 0xdf, 0x9d, 0xf9,
    0xcf, 0x3c, 0xf3, 0xc6, 0x3c, 0x01, 0xc0, 0x3f, 0xff, 0x3f, 0xe7, 0xfe,
    0x3f, 0xc7, 0xfe, 0xff, 0xff, 0xff, 0xff, 0xfe, 0xf7, 0xef, 0x7f, 0xff,
    0xff, 0xff, 0xff, 0xe0, 0x7e, 0x07, 0xf0, 0xff, 0x9f, 0xf9, 0xff, 0xff,
    0xff, 0xff, 0xff, 0x3f, 0xc7, 0xfe, 0x00, 0x00, 0x00, 0x00, 0x00, 0x00,
    0x00, 0x00, 0x00, 0x00, 0x00, 0x00, 0x00, 0x00, 0x00, 0x00, 0x00, 0x00,
    0x00, 0x00, 0x00, 0x00, 0x00, 0x00, 0x00, 0x00, 0x00, 0x00, 0x00, 0x00,
    0x00, 0x00, 0x00, 0x00, 0x00, 0x00, 0x00, 0x00, 0x00, 0x00, 0x00, 0x00,
    0x00, 0x00, 0x00, 0x00, 0x00, 0x00, 0x00, 0x00, 0x00, 0x00, 0x00, 0x00,
    0x00, 0x00, 0x00, 0x00, 0x00, 0x00, 0x00, 0x00, 0x00, 0x00, 0x00, 0x00,
    0x00, 0x00, 0x00, 0x00, 0x00, 0x00, 0x00, 0x00, 0x00, 0x00, 0x00, 0x00,
    0x00, 0x00, 0x00, 0x00, 0x00, 0x00, 0x00, 0x00, 0x00, 0x00, 0x00, 0x00,
    0x00, 0x00, 0x00, 0x00, 0x00, 0x00, 0x00, 0x00, 0x00, 0x00, 0x00, 0x00,
    0x00, 0x00, 0x00, 0x00, 0x00, 0x00, 0x00, 0x00, 0x00, 0x00, 0x00, 0x00,
    0x00, 0x00, 0x00, 0x00, 0x00, 0x00, 0x1f, 0x81, 0xf8, 0x39, 0xc7, 0x0e,
    0x39, 0xc3, 0x9c, 0x39, 0xc3, 0x0c, 0x79, 0xe3, 0x9c, 0x1f, 0x81, 0xf8,
    0x0f, 0x00, 0x60, 0x2f, 0x43, 0xfc, 0x7f, 0xe2, 0xf4, 0x06, 0x00, 0xf0,
    0x00, 0x00, 0x00, 0x00, 0x00, 0x00, 0x00, 0x00, 0x00, 0x00, 0x00, 0x00,
    0x00, 0x00, 0x00, 0x00, 0x00, 0x00, 0x00, 0x00, 0x00, 0x00, 0x00, 0x00,
    0x00, 0x00, 0x00, 0x00, 0x00, 0x00, 0x03, 0xf0, 0x3f, 0x01, 0xf0, 0x0f,
    0x01, 0xf0, 0x3f, 0x03, 0xf3, 0xff, 0x7f, 0x97, 0xf9, 0xe3, 0x8e, 0x38,
    0xe3, 0x8e, 0x38, 0xe3, 0x8e, 0x38, 0xe3, 0x8f, 0xf0, 0x3e, 0x07, 0xf0,
    0x00, 0x00, 0x00, 0x00, 0x00, 0x00, 0x00, 0x00, 0x00, 0x00, 0x00, 0x00,
    0x00, 0x00, 0x00, 0x00, 0x00, 0x00, 0x00, 0x00, 0x00, 0x00, 0x00, 0x00,
    0x00, 0x00, 0x00, 0x00, 0x00, 0x00, 0x00, 0x00, 0x00, 0x00, 0x00, 0x00,
    0x00, 0x00, 0x00, 0x00, 0x00, 0x00, 0x00, 0x00, 0x00, 0x00, 0x00, 0x00,
    0x00, 0x00, 0x00, 0x00, 0x00, 0x00, 0x00, 0x00, 0x00, 0x00, 0x00, 0x00,
    0x00, 0x00, 0x00, 0x00, 0x00, 0x00, 0x00, 0x00, 0x00, 0x00, 0x00, 0x00,
    0x00, 0x00, 0x00, 0x00, 0x00, 0x00, 0x00, 0x00, 0x00, 0x00, 0x00, 0x00,
    0x00, 0x00, 0x00, 0x00, 0x00, 0x00, 0x00, 0x00, 0x00, 0x00, 0x00, 0x00,
    0x00, 0x00, 0x00, 0x00, 0x00, 0x00, 0x00, 0x00, 0x00, 0x00, 0x00, 0x00,
    0x00, 0x00, 0x00, 0x00, 0x00, 0x00, 0x00, 0x00, 0x00, 0x00, 0x00, 0x00,
    0x00, 0x00, 0x00, 0x00, 0x00, 0x00, 0x00, 0x00, 0x00, 0x00, 0x00, 0x00,
    0x00, 0x00, 0x00, 0x00, 0x00, 0x00, 0x00, 0x00, 0x00, 0x00, 0x00, 0x00,
    0x00, 0x00, 0x00, 0x00, 0x00, 0x00, 0x00, 0x00, 0x00, 0x00, 0x00, 0x00,
    0x00, 0x00, 0x00, 0x00, 0x00, 0x00, 0x00, 0x00, 0x00, 0x00, 0x00, 0x00,
    0x00, 0x00, 0x00, 0x00, 0x00, 0x00, 0x00, 0x00, 0x00, 0x00, 0x00, 0x00,
    0x00, 0x00, 0x00, 0x00, 0x00, 0x00, 0x00, 0x00, 0x00, 0x00, 0x00, 0x00,
    0x00, 0x00, 0x00, 0x00, 0x00, 0x00, 0x00, 0x00, 0x00, 0x00, 0x00, 0x00,
    0x00, 0x00, 0x00, 0x00, 0x00, 0x00, 0x00, 0x00, 0x00, 0x00, 0x00, 0x00,
    0x00, 0x00, 0x00, 0x00, 0x00, 0x00, 0x00, 0x00, 0x00, 0x00, 0x00, 0x00,
    0x00, 0x00, 0x00, 0x00, 0x00, 0x00, 0x00, 0x00, 0x00, 0x00, 0x00, 0x00,
    0x00, 0x00, 0x00, 0x00, 0x00, 0x00, 0x00, 0x00, 0x00, 0x00, 0x00, 0x00,
    0x00, 0x00, 0x00, 0x00, 0x00, 0x00, 0x00, 0x00, 0x00, 0x00, 0x00, 0x00,
    0x00, 0x00, 0x00, 0x00, 0x00, 0x00, 0x00, 0x00, 0x00, 0x00, 0x00, 0x00,
    0x00, 0x00, 0x00, 0x00, 0x00, 0x00, 0x00, 0x00, 0x00, 0x00, 0x00, 0x00,
    0x00, 0x00, 0x00, 0x00, 0x00, 0x00, 0x00, 0x00, 0x00, 0x00, 0x00, 0x00,
    0x00, 0x00, 0x00, 0x00, 0x00, 0x00, 0x00, 0x00, 0x00, 0x00, 0x00, 0x00,
    0x00, 0x00, 0x00, 0x00, 0x00, 0x00, 0x00, 0x00, 0x00, 0x00, 0x00, 0x00,
    0x00, 0x00, 0x00, 0x00, 0x00, 0x00, 0x00, 0x00, 0x00, 0x00, 0x00, 0x00,
    0x00, 0x00, 0x00, 0x00, 0x00, 0x00, 0x00, 0x00, 0x00, 0x00, 0x00, 0x00,
    0x00, 0x00, 0x00, 0x00, 0x00, 0x00, 0x00, 0x00, 0x00, 0x00, 0x00, 0x00,
    0x00, 0x00, 0x00, 0x00, 0x00, 0x00, 0x00, 0x00, 0x00, 0x00, 0x00, 0x00,
    0x00, 0x00, 0x00, 0x00, 0x00, 0x00, 0x00, 0x00, 0x00, 0x00, 0x00, 0x00,
    0x00, 0x00, 0x00, 0x00, 0x00, 0x00, 0x00, 0x00, 0x00, 0x00, 0x00, 0x00,
    0x00, 0x00, 0x00, 0x00, 0x00, 0x00, 0x00, 0x00, 0x00, 0x00, 0x00, 0x00,
    0x00, 0x00, 0x00, 0x00, 0x00, 0x00, 0x00, 0x00, 0x00, 0x00, 0x00, 0x00,
    0x00, 0x00, 0x00, 0x00, 0x00, 0x00, 0x00, 0x00, 0x00, 0x00, 0x00, 0x00,
    0x00, 0x00, 0x00, 0x00, 0x00, 0x00, 0x00, 0x00, 0x00, 0x00, 0x00, 0x00,
    0x00, 0x00, 0x00, 0x00, 0x00, 0x00, 0x00, 0x00, 0x00, 0x00, 0x00, 0x00,
    0x00, 0x00, 0x00, 0x00, 0x00, 0x00, 0x00, 0x00, 0x00, 0x00, 0x00, 0x00,
    0x00, 0x00, 0x00, 0x00, 0x00, 0x00, 0x00, 0x00, 0x00, 0x00, 0x00, 0x00,
    0x00, 0x00, 0x00, 0x00, 0x00, 0x00, 0x00, 0x00, 0x00, 0x00, 0x00, 0x00,
    0x00, 0x00, 0x00, 0x00, 0x00, 0x00, 0x00, 0x00, 0x00, 0x00, 0x00, 0x00,
    0x00, 0x00, 0x00, 0x00, 0x00, 0x00, 0x00, 0x00, 0x00, 0x00, 0x00, 0x00,
    0x00, 0x00, 0x00, 0x00, 0x00, 0x00, 0x00, 0x00, 0x00, 0x00, 0x00, 0x00,
    0x00, 0x00, 0x00, 0x00, 0x00, 0x00, 0x00, 0x00, 0x00, 0x00, 0x00, 0x00,
    0x00, 0x00, 0x00, 0x00, 0x00, 0x00, 0x00, 0x00, 0x00, 0x00, 0x00, 0x00,
    0x00, 0x00, 0x00, 0x00, 0x00, 0x00, 0x00, 0x00, 0x00, 0x00, 0x00, 0x00,
    0x00, 0x00, 0x00, 0x00, 0x00, 0x00, 0x00, 0x00, 0x00, 0x00, 0x00, 0x00,
    0x00, 0x00, 0x00, 0x00, 0x00, 0x00, 0x00, 0x00, 0x00, 0x00, 0x00, 0x00,
    0x00, 0x00, 0x00, 0x00, 0x00, 0x00, 0x00, 0x00, 0x00, 0x00, 0x00, 0x00,
    0x00, 0x00, 0x00, 0x00, 0x00, 0x00, 0x00, 0x00, 0x00, 0x00, 0x00, 0x00,
    0x00, 0x00, 0x00, 0x00, 0x00, 0x00, 0x00, 0x00, 0x00, 0x00, 0x00, 0x00,
    0x00, 0x00, 0x00, 0x00, 0x00, 0x00, 0x00, 0x00, 0x00, 0x00, 0x00, 0x00,
    0x00, 0x00, 0x00, 0x00, 0x00, 0x00, 0x00, 0x00, 0x00, 0x00, 0x00, 0x00,
    0x00, 0x00, 0x00, 0x00, 0x00, 0x00, 0x00, 0x00, 0x00, 0x00, 0x00, 0x00,
    0x00, 0x00, 0x00, 0x00, 0x00, 0x00, 0x00, 0x00, 0x00, 0x00, 0x00, 0x00,
    0x00, 0x00, 0x00, 0x00, 0x00, 0x00, 0x00, 0x00, 0x00, 0x00, 0x00, 0x00,
    0x00, 0x00, 0x00, 0x00, 0x00, 0x00, 0x00, 0x00, 0x00, 0x00, 0x00, 0x00,
    0x00, 0x00, 0x00, 0x00, 0x00, 0x00, 0x00, 0x00, 0x00, 0x00, 0x00, 0x00,
    0x00, 0x00, 0x00, 0x00, 0x00, 0x00, 0x00, 0x00, 0x00, 0x00, 0x00, 0x00,
    0x00, 0x00, 0x00, 0x00, 0x00, 0x00, 0x00, 0x00, 0x00, 0x00, 0x00, 0x00,
    0x00, 0x00, 0x00, 0x00, 0x00, 0x00, 0x00, 0x00, 0x00, 0x00, 0x00, 0x00,
    0x00, 0x00, 0x00, 0x00, 0x00, 0x00, 0x00, 0x00, 0x00, 0x00, 0x00, 0x00,
    0x00, 0x00, 0x00, 0x00, 0x00, 0x00, 0x00, 0x00, 0x00, 0x00, 0x00, 0x00,
    0x00, 0x00, 0x00, 0x00, 0x00, 0x00, 0x00, 0x00, 0x00, 0x00, 0x00, 0x00,
    0x00, 0x00, 0x00, 0x00, 0x00, 0x00, 0x00, 0x00, 0x00, 0x00, 0x00, 0x00,
    0x00, 0x00, 0x00, 0x00, 0x00, 0x00, 0x00, 0x00, 0x00, 0x00, 0x00, 0x00,
    0x00, 0x00, 0x00, 0x00, 0x00, 0x00, 0x00, 0x00, 0x00, 0x00, 0x00, 0x00,
    0x00, 0x00, 0x00, 0x00, 0x00, 0x00, 0x00, 0x00, 0x00, 0x00, 0x00, 0x00,
    0x00, 0x00, 0x00, 0x00, 0x00, 0x00, 0x00, 0x00, 0x00, 0x00, 0x00, 0x00,
    0x00, 0x00, 0x00, 0x00, 0x00, 0x00, 0x00, 0x00, 0x00, 0x00, 0x00, 0x00,
    0x00, 0x00, 0x00, 0x00, 0x00, 0x00, 0x00, 0x00, 0x00, 0x00, 0x00, 0x00,
    0x00, 0x00, 0x00, 0x00, 0x00, 0x00, 0x0c, 0x00, 0xc0, 0x1e, 0x01, 0xf0,
    0x3f, 0x03, 0xf8, 0x7f, 0x8f, 0xfc, 0xff, 0xef, 0xfc, 0xff, 0xcf, 0xfe,
    0xff, 0xc1, 0xe0, 0x1f, 0x03, 0xf8, 0x7f, 0x81, 0xf0, 0x00, 0x00, 0x00,
    0x33, 0x87, 0xb8, 0xff, 0xcf, 0xfe, 0xff, 0xce, 0x1c, 0xe0, 0xce, 0x0c,
    0xe1, 0xef, 0x1c, 0x73, 0x83, 0xb8, 0x1f, 0x01, 0xe0, 0x1e, 0x00, 0xc0,
    0x0c, 0x00, 0x40, 0x00, 0x00, 0x00, 0x0c, 0x00, 0xc0, 0x1e, 0x01, 0xf0,
    0x3f, 0x03, 0xb8, 0x73, 0x8e, 0x1c, 0xe0, 0xef, 0x1c, 0x73, 0x83, 0xb8,
    0x1f, 0x01, 0xe0, 0x1e, 0x00, 0xc0, 0x0c, 0x00, 0x40, 0x00, 0x00, 0x00,
    0x0f, 0x00, 0xf0, 0x07, 0x00, 0xf0, 0x2f, 0x83, 0x9e, 0x78, 0xe3, 0x8e,
    0x79, 0xe3, 0xde, 0x0f, 0x00, 0x70, 0x0f, 0x00, 0x70, 0x0f, 0x01, 0xf8,
    0x1f, 0x80, 0xf0, 0x00, 0x00, 0x00, 0x0c, 0x00, 0xc0, 0x1e, 0x01, 0xf0,
    0x3f, 0x03, 0xb8, 0x73, 0x8e, 0x1c, 0xe0, 0xef, 0x1c, 0xf3, 0xcf, 0xbe,
    0x1f, 0xc1, 0xe0, 0x1f, 0x03, 0xf8, 0x7f, 0x81, 0xf0, 0x00, 0x00, 0x00,
    0x33, 0x87, 0xb8, 0xff, 0xcf, 0xfe, 0xff, 0xcf, 0xfc, 0xff, 0xcf, 0xfc,
    0xff, 0xef, 0xfc, 0x7f, 0x87, 0xf8, 0x3f, 0x01, 0xe0, 0x1e, 0x00, 0xc0,
    0x0c, 0x00, 0x40, 0x00, 0x00, 0x00, 0x0c, 0x00, 0xc0, 0x1e, 0x01, 0xf0,
    0x3f, 0x03, 0xf8, 0x7f, 0x8f, 0xfc, 0xff, 0xef, 0xfc, 0x7f, 0x87, 0xf8,
    0x3f, 0x01, 0xe0, 0x1e, 0x00, 0xc0, 0x0c, 0x00, 0x40, 0x00, 0x00, 0x00,
    0x1f, 0x01, 0xf0, 0x1e, 0x01, 0xf0, 0x3f, 0x4e, 0x1c, 0xe0, 0xee, 0x0c,
    0xe1, 0xcf, 0x1c, 0xf3, 0xcf, 0xbe, 0x13, 0x41, 0xa0, 0x3b, 0x03, 0xf8,
    0x7f, 0x81, 0xb0, 0x00, 0x00, 0x00, 0x00, 0x00, 0x00, 0x00, 0x00, 0x00,
    0x00, 0x00, 0x00, 0x00, 0x00, 0x00, 0x00, 0x00, 0x00, 0x00, 0x00, 0x00,
    0x00, 0x00, 0x00, 0x00, 0x00, 0x00, 0x00, 0x00, 0x00, 0x00, 0x00, 0x00,
    0x03, 0x80, 0x38, 0x03, 0x80, 0x38, 0x03, 0x80, 0x38, 0x03, 0x80, 0x38,
    0x03, 0x80, 0x38, 0x03, 0x80, 0x38, 0x1f, 0x81, 0xf8, 0x3f, 0x83, 0xf8,
    0x7f, 0x83, 0xf0, 0x1e, 0x01, 0xf0, 0x0e, 0x00, 0xf0, 0x0f, 0x80, 0xf8,
    0x0f, 0xc0, 0xfc, 0x0f, 0xe0, 0xf7, 0x0e, 0x70, 0x77, 0x07, 0x00, 0xf0,
    0x3f, 0x07, 0xf0, 0x7f, 0x0f, 0xe0, 0xff, 0x07, 0xe0, 0x3c, 0x07, 0xc0,
    0x3f, 0xf3, 0xff, 0x38, 0xf3, 0x07, 0x38, 0x73, 0x87, 0x38, 0x73, 0x87,
    0x38, 0x73, 0x87, 0x38, 0x77, 0x87, 0x38, 0xf7, 0x9f, 0x78, 0xff, 0x0e,
    0xf9, 0xef, 0x0c, 0xe0, 0x0e, 0x00, 0x3f, 0xf3, 0xff, 0x38, 0x73, 0x07,
    0x3a, 0xf3, 0xff, 0x3f, 0xf3, 0x8f, 0x30, 0x73, 0x87, 0x38, 0x77, 0x87,
    0x38, 0xf7, 0x9f, 0x78, 0xff, 0x0e, 0xf9, 0xef, 0x0c, 0xe0, 0x0e, 0x00,
    0x00, 0x00, 0x00, 0x00, 0x00, 0x00, 0x00, 0x00, 0x00, 0x00, 0x00, 0x00,
    0x00, 0x00, 0x00, 0x00, 0x00, 0x00, 0x00, 0x00, 0x00, 0x00, 0x00, 0x00,
    0x00, 0x00, 0x00, 0x00, 0x00, 0x00, 0x00, 0x00, 0x00, 0x00, 0x00, 0x00,
    0x00, 0x00, 0x00, 0x00, 0x00, 0x00, 0x00, 0x00, 0x00, 0x00, 0x00, 0x00,
    0x00, 0x00, 0x00, 0x00, 0x00, 0x00, 0x00, 0x00, 0x00, 0x00, 0x00, 0x00,
    0x00, 0x00, 0x00, 0x00, 0x00, 0x00, 0x00, 0x00, 0x00, 0x00, 0x00, 0x00,
    0x00, 0x00, 0x00, 0x00, 0x00, 0x00, 0x00, 0x00, 0x00, 0x00, 0x00, 0x00,
    0x00, 0x00, 0x00, 0x00, 0x00, 0x00, 0x00, 0x00, 0x00, 0x00, 0x00, 0x00,
    0x00, 0x00, 0x00, 0x00, 0x00, 0x00, 0x00, 0x00, 0x00, 0x00, 0x00, 0x00,
    0x00, 0x00, 0x00, 0x00, 0x00, 0x00, 0x00, 0x00, 0x00, 0x00, 0x00, 0x00,
    0x00, 0x00, 0x00, 0x00, 0x00, 0x00, 0x00, 0x00, 0x00, 0x00, 0x00, 0x00,
    0x00, 0x00, 0x00, 0x00, 0x00, 0x00, 0x00, 0x00, 0x00, 0x00, 0x00, 0x00,
    0x00, 0x00, 0x00, 0x00, 0x00, 0x00, 0x00, 0x00, 0x00, 0x00, 0x00, 0x00,
    0x00, 0x00, 0x00, 0x00, 0x00, 0x00, 0x00, 0x00, 0x00, 0x00, 0x00, 0x00,
    0x00, 0x00, 0x00, 0x00, 0x00, 0x00, 0x00, 0x00, 0x00, 0x00, 0x00, 0x00,
    0x00, 0x00, 0x00, 0x00, 0x00, 0x00, 0x00, 0x00, 0x00, 0x00, 0x00, 0x00,
    0x00, 0x00, 0x00, 0x00, 0x00, 0x00, 0x00, 0x00, 0x00, 0x00, 0x00, 0x00,
    0x00, 0x00, 0x00, 0x00, 0x00, 0x00, 0x00, 0x00, 0x00, 0x00, 0x00, 0x00,
    0x00, 0x00, 0x00, 0x00, 0x00, 0x00, 0x00, 0x00, 0x00, 0x00, 0x00, 0x00,
    0x00, 0x00, 0x00, 0x00, 0x00, 0x00, 0x00, 0x00, 0x00, 0x00, 0x00, 0x00,
    0x00, 0x00, 0x00, 0x00, 0x00, 0x00, 0x00, 0x00, 0x00, 0x00, 0x00, 0x00,
    0x00, 0x00, 0x00, 0x00, 0x00, 0x00, 0x00, 0x00, 0x00, 0x00, 0x00, 0x00,
    0x00, 0x00, 0x00, 0x00, 0x00, 0x00, 0x00, 0x00, 0x00, 0x00, 0x00, 0x00,
    0x00, 0x00, 0x00, 0x00, 0x00, 0x00, 0x00, 0x00, 0x00, 0x00, 0x00, 0x00,
    0x00, 0x00, 0x00, 0x00, 0x00, 0x00, 0x00, 0x00, 0x00, 0x00, 0x00, 0x00,
    0x00, 0x00, 0x00, 0x00, 0x00, 0x00, 0x00, 0x00, 0x00, 0x00, 0x00, 0x00,
    0x00, 0x00, 0x00, 0x00, 0x00, 0x00, 0x00, 0x00, 0x00, 0x00, 0x00, 0x00,
    0x00, 0x00, 0x00, 0x00, 0x00, 0x00, 0x00, 0x00, 0x00, 0x00, 0x00, 0x00,
    0x00, 0x00, 0x00, 0x00, 0x00, 0x00, 0x00, 0x00, 0x00, 0x00, 0x00, 0x00,
    0x00, 0x00, 0x00, 0x00, 0x00, 0x00, 0x00, 0x00, 0x00, 0x00, 0x00, 0x00,
    0x00, 0x00, 0x00, 0x00, 0x00, 0x00, 0x00, 0x00, 0x00, 0x00, 0x00, 0x00,
    0x00, 0x00, 0x00, 0x00, 0x00, 0x00, 0x00, 0x00, 0x00, 0x00, 0x00, 0x00,
    0x00, 0x00, 0x00, 0x00, 0x00, 0x00, 0x00, 0x00, 0x00, 0x00, 0x00, 0x00,
    0x00, 0x00, 0x00, 0x00, 0x00, 0x00, 0x00, 0x00, 0x00, 0x00, 0x00, 0x00,
    0x00, 0x00, 0x00, 0x00, 0x00, 0x00, 0x00, 0x00, 0x00, 0x00, 0x00, 0x00,
    0x00, 0x00, 0x00, 0x00, 0x00, 0x00, 0x00, 0x00, 0x00, 0x00, 0x00, 0x00,
    0x00, 0x00, 0x00, 0x00, 0x00, 0x00, 0x00, 0x00, 0x00, 0x00, 0x00, 0x00,
    0x00, 0x00, 0x00, 0x00, 0x00, 0x00, 0x00, 0x00, 0x00, 0x00, 0x00, 0x00,
    0x00, 0x00, 0x00, 0x00, 0x00, 0x00, 0x00, 0x00, 0x00, 0x00, 0x00, 0x00,
    0x00, 0x00, 0x00, 0x00, 0x00, 0x00, 0x00, 0x00, 0x00, 0x00, 0x00, 0x00,
    0x00, 0x00, 0x00, 0x00, 0x00, 0x00, 0x00, 0x00, 0x00, 0x00, 0x00, 0x00,
    0x00, 0x00, 0x00, 0x00, 0x00, 0x00, 0x00, 0x00, 0x00, 0x00, 0x00, 0x00,
    0x00, 0x00, 0x00, 0x00, 0x00, 0x00, 0x00, 0x00, 0x00, 0x00, 0x00, 0x00,
    0x00, 0x00, 0x00, 0x00, 0x00, 0x00, 0x00, 0x00, 0x00, 0x00, 0x00, 0x00,
    0x00, 0x00, 0x00, 0x00, 0x00, 0x00, 0x00, 0x00, 0x00, 0x00, 0x00, 0x00,
    0x00, 0x00, 0x00, 0x00, 0x00, 0x00, 0x00, 0x00, 0x00, 0x00, 0x00, 0x00,
    0x00, 0x00, 0x00, 0x00, 0x00, 0x00, 0x00, 0x00, 0x00, 0x00, 0x00, 0x00,
    0x00, 0x00, 0x00, 0x00, 0x00, 0x00, 0x00, 0x00, 0x00, 0x00, 0x00, 0x00,
    0x00, 0x00, 0x00, 0x00, 0x00, 0x00, 0x00, 0x00, 0x00, 0x00, 0x00, 0x00,
    0x00, 0x00, 0x00, 0x00, 0x00, 0x00, 0x00, 0x00, 0x00, 0x00, 0x00, 0x00,
    0x00, 0x00, 0x00, 0x00, 0x00, 0x00, 0x00, 0x00, 0x00, 0x00, 0x00, 0x00,
    0x00, 0x00, 0x00, 0x00, 0x00, 0x00, 0x00, 0x00, 0x00, 0x00, 0x00, 0x00,
    0x00, 0x00, 0x00, 0x00, 0x00, 0x00, 0x00, 0x00, 0x00, 0x00, 0x00, 0x00,
    0x00, 0x00, 0x00, 0x00, 0x00, 0x00, 0x00, 0x00, 0x00, 0x00, 0x00, 0x00,
    0x00, 0x00, 0x00, 0x00, 0x00, 0x00, 0x00, 0x00, 0x00, 0x00, 0x00, 0x00,
    0xff, 0xff, 0xff, 0xd9, 0xb8, 0x01, 0xc0, 0x39, 0x09, 0x99, 0x9c, 0x03,
    0xc0, 0x3c, 0x03, 0xc0, 0x3c, 0x03, 0xc0, 0x39, 0x99, 0x90, 0x98, 0x01,
    0xc0, 0x3f, 0xff, 0xff, 0xff, 0xff, 0x00, 0x00, 0x00, 0x00, 0x00, 0x00,
    0x00, 0x00, 0x00, 0x00, 0x00, 0x00, 0x00, 0x00, 0x00, 0x00, 0x00, 0x00,
    0x00, 0x00, 0x00, 0x00, 0x00, 0x00, 0x00, 0x00, 0x00, 0x00, 0x00, 0x00,
    0x00, 0x00, 0x00, 0x00, 0x00, 0x00, 0x00, 0x00, 0x00, 0x00, 0x00, 0x00,
    0x00, 0x00, 0x00, 0x00, 0x00, 0x00, 0x00, 0x00, 0x00, 0x00, 0x00, 0x00,
    0x00, 0x00, 0x00, 0x00, 0x00, 0x00, 0x00, 0x00, 0x00, 0x00, 0x00, 0x00,
    0x00, 0x00, 0x00, 0x00, 0x00, 0x00, 0x00, 0x00, 0x00, 0x00, 0x00, 0x00,
    0x00, 0x00, 0x00, 0x00, 0x00, 0x00, 0x00, 0x00, 0x00, 0x00, 0x00, 0x00,
    0x00, 0x00, 0x00, 0x00, 0x00, 0x00, 0x00, 0x00, 0x00, 0x00, 0x00, 0x00,
    0x00, 0x00, 0x00, 0x00, 0x00, 0x00, 0x00, 0x00, 0x00, 0x00, 0x00, 0x00,
    0x00, 0x00, 0x00, 0x00, 0x00, 0x00, 0x00, 0x00, 0x00, 0x00, 0x00, 0x00,
    0x00, 0x00, 0x00, 0x00, 0x00, 0x00, 0x00, 0x00, 0x00, 0x00, 0x00, 0x00,
    0x00, 0x00, 0x00, 0x00, 0x00, 0x00, 0x00, 0x00, 0x00, 0x00, 0x00, 0x00,
    0x00, 0x00, 0x00, 0x00, 0x00, 0x00, 0x00, 0x00, 0x00, 0x00, 0x00, 0x00,
    0x00, 0x00, 0x00, 0x00, 0x00, 0x00, 0x00, 0x00, 0x00, 0x00, 0x00, 0x00,
    0x00, 0x00, 0x00, 0x00, 0x00, 0x00, 0x00, 0x00, 0x00, 0x00, 0x00, 0x00,
    0x00, 0x0f, 0xfc, 0xff, 0xe0, 0x00, 0x00, 0x00, 0x00, 0x00, 0x00, 0x00,
    0x00, 0x00, 0x00, 0x00, 0x00, 0x00, 0x00, 0x00, 0x00, 0x00, 0x00, 0x00,
    0x00, 0x00, 0x00, 0x00, 0x00, 0x00, 0x00, 0x0e, 0x0c, 0xe1, 0xe0, 0x00,
    0x00, 0x00, 0x00, 0x00, 0x00, 0x00, 0x00, 0x00, 0x00, 0x00, 0x00, 0x00,
    0x00, 0x00, 0x00, 0x00, 0x00, 0x00, 0x00, 0x00, 0x00, 0x00, 0x00, 0x00,
    0x00, 0x0f, 0xfc, 0xff, 0xef, 0xf4, 0x00, 0x00, 0x00, 0xff, 0xcf, 0xfe,
    0x00, 0x00, 0x00, 0x00, 0x00, 0x00, 0x00, 0x00, 0x00, 0x00, 0x00, 0x00,
    0x00, 0x00, 0x00, 0x00, 0x00, 0x00, 0x00, 0x0e, 0x0c, 0xe1, 0xec, 0x04,
    0x00, 0x00, 0x00, 0xff, 0xcf, 0xfe, 0x00, 0x00, 0x00, 0x00, 0x00, 0x00,
    0x00, 0x00, 0x00, 0x00, 0x00, 0x00, 0x00, 0x00, 0x00, 0x00, 0x00, 0x00,
    0x00, 0x0f, 0xfc, 0xff, 0xec, 0x04, 0x00, 0x00, 0x00, 0xe0, 0xce, 0x1e,
    0x00, 0x00, 0x00, 0x00, 0x00, 0x00, 0x00, 0x00, 0x00, 0x00, 0x00, 0x00,
    0x00, 0x00, 0x00, 0x00, 0x00, 0x00, 0x00, 0x0e, 0x0c, 0xe1, 0xec, 0x0c,
    0x00, 0x00, 0x00, 0xe0, 0xce, 0x1e, 0x00, 0x00, 0x00, 0x00, 0x00, 0x00,
    0x00, 0x00, 0x00, 0x00, 0x00, 0x00, 0x00, 0x00, 0x00, 0x00, 0x00, 0x00,
    0x00, 0x00, 0x00, 0x00, 0x00, 0x00, 0x00, 0x00, 0x00, 0x00, 0x00, 0x00,
    0x00, 0x00, 0x00, 0x00, 0x00, 0x00, 0x00, 0x00, 0x00, 0x00, 0x00, 0x00,
    0x00, 0x00, 0x00, 0x00, 0x00, 0x00, 0x00, 0x00, 0x00, 0x00, 0x00, 0x00,
    0x00, 0x00, 0x00, 0x00, 0x00, 0x00, 0x00, 0x00, 0x00, 0x00, 0x00, 0x00,
    0x00, 0x00, 0x00, 0x00, 0x00, 0x00, 0x00, 0x00, 0x00, 0x00, 0x00, 0x00,
    0x00, 0x00, 0x00, 0x00, 0x00, 0x00, 0x00, 0x00, 0x00, 0x00, 0x00, 0x00,
    0x00, 0x00, 0x00, 0x00, 0x00, 0x00, 0x00, 0x00, 0x00, 0x00, 0x00, 0x00,
    0x00, 0x00, 0x00, 0x00, 0x00, 0x00, 0x00, 0x00, 0x00, 0x00, 0x00, 0x00,
    0x00, 0x00, 0x00, 0x00, 0x00, 0x00, 0x00, 0x00, 0x00, 0x00, 0x00, 0x00,
    0x00, 0x00, 0x00, 0x00, 0x00, 0x00, 0x00, 0x00, 0x00, 0x00, 0x00, 0x00,
    0x00, 0x00, 0x00, 0x00, 0x00, 0x00, 0x00, 0x00, 0x00, 0x00, 0x00, 0x00,
    0x00, 0x00, 0x00, 0x00, 0x00, 0x00, 0x00, 0x00, 0x00, 0x00, 0x00, 0x00,
    0x00, 0x00, 0x00, 0x00, 0x00, 0x00, 0x00, 0x00, 0x00, 0x00, 0x00, 0x00,
    0x00, 0x00, 0x00, 0x00, 0x00, 0x00, 0x00, 0x00, 0x00, 0x00, 0x00, 0x00,
    0x00, 0x00, 0x00, 0x00, 0x00, 0x00, 0x00, 0x00, 0x00, 0x00, 0x00, 0x00,
    0x00, 0x00, 0x00, 0x00, 0x00, 0x00, 0x00, 0x00, 0x00, 0x00, 0x00, 0x00,
    0x00, 0x00, 0x00, 0x00, 0x00, 0x00, 0x00, 0x00, 0x00, 0x00, 0x00, 0x00,
    0x00, 0x00, 0x00, 0x00, 0x00, 0x00, 0x00, 0x00, 0x00, 0x00, 0x00, 0x00,
    0x00, 0x00, 0x00, 0x00, 0x00, 0x00, 0x00, 0x00, 0x00, 0x00, 0x00, 0x00,
    0x00, 0x00, 0x00, 0x00, 0x00, 0x00, 0x00, 0x00, 0x00, 0x00, 0x00, 0x00,
    0x00, 0x00, 0x00, 0x00, 0x00, 0x00, 0x00, 0x00, 0x00, 0x00, 0x00, 0x00,
    0x00, 0x00, 0x00, 0x00, 0x00, 0x00, 0x00, 0x00, 0x00, 0x00, 0x00, 0x00,
    0x00, 0x00, 0x00, 0x00, 0x00, 0x00, 0x00, 0x00, 0x00, 0x00, 0x00, 0x00,
    0x00, 0x00, 0x00, 0x00, 0x00, 0x00, 0x00, 0x00, 0x00, 0x00, 0x00, 0x00,
    0x00, 0x00, 0x00, 0x00, 0x00, 0x00, 0x00, 0x00, 0x00, 0x00, 0x00, 0x00,
    0x00, 0x00, 0x00, 0x00, 0x00, 0x00, 0x00, 0x00, 0x00, 0x00, 0x00, 0x00,
    0x00, 0x00, 0x00, 0x00, 0x00, 0x00, 0x00, 0x00, 0x00, 0x00, 0x00, 0x00,
    0x00, 0x00, 0x00, 0x00, 0x00, 0x00, 0x00, 0x00, 0x00, 0x00, 0x00, 0x00,
    0x00, 0x00, 0x00, 0x00, 0x00, 0x00, 0x00, 0x00, 0x00, 0x00, 0x00, 0x00,
    0x00, 0x00, 0x00, 0x00, 0x00, 0x00, 0x00, 0x00, 0x00, 0x00, 0x00, 0x00,
    0x00, 0x00, 0x00, 0x00, 0x00, 0x00, 0x00, 0x00, 0x00, 0x00, 0x00, 0x00,
    0x00, 0x00, 0x00, 0x00, 0x00, 0x00, 0x00, 0x00, 0x00, 0x00, 0x00, 0x00,
    0x00, 0x00, 0x00, 0x00, 0x00, 0x00, 0x00, 0x00, 0x00, 0x00, 0x00, 0x00,
    0x00, 0x00, 0x00, 0x00, 0x00, 0x00, 0x00, 0x00, 0x00, 0x00, 0x00, 0x00,
    0x00, 0x00, 0x00, 0x00, 0x00, 0x00, 0xf8, 0x0f, 0x00, 0x18, 0x01, 0xf0,
    0x1e, 0x00, 0x00, 0x00, 0x0f, 0xf4, 0xff, 0xef, 0xfc, 0xff, 0xcf, 0xfe,
    0xc0, 0x00, 0x00, 0x0a, 0x01, 0xe0, 0x1f, 0x0f, 0xa0, 0xf0, 0x0f, 0x80,
    0x00, 0xf0, 0x1f, 0x07, 0xc0, 0xf8, 0x07, 0x80, 0x00, 0x00, 0x02, 0xff,
    0x7f, 0xf3, 0xff, 0x3f, 0xf7, 0xff, 0x2f, 0xf0, 0x00, 0x00, 0x00, 0x78,
    0x0f, 0x80, 0x18, 0x00, 0xf0, 0x1f, 0x00, 0x00, 0x00, 0x00, 0x00, 0x00,
    0x00, 0x00, 0x00, 0x00, 0x00, 0x00, 0x00, 0x00, 0x00, 0x00, 0x00, 0x00,
    0x00, 0x00, 0x00, 0x00, 0x00, 0x00, 0x00, 0x00, 0x00, 0x00, 0x00, 0x00,
    0x00, 0x00, 0x00, 0x00, 0x00, 0x00, 0x00, 0x00, 0x00, 0x00, 0x00, 0x00,
    0x00, 0x00, 0x00, 0x00, 0x00, 0x00, 0x00, 0x00, 0x00, 0x00, 0x00, 0x00,
    0x00, 0x00, 0x00, 0x00, 0x00, 0x00, 0x00, 0x00, 0x00, 0x00, 0x00, 0x00,
    0x00, 0x00, 0x00, 0x00, 0x00, 0x00, 0x00, 0x00, 0x00, 0x00, 0x00, 0x00,
    0x00, 0x00, 0x00, 0x00, 0x00, 0x00, 0x00, 0x00, 0x00, 0x00, 0x00, 0x00,
    0x00, 0x00, 0x00, 0x00, 0x00, 0x00, 0x00, 0x00, 0x00, 0x00, 0x00, 0x00,
    0x00, 0x00, 0x00, 0x00, 0x00, 0x00, 0x00, 0x00, 0x00, 0x00, 0x00, 0x00,
    0x00, 0x00, 0x00, 0x00, 0x00, 0x00, 0x00, 0x00, 0x00, 0x00, 0x00, 0x00,
    0x00, 0x00, 0x00, 0x00, 0x00, 0x00, 0x00, 0x00, 0x00, 0x00, 0x00, 0x00,
    0x00, 0x00, 0x00, 0x00, 0x00, 0x00, 0x00, 0x00, 0x00, 0x00, 0x00, 0x00,
    0x00, 0x00, 0x00, 0x00, 0x00, 0x00, 0x00, 0x00, 0x00, 0x00, 0x00, 0x00,
    0x00, 0x00, 0x00, 0x00, 0x00, 0x00, 0x00, 0x00, 0x00, 0x00, 0x00, 0x00,
    0x00, 0x00, 0x00, 0x00, 0x00, 0x00, 0x00, 0x00, 0x00, 0x00, 0x00, 0x00,
    0x00, 0x00, 0x00, 0x00, 0x00, 0x00, 0x00, 0x00, 0x00, 0x00, 0x00, 0x00,
    0x00, 0x00, 0x00, 0x00, 0x00, 0x00, 0x00, 0x00, 0x00, 0x00, 0x00, 0x00,
    0x00, 0x00, 0x00, 0x00, 0x00, 0x00, 0x00, 0x00, 0x00, 0x00, 0x00, 0x00,
    0x00, 0x00, 0x00, 0x00, 0x00, 0x00, 0x00, 0x00, 0x00, 0x00, 0x00, 0x00,
    0x00, 0x00, 0x00, 0x00, 0x00, 0x00, 0x00, 0x00, 0x00, 0x00, 0x00, 0x00,
    0x00, 0x00, 0x00, 0x00, 0x00, 0x00, 0x00, 0x00, 0x00, 0x00, 0x00, 0x00,
    0x00, 0x00, 0x00, 0x00, 0x00, 0x00, 0x00, 0x00, 0x00, 0x00, 0x00, 0x00,
    0x00, 0x00, 0x00, 0x00, 0x00, 0x00, 0x00, 0x00, 0x00, 0x00, 0x00, 0x00,
    0x00, 0x00, 0x00, 0x00, 0x00, 0x00, 0x00, 0x00, 0x00, 0x00, 0x00, 0x00,
    0x00, 0x00, 0x00, 0x00, 0x00, 0x00, 0x00, 0x00, 0x00, 0x1f, 0x81, 0xf8,
    0x3f, 0xc3, 0x9c, 0x71, 0xee, 0x0f, 0xe0, 0x7e, 0x07, 0xe0, 0x7e, 0x07,
    0xf0, 0xf3, 0x9c, 0x39, 0xc1, 0xf8, 0x1f, 0x80, 0x90, 0x00, 0x00, 0x00,
    0x00, 0x00, 0x00, 0x1f, 0x81, 0xf8, 0x3f, 0xc3, 0xfc, 0x7f, 0xef, 0xff,
    0xff, 0xff, 0xff, 0xff, 0xff, 0xff, 0xff, 0xf3, 0xfc, 0x3f, 0xc1, 0xf8,
    0x1f, 0x80, 0xf0, 0x00, 0x00, 0x00, 0x00, 0x00, 0x00, 0x1e, 0x01, 0xf0,
    0x3f, 0x03, 0xf8, 0x7f, 0x83, 0xb8, 0x33, 0x83, 0xb8, 0x3f, 0x87, 0xf8,
    0x3f, 0x01, 0xe0, 0x1e, 0x00, 0x00, 0x00, 0x00, 0x00, 0x00, 0x00, 0x00,
    0x00, 0x00, 0x00, 0x00, 0x00, 0x00, 0x00, 0x00, 0x00, 0x00, 0x00, 0x00,
    0x00, 0x00, 0x00, 0x00, 0x00, 0x00, 0x00, 0x00, 0x00, 0x00, 0x00, 0x00,
    0x00, 0x00, 0x00, 0x00, 0x00, 0x00, 0x00, 0x00, 0x00, 0x00, 0x00, 0x00,
    0x00, 0x00, 0x00, 0x00, 0x00, 0x00, 0x00, 0x00, 0x00, 0x00, 0x00, 0x00,
    0x00, 0x00, 0x00, 0x00, 0x00, 0x00, 0x00, 0x00, 0x00, 0x00, 0x00, 0x00,
    0x00, 0x00, 0x00, 0x00, 0x00, 0x00, 0x00, 0x00, 0x00, 0x00, 0x00, 0x00,
    0x00, 0x00, 0x00, 0x00, 0x00, 0x00, 0x00, 0x00, 0x00, 0x00, 0x00, 0x00,
    0x00, 0x00, 0x00, 0x00, 0x00, 0x00, 0x00, 0x00, 0x00, 0x00, 0x00, 0x00,
    0x00, 0x00, 0x00, 0x00, 0x00, 0x00, 0x00, 0x00, 0x00, 0x00, 0x00, 0x00,
    0x00, 0x00, 0x00, 0x00, 0x00, 0x00, 0x00, 0x00, 0x00, 0x00, 0x00, 0x00,
    0x00, 0x00, 0x00, 0x00, 0x00, 0x00, 0x00, 0x00, 0x00, 0x00, 0x00, 0x00,
    0x00, 0x00, 0x00, 0x00, 0x00, 0x00, 0x00, 0x00, 0x00, 0x00, 0x00, 0x00,
    0x00, 0x00, 0x00, 0x00, 0x00, 0x00, 0x00, 0x00, 0x00, 0x00, 0x00, 0x00,
    0x00, 0x00, 0x00, 0x00, 0x00, 0x00, 0x00, 0x00, 0x00, 0x00, 0x00, 0x00,
    0x00, 0x00, 0x00, 0x00, 0x00, 0x00, 0x00, 0x00, 0x00, 0x00, 0x00, 0x00,
    0x00, 0x00, 0x00, 0x00, 0x00, 0x00, 0x00, 0x00, 0x00, 0x00, 0x00, 0x00,
    0x00, 0x00, 0x00, 0x00, 0x00, 0x00, 0x00, 0x00, 0x00, 0x00, 0x00, 0x00,
    0x00, 0x00, 0x00, 0x00, 0x00, 0x00, 0x00, 0x00, 0x00, 0x00, 0x00, 0x00,
    0x00, 0x00, 0x00, 0x00, 0x00, 0x00, 0x00, 0x00, 0x00, 0x00, 0x00, 0x00,
    0x00, 0x00, 0x00, 0x00, 0x00, 0x00, 0x00, 0x00, 0x00, 0x00, 0x00, 0x00,
    0x00, 0x00, 0x00, 0x00, 0x00, 0x00, 0x00, 0x00, 0x00, 0x00, 0x00, 0x00,
    0x00, 0x00, 0x00, 0x00, 0x00, 0x00, 0x00, 0x00, 0x00, 0x00, 0x00, 0x00,
    0x00, 0x00, 0x00, 0x00, 0x00, 0x00, 0x00, 0x00, 0x00, 0x00, 0x00, 0x00,
    0x00, 0x00, 0x00, 0x00, 0x00, 0x00, 0x00, 0x00, 0x00, 0x00, 0x00, 0x00,
    0x00, 0x00, 0x00, 0x00, 0x00, 0x00, 0x00, 0x00, 0x00, 0x00, 0x00, 0x00,
    0x00, 0x00, 0x00, 0x00, 0x00, 0x00, 0x00, 0x00, 0x00, 0x00, 0x00, 0x00,
    0x00, 0x00, 0x00, 0x00, 0x00, 0x00, 0x00, 0x00, 0x00, 0x00, 0x00, 0x00,
    0x00, 0x00, 0x00, 0x00, 0x00, 0x00, 0x00, 0x00, 0x00, 0x00, 0x00, 0x00,
    0x00, 0x00, 0x00, 0x00, 0x00, 0x00, 0x00, 0x00, 0x00, 0x00, 0x00, 0x00,
    0x00, 0x00, 0x00, 0x00, 0x00, 0x00, 0x00, 0x00, 0x00, 0x00, 0x00, 0x00,
    0x00, 0x00, 0x00, 0x00, 0x00, 0x00, 0x00, 0x00, 0x00, 0x00, 0x00, 0x00,
    0x00, 0x00, 0x00, 0x00, 0x00, 0x00, 0x00, 0x00, 0x00, 0x00, 0x00, 0x00,
    0x00, 0x00, 0x00, 0x00, 0x00, 0x00, 0x00, 0x00, 0x00, 0x00, 0x00, 0x00,
    0x00, 0x00, 0x00, 0x00, 0x00, 0x00, 0x00, 0x00, 0x00, 0x00, 0x00, 0x00,
    0x00, 0x00, 0x00, 0x00, 0x00, 0x00, 0x00, 0x00, 0x00, 0x00, 0x00, 0x00,
    0x00, 0x00, 0x00, 0x00, 0x00, 0x00, 0x00, 0x00, 0x00, 0x00, 0x00, 0x00,
    0x00, 0x00, 0x00, 0x00, 0x00, 0x00, 0x00, 0x00, 0x00, 0x00, 0x00, 0x00,
    0x00, 0x00, 0x00, 0x00, 0x00, 0x00, 0x00, 0x00, 0x00, 0x00, 0x00, 0x00,
    0x00, 0x00, 0x00, 0x00, 0x00, 0x00, 0x00, 0x00, 0x00, 0x00, 0x00, 0x00,
    0x00, 0x00, 0x00, 0x00, 0x00, 0x00, 0x00, 0x00, 0x00, 0x00, 0x00, 0x00,
    0x00, 0x00, 0x00, 0x00, 0x00, 0x00, 0x00, 0x00, 0x00, 0x00, 0x00, 0x00,
    0x00, 0x00, 0x00, 0x00, 0x00, 0x00, 0x00, 0x00, 0x00, 0x00, 0x00, 0x00,
    0x00, 0x00, 0x00, 0x00, 0x00, 0x00, 0x00, 0x00, 0x00, 0x00, 0x00, 0x00,
    0x00, 0x00, 0x00, 0x00, 0x00, 0x00, 0x00, 0x00, 0x00, 0x00, 0x00, 0x00,
    0x00, 0x00, 0x00, 0x00, 0x00, 0x00, 0x00, 0x00, 0x00, 0x00, 0x00, 0x00,
    0x00, 0x00, 0x00, 0x00, 0x00, 0x00, 0x00, 0x00, 0x00, 0x00, 0x00, 0x00,
    0x00, 0x00, 0x00, 0x00, 0x00, 0x00, 0x00, 0x00, 0x00, 0x00, 0x00, 0x00,
    0x00, 0x00, 0x00, 0x00, 0x00, 0x00, 0x00, 0x00, 0x00, 0x00, 0x00, 0x00,
    0x00, 0x00, 0x00, 0x00, 0x00, 0x00, 0x00, 0x00, 0x00, 0x00, 0x00, 0x00,
    0x00, 0x00, 0x00, 0x00, 0x00, 0x00, 0x00, 0x00, 0x00, 0x00, 0x00, 0x00,
    0x00, 0x00, 0x00, 0x00, 0x00, 0x00, 0x00, 0x00, 0x00, 0x00, 0x00, 0x00,
    0x00, 0x00, 0x00, 0x00, 0x00, 0x00, 0x00, 0x00, 0x00, 0x00, 0x00, 0x00,
    0x00, 0x00, 0x00, 0x00, 0x00, 0x00, 0x00, 0x00, 0x00, 0x00, 0x00, 0x00,
    0x00, 0x00, 0x00, 0x00, 0x00, 0x00, 0x00, 0x00, 0x00, 0x00, 0x00, 0x00,
    0x00, 0x00, 0x00, 0x00, 0x00, 0x00, 0x00, 0x00, 0x00, 0x00, 0x00, 0x00,
    0x00, 0x00, 0x00, 0x00, 0x00, 0x00, 0x00, 0x00, 0x00, 0x00, 0x00, 0x00,
    0x00, 0x00, 0x00, 0x00, 0x00, 0x00, 0x00, 0x00, 0x00, 0x00, 0x00, 0x00,
    0x00, 0x00, 0x00, 0x00, 0x00, 0x00, 0x00, 0x00, 0x00, 0x00, 0x00, 0x00,
    0x00, 0x00, 0x00, 0x00, 0x00, 0x00, 0x00, 0x00, 0x00, 0x00, 0x00, 0x00,
    0x00, 0x00, 0x00, 0x00, 0x00, 0x00, 0x00, 0x00, 0x00, 0x00, 0x00, 0x00,
    0x00, 0x00, 0x00, 0x00, 0x00, 0x00, 0x00, 0x00, 0x00, 0x00, 0x00, 0x00,
    0x00, 0x00, 0x00, 0x00, 0x00, 0x00, 0x00, 0x00, 0x00, 0x00, 0x00, 0x00,
    0x00, 0x00, 0x00, 0x00, 0x00, 0x00, 0x00, 0x00, 0x00, 0x00, 0x00, 0x00,
    0x00, 0x00, 0x00, 0x00, 0x00, 0x00, 0x00, 0x00, 0x00, 0x00, 0x00, 0x00,
    0x00, 0x00, 0x00, 0x00, 0x00, 0x00, 0x00, 0x00, 0x00, 0x00, 0x00, 0x00,
    0x00, 0x00, 0x00, 0x00, 0x00, 0x00, 0x00, 0x00, 0x00, 0x00, 0x00, 0x00,
    0x00, 0x00, 0x00, 0x00, 0x00, 0x00, 0x00, 0x00, 0x00, 0x00, 0x00, 0x00,
    0x00, 0x00, 0x00, 0x00, 0x00, 0x00, 0x1f, 0x81, 0xf8, 0xff, 0xff, 0xff,
    0xff, 0xff, 0xff, 0xff, 0xff, 0xf7, 0x06, 0x00, 0x70, 0x03, 0x80, 0x38,
    0x07, 0x00, 0xe0, 0x0e, 0x01, 0xc0, 0x1c, 0x00, 0xe0, 0x07, 0x00, 0xe0,
    0x00, 0x00, 0x00, 0x00, 0x00, 0x00, 0x00, 0x00, 0x00, 0x00, 0x00, 0x00,
    0x00, 0x00, 0x00, 0x00, 0x00, 0x00, 0x00, 0x00, 0x00, 0x00, 0x00, 0x00,
    0x00, 0x00, 0x00, 0x00, 0x00, 0x00, 0x00, 0x00, 0x00, 0x00, 0x00, 0x00,
    0x00, 0x00, 0x00, 0x00, 0x00, 0x00, 0x00, 0x00, 0x00, 0x00, 0x00, 0x00,
    0x00, 0x00, 0x00, 0x00, 0x00, 0x00, 0x00, 0x00, 0x00, 0x00, 0x00, 0x00,
    0x00, 0x00, 0x00, 0x00, 0x00, 0x00, 0x00, 0x00, 0x00, 0x00, 0x00, 0x00,
    0x00, 0x00, 0x00, 0x00, 0x00, 0x00, 0x00, 0x00, 0x00, 0x00, 0x00, 0x00,
    0x00, 0x00, 0x00, 0x00, 0x00, 0x00, 0x00, 0x00, 0x00, 0x00, 0x00, 0x00,
    0x00, 0x00, 0x00, 0x00, 0x00, 0x00, 0x00, 0x00, 0x00, 0x00, 0x00, 0x00,
    0x00, 0x00, 0x00, 0x00, 0x00, 0x00, 0x00, 0x00, 0x00, 0x00, 0x00, 0x00,
    0x00, 0x00, 0x00, 0x00, 0x00, 0x00, 0x00, 0x00, 0x00, 0x00, 0x00, 0x00,
    0x00, 0x00, 0x00, 0x00, 0x00, 0x00, 0x00, 0x00, 0x00, 0x00, 0x00, 0x00,
    0x00, 0x00, 0x00, 0x00, 0x00, 0x00, 0x00, 0x00, 0x00, 0x00, 0x00, 0x00,
    0x00, 0x00, 0x00, 0x00, 0x00, 0x00, 0x00, 0x00, 0x00, 0x00, 0x00, 0x00,
    0x00, 0x00, 0x00, 0x00, 0x00, 0x00, 0x00, 0x00, 0x00, 0x00, 0x00, 0x00,
    0x00, 0x00, 0x00, 0x00, 0x00, 0x00, 0x00, 0x00, 0x00, 0x00, 0x00, 0x00,
    0x00, 0x00, 0x00, 0x00, 0x00, 0x00, 0x00, 0x00, 0x00, 0x00, 0x00, 0x00,
    0x00, 0x00, 0x00, 0x00, 0x00, 0x00, 0x00, 0x00, 0x00, 0x00, 0x00, 0x00,
    0x00, 0x00, 0x00, 0x00, 0x00, 0x00, 0x00, 0x00, 0x00, 0x00, 0x00, 0x00,
    0x00, 0x00, 0x00, 0x00, 0x00, 0x00, 0x00, 0x00, 0x00, 0x00, 0x00, 0x00,
    0x00, 0x00, 0x00, 0x00, 0x00, 0x00, 0x00, 0x00, 0x00, 0x00, 0x00, 0x00,
    0x00, 0x00, 0x00, 0x00, 0x00, 0x00, 0x00, 0x00, 0x00, 0x00, 0x00, 0x00,
    0x00, 0x00, 0x00, 0x00, 0x00, 0x00, 0x00, 0x00, 0x00, 0x00, 0x00, 0x00,
    0x00, 0x00, 0x00, 0x00, 0x00, 0x00, 0x00, 0x00, 0x00, 0x00, 0x00, 0x00,
    0x00, 0x00, 0x00, 0x00, 0x00, 0x00, 0x00, 0x00, 0x00, 0x00, 0x00, 0x00,
    0x00, 0x00, 0x00, 0x00, 0x00, 0x00, 0x00, 0x00, 0x00, 0x00, 0x00, 0x00,
    0x00, 0x00, 0x00, 0x00, 0x00, 0x00, 0x00, 0x00, 0x00, 0x00, 0x00, 0x00,
    0x00, 0x00, 0x00, 0x00, 0x00, 0x00, 0x00, 0x00, 0x00, 0x00, 0x00, 0x00,
    0x00, 0x00, 0x00, 0x00, 0x00, 0x00, 0x00, 0x00, 0x00, 0x00, 0x00, 0x00,
    0x00, 0x00, 0x00, 0x00, 0x00, 0x00, 0x00, 0x00, 0x00, 0x00, 0x00, 0x00,
    0x00, 0x00, 0x00, 0x00, 0x00, 0x00, 0x00, 0x00, 0x00, 0x00, 0x00, 0x00,
    0x00, 0x00, 0x00, 0x00, 0x00, 0x00, 0x00, 0x00, 0x00, 0x00, 0x00, 0x00,
    0x00, 0x00, 0x00, 0x00, 0x00, 0x00, 0x00, 0x00, 0x00, 0x00, 0x00, 0x00,
    0x00, 0x00, 0x00, 0x00, 0x00, 0x00, 0x00, 0x00, 0x00, 0x00, 0x00, 0x00,
    0x00, 0x00, 0x00, 0x00, 0x00, 0x00, 0x00, 0x00, 0x00, 0x00, 0x00, 0x00,
    0x00, 0x00, 0x00, 0x00, 0x00, 0x00, 0x00, 0x00, 0x00, 0x00, 0x00, 0x00,
    0x00, 0x00, 0x00, 0x00, 0x00, 0x00, 0x00, 0x00, 0x00, 0x00, 0x00, 0x00,
    0x00, 0x00, 0x00, 0x00, 0x00, 0x00, 0x00, 0x00, 0x00, 0x00, 0x00, 0x00,
    0x00, 0x00, 0x00, 0x00, 0x00, 0x00, 0x00, 0x00, 0x00, 0x00, 0x00, 0x00,
    0x00, 0x00, 0x00, 0x00, 0x00, 0x00, 0x00, 0x00, 0x00, 0x00, 0x00, 0x00,
    0x00, 0x00, 0x00, 0x00, 0x00, 0x00, 0x00, 0x00, 0x00, 0x00, 0x00, 0x00,
    0x00, 0x00, 0x00, 0x00, 0x00, 0x00, 0x00, 0x00, 0x00, 0x00, 0x00, 0x00,
    0x00, 0x00, 0x00, 0x00, 0x00, 0x00, 0x00, 0x00, 0x00, 0x00, 0x00, 0x00,
    0x00, 0x00, 0x00, 0x00, 0x00, 0x00, 0x00, 0x00, 0x00, 0x00, 0x00, 0x00,
    0x00, 0x00, 0x00, 0x00, 0x00, 0x00, 0x00, 0x00, 0x00, 0x00, 0x00, 0x00,
    0x00, 0x00, 0x00, 0x00, 0x00, 0x00, 0x00, 0x00, 0x00, 0x00, 0x00, 0x00,
    0x00, 0x00, 0x00, 0x00, 0x00, 0x00, 0x00, 0x00, 0x00, 0x00, 0x00, 0x00,
    0x00, 0x00, 0x00, 0x00, 0x00, 0x00, 0x00, 0x00, 0x00, 0x00, 0x00, 0x00,
    0x00, 0x00, 0x00, 0x00, 0x00, 0x00, 0x00, 0x00, 0x00, 0x00, 0x00, 0x00,
    0x00, 0x00, 0x00, 0x00, 0x00, 0x00, 0x00, 0x00, 0x00, 0x00, 0x00, 0x00,
    0x00, 0x00, 0x00, 0x00, 0x00, 0x00, 0x00, 0x00, 0x00, 0x00, 0x00, 0x00,
    0x00, 0x00, 0x00, 0x00, 0x00, 0x00, 0x00, 0x00, 0x00, 0x00, 0x00, 0x00,
    0x00, 0x00, 0x00, 0x00, 0x00, 0x00, 0x00, 0x00, 0x00, 0x00, 0x00, 0x00,
    0x00, 0x00, 0x00, 0x00, 0x00, 0x00, 0x00, 0x00, 0x00, 0x00, 0x00, 0x00,
    0x00, 0x00, 0x00, 0x00, 0x00, 0x00, 0x00, 0x00, 0x00, 0x00, 0x00, 0x00,
    0x00, 0x00, 0x00, 0x00, 0x00, 0x00, 0x00, 0x00, 0x00, 0x00, 0x00, 0x00,
    0x00, 0x00, 0x00, 0x00, 0x00, 0x00, 0x00, 0x00, 0x00, 0x00, 0x00, 0x00,
    0x00, 0x00, 0x00, 0x00, 0x00, 0x00, 0x00, 0x00, 0x00, 0x00, 0x00, 0x00,
    0x00, 0x00, 0x00, 0x00, 0x00, 0x00, 0x00, 0x00, 0x00, 0x00, 0x00, 0x00,
    0x00, 0x00, 0x00, 0x00, 0x00, 0x00, 0x00, 0x00, 0x00, 0x00, 0x00, 0x00,
    0x00, 0x00, 0x00, 0x00, 0x00, 0x00, 0x00, 0x00, 0x00, 0x00, 0x00, 0x00,
    0x00, 0x00, 0x00, 0x00, 0x00, 0x00, 0x00, 0x00, 0x00, 0x00, 0x00, 0x00,
    0x00, 0x00, 0x00, 0x00, 0x00, 0x00, 0x00, 0x00, 0x00, 0x00, 0x00, 0x00,
    0x00, 0x00, 0x00, 0x00, 0x00, 0x00, 0x00, 0x00, 0x00, 0x00, 0x00, 0x00,
    0x00, 0x00, 0x00, 0x00, 0x00, 0x00, 0x00, 0x00, 0x00, 0x00, 0x00, 0x00,
    0x00, 0x00, 0x00, 0x00, 0x00, 0x00, 0x00, 0x00, 0x00, 0x00, 0x00, 0x00,
    0x00, 0x00, 0x00, 0x00, 0x00, 0x00, 0x00, 0x00, 0x00, 0x00, 0x00, 0x00,
    0x00, 0x00, 0x00, 0x00, 0x00, 0x00, 0x00, 0x00, 0x00, 0x00, 0x00, 0x00,
    0x00, 0x00, 0x00, 0x00, 0x00, 0x00, 0x00, 0x00, 0x00, 0x00, 0x00, 0x00,
    0x00, 0x00, 0x00, 0x00, 0x00, 0x00, 0x00, 0x00, 0x00, 0x00, 0x00, 0x00,
    0x00, 0x00, 0x00, 0x00, 0x00, 0x00, 0x00, 0x00, 0x00, 0x00, 0x00, 0x00,
    0x00, 0x00, 0x00, 0x00, 0x00, 0x00, 0x00, 0x00, 0x00, 0x00, 0x00, 0x00,
    0x00, 0x00, 0x00, 0x00, 0x00, 0x00, 0x00, 0x00, 0x00, 0x00, 0x00, 0x00,
    0x00, 0x00, 0x00, 0x00, 0x00, 0x00, 0x00, 0x00, 0x00, 0x00, 0x00, 0x00,
    0x00, 0x00, 0x00, 0x00, 0x00, 0x00, 0x00, 0x00, 0x00, 0x00, 0x00, 0x00,
    0x00, 0x00, 0x00, 0x00, 0x00, 0x00, 0x00, 0x00, 0x00, 0x00, 0x00, 0x00,
    0x00, 0x00, 0x00, 0x00, 0x00, 0x00, 0x00, 0x00, 0x00, 0x00, 0x00, 0x00,
    0x00, 0x00, 0x00, 0x00, 0x00, 0x00, 0x00, 0x00, 0x00, 0x00, 0x00, 0x00,
    0x00, 0x00, 0x00, 0x00, 0x00, 0x00, 0x00, 0x00, 0x00, 0x00, 0x00, 0x00,
    0x00, 0x00, 0x00, 0x00, 0x00, 0x00, 0x00, 0x00, 0x00, 0x00, 0x00, 0x00,
    0x00, 0x00, 0x00, 0x00, 0x00, 0x00, 0x00, 0x00, 0x00, 0x00, 0x00, 0x00,
    0x00, 0x00, 0x00, 0x00, 0x00, 0x00, 0x00, 0x00, 0x00, 0x00, 0x00, 0x00,
    0x00, 0x00, 0x00, 0x00, 0x00, 0x00, 0x00, 0x00, 0x00, 0x00, 0x00, 0x00,
    0x00, 0x00, 0x00, 0x00, 0x00, 0x00, 0x00, 0x00, 0x00, 0x00, 0x00, 0x00,
    0x00, 0x00, 0x00, 0x00, 0x00, 0x00, 0x00, 0x00, 0x00, 0x00, 0x00, 0x00,
    0x00, 0x00, 0x00, 0x00, 0x00, 0x00, 0x00, 0x00, 0x00, 0x00, 0x00, 0x00,
    0x00, 0x00, 0x00, 0x00, 0x00, 0x00, 0x00, 0x00, 0x00, 0x00, 0x00, 0x00,
    0x00, 0x00, 0x00, 0x00, 0x00, 0x00, 0x00, 0x00, 0x00, 0x00, 0x00, 0x00,
    0x00, 0x00, 0x00, 0x00, 0x00, 0x00, 0x00, 0x00, 0x00, 0x00, 0x00, 0x00,
    0x00, 0x00, 0x00, 0x00, 0x00, 0x00, 0x00, 0x00, 0x00, 0x00, 0x00, 0x00,
    0x00, 0x00, 0x00, 0x00, 0x00, 0x00, 0x00, 0x00, 0x00, 0x00, 0x00, 0x00,
    0x00, 0x00, 0x00, 0x00, 0x00, 0x00, 0x00, 0x00, 0x00, 0x00, 0x00, 0x00,
    0x00, 0x00, 0x00, 0x00, 0x00, 0x00, 0x00, 0x00, 0x00, 0x00, 0x00, 0x00,
    0x00, 0x00, 0x00, 0x00, 0x00, 0x00, 0x00, 0x00, 0x00, 0x00, 0x00, 0x00,
    0x00, 0x00, 0x00, 0x00, 0x00, 0x00, 0x00, 0x00, 0x00, 0x00, 0x00, 0x00,
    0x00, 0x00, 0x00, 0x00, 0x00, 0x00, 0x00, 0x00, 0x00, 0x00, 0x00, 0x00,
    0x00, 0x00, 0x00, 0x00, 0x00, 0x00, 0x00, 0x00, 0x00, 0x00, 0x00, 0x00,
    0x00, 0x00, 0x00, 0x00, 0x00, 0x00, 0x00, 0x00, 0x00, 0x00, 0x00, 0x00,
    0x00, 0x00, 0x00, 0x00, 0x00, 0x00, 0x00, 0x00, 0x00, 0x00, 0x00, 0x00,
    0x00, 0x00, 0x00, 0x00, 0x00, 0x00, 0x00, 0x00, 0x00, 0x00, 0x00, 0x00,
    0x00, 0x00, 0x00, 0x00, 0x00, 0x00, 0x00, 0x00, 0x00, 0x00, 0x00, 0x00,
    0x00, 0x00, 0x00, 0x00, 0x00, 0x00, 0x00, 0x00, 0x00, 0x00, 0x00, 0x00,
    0x00, 0x00, 0x00, 0x00, 0x00, 0x00, 0x00, 0x00, 0x00, 0x00, 0x00, 0x00,
    0x00, 0x00, 0x00, 0x00, 0x00, 0x00, 0x00, 0x00, 0x00, 0x00, 0x00, 0x00,
    0x00, 0x00, 0x00, 0x00, 0x00, 0x00, 0x00, 0x00, 0x00, 0x00, 0x00, 0x00,
    0x00, 0x00, 0x00, 0x00, 0x00, 0x00, 0x00, 0x00, 0x00, 0x00, 0x00, 0x00,
    0x00, 0x00, 0x00, 0x00, 0x00, 0x00, 0x00, 0x00, 0x00, 0x00, 0x00, 0x00,
    0x00, 0x00, 0x00, 0x00, 0x00, 0x00, 0x00, 0x00, 0x00, 0x00, 0x00, 0x00,
    0x00, 0x00, 0x00, 0x00, 0x00, 0x00, 0x00, 0x00, 0x00, 0x00, 0x00, 0x00,
    0x00, 0x00, 0x00, 0x00, 0x00, 0x00, 0x00, 0x00, 0x00, 0x00, 0x00, 0x00,
    0x18, 0x01, 0x80, 0x1c, 0x01, 0xc0, 0x1c, 0x01, 0x80, 0x10, 0x01, 0x80,
    0x18, 0x01, 0x80, 0xff, 0xff, 0xff, 0x7f, 0xe3, 0xfc, 0x3f, 0xc1, 0xf8,
    0x1f, 0x80, 0xf0, 0x00, 0x00, 0x00, 0x00, 0x00, 0x00, 0x00, 0x00, 0x00,
    0x00, 0x00, 0x00, 0x00, 0x00, 0x00, 0x00, 0x00, 0x00, 0x00, 0x00, 0x00,
    0x00, 0x00, 0x00, 0x00, 0x00, 0x00, 0x00, 0x00, 0x00, 0x00, 0x00, 0x00,
    0x00, 0x00, 0x00, 0x00, 0x00, 0x00, 0x00, 0x00, 0x00, 0x00, 0x00, 0x00,
    0x00, 0x00, 0x00, 0x00, 0x00, 0x00, 0x00, 0x00, 0x00, 0x00, 0x00, 0x00,
    0x00, 0x00, 0x00, 0x00, 0x00, 0x00, 0x00, 0x00, 0x00, 0x00, 0x00, 0x00,
    0x00, 0x00, 0x00, 0x00, 0x00, 0x00, 0x00, 0x00, 0x00, 0x00, 0x00, 0x00,
    0x00, 0x00, 0x00, 0x00, 0x00, 0x00, 0x00, 0x00, 0x00, 0x00, 0x00, 0x00,
    0x00, 0x00, 0x00, 0x00, 0x00, 0x00, 0x00, 0x00, 0x00, 0x00, 0x00, 0x00,
    0x00, 0x00, 0x00, 0x00, 0x00, 0x00, 0x00, 0x00, 0x00, 0x00, 0x00, 0x00,
    0x00, 0x00, 0x00, 0x00, 0x00, 0x00, 0x00, 0x00, 0x00, 0x00, 0x00, 0x00,
    0x00, 0x00, 0x00, 0x00, 0x00, 0x00, 0x00, 0x00, 0x00, 0x00, 0x00, 0x00,
    0x00, 0x00, 0x00, 0x00, 0x00, 0x00, 0x00, 0x00, 0x00, 0x00, 0x00, 0x00,
    0x00, 0x00, 0x00, 0x00, 0x00, 0x00, 0x00, 0x00, 0x00, 0x00, 0x00, 0x00,
    0x00, 0x00, 0x00, 0x00, 0x00, 0x00, 0x00, 0x00, 0x00, 0x00, 0x00, 0x00,
    0x00, 0x00, 0x00, 0x00, 0x00, 0x00, 0x00, 0x00, 0x00, 0x00, 0x00, 0x00,
    0x00, 0x00, 0x00, 0x00, 0x00, 0x00, 0x00, 0x00, 0x00, 0x00, 0x00, 0x00,
    0x00, 0x00, 0x00, 0x00, 0x00, 0x00, 0x00, 0x00, 0x00, 0x00, 0x00, 0x00,
    0x00, 0x00, 0x00, 0x00, 0x00, 0x00, 0x00, 0x00, 0x00, 0x00, 0x00, 0x00,
    0x00, 0x00, 0x00, 0x00, 0x00, 0x00, 0x00, 0x00, 0x00, 0x00, 0x00, 0x00,
    0x00, 0x00, 0x00, 0x00, 0x00, 0x00, 0x00, 0x00, 0x00, 0x00, 0x00, 0x00,
    0x00, 0x00, 0x00, 0x00, 0x00, 0x00, 0x00, 0x00, 0x00, 0x00, 0x00, 0x00,
    0x00, 0x00, 0x00, 0x00, 0x00, 0x00, 0x00, 0x00, 0x00, 0x00, 0x00, 0x00,
    0x00, 0x00, 0x00, 0x00, 0x00, 0x00, 0x00, 0x00, 0x00, 0x00, 0x00, 0x00,
    0x00, 0x00, 0x00, 0x00, 0x00, 0x00, 0x00, 0x00, 0x00, 0x00, 0x00, 0x00,
    0x00, 0x00, 0x00, 0x00, 0x00, 0x00,
};

static const lv_font_fmt_txt_glyph_dsc_t dsc_12x20[] = {
    {.bitmap_index = 0, .adv_w = 0, .box_w = 0, .box_h = 0, .ofs_x = 0, .ofs_y = 0} /* id = 0 reserved */,
    {.bitmap_index = 30, .adv_w = 192, .box_w = 12, .box_h = 20, .ofs_x = 0, .ofs_y = 0},
    {.bitmap_index = 60, .adv_w = 192, .box_w = 12, .box_h = 20, .ofs_x = 0, .ofs_y = 0},
    {.bitmap_index = 90, .adv_w = 192, .box_w = 12, .box_h = 20, .ofs_x = 0, .ofs_y = 0},
    {.bitmap_index = 120, .adv_w = 192, .box_w = 12, .box_h = 20, .ofs_x = 0, .ofs_y = 0},
    {.bitmap_index = 150, .adv_w = 192, .box_w = 12, .box_h = 20, .ofs_x = 0, .ofs_y = 0},
    {.bitmap_index = 180, .adv_w = 192, .box_w = 12, .box_h = 20, .ofs_x = 0, .ofs_y = 0},
    {.bitmap_index = 210, .adv_w = 192, .box_w = 12, .box_h = 20, .ofs_x = 0, .ofs_y = 0},
    {.bitmap_index = 240, .adv_w = 192, .box_w = 12, .box_h = 20, .ofs_x = 0, .ofs_y = 0},
    {.bitmap_index = 270, .adv_w = 192, .box_w = 12, .box_h = 20, .ofs_x = 0, .ofs_y = 0},
    {.bitmap_index = 300, .adv_w = 192, .box_w = 12, .box_h = 20, .ofs_x = 0, .ofs_y = 0},
    {.bitmap_index = 330, .adv_w = 192, .box_w = 12, .box_h = 20, .ofs_x = 0, .ofs_y = 0},
    {.bitmap_index = 360, .adv_w = 192, .box_w = 12, .box_h = 20, .ofs_x = 0, .ofs_y = 0},
    {.bitmap_index = 390, .adv_w = 192, .box_w = 12, .box_h = 20, .ofs_x = 0, .ofs_y = 0},
    {.bitmap_index = 420, .adv_w = 192, .box_w = 12, .box_h = 20, .ofs_x = 0, .ofs_y = 0},
    {.bitmap_index = 450, .adv_w = 192, .box_w = 12, .box_h = 20, .ofs_x = 0, .ofs_y = 0},
    {.bitmap_index = 480, .adv_w = 192, .box_w = 12, .box_h = 20, .ofs_x = 0, .ofs_y = 0},
    {.bitmap_index = 510, .adv_w = 192, .box_w = 12, .box_h = 20, .ofs_x = 0, .ofs_y = 0},
    {.bitmap_index = 540, .adv_w = 192, .box_w = 12, .box_h = 20, .ofs_x = 0, .ofs_y = 0},
    {.bitmap_index = 570, .adv_w = 192, .box_w = 12, .box_h = 20, .ofs_x = 0, .ofs_y = 0},
    {.bitmap_index = 600, .adv_w = 192, .box_w = 12, .box_h = 20, .ofs_x = 0, .ofs_y = 0},
    {.bitmap_index = 630, .adv_w = 192, .box_w = 12, .box_h = 20, .ofs_x = 0, .ofs_y = 0},
    {.bitmap_index = 660, .adv_w = 192, .box_w = 12, .box_h = 20, .ofs_x = 0, .ofs_y = 0},
    {.bitmap_index = 690, .adv_w = 192, .box_w = 12, .box_h = 20, .ofs_x = 0, .ofs_y = 0},
    {.bitmap_index = 720, .adv_w = 192, .box_w = 12, .box_h = 20, .ofs_x = 0, .ofs_y = 0},
    {.bitmap_index = 750, .adv_w = 192, .box_w = 12, .box_h = 20, .ofs_x = 0, .ofs_y = 0},
    {.bitmap_index = 780, .adv_w = 192, .box_w = 12, .box_h = 20, .ofs_x = 0, .ofs_y = 0},
    {.bitmap_index = 810, .adv_w = 192, .box_w = 12, .box_h = 20, .ofs_x = 0, .ofs_y = 0},
    {.bitmap_index = 840, .adv_w = 192, .box_w = 12, .box_h = 20, .ofs_x = 0, .ofs_y = 0},
    {.bitmap_index = 870, .adv_w = 192, .box_w = 12, .box_h = 20, .ofs_x = 0, .ofs_y = 0},
    {.bitmap_index = 900, .adv_w = 192, .box_w = 12, .box_h = 20, .ofs_x = 0, .ofs_y = 0},
    {.bitmap_index = 930, .adv_w = 192, .box_w = 12, .box_h = 20, .ofs_x = 0, .ofs_y = 0},
    {.bitmap_index = 960, .adv_w = 192, .box_w = 12, .box_h = 20, .ofs_x = 0, .ofs_y = 0},
    {.bitmap_index = 990, .adv_w = 192, .box_w = 12, .box_h = 20, .ofs_x = 0, .ofs_y = 0},
    {.bitmap_index = 1020, .adv_w = 192, .box_w = 12, .box_h = 20, .ofs_x = 0, .ofs_y = 0},
    {.bitmap_index = 1050, .adv_w = 192, .box_w = 12, .box_h = 20, .ofs_x = 0, .ofs_y = 0},
    {.bitmap_index = 1080, .adv_w = 192, .box_w = 12, .box_h = 20, .ofs_x = 0, .ofs_y = 0},
    {.bitmap_index = 1110, .adv_w = 192, .box_w = 12, .box_h = 20, .ofs_x = 0, .ofs_y = 0},
    {.bitmap_index = 1140, .adv_w = 192, .box_w = 12, .box_h = 20, .ofs_x = 0, .ofs_y = 0},
    {.bitmap_index = 1170, .adv_w = 192, .box_w = 12, .box_h = 20, .ofs_x = 0, .ofs_y = 0},
    {.bitmap_index = 1200, .adv_w = 192, .box_w = 12, .box_h = 20, .ofs_x = 0, .ofs_y = 0},
    {.bitmap_index = 1230, .adv_w = 192, .box_w = 12, .box_h = 20, .ofs_x = 0, .ofs_y = 0},
    {.bitmap_index = 1260, .adv_w = 192, .box_w = 12, .box_h = 20, .ofs_x = 0, .ofs_y = 0},
    {.bitmap_index = 1290, .adv_w = 192, .box_w = 12, .box_h = 20, .ofs_x = 0, .ofs_y = 0},
    {.bitmap_index = 1320, .adv_w = 192, .box_w = 12, .box_h = 20, .ofs_x = 0, .ofs_y = 0},
    {.bitmap_index = 1350, .adv_w = 192, .box_w = 12, .box_h = 20, .ofs_x = 0, .ofs_y = 0},
    {.bitmap_index = 1380, .adv_w = 192, .box_w = 12, .box_h = 20, .ofs_x = 0, .ofs_y = 0},
    {.bitmap_index = 1410, .adv_w = 192, .box_w = 12, .box_h = 20, .ofs_x = 0, .ofs_y = 0},
    {.bitmap_index = 1440, .adv_w = 192, .box_w = 12, .box_h = 20, .ofs_x = 0, .ofs_y = 0},
    {.bitmap_index = 1470, .adv_w = 192, .box_w = 12, .box_h = 20, .ofs_x = 0, .ofs_y = 0},
    {.bitmap_index = 1500, .adv_w = 192, .box_w = 12, .box_h = 20, .ofs_x = 0, .ofs_y = 0},
    {.bitmap_index = 1530, .adv_w = 192, .box_w = 12, .box_h = 20, .ofs_x = 0, .ofs_y = 0},
    {.bitmap_index = 1560, .adv_w = 192, .box_w = 12, .box_h = 20, .ofs_x = 0, .ofs_y = 0},
    {.bitmap_index = 1590, .adv_w = 192, .box_w = 12, .box_h = 20, .ofs_x = 0, .ofs_y = 0},
    {.bitmap_index = 1620, .adv_w = 192, .box_w = 12, .box_h = 20, .ofs_x = 0, .ofs_y = 0},
    {.bitmap_index = 1650, .adv_w = 192, .box_w = 12, .box_h = 20, .ofs_x = 0, .ofs_y = 0},
    {.bitmap_index = 1680, .adv_w = 192, .box_w = 12, .box_h = 20, .ofs_x = 0, .ofs_y = 0},
    {.bitmap_index = 1710, .adv_w = 192, .box_w = 12, .box_h = 20, .ofs_x = 0, .ofs_y = 0},
    {.bitmap_index = 1740, .adv_w = 192, .box_w = 12, .box_h = 20, .ofs_x = 0, .ofs_y = 0},
    {.bitmap_index = 1770, .adv_w = 192, .box_w = 12, .box_h = 20, .ofs_x = 0, .ofs_y = 0},
    {.bitmap_index = 1800, .adv_w = 192, .box_w = 12, .box_h = 20, .ofs_x = 0, .ofs_y = 0},
    {.bitmap_index = 1830, .adv_w = 192, .box_w = 12, .box_h = 20, .ofs_x = 0, .ofs_y = 0},
    {.bitmap_index = 1860, .adv_w = 192, .box_w = 12, .box_h = 20, .ofs_x = 0, .ofs_y = 0},
    {.bitmap_index = 1890, .adv_w = 192, .box_w = 12, .box_h = 20, .ofs_x = 0, .ofs_y = 0},
    {.bitmap_index = 1920, .adv_w = 192, .box_w = 12, .box_h = 20, .ofs_x = 0, .ofs_y = 0},
    {.bitmap_index = 1950, .adv_w = 192, .box_w = 12, .box_h = 20, .ofs_x = 0, .ofs_y = 0},
    {.bitmap_index = 1980, .adv_w = 192, .box_w = 12, .box_h = 20, .ofs_x = 0, .ofs_y = 0},
    {.bitmap_index = 2010, .adv_w = 192, .box_w = 12, .box_h = 20, .ofs_x = 0, .ofs_y = 0},
    {.bitmap_index = 2040, .adv_w = 192, .box_w = 12, .box_h = 20, .ofs_x = 0, .ofs_y = 0},
    {.bitmap_index = 2070, .adv_w = 192, .box_w = 12, .box_h = 20, .ofs_x = 0, .ofs_y = 0},
    {.bitmap_index = 2100, .adv_w = 192, .box_w = 12, .box_h = 20, .ofs_x = 0, .ofs_y = 0},
    {.bitmap_index = 2130, .adv_w = 192, .box_w = 12, .box_h = 20, .ofs_x = 0, .ofs_y = 0},
    {.bitmap_index = 2160, .adv_w = 192, .box_w = 12, .box_h = 20, .ofs_x = 0, .ofs_y = 0},
    {.bitmap_index = 2190, .adv_w = 192, .box_w = 12, .box_h = 20, .ofs_x = 0, .ofs_y = 0},
    {.bitmap_index = 2220, .adv_w = 192, .box_w = 12, .box_h = 20, .ofs_x = 0, .ofs_y = 0},
    {.bitmap_index = 2250, .adv_w = 192, .box_w = 12, .box_h = 20, .ofs_x = 0, .ofs_y = 0},
    {.bitmap_index = 2280, .adv_w = 192, .box_w = 12, .box_h = 20, .ofs_x = 0, .ofs_y = 0},
    {.bitmap_index = 2310, .adv_w = 192, .box_w = 12, .box_h = 20, .ofs_x = 0, .ofs_y = 0},
    {.bitmap_index = 2340, .adv_w = 192, .box_w = 12, .box_h = 20, .ofs_x = 0, .ofs_y = 0},
    {.bitmap_index = 2370, .adv_w = 192, .box_w = 12, .box_h = 20, .ofs_x = 0, .ofs_y = 0},
    {.bitmap_index = 2400, .adv_w = 192, .box_w = 12, .box_h = 20, .ofs_x = 0, .ofs_y = 0},
    {.bitmap_index = 2430, .adv_w = 192, .box_w = 12, .box_h = 20, .ofs_x = 0, .ofs_y = 0},
    {.bitmap_index = 2460, .adv_w = 192, .box_w = 12, .box_h = 20, .ofs_x = 0, .ofs_y = 0},
    {.bitmap_index = 2490, .adv_w = 192, .box_w = 12, .box_h = 20, .ofs_x = 0, .ofs_y = 0},
    {.bitmap_index = 2520, .adv_w = 192, .box_w = 12, .box_h = 20, .ofs_x = 0, .ofs_y = 0},
    {.bitmap_index = 2550, .adv_w = 192, .box_w = 12, .box_h = 20, .ofs_x = 0, .ofs_y = 0},
    {.bitmap_index = 2580, .adv_w = 192, .box_w = 12, .box_h = 20, .ofs_x = 0, .ofs_y = 0},
    {.bitmap_index = 2610, .adv_w = 192, .box_w = 12, .box_h = 20, .ofs_x = 0, .ofs_y = 0},
    {.bitmap_index = 2640, .adv_w = 192, .box_w = 12, .box_h = 20, .ofs_x = 0, .ofs_y = 0},
    {.bitmap_index = 2670, .adv_w = 192, .box_w = 12, .box_h = 20, .ofs_x = 0, .ofs_y = 0},
    {.bitmap_index = 2700, .adv_w = 192, .box_w = 12, .box_h = 20, .ofs_x = 0, .ofs_y = 0},
    {.bitmap_index = 2730, .adv_w = 192, .box_w = 12, .box_h = 20, .ofs_x = 0, .ofs_y = 0},
    {.bitmap_index = 2760, .adv_w = 192, .box_w = 12, .box_h = 20, .ofs_x = 0, .ofs_y = 0},
    {.bitmap_index = 2790, .adv_w = 192, .box_w = 12, .box_h = 20, .ofs_x = 0, .ofs_y = 0},
    {.bitmap_index = 2820, .adv_w = 192, .box_w = 12, .box_h = 20, .ofs_x = 0, .ofs_y = 0},
    {.bitmap_index = 2850, .adv_w = 192, .box_w = 12, .box_h = 20, .ofs_x = 0, .ofs_y = 0},
    {.bitmap_index = 2880, .adv_w = 192, .box_w = 12, .box_h = 20, .ofs_x = 0, .ofs_y = 0},
    {.bitmap_index = 2910, .adv_w = 192, .box_w = 12, .box_h = 20, .ofs_x = 0, .ofs_y = 0},
    {.bitmap_index = 2940, .adv_w = 192, .box_w = 12, .box_h = 20, .ofs_x = 0, .ofs_y = 0},
    {.bitmap_index = 2970, .adv_w = 192, .box_w = 12, .box_h = 20, .ofs_x = 0, .ofs_y = 0},
    {.bitmap_index = 3000, .adv_w = 192, .box_w = 12, .box_h = 20, .ofs_x = 0, .ofs_y = 0},
    {.bitmap_index = 3030, .adv_w = 192, .box_w = 12, .box_h = 20, .ofs_x = 0, .ofs_y = 0},
    {.bitmap_index = 3060, .adv_w = 192, .box_w = 12, .box_h = 20, .ofs_x = 0, .ofs_y = 0},
    {.bitmap_index = 3090, .adv_w = 192, .box_w = 12, .box_h = 20, .ofs_x = 0, .ofs_y = 0},
    {.bitmap_index = 3120, .adv_w = 192, .box_w = 12, .box_h = 20, .ofs_x = 0, .ofs_y = 0},
    {.bitmap_index = 3150, .adv_w = 192, .box_w = 12, .box_h = 20, .ofs_x = 0, .ofs_y = 0},
    {.bitmap_index = 3180, .adv_w = 192, .box_w = 12, .box_h = 20, .ofs_x = 0, .ofs_y = 0},
    {.bitmap_index = 3210, .adv_w = 192, .box_w = 12, .box_h = 20, .ofs_x = 0, .ofs_y = 0},
    {.bitmap_index = 3240, .adv_w = 192, .box_w = 12, .box_h = 20, .ofs_x = 0, .ofs_y = 0},
    {.bitmap_index = 3270, .adv_w = 192, .box_w = 12, .box_h = 20, .ofs_x = 0, .ofs_y = 0},
    {.bitmap_index = 3300, .adv_w = 192, .box_w = 12, .box_h = 20, .ofs_x = 0, .ofs_y = 0},
    {.bitmap_index = 3330, .adv_w = 192, .box_w = 12, .box_h = 20, .ofs_x = 0, .ofs_y = 0},
    {.bitmap_index = 3360, .adv_w = 192, .box_w = 12, .box_h = 20, .ofs_x = 0, .ofs_y = 0},
    {.bitmap_index = 3390, .adv_w = 192, .box_w = 12, .box_h = 20, .ofs_x = 0, .ofs_y = 0},
    {.bitmap_index = 3420, .adv_w = 192, .box_w = 12, .box_h = 20, .ofs_x = 0, .ofs_y = 0},
    {.bitmap_index = 3450, .adv_w = 192, .box_w = 12, .box_h = 20, .ofs_x = 0, .ofs_y = 0},
    {.bitmap_index = 3480, .adv_w = 192, .box_w = 12, .box_h = 20, .ofs_x = 0, .ofs_y = 0},
    {.bitmap_index = 3510, .adv_w = 192, .box_w = 12, .box_h = 20, .ofs_x = 0, .ofs_y = 0},
    {.bitmap_index = 3540, .adv_w = 192, .box_w = 12, .box_h = 20, .ofs_x = 0, .ofs_y = 0},
    {.bitmap_index = 3570, .adv_w = 192, .box_w = 12, .box_h = 20, .ofs_x = 0, .ofs_y = 0},
    {.bitmap_index = 3600, .adv_w = 192, .box_w = 12, .box_h = 20, .ofs_x = 0, .ofs_y = 0},
    {.bitmap_index = 3630, .adv_w = 192, .box_w = 12, .box_h = 20, .ofs_x = 0, .ofs_y = 0},
    {.bitmap_index = 3660, .adv_w = 192, .box_w = 12, .box_h = 20, .ofs_x = 0, .ofs_y = 0},
    {.bitmap_index = 3690, .adv_w = 192, .box_w = 12, .box_h = 20, .ofs_x = 0, .ofs_y = 0},
    {.bitmap_index = 3720, .adv_w = 192, .box_w = 12, .box_h = 20, .ofs_x = 0, .ofs_y = 0},
    {.bitmap_index = 3750, .adv_w = 192, .box_w = 12, .box_h = 20, .ofs_x = 0, .ofs_y = 0},
    {.bitmap_index = 3780, .adv_w = 192, .box_w = 12, .box_h = 20, .ofs_x = 0, .ofs_y = 0},
    {.bitmap_index = 3810, .adv_w = 192, .box_w = 12, .box_h = 20, .ofs_x = 0, .ofs_y = 0},
    {.bitmap_index = 3840, .adv_w = 192, .box_w = 12, .box_h = 20, .ofs_x = 0, .ofs_y = 0},
    {.bitmap_index = 3870, .adv_w = 192, .box_w = 12, .box_h = 20, .ofs_x = 0, .ofs_y = 0},
    {.bitmap_index = 3900, .adv_w = 192, .box_w = 12, .box_h = 20, .ofs_x = 0, .ofs_y = 0},
    {.bitmap_index = 3930, .adv_w = 192, .box_w = 12, .box_h = 20, .ofs_x = 0, .ofs_y = 0},
    {.bitmap_index = 3960, .adv_w = 192, .box_w = 12, .box_h = 20, .ofs_x = 0, .ofs_y = 0},
    {.bitmap_index = 3990, .adv_w = 192, .box_w = 12, .box_h = 20, .ofs_x = 0, .ofs_y = 0},
    {.bitmap_index = 4020, .adv_w = 192, .box_w = 12, .box_h = 20, .ofs_x = 0, .ofs_y = 0},
    {.bitmap_index = 4050, .adv_w = 192, .box_w = 12, .box_h = 20, .ofs_x = 0, .ofs_y = 0},
    {.bitmap_index = 4080, .adv_w = 192, .box_w = 12, .box_h = 20, .ofs_x = 0, .ofs_y = 0},
    {.bitmap_index = 4110, .adv_w = 192, .box_w = 12, .box_h = 20, .ofs_x = 0, .ofs_y = 0},
    {.bitmap_index = 4140, .adv_w = 192, .box_w = 12, .box_h = 20, .ofs_x = 0, .ofs_y = 0},
    {.bitmap_index = 4170, .adv_w = 192, .box_w = 12, .box_h = 20, .ofs_x = 0, .ofs_y = 0},
    {.bitmap_index = 4200, .adv_w = 192, .box_w = 12, .box_h = 20, .ofs_x = 0, .ofs_y = 0},
    {.bitmap_index = 4230, .adv_w = 192, .box_w = 12, .box_h = 20, .ofs_x = 0, .ofs_y = 0},
    {.bitmap_index = 4260, .adv_w = 192, .box_w = 12, .box_h = 20, .ofs_x = 0, .ofs_y = 0},
    {.bitmap_index = 4290, .adv_w = 192, .box_w = 12, .box_h = 20, .ofs_x = 0, .ofs_y = 0},
    {.bitmap_index = 4320, .adv_w = 192, .box_w = 12, .box_h = 20, .ofs_x = 0, .ofs_y = 0},
    {.bitmap_index = 4350, .adv_w = 192, .box_w = 12, .box_h = 20, .ofs_x = 0, .ofs_y = 0},
    {.bitmap_index = 4380, .adv_w = 192, .box_w = 12, .box_h = 20, .ofs_x = 0, .ofs_y = 0},
    {.bitmap_index = 4410, .adv_w = 192, .box_w = 12, .box_h = 20, .ofs_x = 0, .ofs_y = 0},
    {.bitmap_index = 4440, .adv_w = 192, .box_w = 12, .box_h = 20, .ofs_x = 0, .ofs_y = 0},
    {.bitmap_index = 4470, .adv_w = 192, .box_w = 12, .box_h = 20, .ofs_x = 0, .ofs_y = 0},
    {.bitmap_index = 4500, .adv_w = 192, .box_w = 12, .box_h = 20, .ofs_x = 0, .ofs_y = 0},
    {.bitmap_index = 4530, .adv_w = 192, .box_w = 12, .box_h = 20, .ofs_x = 0, .ofs_y = 0},
    {.bitmap_index = 4560, .adv_w = 192, .box_w = 12, .box_h = 20, .ofs_x = 0, .ofs_y = 0},
    {.bitmap_index = 4590, .adv_w = 192, .box_w = 12, .box_h = 20, .ofs_x = 0, .ofs_y = 0},
    {.bitmap_index = 4620, .adv_w = 192, .box_w = 12, .box_h = 20, .ofs_x = 0, .ofs_y = 0},
    {.bitmap_index = 4650, .adv_w = 192, .box_w = 12, .box_h = 20, .ofs_x = 0, .ofs_y = 0},
    {.bitmap_index = 4680, .adv_w = 192, .box_w = 12, .box_h = 20, .ofs_x = 0, .ofs_y = 0},
    {.bitmap_index = 4710, .adv_w = 192, .box_w = 12, .box_h = 20, .ofs_x = 0, .ofs_y = 0},
    {.bitmap_index = 4740, .adv_w = 192, .box_w = 12, .box_h = 20, .ofs_x = 0, .ofs_y = 0},
    {.bitmap_index = 4770, .adv_w = 192, .box_w = 12, .box_h = 20, .ofs_x = 0, .ofs_y = 0},
    {.bitmap_index = 4800, .adv_w = 192, .box_w = 12, .box_h = 20, .ofs_x = 0, .ofs_y = 0},
    {.bitmap_index = 4830, .adv_w = 192, .box_w = 12, .box_h = 20, .ofs_x = 0, .ofs_y = 0},
    {.bitmap_index = 4860, .adv_w = 192, .box_w = 12, .box_h = 20, .ofs_x = 0, .ofs_y = 0},
    {.bitmap_index = 4890, .adv_w = 192, .box_w = 12, .box_h = 20, .ofs_x = 0, .ofs_y = 0},
    {.bitmap_index = 4920, .adv_w = 192, .box_w = 12, .box_h = 20, .ofs_x = 0, .ofs_y = 0},
    {.bitmap_index = 4950, .adv_w = 192, .box_w = 12, .box_h = 20, .ofs_x = 0, .ofs_y = 0},
    {.bitmap_index = 4980, .adv_w = 192, .box_w = 12, .box_h = 20, .ofs_x = 0, .ofs_y = 0},
    {.bitmap_index = 5010, .adv_w = 192, .box_w = 12, .box_h = 20, .ofs_x = 0, .ofs_y = 0},
    {.bitmap_index = 5040, .adv_w = 192, .box_w = 12, .box_h = 20, .ofs_x = 0, .ofs_y = 0},
    {.bitmap_index = 5070, .adv_w = 192, .box_w = 12, .box_h = 20, .ofs_x = 0, .ofs_y = 0},
    {.bitmap_index = 5100, .adv_w = 192, .box_w = 12, .box_h = 20, .ofs_x = 0, .ofs_y = 0},
    {.bitmap_index = 5130, .adv_w = 192, .box_w = 12, .box_h = 20, .ofs_x = 0, .ofs_y = 0},
    {.bitmap_index = 5160, .adv_w = 192, .box_w = 12, .box_h = 20, .ofs_x = 0, .ofs_y = 0},
    {.bitmap_index = 5190, .adv_w = 192, .box_w = 12, .box_h = 20, .ofs_x = 0, .ofs_y = 0},
    {.bitmap_index = 5220, .adv_w = 192, .box_w = 12, .box_h = 20, .ofs_x = 0, .ofs_y = 0},
    {.bitmap_index = 5250, .adv_w = 192, .box_w = 12, .box_h = 20, .ofs_x = 0, .ofs_y = 0},
    {.bitmap_index = 5280, .adv_w = 192, .box_w = 12, .box_h = 20, .ofs_x = 0, .ofs_y = 0},
    {.bitmap_index = 5310, .adv_w = 192, .box_w = 12, .box_h = 20, .ofs_x = 0, .ofs_y = 0},
    {.bitmap_index = 5340, .adv_w = 192, .box_w = 12, .box_h = 20, .ofs_x = 0, .ofs_y = 0},
    {.bitmap_index = 5370, .adv_w = 192, .box_w = 12, .box_h = 20, .ofs_x = 0, .ofs_y = 0},
    {.bitmap_index = 5400, .adv_w = 192, .box_w = 12, .box_h = 20, .ofs_x = 0, .ofs_y = 0},
    {.bitmap_index = 5430, .adv_w = 192, .box_w = 12, .box_h = 20, .ofs_x = 0, .ofs_y = 0},
    {.bitmap_index = 5460, .adv_w = 192, .box_w = 12, .box_h = 20, .ofs_x = 0, .ofs_y = 0},
    {.bitmap_index = 5490, .adv_w = 192, .box_w = 12, .box_h = 20, .ofs_x = 0, .ofs_y = 0},
    {.bitmap_index = 5520, .adv_w = 192, .box_w = 12, .box_h = 20, .ofs_x = 0, .ofs_y = 0},
    {.bitmap_index = 5550, .adv_w = 192, .box_w = 12, .box_h = 20, .ofs_x = 0, .ofs_y = 0},
    {.bitmap_index = 5580, .adv_w = 192, .box_w = 12, .box_h = 20, .ofs_x = 0, .ofs_y = 0},
    {.bitmap_index = 5610, .adv_w = 192, .box_w = 12, .box_h = 20, .ofs_x = 0, .ofs_y = 0},
    {.bitmap_index = 5640, .adv_w = 192, .box_w = 12, .box_h = 20, .ofs_x = 0, .ofs_y = 0},
    {.bitmap_index = 5670, .adv_w = 192, .box_w = 12, .box_h = 20, .ofs_x = 0, .ofs_y = 0},
    {.bitmap_index = 5700, .adv_w = 192, .box_w = 12, .box_h = 20, .ofs_x = 0, .ofs_y = 0},
    {.bitmap_index = 5730, .adv_w = 192, .box_w = 12, .box_h = 20, .ofs_x = 0, .ofs_y = 0},
    {.bitmap_index = 5760, .adv_w = 192, .box_w = 12, .box_h = 20, .ofs_x = 0, .ofs_y = 0},
    {.bitmap_index = 5790, .adv_w = 192, .box_w = 12, .box_h = 20, .ofs_x = 0, .ofs_y = 0},
    {.bitmap_index = 5820, .adv_w = 192, .box_w = 12, .box_h = 20, .ofs_x = 0, .ofs_y = 0},
    {.bitmap_index = 5850, .adv_w = 192, .box_w = 12, .box_h = 20, .ofs_x = 0, .ofs_y = 0},
    {.bitmap_index = 5880, .adv_w = 192, .box_w = 12, .box_h = 20, .ofs_x = 0, .ofs_y = 0},
    {.bitmap_index = 5910, .adv_w = 192, .box_w = 12, .box_h = 20, .ofs_x = 0, .ofs_y = 0},
    {.bitmap_index = 5940, .adv_w = 192, .box_w = 12, .box_h = 20, .ofs_x = 0, .ofs_y = 0},
    {.bitmap_index = 5970, .adv_w = 192, .box_w = 12, .box_h = 20, .ofs_x = 0, .ofs_y = 0},
    {.bitmap_index = 6000, .adv_w = 192, .box_w = 12, .box_h = 20, .ofs_x = 0, .ofs_y = 0},
    {.bitmap_index = 6030, .adv_w = 192, .box_w = 12, .box_h = 20, .ofs_x = 0, .ofs_y = 0},
    {.bitmap_index = 6060, .adv_w = 192, .box_w = 12, .box_h = 20, .ofs_x = 0, .ofs_y = 0},
    {.bitmap_index = 6090, .adv_w = 192, .box_w = 12, .box_h = 20, .ofs_x = 0, .ofs_y = 0},
    {.bitmap_index = 6120, .adv_w = 192, .box_w = 12, .box_h = 20, .ofs_x = 0, .ofs_y = 0},
    {.bitmap_index = 6150, .adv_w = 192, .box_w = 12, .box_h = 20, .ofs_x = 0, .ofs_y = 0},
    {.bitmap_index = 6180, .adv_w = 192, .box_w = 12, .box_h = 20, .ofs_x = 0, .ofs_y = 0},
    {.bitmap_index = 6210, .adv_w = 192, .box_w = 12, .box_h = 20, .ofs_x = 0, .ofs_y = 0},
    {.bitmap_index = 6240, .adv_w = 192, .box_w = 12, .box_h = 20, .ofs_x = 0, .ofs_y = 0},
    {.bitmap_index = 6270, .adv_w = 192, .box_w = 12, .box_h = 20, .ofs_x = 0, .ofs_y = 0},
    {.bitmap_index = 6300, .adv_w = 192, .box_w = 12, .box_h = 20, .ofs_x = 0, .ofs_y = 0},
    {.bitmap_index = 6330, .adv_w = 192, .box_w = 12, .box_h = 20, .ofs_x = 0, .ofs_y = 0},
    {.bitmap_index = 6360, .adv_w = 192, .box_w = 12, .box_h = 20, .ofs_x = 0, .ofs_y = 0},
    {.bitmap_index = 6390, .adv_w = 192, .box_w = 12, .box_h = 20, .ofs_x = 0, .ofs_y = 0},
    {.bitmap_index = 6420, .adv_w = 192, .box_w = 12, .box_h = 20, .ofs_x = 0, .ofs_y = 0},
    {.bitmap_index = 6450, .adv_w = 192, .box_w = 12, .box_h = 20, .ofs_x = 0, .ofs_y = 0},
    {.bitmap_index = 6480, .adv_w = 192, .box_w = 12, .box_h = 20, .ofs_x = 0, .ofs_y = 0},
    {.bitmap_index = 6510, .adv_w = 192, .box_w = 12, .box_h = 20, .ofs_x = 0, .ofs_y = 0},
    {.bitmap_index = 6540, .adv_w = 192, .box_w = 12, .box_h = 20, .ofs_x = 0, .ofs_y = 0},
    {.bitmap_index = 6570, .adv_w = 192, .box_w = 12, .box_h = 20, .ofs_x = 0, .ofs_y = 0},
    {.bitmap_index = 6600, .adv_w = 192, .box_w = 12, .box_h = 20, .ofs_x = 0, .ofs_y = 0},
    {.bitmap_index = 6630, .adv_w = 192, .box_w = 12, .box_h = 20, .ofs_x = 0, .ofs_y = 0},
    {.bitmap_index = 6660, .adv_w = 192, .box_w = 12, .box_h = 20, .ofs_x = 0, .ofs_y = 0},
    {.bitmap_index = 6690, .adv_w = 192, .box_w = 12, .box_h = 20, .ofs_x = 0, .ofs_y = 0},
    {.bitmap_index = 6720, .adv_w = 192, .box_w = 12, .box_h = 20, .ofs_x = 0, .ofs_y = 0},
    {.bitmap_index = 6750, .adv_w = 192, .box_w = 12, .box_h = 20, .ofs_x = 0, .ofs_y = 0},
    {.bitmap_index = 6780, .adv_w = 192, .box_w = 12, .box_h = 20, .ofs_x = 0, .ofs_y = 0},
    {.bitmap_index = 6810, .adv_w = 192, .box_w = 12, .box_h = 20, .ofs_x = 0, .ofs_y = 0},
    {.bitmap_index = 6840, .adv_w = 192, .box_w = 12, .box_h = 20, .ofs_x = 0, .ofs_y = 0},
    {.bitmap_index = 6870, .adv_w = 192, .box_w = 12, .box_h = 20, .ofs_x = 0, .ofs_y = 0},
    {.bitmap_index = 6900, .adv_w = 192, .box_w = 12, .box_h = 20, .ofs_x = 0, .ofs_y = 0},
    {.bitmap_index = 6930, .adv_w = 192, .box_w = 12, .box_h = 20, .ofs_x = 0, .ofs_y = 0},
    {.bitmap_index = 6960, .adv_w = 192, .box_w = 12, .box_h = 20, .ofs_x = 0, .ofs_y = 0},
    {.bitmap_index = 6990, .adv_w = 192, .box_w = 12, .box_h = 20, .ofs_x = 0, .ofs_y = 0},
    {.bitmap_index = 7020, .adv_w = 192, .box_w = 12, .box_h = 20, .ofs_x = 0, .ofs_y = 0},
    {.bitmap_index = 7050, .adv_w = 192, .box_w = 12, .box_h = 20, .ofs_x = 0, .ofs_y = 0},
    {.bitmap_index = 7080, .adv_w = 192, .box_w = 12, .box_h = 20, .ofs_x = 0, .ofs_y = 0},
    {.bitmap_index = 7110, .adv_w = 192, .box_w = 12, .box_h = 20, .ofs_x = 0, .ofs_y = 0},
    {.bitmap_index = 7140, .adv_w = 192, .box_w = 12, .box_h = 20, .ofs_x = 0, .ofs_y = 0},
    {.bitmap_index = 7170, .adv_w = 192, .box_w = 12, .box_h = 20, .ofs_x = 0, .ofs_y = 0},
    {.bitmap_index = 7200, .adv_w = 192, .box_w = 12, .box_h = 20, .ofs_x = 0, .ofs_y = 0},
    {.bitmap_index = 7230, .adv_w = 192, .box_w = 12, .box_h = 20, .ofs_x = 0, .ofs_y = 0},
    {.bitmap_index = 7260, .adv_w = 192, .box_w = 12, .box_h = 20, .ofs_x = 0, .ofs_y = 0},
    {.bitmap_index = 7290, .adv_w = 192, .box_w = 12, .box_h = 20, .ofs_x = 0, .ofs_y = 0},
    {.bitmap_index = 7320, .adv_w = 192, .box_w = 12, .box_h = 20, .ofs_x = 0, .ofs_y = 0},
    {.bitmap_index = 7350, .adv_w = 192, .box_w = 12, .box_h = 20, .ofs_x = 0, .ofs_y = 0},
    {.bitmap_index = 7380, .adv_w = 192, .box_w = 12, .box_h = 20, .ofs_x = 0, .ofs_y = 0},
    {.bitmap_index = 7410, .adv_w = 192, .box_w = 12, .box_h = 20, .ofs_x = 0, .ofs_y = 0},
    {.bitmap_index = 7440, .adv_w = 192, .box_w = 12, .box_h = 20, .ofs_x = 0, .ofs_y = 0},
    {.bitmap_index = 7470, .adv_w = 192, .box_w = 12, .box_h = 20, .ofs_x = 0, .ofs_y = 0},
    {.bitmap_index = 7500, .adv_w = 192, .box_w = 12, .box_h = 20, .ofs_x = 0, .ofs_y = 0},
    {.bitmap_index = 7530, .adv_w = 192, .box_w = 12, .box_h = 20, .ofs_x = 0, .ofs_y = 0},
    {.bitmap_index = 7560, .adv_w = 192, .box_w = 12, .box_h = 20, .ofs_x = 0, .ofs_y = 0},
    {.bitmap_index = 7590, .adv_w = 192, .box_w = 12, .box_h = 20, .ofs_x = 0, .ofs_y = 0},
    {.bitmap_index = 7620, .adv_w = 192, .box_w = 12, .box_h = 20, .ofs_x = 0, .ofs_y = 0},
    {.bitmap_index = 7650, .adv_w = 192, .box_w = 12, .box_h = 20, .ofs_x = 0, .ofs_y = 0},
    {.bitmap_index = 7680, .adv_w = 192, .box_w = 12, .box_h = 20, .ofs_x = 0, .ofs_y = 0},
    {.bitmap_index = 7710, .adv_w = 192, .box_w = 12, .box_h = 20, .ofs_x = 0, .ofs_y = 0},
    {.bitmap_index = 7740, .adv_w = 192, .box_w = 12, .box_h = 20, .ofs_x = 0, .ofs_y = 0},
    {.bitmap_index = 7770, .adv_w = 192, .box_w = 12, .box_h = 20, .ofs_x = 0, .ofs_y = 0},
    {.bitmap_index = 7800, .adv_w = 192, .box_w = 12, .box_h = 20, .ofs_x = 0, .ofs_y = 0},
    {.bitmap_index = 7830, .adv_w = 192, .box_w = 12, .box_h = 20, .ofs_x = 0, .ofs_y = 0},
    {.bitmap_index = 7860, .adv_w = 192, .box_w = 12, .box_h = 20, .ofs_x = 0, .ofs_y = 0},
    {.bitmap_index = 7890, .adv_w = 192, .box_w = 12, .box_h = 20, .ofs_x = 0, .ofs_y = 0},
    {.bitmap_index = 7920, .adv_w = 192, .box_w = 12, .box_h = 20, .ofs_x = 0, .ofs_y = 0},
    {.bitmap_index = 7950, .adv_w = 192, .box_w = 12, .box_h = 20, .ofs_x = 0, .ofs_y = 0},
    {.bitmap_index = 7980, .adv_w = 192, .box_w = 12, .box_h = 20, .ofs_x = 0, .ofs_y = 0},
    {.bitmap_index = 8010, .adv_w = 192, .box_w = 12, .box_h = 20, .ofs_x = 0, .ofs_y = 0},
    {.bitmap_index = 8040, .adv_w = 192, .box_w = 12, .box_h = 20, .ofs_x = 0, .ofs_y = 0},
    {.bitmap_index = 8070, .adv_w = 192, .box_w = 12, .box_h = 20, .ofs_x = 0, .ofs_y = 0},
    {.bitmap_index = 8100, .adv_w = 192, .box_w = 12, .box_h = 20, .ofs_x = 0, .ofs_y = 0},
    {.bitmap_index = 8130, .adv_w = 192, .box_w = 12, .box_h = 20, .ofs_x = 0, .ofs_y = 0},
    {.bitmap_index = 8160, .adv_w = 192, .box_w = 12, .box_h = 20, .ofs_x = 0, .ofs_y = 0},
    {.bitmap_index = 8190, .adv_w = 192, .box_w = 12, .box_h = 20, .ofs_x = 0, .ofs_y = 0},
    {.bitmap_index = 8220, .adv_w = 192, .box_w = 12, .box_h = 20, .ofs_x = 0, .ofs_y = 0},
    {.bitmap_index = 8250, .adv_w = 192, .box_w = 12, .box_h = 20, .ofs_x = 0, .ofs_y = 0},
    {.bitmap_index = 8280, .adv_w = 192, .box_w = 12, .box_h = 20, .ofs_x = 0, .ofs_y = 0},
    {.bitmap_index = 8310, .adv_w = 192, .box_w = 12, .box_h = 20, .ofs_x = 0, .ofs_y = 0},
    {.bitmap_index = 8340, .adv_w = 192, .box_w = 12, .box_h = 20, .ofs_x = 0, .ofs_y = 0},
    {.bitmap_index = 8370, .adv_w = 192, .box_w = 12, .box_h = 20, .ofs_x = 0, .ofs_y = 0},
    {.bitmap_index = 8400, .adv_w = 192, .box_w = 12, .box_h = 20, .ofs_x = 0, .ofs_y = 0},
    {.bitmap_index = 8430, .adv_w = 192, .box_w = 12, .box_h = 20, .ofs_x = 0, .ofs_y = 0},
    {.bitmap_index = 8460, .adv_w = 192, .box_w = 12, .box_h = 20, .ofs_x = 0, .ofs_y = 0},
    {.bitmap_index = 8490, .adv_w = 192, .box_w = 12, .box_h = 20, .ofs_x = 0, .ofs_y = 0},
    {.bitmap_index = 8520, .adv_w = 192, .box_w = 12, .box_h = 20, .ofs_x = 0, .ofs_y = 0},
    {.bitmap_index = 8550, .adv_w = 192, .box_w = 12, .box_h = 20, .ofs_x = 0, .ofs_y = 0},
    {.bitmap_index = 8580, .adv_w = 192, .box_w = 12, .box_h = 20, .ofs_x = 0, .ofs_y = 0},
    {.bitmap_index = 8610, .adv_w = 192, .box_w = 12, .box_h = 20, .ofs_x = 0, .ofs_y = 0},
    {.bitmap_index = 8640, .adv_w = 192, .box_w = 12, .box_h = 20, .ofs_x = 0, .ofs_y = 0},
    {.bitmap_index = 8670, .adv_w = 192, .box_w = 12, .box_h = 20, .ofs_x = 0, .ofs_y = 0},
    {.bitmap_index = 8700, .adv_w = 192, .box_w = 12, .box_h = 20, .ofs_x = 0, .ofs_y = 0},
    {.bitmap_index = 8730, .adv_w = 192, .box_w = 12, .box_h = 20, .ofs_x = 0, .ofs_y = 0},
    {.bitmap_index = 8760, .adv_w = 192, .box_w = 12, .box_h = 20, .ofs_x = 0, .ofs_y = 0},
    {.bitmap_index = 8790, .adv_w = 192, .box_w = 12, .box_h = 20, .ofs_x = 0, .ofs_y = 0},
    {.bitmap_index = 8820, .adv_w = 192, .box_w = 12, .box_h = 20, .ofs_x = 0, .ofs_y = 0},
    {.bitmap_index = 8850, .adv_w = 192, .box_w = 12, .box_h = 20, .ofs_x = 0, .ofs_y = 0},
    {.bitmap_index = 8880, .adv_w = 192, .box_w = 12, .box_h = 20, .ofs_x = 0, .ofs_y = 0},
    {.bitmap_index = 8910, .adv_w = 192, .box_w = 12, .box_h = 20, .ofs_x = 0, .ofs_y = 0},
    {.bitmap_index = 8940, .adv_w = 192, .box_w = 12, .box_h = 20, .ofs_x = 0, .ofs_y = 0},
    {.bitmap_index = 8970, .adv_w = 192, .box_w = 12, .box_h = 20, .ofs_x = 0, .ofs_y = 0},
    {.bitmap_index = 9000, .adv_w = 192, .box_w = 12, .box_h = 20, .ofs_x = 0, .ofs_y = 0},
    {.bitmap_index = 9030, .adv_w = 192, .box_w = 12, .box_h = 20, .ofs_x = 0, .ofs_y = 0},
    {.bitmap_index = 9060, .adv_w = 192, .box_w = 12, .box_h = 20, .ofs_x = 0, .ofs_y = 0},
    {.bitmap_index = 9090, .adv_w = 192, .box_w = 12, .box_h = 20, .ofs_x = 0, .ofs_y = 0},
    {.bitmap_index = 9120, .adv_w = 192, .box_w = 12, .box_h = 20, .ofs_x = 0, .ofs_y = 0},
    {.bitmap_index = 9150, .adv_w = 192, .box_w = 12, .box_h = 20, .ofs_x = 0, .ofs_y = 0},
    {.bitmap_index = 9180, .adv_w = 192, .box_w = 12, .box_h = 20, .ofs_x = 0, .ofs_y = 0},
    {.bitmap_index = 9210, .adv_w = 192, .box_w = 12, .box_h = 20, .ofs_x = 0, .ofs_y = 0},
    {.bitmap_index = 9240, .adv_w = 192, .box_w = 12, .box_h = 20, .ofs_x = 0, .ofs_y = 0},
    {.bitmap_index = 9270, .adv_w = 192, .box_w = 12, .box_h = 20, .ofs_x = 0, .ofs_y = 0},
    {.bitmap_index = 9300, .adv_w = 192, .box_w = 12, .box_h = 20, .ofs_x = 0, .ofs_y = 0},
    {.bitmap_index = 9330, .adv_w = 192, .box_w = 12, .box_h = 20, .ofs_x = 0, .ofs_y = 0},
    {.bitmap_index = 9360, .adv_w = 192, .box_w = 12, .box_h = 20, .ofs_x = 0, .ofs_y = 0},
    {.bitmap_index = 9390, .adv_w = 192, .box_w = 12, .box_h = 20, .ofs_x = 0, .ofs_y = 0},
    {.bitmap_index = 9420, .adv_w = 192, .box_w = 12, .box_h = 20, .ofs_x = 0, .ofs_y = 0},
    {.bitmap_index = 9450, .adv_w = 192, .box_w = 12, .box_h = 20, .ofs_x = 0, .ofs_y = 0},
    {.bitmap_index = 9480, .adv_w = 192, .box_w = 12, .box_h = 20, .ofs_x = 0, .ofs_y = 0},
    {.bitmap_index = 9510, .adv_w = 192, .box_w = 12, .box_h = 20, .ofs_x = 0, .ofs_y = 0},
    {.bitmap_index = 9540, .adv_w = 192, .box_w = 12, .box_h = 20, .ofs_x = 0, .ofs_y = 0},
    {.bitmap_index = 9570, .adv_w = 192, .box_w = 12, .box_h = 20, .ofs_x = 0, .ofs_y = 0},
    {.bitmap_index = 9600, .adv_w = 192, .box_w = 12, .box_h = 20, .ofs_x = 0, .ofs_y = 0},
    {.bitmap_index = 9630, .adv_w = 192, .box_w = 12, .box_h = 20, .ofs_x = 0, .ofs_y = 0},
    {.bitmap_index = 9660, .adv_w = 192, .box_w = 12, .box_h = 20, .ofs_x = 0, .ofs_y = 0},
    {.bitmap_index = 9690, .adv_w = 192, .box_w = 12, .box_h = 20, .ofs_x = 0, .ofs_y = 0},
    {.bitmap_index = 9720, .adv_w = 192, .box_w = 12, .box_h = 20, .ofs_x = 0, .ofs_y = 0},
    {.bitmap_index = 9750, .adv_w = 192, .box_w = 12, .box_h = 20, .ofs_x = 0, .ofs_y = 0},
    {.bitmap_index = 9780, .adv_w = 192, .box_w = 12, .box_h = 20, .ofs_x = 0, .ofs_y = 0},
    {.bitmap_index = 9810, .adv_w = 192, .box_w = 12, .box_h = 20, .ofs_x = 0, .ofs_y = 0},
    {.bitmap_index = 9840, .adv_w = 192, .box_w = 12, .box_h = 20, .ofs_x = 0, .ofs_y = 0},
    {.bitmap_index = 9870, .adv_w = 192, .box_w = 12, .box_h = 20, .ofs_x = 0, .ofs_y = 0},
    {.bitmap_index = 9900, .adv_w = 192, .box_w = 12, .box_h = 20, .ofs_x = 0, .ofs_y = 0},
    {.bitmap_index = 9930, .adv_w = 192, .box_w = 12, .box_h = 20, .ofs_x = 0, .ofs_y = 0},
    {.bitmap_index = 9960, .adv_w = 192, .box_w = 12, .box_h = 20, .ofs_x = 0, .ofs_y = 0},
    {.bitmap_index = 9990, .adv_w = 192, .box_w = 12, .box_h = 20, .ofs_x = 0, .ofs_y = 0},
    {.bitmap_index = 10020, .adv_w = 192, .box_w = 12, .box_h = 20, .ofs_x = 0, .ofs_y = 0},
    {.bitmap_index = 10050, .adv_w = 192, .box_w = 12, .box_h = 20, .ofs_x = 0, .ofs_y = 0},
    {.bitmap_index = 10080, .adv_w = 192, .box_w = 12, .box_h = 20, .ofs_x = 0, .ofs_y = 0},
    {.bitmap_index = 10110, .adv_w = 192, .box_w = 12, .box_h = 20, .ofs_x = 0, .ofs_y = 0},
    {.bitmap_index = 10140, .adv_w = 192, .box_w = 12, .box_h = 20, .ofs_x = 0, .ofs_y = 0},
    {.bitmap_index = 10170, .adv_w = 192, .box_w = 12, .box_h = 20, .ofs_x = 0, .ofs_y = 0},
    {.bitmap_index = 10200, .adv_w = 192, .box_w = 12, .box_h = 20, .ofs_x = 0, .ofs_y = 0},
    {.bitmap_index = 10230, .adv_w = 192, .box_w = 12, .box_h = 20, .ofs_x = 0, .ofs_y = 0},
    {.bitmap_index = 10260, .adv_w = 192, .box_w = 12, .box_h = 20, .ofs_x = 0, .ofs_y = 0},
    {.bitmap_index = 10290, .adv_w = 192, .box_w = 12, .box_h = 20, .ofs_x = 0, .ofs_y = 0},
    {.bitmap_index = 10320, .adv_w = 192, .box_w = 12, .box_h = 20, .ofs_x = 0, .ofs_y = 0},
    {.bitmap_index = 10350, .adv_w = 192, .box_w = 12, .box_h = 20, .ofs_x = 0, .ofs_y = 0},
    {.bitmap_index = 10380, .adv_w = 192, .box_w = 12, .box_h = 20, .ofs_x = 0, .ofs_y = 0},
    {.bitmap_index = 10410, .adv_w = 192, .box_w = 12, .box_h = 20, .ofs_x = 0, .ofs_y = 0},
    {.bitmap_index = 10440, .adv_w = 192, .box_w = 12, .box_h = 20, .ofs_x = 0, .ofs_y = 0},
    {.bitmap_index = 10470, .adv_w = 192, .box_w = 12, .box_h = 20, .ofs_x = 0, .ofs_y = 0},
    {.bitmap_index = 10500, .adv_w = 192, .box_w = 12, .box_h = 20, .ofs_x = 0, .ofs_y = 0},
    {.bitmap_index = 10530, .adv_w = 192, .box_w = 12, .box_h = 20, .ofs_x = 0, .ofs_y = 0},
    {.bitmap_index = 10560, .adv_w = 192, .box_w = 12, .box_h = 20, .ofs_x = 0, .ofs_y = 0},
    {.bitmap_index = 10590, .adv_w = 192, .box_w = 12, .box_h = 20, .ofs_x = 0, .ofs_y = 0},
    {.bitmap_index = 10620, .adv_w = 192, .box_w = 12, .box_h = 20, .ofs_x = 0, .ofs_y = 0},
    {.bitmap_index = 10650, .adv_w = 192, .box_w = 12, .box_h = 20, .ofs_x = 0, .ofs_y = 0},
    {.bitmap_index = 10680, .adv_w = 192, .box_w = 12, .box_h = 20, .ofs_x = 0, .ofs_y = 0},
    {.bitmap_index = 10710, .adv_w = 192, .box_w = 12, .box_h = 20, .ofs_x = 0, .ofs_y = 0},
    {.bitmap_index = 10740, .adv_w = 192, .box_w = 12, .box_h = 20, .ofs_x = 0, .ofs_y = 0},
    {.bitmap_index = 10770, .adv_w = 192, .box_w = 12, .box_h = 20, .ofs_x = 0, .ofs_y = 0},
    {.bitmap_index = 10800, .adv_w = 192, .box_w = 12, .box_h = 20, .ofs_x = 0, .ofs_y = 0},
    {.bitmap_index = 10830, .adv_w = 192, .box_w = 12, .box_h = 20, .ofs_x = 0, .ofs_y = 0},
    {.bitmap_index = 10860, .adv_w = 192, .box_w = 12, .box_h = 20, .ofs_x = 0, .ofs_y = 0},
    {.bitmap_index = 10890, .adv_w = 192, .box_w = 12, .box_h = 20, .ofs_x = 0, .ofs_y = 0},
    {.bitmap_index = 10920, .adv_w = 192, .box_w = 12, .box_h = 20, .ofs_x = 0, .ofs_y = 0},
    {.bitmap_index = 10950, .adv_w = 192, .box_w = 12, .box_h = 20, .ofs_x = 0, .ofs_y = 0},
    {.bitmap_index = 10980, .adv_w = 192, .box_w = 12, .box_h = 20, .ofs_x = 0, .ofs_y = 0},
    {.bitmap_index = 11010, .adv_w = 192, .box_w = 12, .box_h = 20, .ofs_x = 0, .ofs_y = 0},
    {.bitmap_index = 11040, .adv_w = 192, .box_w = 12, .box_h = 20, .ofs_x = 0, .ofs_y = 0},
    {.bitmap_index = 11070, .adv_w = 192, .box_w = 12, .box_h = 20, .ofs_x = 0, .ofs_y = 0},
    {.bitmap_index = 11100, .adv_w = 192, .box_w = 12, .box_h = 20, .ofs_x = 0, .ofs_y = 0},
    {.bitmap_index = 11130, .adv_w = 192, .box_w = 12, .box_h = 20, .ofs_x = 0, .ofs_y = 0},
    {.bitmap_index = 11160, .adv_w = 192, .box_w = 12, .box_h = 20, .ofs_x = 0, .ofs_y = 0},
    {.bitmap_index = 11190, .adv_w = 192, .box_w = 12, .box_h = 20, .ofs_x = 0, .ofs_y = 0},
    {.bitmap_index = 11220, .adv_w = 192, .box_w = 12, .box_h = 20, .ofs_x = 0, .ofs_y = 0},
    {.bitmap_index = 11250, .adv_w = 192, .box_w = 12, .box_h = 20, .ofs_x = 0, .ofs_y = 0},
    {.bitmap_index = 11280, .adv_w = 192, .box_w = 12, .box_h = 20, .ofs_x = 0, .ofs_y = 0},
    {.bitmap_index = 11310, .adv_w = 192, .box_w = 12, .box_h = 20, .ofs_x = 0, .ofs_y = 0},
    {.bitmap_index = 11340, .adv_w = 192, .box_w = 12, .box_h = 20, .ofs_x = 0, .ofs_y = 0},
    {.bitmap_index = 11370, .adv_w = 192, .box_w = 12, .box_h = 20, .ofs_x = 0, .ofs_y = 0},
    {.bitmap_index = 11400, .adv_w = 192, .box_w = 12, .box_h = 20, .ofs_x = 0, .ofs_y = 0},
    {.bitmap_index = 11430, .adv_w = 192, .box_w = 12, .box_h = 20, .ofs_x = 0, .ofs_y = 0},
    {.bitmap_index = 11460, .adv_w = 192, .box_w = 12, .box_h = 20, .ofs_x = 0, .ofs_y = 0},
    {.bitmap_index = 11490, .adv_w = 192, .box_w = 12, .box_h = 20, .ofs_x = 0, .ofs_y = 0},
    {.bitmap_index = 11520, .adv_w = 192, .box_w = 12, .box_h = 20, .ofs_x = 0, .ofs_y = 0},
    {.bitmap_index = 11550, .adv_w = 192, .box_w = 12, .box_h = 20, .ofs_x = 0, .ofs_y = 0},
    {.bitmap_index = 11580, .adv_w = 192, .box_w = 12, .box_h = 20, .ofs_x = 0, .ofs_y = 0},
    {.bitmap_index = 11610, .adv_w = 192, .box_w = 12, .box_h = 20, .ofs_x = 0, .ofs_y = 0},
    {.bitmap_index = 11640, .adv_w = 192, .box_w = 12, .box_h = 20, .ofs_x = 0, .ofs_y = 0},
    {.bitmap_index = 11670, .adv_w = 192, .box_w = 12, .box_h = 20, .ofs_x = 0, .ofs_y = 0},
    {.bitmap_index = 11700, .adv_w = 192, .box_w = 12, .box_h = 20, .ofs_x = 0, .ofs_y = 0},
    {.bitmap_index = 11730, .adv_w = 192, .box_w = 12, .box_h = 20, .ofs_x = 0, .ofs_y = 0},
    {.bitmap_index = 11760, .adv_w = 192, .box_w = 12, .box_h = 20, .ofs_x = 0, .ofs_y = 0},
    {.bitmap_index = 11790, .adv_w = 192, .box_w = 12, .box_h = 20, .ofs_x = 0, .ofs_y = 0},
    {.bitmap_index = 11820, .adv_w = 192, .box_w = 12, .box_h = 20, .ofs_x = 0, .ofs_y = 0},
    {.bitmap_index = 11850, .adv_w = 192, .box_w = 12, .box_h = 20, .ofs_x = 0, .ofs_y = 0},
    {.bitmap_index = 11880, .adv_w = 192, .box_w = 12, .box_h = 20, .ofs_x = 0, .ofs_y = 0},
    {.bitmap_index = 11910, .adv_w = 192, .box_w = 12, .box_h = 20, .ofs_x = 0, .ofs_y = 0},
    {.bitmap_index = 11940, .adv_w = 192, .box_w = 12, .box_h = 20, .ofs_x = 0, .ofs_y = 0},
    {.bitmap_index = 11970, .adv_w = 192, .box_w = 12, .box_h = 20, .ofs_x = 0, .ofs_y = 0},
    {.bitmap_index = 12000, .adv_w = 192, .box_w = 12, .box_h = 20, .ofs_x = 0, .ofs_y = 0},
    {.bitmap_index = 12030, .adv_w = 192, .box_w = 12, .box_h = 20, .ofs_x = 0, .ofs_y = 0},
    {.bitmap_index = 12060, .adv_w = 192, .box_w = 12, .box_h = 20, .ofs_x = 0, .ofs_y = 0},
    {.bitmap_index = 12090, .adv_w = 192, .box_w = 12, .box_h = 20, .ofs_x = 0, .ofs_y = 0},
    {.bitmap_index = 12120, .adv_w = 192, .box_w = 12, .box_h = 20, .ofs_x = 0, .ofs_y = 0},
    {.bitmap_index = 12150, .adv_w = 192, .box_w = 12, .box_h = 20, .ofs_x = 0, .ofs_y = 0},
    {.bitmap_index = 12180, .adv_w = 192, .box_w = 12, .box_h = 20, .ofs_x = 0, .ofs_y = 0},
    {.bitmap_index = 12210, .adv_w = 192, .box_w = 12, .box_h = 20, .ofs_x = 0, .ofs_y = 0},
    {.bitmap_index = 12240, .adv_w = 192, .box_w = 12, .box_h = 20, .ofs_x = 0, .ofs_y = 0},
    {.bitmap_index = 12270, .adv_w = 192, .box_w = 12, .box_h = 20, .ofs_x = 0, .ofs_y = 0},
    {.bitmap_index = 12300, .adv_w = 192, .box_w = 12, .box_h = 20, .ofs_x = 0, .ofs_y = 0},
    {.bitmap_index = 12330, .adv_w = 192, .box_w = 12, .box_h = 20, .ofs_x = 0, .ofs_y = 0},
    {.bitmap_index = 12360, .adv_w = 192, .box_w = 12, .box_h = 20, .ofs_x = 0, .ofs_y = 0},
    {.bitmap_index = 12390, .adv_w = 192, .box_w = 12, .box_h = 20, .ofs_x = 0, .ofs_y = 0},
    {.bitmap_index = 12420, .adv_w = 192, .box_w = 12, .box_h = 20, .ofs_x = 0, .ofs_y = 0},
    {.bitmap_index = 12450, .adv_w = 192, .box_w = 12, .box_h = 20, .ofs_x = 0, .ofs_y = 0},
    {.bitmap_index = 12480, .adv_w = 192, .box_w = 12, .box_h = 20, .ofs_x = 0, .ofs_y = 0},
    {.bitmap_index = 12510, .adv_w = 192, .box_w = 12, .box_h = 20, .ofs_x = 0, .ofs_y = 0},
    {.bitmap_index = 12540, .adv_w = 192, .box_w = 12, .box_h = 20, .ofs_x = 0, .ofs_y = 0},
    {.bitmap_index = 12570, .adv_w = 192, .box_w = 12, .box_h = 20, .ofs_x = 0, .ofs_y = 0},
    {.bitmap_index = 12600, .adv_w = 192, .box_w = 12, .box_h = 20, .ofs_x = 0, .ofs_y = 0},
    {.bitmap_index = 12630, .adv_w = 192, .box_w = 12, .box_h = 20, .ofs_x = 0, .ofs_y = 0},
    {.bitmap_index = 12660, .adv_w = 192, .box_w = 12, .box_h = 20, .ofs_x = 0, .ofs_y = 0},
    {.bitmap_index = 12690, .adv_w = 192, .box_w = 12, .box_h = 20, .ofs_x = 0, .ofs_y = 0},
    {.bitmap_index = 12720, .adv_w = 192, .box_w = 12, .box_h = 20, .ofs_x = 0, .ofs_y = 0},
    {.bitmap_index = 12750, .adv_w = 192, .box_w = 12, .box_h = 20, .ofs_x = 0, .ofs_y = 0},
    {.bitmap_index = 12780, .adv_w = 192, .box_w = 12, .box_h = 20, .ofs_x = 0, .ofs_y = 0},
    {.bitmap_index = 12810, .adv_w = 192, .box_w = 12, .box_h = 20, .ofs_x = 0, .ofs_y = 0},
    {.bitmap_index = 12840, .adv_w = 192, .box_w = 12, .box_h = 20, .ofs_x = 0, .ofs_y = 0},
    {.bitmap_index = 12870, .adv_w = 192, .box_w = 12, .box_h = 20, .ofs_x = 0, .ofs_y = 0},
    {.bitmap_index = 12900, .adv_w = 192, .box_w = 12, .box_h = 20, .ofs_x = 0, .ofs_y = 0},
    {.bitmap_index = 12930, .adv_w = 192, .box_w = 12, .box_h = 20, .ofs_x = 0, .ofs_y = 0},
    {.bitmap_index = 12960, .adv_w = 192, .box_w = 12, .box_h = 20, .ofs_x = 0, .ofs_y = 0},
    {.bitmap_index = 12990, .adv_w = 192, .box_w = 12, .box_h = 20, .ofs_x = 0, .ofs_y = 0},
    {.bitmap_index = 13020, .adv_w = 192, .box_w = 12, .box_h = 20, .ofs_x = 0, .ofs_y = 0},
    {.bitmap_index = 13050, .adv_w = 192, .box_w = 12, .box_h = 20, .ofs_x = 0, .ofs_y = 0},
    {.bitmap_index = 13080, .adv_w = 192, .box_w = 12, .box_h = 20, .ofs_x = 0, .ofs_y = 0},
    {.bitmap_index = 13110, .adv_w = 192, .box_w = 12, .box_h = 20, .ofs_x = 0, .ofs_y = 0},
    {.bitmap_index = 13140, .adv_w = 192, .box_w = 12, .box_h = 20, .ofs_x = 0, .ofs_y = 0},
    {.bitmap_index = 13170, .adv_w = 192, .box_w = 12, .box_h = 20, .ofs_x = 0, .ofs_y = 0},
    {.bitmap_index = 13200, .adv_w = 192, .box_w = 12, .box_h = 20, .ofs_x = 0, .ofs_y = 0},
    {.bitmap_index = 13230, .adv_w = 192, .box_w = 12, .box_h = 20, .ofs_x = 0, .ofs_y = 0},
    {.bitmap_index = 13260, .adv_w = 192, .box_w = 12, .box_h = 20, .ofs_x = 0, .ofs_y = 0},
    {.bitmap_index = 13290, .adv_w = 192, .box_w = 12, .box_h = 20, .ofs_x = 0, .ofs_y = 0},
    {.bitmap_index = 13320, .adv_w = 192, .box_w = 12, .box_h = 20, .ofs_x = 0, .ofs_y = 0},
    {.bitmap_index = 13350, .adv_w = 192, .box_w = 12, .box_h = 20, .ofs_x = 0, .ofs_y = 0},
    {.bitmap_index = 13380, .adv_w = 192, .box_w = 12, .box_h = 20, .ofs_x = 0, .ofs_y = 0},
    {.bitmap_index = 13410, .adv_w = 192, .box_w = 12, .box_h = 20, .ofs_x = 0, .ofs_y = 0},
    {.bitmap_index = 13440, .adv_w = 192, .box_w = 12, .box_h = 20, .ofs_x = 0, .ofs_y = 0},
    {.bitmap_index = 13470, .adv_w = 192, .box_w = 12, .box_h = 20, .ofs_x = 0, .ofs_y = 0},
    {.bitmap_index = 13500, .adv_w = 192, .box_w = 12, .box_h = 20, .ofs_x = 0, .ofs_y = 0},
    {.bitmap_index = 13530, .adv_w = 192, .box_w = 12, .box_h = 20, .ofs_x = 0, .ofs_y = 0},
    {.bitmap_index = 13560, .adv_w = 192, .box_w = 12, .box_h = 20, .ofs_x = 0, .ofs_y = 0},
    {.bitmap_index = 13590, .adv_w = 192, .box_w = 12, .box_h = 20, .ofs_x = 0, .ofs_y = 0},
    {.bitmap_index = 13620, .adv_w = 192, .box_w = 12, .box_h = 20, .ofs_x = 0, .ofs_y = 0},
    {.bitmap_index = 13650, .adv_w = 192, .box_w = 12, .box_h = 20, .ofs_x = 0, .ofs_y = 0},
    {.bitmap_index = 13680, .adv_w = 192, .box_w = 12, .box_h = 20, .ofs_x = 0, .ofs_y = 0},
    {.bitmap_index = 13710, .adv_w = 192, .box_w = 12, .box_h = 20, .ofs_x = 0, .ofs_y = 0},
    {.bitmap_index = 13740, .adv_w = 192, .box_w = 12, .box_h = 20, .ofs_x = 0, .ofs_y = 0},
    {.bitmap_index = 13770, .adv_w = 192, .box_w = 12, .box_h = 20, .ofs_x = 0, .ofs_y = 0},
    {.bitmap_index = 13800, .adv_w = 192, .box_w = 12, .box_h = 20, .ofs_x = 0, .ofs_y = 0},
    {.bitmap_index = 13830, .adv_w = 192, .box_w = 12, .box_h = 20, .ofs_x = 0, .ofs_y = 0},
    {.bitmap_index = 13860, .adv_w = 192, .box_w = 12, .box_h = 20, .ofs_x = 0, .ofs_y = 0},
    {.bitmap_index = 13890, .adv_w = 192, .box_w = 12, .box_h = 20, .ofs_x = 0, .ofs_y = 0},
    {.bitmap_index = 13920, .adv_w = 192, .box_w = 12, .box_h = 20, .ofs_x = 0, .ofs_y = 0},
    {.bitmap_index = 13950, .adv_w = 192, .box_w = 12, .box_h = 20, .ofs_x = 0, .ofs_y = 0},
    {.bitmap_index = 13980, .adv_w = 192, .box_w = 12, .box_h = 20, .ofs_x = 0, .ofs_y = 0},
    {.bitmap_index = 14010, .adv_w = 192, .box_w = 12, .box_h = 20, .ofs_x = 0, .ofs_y = 0},
    {.bitmap_index = 14040, .adv_w = 192, .box_w = 12, .box_h = 20, .ofs_x = 0, .ofs_y = 0},
    {.bitmap_index = 14070, .adv_w = 192, .box_w = 12, .box_h = 20, .ofs_x = 0, .ofs_y = 0},
    {.bitmap_index = 14100, .adv_w = 192, .box_w = 12, .box_h = 20, .ofs_x = 0, .ofs_y = 0},
    {.bitmap_index = 14130, .adv_w = 192, .box_w = 12, .box_h = 20, .ofs_x = 0, .ofs_y = 0},
    {.bitmap_index = 14160, .adv_w = 192, .box_w = 12, .box_h = 20, .ofs_x = 0, .ofs_y = 0},
    {.bitmap_index = 14190, .adv_w = 192, .box_w = 12, .box_h = 20, .ofs_x = 0, .ofs_y = 0},
    {.bitmap_index = 14220, .adv_w = 192, .box_w = 12, .box_h = 20, .ofs_x = 0, .ofs_y = 0},
    {.bitmap_index = 14250, .adv_w = 192, .box_w = 12, .box_h = 20, .ofs_x = 0, .ofs_y = 0},
    {.bitmap_index = 14280, .adv_w = 192, .box_w = 12, .box_h = 20, .ofs_x = 0, .ofs_y = 0},
    {.bitmap_index = 14310, .adv_w = 192, .box_w = 12, .box_h = 20, .ofs_x = 0, .ofs_y = 0},
    {.bitmap_index = 14340, .adv_w = 192, .box_w = 12, .box_h = 20, .ofs_x = 0, .ofs_y = 0},
    {.bitmap_index = 14370, .adv_w = 192, .box_w = 12, .box_h = 20, .ofs_x = 0, .ofs_y = 0},
    {.bitmap_index = 14400, .adv_w = 192, .box_w = 12, .box_h = 20, .ofs_x = 0, .ofs_y = 0},
};

static const lv_font_fmt_txt_cmap_t cmaps_12x20[] = {
    {.range_start = 0x20, .range_length = 96, .glyph_id_start = 1, .unicode_list = NULL, .glyph_id_ofs_list = NULL, .list_length = 0, .type = LV_FONT_FMT_TXT_CMAP_FORMAT0_TINY},
    {.range_start = 0x2500, .range_length = 128, .glyph_id_start = 97, .unicode_list = NULL, .glyph_id_ofs_list = NULL, .list_length = 0, .type = LV_FONT_FMT_TXT_CMAP_FORMAT0_TINY},
    {.range_start = 0x2600, .range_length = 256, .glyph_id_start = 225, .unicode_list = NULL, .glyph_id_ofs_list = NULL, .list_length = 0, .type = LV_FONT_FMT_TXT_CMAP_FORMAT0_TINY},
};

static const lv_font_fmt_txt_dsc_t fdsc_12x20 = {
    .glyph_bitmap = bitmap_12x20,
    .glyph_dsc = dsc_12x20,
    .cmaps = cmaps_12x20,
    .kern_dsc = NULL,
    .kern_scale = 0,
    .cmap_num = 3,
    .bpp = 1,
    .kern_classes = 0,
    .bitmap_format = 0,
};

const lv_font_t lv_font_tui_12x20 = {
    .get_glyph_dsc = lv_font_get_glyph_dsc_fmt_txt,
    .get_glyph_bitmap = lv_font_get_bitmap_fmt_txt,
    .line_height = 20,
    .base_line = 0,
    .subpx = LV_FONT_SUBPX_NONE,
    .underline_position = 0,
    .underline_thickness = 0,
    .dsc = &fdsc_12x20,
};

static LV_ATTRIBUTE_LARGE_CONST const uint8_t bitmap_10x16[] = {
    0x00, 0x00, 0x00, 0x00, 0x00, 0x00, 0x00, 0x00, 0x00, 0x00, 0x00, 0x00,
    0x00, 0x00, 0x00, 0x00, 0x00, 0x00, 0x00, 0x00, 0x00, 0x00, 0x00, 0x00,
    0x00, 0x00, 0x00, 0x00, 0x00, 0x00, 0x00, 0x00, 0x00, 0x00, 0x00, 0x00,
    0x00, 0x00, 0x00, 0x00, 0x1c, 0x07, 0x01, 0xc0, 0x70, 0x1c, 0x07, 0x01,
    0xc0, 0x70, 0x1c, 0x00, 0x00, 0x00, 0x30, 0x1c, 0x00, 0x00, 0x00, 0x00,
    0x63, 0x18, 0xc6, 0x31, 0x8c, 0x63, 0x00, 0x00, 0x00, 0x00, 0x00, 0x00,
    0x00, 0x00, 0x00, 0x00, 0x00, 0x00, 0x00, 0x00, 0x33, 0x0c, 0xc3, 0x33,
    0xfe, 0xff, 0x9c, 0xe3, 0x33, 0xfe, 0xff, 0x9c, 0xe3, 0x30, 0xcc, 0x33,
    0x00, 0x00, 0x00, 0x00, 0x1c, 0x07, 0xc3, 0xf1, 0xc0, 0x60, 0x0f, 0x81,
    0xf0, 0x0c, 0x03, 0x1f, 0xc7, 0xe0, 0x70, 0x1c, 0x00, 0x00, 0x00, 0x00,
    0x00, 0x30, 0x6e, 0x1b, 0x9c, 0xe7, 0x03, 0x80, 0xe0, 0x60, 0x18, 0x0c,
    0x63, 0x1b, 0x86, 0xe1, 0x80, 0x00, 0x00, 0x00, 0x1e, 0x0c, 0x83, 0x20,
    0xf8, 0x1e, 0x0f, 0x67, 0xdb, 0x18, 0xee, 0x30, 0x8e, 0x30, 0xe6, 0x3d,
    0x80, 0x00, 0x00, 0x00, 0x0e, 0x03, 0x80, 0xc0, 0x60, 0x38, 0x00, 0x00,
    0x00, 0x00, 0x00, 0x00, 0x00, 0x00, 0x00, 0x00, 0x00, 0x00, 0x00, 0x00,
    0x07, 0x01, 0x80, 0xc0, 0xe0, 0x38, 0x06, 0x01, 0x80, 0xe0, 0x38, 0x03,
    0x00, 0xe0, 0x18, 0x07, 0x00, 0x00, 0x00, 0x00, 0x38, 0x03, 0x00, 0xe0,
    0x1c, 0x07, 0x01, 0x80, 0x60, 0x1c, 0x07, 0x03, 0x80, 0xe0, 0x60, 0x38,
    0x00, 0x00, 0x00, 0x00, 0x00, 0x00, 0x03, 0x18, 0xc6, 0x3f, 0x0f, 0xcf,
    0xff, 0xff, 0x3f, 0x0f, 0xc3, 0x38, 0xc6, 0x00, 0x00, 0x00, 0x00, 0x00,
    0x00, 0x00, 0x01, 0xc0, 0x70, 0x1c, 0x07, 0x07, 0xf1, 0xfc, 0x1c, 0x07,
    0x01, 0xc0, 0x70, 0x00, 0x00, 0x00, 0x00, 0x00, 0x00, 0x00, 0x00, 0x00,
    0x00, 0x00, 0x00, 0x00, 0x00, 0x00, 0x00, 0x03, 0x00, 0xe0, 0x38, 0x0e,
    0x02, 0x01, 0x80, 0xe0, 0x00, 0x00, 0x00, 0x00, 0x00, 0x00, 0x00, 0x07,
    0xf1, 0xfc, 0x00, 0x00, 0x00, 0x00, 0x00, 0x00, 0x00, 0x00, 0x00, 0x00,
    0x00, 0x00, 0x00, 0x00, 0x00, 0x00, 0x00, 0x00, 0x00, 0x00, 0x00, 0x03,
    0x01, 0xc0, 0x70, 0x1c, 0x00, 0x00, 0x00, 0x00, 0x00, 0xc0, 0x60, 0x18,
    0x1c, 0x07, 0x03, 0x80, 0xe0, 0x60, 0x18, 0x0c, 0x03, 0x03, 0x80, 0xe0,
    0x00, 0x00, 0x00, 0x00, 0x1e, 0x1c, 0xc6, 0x31, 0x9c, 0x67, 0x1e, 0xc7,
    0x31, 0x8c, 0x63, 0x18, 0xc6, 0x30, 0xf8, 0x3e, 0x00, 0x00, 0x00, 0x00,
    0x1c, 0x0f, 0x03, 0xc0, 0x70, 0x1c, 0x07, 0x01, 0xc0, 0x70, 0x1c, 0x07,
    0x01, 0xc1, 0xfc, 0x7f, 0x00, 0x00, 0x00, 0x00, 0x1e, 0x1c, 0xc6, 0x30,
    0x1c, 0x07, 0x03, 0x01, 0xc0, 0x60, 0x18, 0x1c, 0x06, 0x01, 0xfc, 0x7f,
    0x00, 0x00, 0x00, 0x00, 0x1e, 0x1c, 0xc6, 0x30, 0x0c, 0x03, 0x03, 0xc1,
    0xf0, 0x0c, 0x03, 0x18, 0xc6, 0x30, 0xfc, 0x3f, 0x00, 0x00, 0x00, 0x00,
    0x0f, 0x07, 0xc3, 0xf0, 0xfc, 0x37, 0x39, 0x8c, 0x73, 0xfc, 0xff, 0x81,
    0xc0, 0x60, 0x1c, 0x07, 0x00, 0x00, 0x00, 0x00, 0x7f, 0x1c, 0x06, 0x01,
    0xf8, 0x7e, 0x00, 0xc0, 0x30, 0x0c, 0x03, 0x18, 0xc6, 0x30, 0xfc, 0x3f,
    0x00, 0x00, 0x00, 0x00, 0x1f, 0x06, 0x03, 0x81, 0xc0, 0x60, 0x1f, 0x87,
    0xf1, 0x8c, 0x63, 0x18, 0xc6, 0x30, 0xf8, 0x3e, 0x00, 0x00, 0x00, 0x00,
    0x7f, 0x00, 0xc0, 0x30, 0x0c, 0x03, 0x01, 0xc0, 0x60, 0x70, 0x1c, 0x07,
    0x01, 0xc0, 0x70, 0x1c, 0x00, 0x00, 0x00, 0x00, 0x1e, 0x1c, 0xc6, 0x31,
    0x8c, 0x63, 0x0f, 0xc3, 0xf1, 0x8c, 0x63, 0x18, 0xc6, 0x30, 0xf8, 0x3e,
    0x00, 0x00, 0x00, 0x00, 0x3e, 0x1c, 0xc6, 0x31, 0x8c, 0x63, 0x1f, 0xc3,
    0xf0, 0x0c, 0x03, 0x01, 0xc0, 0x60, 0xf0, 0x3c, 0x00, 0x00, 0x00, 0x00,
    0x00, 0x02, 0x01, 0xc0, 0x70, 0x1c, 0x00, 0x00, 0x00, 0x00, 0x00, 0x03,
    0x01, 0xc0, 0x70, 0x1c, 0x00, 0x00, 0x00, 0x00, 0x00, 0x01, 0x00, 0xe0,
    0x38, 0x0e, 0x00, 0x00, 0x00, 0x00, 0x00, 0x03, 0x00, 0xe0, 0x38, 0x0e,
    0x02, 0x01, 0x80, 0xe0, 0x07, 0x03, 0x01, 0xc0, 0x60, 0x18, 0x18, 0x06,
    0x00, 0x60, 0x18, 0x07, 0x00, 0xc0, 0x18, 0x07, 0x00, 0x00, 0x00, 0x00,
    0x00, 0x00, 0x00, 0x01, 0xfc, 0x7f, 0x00, 0x00, 0x01, 0xfc, 0x7f, 0x00,
    0x00, 0x00, 0x00, 0x00, 0x00, 0x00, 0x00, 0x00, 0x60, 0x0e, 0x01, 0x80,
    0x60, 0x1c, 0x01, 0x80, 0x60, 0x30, 0x1c, 0x06, 0x03, 0x81, 0xc0, 0x60,
    0x00, 0x00, 0x00, 0x00, 0x1e, 0x1c, 0xc6, 0x30, 0x0c, 0x03, 0x01, 0xc0,
    0x60, 0x30, 0x1c, 0x00, 0x00, 0x00, 0x30, 0x1c, 0x00, 0x00, 0x00, 0x00,
    0x7e, 0x38, 0xec, 0x1b, 0x3e, 0xcf, 0xb3, 0xec, 0xfb, 0x3e, 0xcf, 0xb0,
    0x0e, 0x03, 0xf8, 0x7f, 0x00, 0x00, 0x00, 0x00, 0x1c, 0x07, 0x83, 0xf1,
    0xdc, 0x63, 0x18, 0xc6, 0x31, 0xfc, 0x7f, 0x1c, 0xc6, 0x31, 0x8c, 0x63,
    0x00, 0x00, 0x00, 0x00, 0x7e, 0x1c, 0xc6, 0x31, 0x8c, 0x63, 0x1f, 0xc7,
    0xf1, 0xdc, 0x63, 0x18, 0xc6, 0x31, 0xf8, 0x7e, 0x00, 0x00, 0x00, 0x00,
    0x1e, 0x1d, 0xc6, 0x31, 0x80, 0x60, 0x18, 0x06, 0x01, 0x80, 0x60, 0x18,
    0xc6, 0x30, 0xfc, 0x3f, 0x00, 0x00, 0x00, 0x00, 0x7c, 0x1d, 0x86, 0x71,
    0x8c, 0x63, 0x18, 0xc6, 0x31, 0x8c, 0x63, 0x19, 0xc6, 0x61, 0xf0, 0x7c,
    0x00, 0x00, 0x00, 0x00, 0x7f, 0x1c, 0x06, 0x01, 0x80, 0x60, 0x1f, 0x87,
    0xe1, 0xc0, 0x60, 0x18, 0x06, 0x01, 0xfc, 0x7f, 0x00, 0x00, 0x00, 0x00,
    0x7f, 0x1c, 0x06, 0x01, 0x80, 0x60, 0x1f, 0x87, 0xe1, 0x80, 0x60, 0x18,
    0x06, 0x01, 0x80, 0x60, 0x00, 0x00, 0x00, 0x00, 0x1e, 0x1d, 0xc6, 0x31,
    0x80, 0x60, 0x19, 0xc6, 0x71, 0x9c, 0x63, 0x18, 0xc6, 0x30, 0xfc, 0x3f,
    0x00, 0x00, 0x00, 0x00, 0x63, 0x18, 0xc6, 0x31, 0x8c, 0x63, 0x1f, 0xc7,
    0xf1, 0x8c, 0x63, 0x18, 0xc6, 0x31, 0x8c, 0x63, 0x00, 0x00, 0x00, 0x00,
    0x7f, 0x07, 0x01, 0xc0, 0x70, 0x1c, 0x07, 0x01, 0xc0, 0x70, 0x1c, 0x07,
    0x01, 0xc1, 0xfc, 0x7f, 0x00, 0x00, 0x00, 0x00, 0x03, 0x00, 0xc0, 0x30,
    0x0c, 0x03, 0x00, 0xc0, 0x30, 0x0c, 0x03, 0x18, 0xc6, 0x30, 0xfc, 0x3f,
    0x00, 0x00, 0x00, 0x00, 0xc1, 0xb9, 0xce, 0x63, 0x38, 0xce, 0x3e, 0x0f,
    0x83, 0x10, 0xce, 0x39, 0x8c, 0x73, 0x8e, 0xe1, 0x80, 0x00, 0x00, 0x00,
    0x60, 0x18, 0x06, 0x01, 0x80, 0x60, 0x18, 0x06, 0x01, 0x80, 0x60, 0x18,
    0x06, 0x01, 0xfc, 0x7f, 0x00, 0x00, 0x00, 0x00, 0xc1, 0xb9, 0xef, 0x7b,
    0xfe, 0xff, 0xbe, 0xec, 0x9b, 0x06, 0xc1, 0xb8, 0x6c, 0x1b, 0x86, 0xe1,
    0x80, 0x00, 0x00, 0x00, 0xe1, 0xbc, 0x6f, 0x1b, 0xe6, 0xf9, 0xbb, 0xec,
    0xfb, 0x1e, 0xe7, 0xb8, 0xec, 0x1b, 0x86, 0xe1, 0x80, 0x00, 0x00, 0x00,
    0x1e, 0x1c, 0xc6, 0x31, 0x8c, 0x63, 0x18, 0xc6, 0x31, 0x8c, 0x63, 0x18,
    0xc6, 0x30, 0xfc, 0x3f, 0x00, 0x00, 0x00, 0x00, 0x7e, 0x1c, 0xc6, 0x31,
    0x8c, 0x63, 0x1f, 0xc7, 0xe1, 0x80, 0x60, 0x18, 0x06, 0x01, 0x80, 0x60,
    0x00, 0x00, 0x00, 0x00, 0x1e, 0x1c, 0xc6, 0x31, 0x8c, 0x63, 0x18, 0xc6,
    0x31, 0x8c, 0x63, 0x19, 0xc6, 0x70, 0xec, 0x3b, 0x00, 0x00, 0x00, 0x00,
    0x7e, 0x1c, 0xc6, 0x31, 0x8c, 0x63, 0x1f, 0xc7, 0xe1, 0x98, 0x66, 0x18,
    0xc6, 0x31, 0x8c, 0x63, 0x00, 0x00, 0x00, 0x00, 0x1e, 0x1d, 0xc6, 0x31,
    0x80, 0x60, 0x0f, 0x81, 0xf0, 0x0c, 0x03, 0x18, 0xc6, 0x30, 0xfc, 0x3f,
    0x00, 0x00, 0x00, 0x00, 0x7f, 0x07, 0x01, 0xc0, 0x70, 0x1c, 0x07, 0x01,
    0xc0, 0x70, 0x1c, 0x07, 0x01, 0xc0, 0x70, 0x1c, 0x00, 0x00, 0x00, 0x00,
    0x63, 0x18, 0xc6, 0x31, 0x8c, 0x63, 0x18, 0xc6, 0x31, 0x8c, 0x63, 0x18,
    0xc6, 0x30, 0xf8, 0x3e, 0x00, 0x00, 0x00, 0x00, 0x63, 0x18, 0xc6, 0x31,
    0x8c, 0x63, 0x18, 0xc6, 0x31, 0x8c, 0x63, 0x0f, 0xc1, 0xe0, 0x70, 0x1c,
    0x00, 0x00, 0x00, 0x00, 0xc1, 0xb0, 0x6c, 0x1b, 0x06, 0xe1, 0xb2, 0x6e,
    0x9b, 0xfe, 0xff, 0xbd, 0xef, 0x7b, 0x8e, 0xe1, 0x80, 0x00, 0x00, 0x00,
    0xc0, 0xdc, 0x63, 0x18, 0xfc, 0x3f, 0x03, 0x80, 0xe0, 0x78, 0x1e, 0x0c,
    0xe3, 0x1b, 0x87, 0xe1, 0xc0, 0x00, 0x00, 0x00, 0xc0, 0xdc, 0x63, 0x18,
    0xfc, 0x3f, 0x03, 0x80, 0xe0, 0x38, 0x0e, 0x03, 0x80, 0xe0, 0x38, 0x0e,
    0x00, 0x00, 0x00, 0x00, 0x7f, 0x00, 0xc0, 0x30, 0x1c, 0x07, 0x03, 0x01,
    0xc0, 0x60, 0x18, 0x1c, 0x06, 0x01, 0xfc, 0x7f, 0x00, 0x00, 0x00, 0x00,
    0x3f, 0x06, 0x01, 0x80, 0x60, 0x18, 0x06, 0x01, 0x80, 0x60, 0x18, 0x06,
    0x01, 0x80, 0xf8, 0x3f, 0x00, 0x00, 0x00, 0x00, 0xc0, 0x1c, 0x03, 0x00,
    0x60, 0x38, 0x03, 0x00, 0xe0, 0x1c, 0x06, 0x00, 0xe0, 0x18, 0x03, 0x01,
    0xc0, 0x00, 0x00, 0x00, 0x3f, 0x01, 0x80, 0x60, 0x18, 0x06, 0x01, 0x80,
    0x60, 0x18, 0x06, 0x01, 0x80, 0x60, 0x7c, 0x3f, 0x00, 0x00, 0x00, 0x00,
    0x08, 0x02, 0x01, 0xc0, 0xf8, 0x36, 0x1d, 0xce, 0x3b, 0x06, 0x00, 0x00,
    0x00, 0x00, 0x00, 0x00, 0x00, 0x00, 0x00, 0x00, 0x00, 0x00, 0x00, 0x00,
    0x00, 0x00, 0x00, 0x00, 0x00, 0x00, 0x00, 0x00, 0x00, 0x00, 0x00, 0x00,
    0x00, 0x0f, 0xff, 0xff, 0x1c, 0x01, 0x80, 0x70, 0x0c, 0x03, 0x00, 0x00,
    0x00, 0x00, 0x00, 0x00, 0x00, 0x00, 0x00, 0x00, 0x00, 0x00, 0x00, 0x00,
    0x00, 0x00, 0x00, 0x00, 0x78, 0x3e, 0x00, 0xc0, 0x30, 0x7c, 0x1f, 0x1c,
    0xc6, 0x30, 0xfc, 0x3f, 0x00, 0x00, 0x00, 0x00, 0x60, 0x18, 0x06, 0x01,
    0xf8, 0x7e, 0x1c, 0xc6, 0x31, 0x8c, 0x63, 0x18, 0xc6, 0x31, 0xfc, 0x7e,
    0x00, 0x00, 0x00, 0x00, 0x00, 0x00, 0x00, 0x00, 0x78, 0x1f, 0x1c, 0x06,
    0x01, 0x80, 0x60, 0x18, 0x06, 0x00, 0xf8, 0x3f, 0x00, 0x00, 0x00, 0x00,
    0x03, 0x00, 0xc0, 0x30, 0xfc, 0x3f, 0x1c, 0xc6, 0x31, 0x8c, 0x63, 0x18,
    0xc6, 0x31, 0xfc, 0x3f, 0x00, 0x00, 0x00, 0x00, 0x00, 0x00, 0x00, 0x00,
    0x78, 0x1e, 0x1c, 0xc6, 0x31, 0xfc, 0x7f, 0x1c, 0x06, 0x00, 0xf8, 0x3f,
    0x00, 0x00, 0x00, 0x00, 0x1f, 0x06, 0x03, 0x81, 0xf8, 0x7f, 0x0e, 0x01,
    0x80, 0xe0, 0x18, 0x06, 0x01, 0x80, 0xe0, 0x38, 0x00, 0x00, 0x00, 0x00,
    0x00, 0x00, 0x00, 0x00, 0x00, 0x3f, 0x1d, 0xc6, 0x31, 0x8c, 0x63, 0x18,
    0xc3, 0xf0, 0xfc, 0x03, 0x00, 0xc7, 0xf1, 0xf8, 0x60, 0x18, 0x06, 0x01,
    0xf8, 0x7e, 0x1c, 0xc6, 0x31, 0x8c, 0x63, 0x18, 0xc6, 0x31, 0x8c, 0x63,
    0x00, 0x00, 0x00, 0x00, 0x1c, 0x00, 0x00, 0x00, 0x70, 0x3c, 0x07, 0x01,
    0xc0, 0x70, 0x1c, 0x07, 0x01, 0xc0, 0x7c, 0x1f, 0x00, 0x00, 0x00, 0x00,
    0x07, 0x01, 0x80, 0x00, 0x00, 0x06, 0x01, 0xc0, 0x60, 0x18, 0x06, 0x01,
    0x80, 0x60, 0x1c, 0x07, 0x01, 0x87, 0xc1, 0xf0, 0x60, 0x18, 0x06, 0x01,
    0x8c, 0x63, 0x19, 0xc6, 0x61, 0xf0, 0x7c, 0x1d, 0x86, 0x71, 0x9c, 0x63,
    0x00, 0x00, 0x00, 0x00, 0x3c, 0x07, 0x01, 0xc0, 0x70, 0x1c, 0x07, 0x01,
    0xc0, 0x70, 0x1c, 0x07, 0x01, 0xc0, 0x7c, 0x1f, 0x00, 0x00, 0x00, 0x00,
    0x00, 0x00, 0x00, 0x03, 0x18, 0xc6, 0x3f, 0xef, 0xfb, 0x26, 0xc9, 0xb6,
    0x6c, 0x9b, 0x86, 0xe1, 0x80, 0x00, 0x00, 0x00, 0x00, 0x00, 0x00, 0x01,
    0xf8, 0x7e, 0x1c, 0xc6, 0x31, 0x8c, 0x63, 0x18, 0xc6, 0x31, 0x8c, 0x63,
    0x00, 0x00, 0x00, 0x00, 0x00, 0x00, 0x00, 0x00, 0x78, 0x1e, 0x1c, 0xc6,
    0x31, 0x8c, 0x63, 0x18, 0xc6, 0x30, 0xfc, 0x3f, 0x00, 0x00, 0x00, 0x00,
    0x00, 0x00, 0x00, 0x00, 0x00, 0x7e, 0x1f, 0xc6, 0x31, 0x8c, 0x63, 0x18,
    0x87, 0xe1, 0xf8, 0x60, 0x18, 0x06, 0x01, 0x80, 0x00, 0x00, 0x00, 0x00,
    0x00, 0x3f, 0x1d, 0xc6, 0x31, 0x8c, 0x63, 0x18, 0xc3, 0xf0, 0xfc, 0x03,
    0x00, 0xc0, 0x30, 0x0c, 0x00, 0x00, 0x00, 0x01, 0xf8, 0x7e, 0x1c, 0xc6,
    0x31, 0x80, 0x60, 0x18, 0x06, 0x01, 0x80, 0x60, 0x00, 0x00, 0x00, 0x00,
    0x00, 0x00, 0x00, 0x00, 0x7c, 0x1f, 0x1c, 0x06, 0x00, 0xf8, 0x3e, 0x00,
    0xc0, 0x31, 0xfc, 0x7f, 0x00, 0x00, 0x00, 0x00, 0x38, 0x06, 0x03, 0x81,
    0xfc, 0x7f, 0x0e, 0x01, 0x80, 0xe0, 0x18, 0x0e, 0x01, 0x80, 0x7c, 0x1f,
    0x00, 0x00, 0x00, 0x00, 0x00, 0x00, 0x00, 0x01, 0x8c, 0x63, 0x18, 0xc6,
    0x31, 0x8c, 0x63, 0x18, 0xc6, 0x30, 0xfc, 0x3f, 0x00, 0x00, 0x00, 0x00,
    0x00, 0x00, 0x00, 0x01, 0x8c, 0x63, 0x18, 0xc6, 0x31, 0x8c, 0x63, 0x0f,
    0xc1, 0xe0, 0x70, 0x1c, 0x00, 0x00, 0x00, 0x00, 0x00, 0x00, 0x00, 0x03,
    0x86, 0xe1, 0xb0, 0x6e, 0x1b, 0x26, 0xc9, 0x9f, 0xc3, 0xe0, 0xfc, 0x37,
    0x00, 0x00, 0x00, 0x00, 0x00, 0x00, 0x00, 0x03, 0x06, 0xc1, 0x9d, 0xc3,
    0x60, 0xf8, 0x1e, 0x0d, 0x83, 0x73, 0x8e, 0xe1, 0x80, 0x00, 0x00, 0x00,
    0x00, 0x00, 0x00, 0x00, 0x00, 0x63, 0x18, 0xc6, 0x31, 0x8c, 0x63, 0x1c,
    0xc3, 0xf0, 0x7c, 0x03, 0x00, 0xc1, 0xf0, 0xf8, 0x00, 0x00, 0x00, 0x01,
    0xfc, 0x7f, 0x01, 0xc0, 0x60, 0x30, 0x1c, 0x06, 0x03, 0x81, 0xfc, 0x7f,
    0x00, 0x00, 0x00, 0x00, 0x07, 0x03, 0x01, 0xc0, 0x70, 0x1c, 0x1e, 0x07,
    0x80, 0x70, 0x1c, 0x07, 0x01, 0xc0, 0x1c, 0x07, 0x00, 0x00, 0x00, 0x00,
    0x1c, 0x07, 0x01, 0xc0, 0x70, 0x1c, 0x07, 0x01, 0xc0, 0x70, 0x1c, 0x07,
    0x01, 0xc0, 0x70, 0x1c, 0x00, 0x00, 0x00, 0x00, 0x78, 0x07, 0x01, 0xc0,
    0x70, 0x1c, 0x01, 0xc0, 0x70, 0x70, 0x1c, 0x07, 0x01, 0xc1, 0xe0, 0x78,
    0x00, 0x00, 0x00, 0x00, 0x79, 0x9e, 0x6f, 0xf3, 0x78, 0x00, 0x00, 0x00,
    0x00, 0x00, 0x00, 0x00, 0x00, 0x00, 0x00, 0x00, 0x00, 0x00, 0x00, 0x00,
    0xe0, 0x34, 0x09, 0x02, 0x5e, 0x97, 0xa4, 0xcd, 0x23, 0x0c, 0xe3, 0x00,
    0xc0, 0x20, 0x0c, 0x03, 0x00, 0x00, 0x00, 0x00, 0x00, 0x00, 0x00, 0x00,
    0x00, 0x00, 0x00, 0x00, 0x03, 0xff, 0xff, 0xff, 0xff, 0xfc, 0x00, 0x00,
    0x00, 0x00, 0x00, 0x00, 0x00, 0x00, 0x00, 0x00, 0x00, 0xff, 0xff, 0xff,
    0xff, 0xff, 0xff, 0xff, 0xff, 0xff, 0xff, 0x00, 0x00, 0x00, 0x00, 0x00,
    0x1c, 0x07, 0x01, 0xc0, 0x70, 0x1c, 0x07, 0x01, 0xc0, 0x70, 0x1c, 0x07,
    0x01, 0xc0, 0x70, 0x1c, 0x07, 0x01, 0xc0, 0x70, 0x3f, 0x0f, 0xc3, 0xf0,
    0xfc, 0x3f, 0x0f, 0xc3, 0xf0, 0xfc, 0x3f, 0x0f, 0xc3, 0xf0, 0xfc, 0x3f,
    0x0f, 0xc3, 0xf0, 0xfc, 0x00, 0x00, 0x00, 0x00, 0x00, 0x00, 0x00, 0x00,
    0x03, 0x39, 0xce, 0x7b, 0xdc, 0xe4, 0x00, 0x00, 0x00, 0x00, 0x00, 0x00,
    0x00, 0x00, 0x00, 0x00, 0x00, 0xce, 0x7b, 0xdc, 0xe7, 0x39, 0xce, 0x73,
    0x9e, 0xf7, 0x39, 0x00, 0x00, 0x00, 0x00, 0x00, 0x1c, 0x07, 0x01, 0xc0,
    0x70, 0x00, 0x00, 0x01, 0xc0, 0x70, 0x1c, 0x07, 0x01, 0xc0, 0x70, 0x00,
    0x00, 0x01, 0xc0, 0x70, 0x3f, 0x07, 0x83, 0xf0, 0x78, 0x00, 0x00, 0x01,
    0xe0, 0xfc, 0x3f, 0x07, 0x83, 0xf0, 0x78, 0x00, 0x00, 0x01, 0xe0, 0xfc,
    0x00, 0x00, 0x00, 0x00, 0x00, 0x00, 0x00, 0x00, 0x02, 0xd6, 0xb5, 0xad,
    0x69, 0x48, 0x00, 0x00, 0x00, 0x00, 0x00, 0x00, 0x00, 0x00, 0x00, 0x00,
    0x00, 0x00, 0x00, 0x00, 0x02, 0xd6, 0xb5, 0xad, 0x69, 0x48, 0x00, 0x00,
    0x00, 0x00, 0x00, 0x00, 0x1c, 0x07, 0x00, 0x00, 0x00, 0x1c, 0x07, 0x00,
    0x00, 0x00, 0x1c, 0x07, 0x00, 0x00, 0x00, 0x1c, 0x07, 0x00, 0x00, 0x00,
    0x3f, 0x07, 0x80, 0x00, 0x00, 0x1e, 0x07, 0x80, 0x00, 0x00, 0x1e, 0x07,
    0x80, 0x00, 0x00, 0x1e, 0x07, 0x80, 0x00, 0x00, 0x00, 0x00, 0x00, 0x00,
    0x00, 0x00, 0x00, 0x01, 0xfc, 0x7f, 0x1f, 0xc7, 0xf1, 0xc0, 0x70, 0x1c,
    0x07, 0x01, 0xc0, 0x70, 0x00, 0x00, 0x00, 0x00, 0x2a, 0x1f, 0xc7, 0xf1,
    0xfc, 0x7f, 0x1f, 0xc7, 0xf1, 0xfc, 0x7f, 0x1c, 0x07, 0x01, 0xc0, 0x70,
    0x00, 0x00, 0x00, 0x00, 0x00, 0x00, 0x00, 0x01, 0xfc, 0xff, 0x3f, 0xc7,
    0xf3, 0xf0, 0xf8, 0x3e, 0x0f, 0xc3, 0xf0, 0xfc, 0x00, 0x00, 0x00, 0x00,
    0x5f, 0x1f, 0xcf, 0xf1, 0xfc, 0xff, 0x3f, 0xcf, 0xf3, 0xfc, 0xff, 0x3f,
    0x0f, 0x83, 0xf0, 0xfc, 0x00, 0x00, 0x00, 0x00, 0x00, 0x00, 0x00, 0x00,
    0x03, 0xf0, 0xfc, 0x3f, 0x0f, 0xc0, 0x70, 0x1c, 0x07, 0x01, 0xc0, 0x70,
    0x00, 0x00, 0x00, 0x00, 0x00, 0xfc, 0x3f, 0x0f, 0xc3, 0xf0, 0xfc, 0x3f,
    0x0f, 0xc3, 0xf0, 0x1c, 0x07, 0x01, 0xc0, 0x70, 0x00, 0x00, 0x00, 0x00,
    0x00, 0x00, 0x00, 0x00, 0x03, 0xfc, 0xff, 0x3f, 0x8f, 0xf0, 0x7c, 0x1f,
    0x0f, 0xc3, 0xf0, 0xfc, 0x00, 0x00, 0x00, 0x00, 0x00, 0xfe, 0x3f, 0xcf,
    0xe3, 0xfc, 0xff, 0x3f, 0xcf, 0xf3, 0xfc, 0x3f, 0x07, 0xc3, 0xf0, 0xfc,
    0x08, 0x07, 0x01, 0xc0, 0x70, 0x1c, 0x07, 0x01, 0xc0, 0x7f, 0x1f, 0xc7,
    0xf0, 0xf8, 0x00, 0x00, 0x00, 0x00, 0x00, 0x00, 0x1c, 0x07, 0x01, 0xc0,
    0x70, 0x1f, 0xc7, 0xf1, 0xfc, 0x7f, 0x1f, 0xc7, 0xf1, 0xfc, 0x7f, 0x00,
    0x00, 0x00, 0x00, 0x00, 0x12, 0x07, 0x83, 0xf0, 0x78, 0x3f, 0x0f, 0x83,
    0xf0, 0xff, 0x1f, 0xcf, 0xf1, 0xfc, 0x00, 0x00, 0x00, 0x00, 0x00, 0x00,
    0x3f, 0x0f, 0xc3, 0xe0, 0xfc, 0x3f, 0xcf, 0xf3, 0xfc, 0xff, 0x3f, 0xc7,
    0xf3, 0xfc, 0x7f, 0x00, 0x00, 0x00, 0x00, 0x00, 0x08, 0x07, 0x01, 0xc0,
    0x70, 0x1c, 0x07, 0x01, 0xc3, 0xf0, 0xfc, 0x3f, 0x0f, 0xc0, 0x00, 0x00,
    0x00, 0x00, 0x00, 0x00, 0x1c, 0x07, 0x01, 0xc0, 0x70, 0xfc, 0x3f, 0x0f,
    0xc3, 0xf0, 0xfc, 0x3f, 0x0f, 0xc3, 0xf0, 0x00, 0x00, 0x00, 0x00, 0x00,
    0x12, 0x07, 0x83, 0xf0, 0x78, 0x3f, 0x07, 0xc3, 0xf3, 0xfc, 0xfe, 0x3f,
    0xcf, 0xe0, 0x00, 0x00, 0x00, 0x00, 0x00, 0x00, 0x3f, 0x0f, 0xc1, 0xf0,
    0xfc, 0xff, 0x3f, 0xcf, 0xf3, 0xfc, 0xff, 0x3f, 0x8f, 0xf3, 0xf8, 0x00,
    0x00, 0x00, 0x00, 0x00, 0x1c, 0x07, 0x01, 0xc0, 0x70, 0x1c, 0x07, 0x01,
    0xfc, 0x7f, 0x1f, 0xc7, 0xf1, 0xc0, 0x70, 0x1c, 0x07, 0x01, 0xc0, 0x70,
    0x1c, 0x07, 0x01, 0xc0, 0x76, 0x1f, 0xc7, 0xf1, 0xfc, 0x7f, 0x1f, 0xc7,
    0xf1, 0xfc, 0x7f, 0x1c, 0x07, 0x01, 0xc0, 0x70, 0x3f, 0x0f, 0xc3, 0xf0,
    0xf8, 0x3e, 0x07, 0xc3, 0xfc, 0x7f, 0x0f, 0xc3, 0xf0, 0xe0, 0x30, 0x0c,
    0x03, 0x00, 0xc0, 0x30, 0x0c, 0x03, 0x00, 0xc0, 0x3b, 0x0f, 0xc3, 0xf0,
    0xfc, 0x7f, 0x1f, 0xcf, 0xf1, 0xfc, 0xff, 0x3f, 0x0f, 0x83, 0xf0, 0xfc,
    0x3f, 0x0f, 0xc3, 0xf0, 0xf8, 0x3e, 0x0f, 0xc3, 0xfc, 0xff, 0x3f, 0xcf,
    0xf3, 0xf0, 0xf8, 0x3e, 0x0f, 0xc3, 0xf0, 0xfc, 0x3f, 0x0f, 0x83, 0xf0,
    0xfd, 0x3f, 0xc7, 0xf3, 0xfc, 0x7f, 0x0f, 0xc3, 0xf0, 0xfc, 0x3f, 0x0c,
    0x03, 0x00, 0xc0, 0x30, 0x0c, 0x03, 0x00, 0xc0, 0x30, 0x0c, 0x03, 0x80,
    0xfc, 0x7f, 0x1f, 0xcf, 0xf1, 0xf0, 0xf8, 0x3e, 0x0f, 0xc3, 0xf0, 0xfc,
    0x3f, 0x0f, 0x83, 0xf0, 0xfd, 0x3f, 0xcf, 0xf3, 0xfc, 0xff, 0x3f, 0xcf,
    0xf3, 0xfc, 0xff, 0x3f, 0x0f, 0x83, 0xf0, 0xfc, 0x08, 0x07, 0x01, 0xc0,
    0x70, 0x1c, 0x07, 0x01, 0xc3, 0xf0, 0xfc, 0x3f, 0x0f, 0xc0, 0x70, 0x1c,
    0x07, 0x01, 0xc0, 0x70, 0x1c, 0x07, 0x01, 0xc0, 0x70, 0xfc, 0x3f, 0x0f,
    0xc3, 0xf0, 0xfc, 0x3f, 0x0f, 0xc3, 0xf0, 0x1c, 0x07, 0x01, 0xc0, 0x70,
    0x3f, 0x0f, 0xc3, 0xf0, 0x7c, 0x1f, 0x3f, 0x8f, 0xf3, 0xf8, 0xfc, 0x3f,
    0x00, 0xc0, 0x30, 0x0c, 0x03, 0x00, 0xc0, 0x30, 0x0c, 0x03, 0x00, 0xc0,
    0x30, 0xfc, 0x3f, 0x0f, 0xc3, 0xf0, 0xfe, 0x3f, 0xcf, 0xe3, 0xfc, 0x3f,
    0x07, 0xc3, 0xf0, 0xfc, 0x12, 0x07, 0x83, 0xf0, 0x78, 0x3f, 0x07, 0xc3,
    0xf3, 0xfc, 0xff, 0x3f, 0xcf, 0xf0, 0x7c, 0x1f, 0x0f, 0xc3, 0xf0, 0xfc,
    0x3f, 0x07, 0xc3, 0xf2, 0xfc, 0xff, 0x3f, 0x8f, 0xf3, 0xf8, 0xfc, 0x3f,
    0x0f, 0xc3, 0xf0, 0x0c, 0x03, 0x00, 0xc0, 0x30, 0x0c, 0x03, 0x00, 0xc0,
    0x30, 0x0c, 0x03, 0x0f, 0xc3, 0xf0, 0xfe, 0x3f, 0xc3, 0xe0, 0x7c, 0x1f,
    0x0f, 0xc3, 0xf0, 0xfc, 0x3f, 0x0f, 0xc1, 0xf0, 0xfc, 0xff, 0x3f, 0xcf,
    0xf3, 0xfc, 0xff, 0x3f, 0xcf, 0xf3, 0xfc, 0x3f, 0x07, 0xc3, 0xf0, 0xfc,
    0x00, 0x00, 0x00, 0x00, 0x00, 0x00, 0x00, 0x0f, 0xff, 0xff, 0xff, 0xff,
    0xf1, 0xc0, 0x70, 0x1c, 0x07, 0x01, 0xc0, 0x70, 0x00, 0x00, 0x00, 0x00,
    0x00, 0xf8, 0x3e, 0x0f, 0xff, 0xff, 0xff, 0xff, 0xff, 0xe3, 0xf0, 0x1c,
    0x03, 0x00, 0xc0, 0x30, 0x00, 0x00, 0x00, 0x00, 0x1a, 0x07, 0xc1, 0xf0,
    0xff, 0xff, 0xff, 0xff, 0xff, 0xfc, 0x7f, 0x1c, 0x07, 0x01, 0xc0, 0x70,
    0x00, 0x00, 0x00, 0x03, 0xfa, 0xff, 0xff, 0xff, 0xff, 0xff, 0xff, 0xff,
    0xff, 0xff, 0xff, 0x1c, 0x07, 0x01, 0xc0, 0x70, 0x00, 0x00, 0x00, 0x00,
    0x00, 0x00, 0x00, 0x0f, 0xff, 0xff, 0xff, 0xff, 0xf3, 0xf0, 0x78, 0x1e,
    0x0f, 0xc3, 0xf0, 0xfc, 0x00, 0x00, 0x00, 0x00, 0x00, 0xf8, 0x3e, 0x0f,
    0xff, 0xff, 0xff, 0xff, 0xff, 0xf3, 0xf8, 0x3e, 0x0f, 0xc3, 0xf0, 0xfc,
    0x00, 0x00, 0x00, 0x00, 0x0f, 0x07, 0xc1, 0xf0, 0x7f, 0xff, 0xff, 0xff,
    0xff, 0xfc, 0x7f, 0x1f, 0x0f, 0x83, 0xf0, 0xfc, 0x00, 0x00, 0x00, 0x03,
    0xff, 0xff, 0xff, 0xff, 0xff, 0xff, 0xff, 0xff, 0xff, 0xff, 0xff, 0x3f,
    0x07, 0x83, 0xf0, 0xfc, 0x08, 0x07, 0x01, 0xc0, 0x70, 0x1c, 0x07, 0x01,
    0xc3, 0xff, 0xff, 0xff, 0xff, 0xf8, 0x00, 0x00, 0x00, 0x00, 0x00, 0x00,
    0x0c, 0x03, 0x00, 0xc0, 0x70, 0xfc, 0x3f, 0x8f, 0xff, 0xff, 0xff, 0xff,
    0xff, 0x83, 0xe0, 0x00, 0x00, 0x00, 0x00, 0x00, 0x1c, 0x07, 0x01, 0xc0,
    0x70, 0x1f, 0xc7, 0xff, 0xff, 0xff, 0xff, 0xff, 0xf0, 0xfc, 0x1f, 0x00,
    0x00, 0x00, 0x00, 0x00, 0x1c, 0x07, 0x01, 0xc0, 0x70, 0xff, 0xff, 0xff,
    0xff, 0xff, 0xff, 0xff, 0xff, 0xff, 0xff, 0x00, 0x00, 0x00, 0x00, 0x00,
    0x12, 0x07, 0x83, 0xf0, 0x78, 0x3f, 0x07, 0x83, 0xf3, 0xff, 0xff, 0xff,
    0xff, 0xfc, 0x00, 0x00, 0x00, 0x00, 0x00, 0x00, 0x3f, 0x0f, 0xc3, 0xf0,
    0xf8, 0xfe, 0x3f, 0xcf, 0xff, 0xff, 0xff, 0xff, 0xff, 0x83, 0xe0, 0x00,
    0x00, 0x00, 0x00, 0x00, 0x3f, 0x0f, 0xc3, 0xe0, 0x7c, 0x1f, 0xcf, 0xff,
    0xff, 0xff, 0xff, 0xff, 0xf0, 0x7c, 0x1f, 0x00, 0x00, 0x00, 0x00, 0x00,
    0x3f, 0x0f, 0xc1, 0xe0, 0xfc, 0xff, 0xff, 0xff, 0xff, 0xff, 0xff, 0xff,
    0xff, 0xff, 0xff, 0x00, 0x00, 0x00, 0x00, 0x00, 0x1c, 0x07, 0x01, 0xc0,
    0x70, 0x1c, 0x07, 0x0f, 0xff, 0xff, 0xff, 0xff, 0xf1, 0xc0, 0x70, 0x1c,
    0x07, 0x01, 0xc0, 0x70, 0x1c, 0x07, 0x01, 0xc0, 0x70, 0xfc, 0x3f, 0x0f,
    0xff, 0xff, 0xff, 0xff, 0xff, 0xc3, 0xf0, 0x1c, 0x07, 0x01, 0xc0, 0x70,
    0x08, 0x07, 0x01, 0xc0, 0x77, 0x1f, 0xc7, 0xf1, 0xff, 0xff, 0xff, 0xff,
    0xff, 0xfc, 0x7f, 0x1c, 0x07, 0x01, 0xc0, 0x70, 0x1c, 0x07, 0x01, 0xc3,
    0x76, 0xff, 0xff, 0xff, 0xff, 0xff, 0xff, 0xff, 0xff, 0xff, 0xff, 0x1c,
    0x07, 0x01, 0xc0, 0x70, 0x3f, 0x0f, 0xc3, 0xf0, 0x78, 0x1e, 0x0f, 0xcf,
    0xff, 0xff, 0xff, 0xff, 0xf1, 0xe0, 0x30, 0x0c, 0x03, 0x00, 0xc0, 0x30,
    0x0c, 0x03, 0x00, 0xc0, 0x30, 0x0c, 0x07, 0x8f, 0xff, 0xff, 0xff, 0xff,
    0xf3, 0xf0, 0x78, 0x1e, 0x0f, 0xc3, 0xf0, 0xfc, 0x3f, 0x0f, 0xc3, 0xf0,
    0x78, 0x1e, 0x0f, 0xcf, 0xff, 0xff, 0xff, 0xff, 0xf3, 0xf0, 0x78, 0x1e,
    0x0f, 0xc3, 0xf0, 0xfc, 0x3f, 0x0f, 0xc3, 0xf0, 0xf8, 0xfe, 0x3f, 0xcf,
    0xff, 0xff, 0xff, 0xff, 0xff, 0xe3, 0xf0, 0x1c, 0x03, 0x00, 0xc0, 0x30,
    0x12, 0x07, 0x83, 0xf0, 0x7d, 0x3f, 0xc7, 0xf3, 0xff, 0xff, 0xff, 0xff,
    0xff, 0xfc, 0x3f, 0x0c, 0x03, 0x00, 0xc0, 0x30, 0x0c, 0x03, 0x00, 0xc0,
    0x70, 0xfc, 0x3f, 0x8f, 0xff, 0xff, 0xff, 0xff, 0xff, 0xf3, 0xf8, 0x3e,
    0x0f, 0xc3, 0xf0, 0xfc, 0x0c, 0x03, 0x00, 0xc0, 0x3b, 0x0f, 0xc3, 0xf1,
    0xff, 0xff, 0xff, 0xff, 0xff, 0xfc, 0x7f, 0x1f, 0x0f, 0x83, 0xf0, 0xfc,
    0x3f, 0x07, 0x83, 0xf2, 0xfd, 0xff, 0xff, 0xff, 0xff, 0xff, 0xff, 0xff,
    0xff, 0xff, 0xff, 0x0c, 0x03, 0x00, 0xc0, 0x30, 0x0c, 0x03, 0x00, 0xc3,
    0x7b, 0xff, 0xff, 0xff, 0xff, 0xff, 0xff, 0xff, 0xff, 0xff, 0xff, 0x3f,
    0x07, 0x83, 0xf0, 0xfc, 0x3f, 0x0f, 0xc3, 0xf0, 0xf8, 0xfe, 0x3f, 0xcf,
    0xff, 0xff, 0xff, 0xff, 0xff, 0xf3, 0xf8, 0x3e, 0x0f, 0xc3, 0xf0, 0xfc,
    0x12, 0x07, 0x83, 0xf0, 0x7d, 0x3f, 0xc7, 0xf3, 0xff, 0xff, 0xff, 0xff,
    0xff, 0xfc, 0x7f, 0x1f, 0x0f, 0x83, 0xf0, 0xfc, 0x3f, 0x07, 0x83, 0xf2,
    0xfd, 0xff, 0xff, 0xff, 0xff, 0xff, 0xff, 0xff, 0xff, 0xff, 0xff, 0x3f,
    0x07, 0x83, 0xf0, 0xfc, 0x00, 0x00, 0x00, 0x00, 0x00, 0x00, 0x00, 0x00,
    0x02, 0x71, 0x9c, 0x67, 0x18, 0xc4, 0x00, 0x00, 0x00, 0x00, 0x00, 0x00,
    0x00, 0x00, 0x00, 0x00, 0x00, 0x9c, 0x67, 0x19, 0xc6, 0x71, 0x9c, 0x67,
    0x19, 0xc6, 0x71, 0x00, 0x00, 0x00, 0x00, 0x00, 0x1c, 0x07, 0x00, 0x00,
    0x00, 0x00, 0x00, 0x00, 0x00, 0x70, 0x1c, 0x07, 0x00, 0xc0, 0x00, 0x00,
    0x00, 0x01, 0xc0, 0x70, 0x3f, 0x07, 0x80, 0x00, 0x00, 0x00, 0x00, 0x00,
    0x00, 0xfc, 0x3f, 0x0f, 0xc1, 0xe0, 0x00, 0x00, 0x00, 0x01, 0xe0, 0xfc,
    0x00, 0x00, 0x00, 0x00, 0x00, 0xff, 0xff, 0xf0, 0x00, 0x00, 0xff, 0xff,
    0xf0, 0x00, 0x00, 0x00, 0x00, 0x00, 0x00, 0x00, 0x6e, 0x1b, 0x86, 0xe1,
    0xb8, 0x6e, 0x1b, 0x86, 0xe1, 0xb8, 0x6e, 0x1b, 0x86, 0xe1, 0xb8, 0x6e,
    0x1b, 0x86, 0xe1, 0xb8, 0x00, 0x00, 0x00, 0x00, 0x00, 0x1f, 0xc7, 0xf1,
    0xc0, 0x70, 0x1f, 0xc7, 0xf1, 0xc0, 0x70, 0x1c, 0x07, 0x01, 0xc0, 0x70,
    0x00, 0x00, 0x00, 0x00, 0x00, 0x00, 0x00, 0x07, 0xf9, 0xfe, 0x7f, 0x9f,
    0xe7, 0xe1, 0xb8, 0x6e, 0x1b, 0x86, 0xe1, 0xb8, 0x00, 0x00, 0x00, 0x00,
    0x00, 0x7f, 0xdf, 0xf7, 0x01, 0x80, 0x6f, 0x9b, 0xe6, 0xe1, 0xb8, 0x6e,
    0x1b, 0x86, 0xe1, 0xb8, 0x00, 0x00, 0x00, 0x00, 0x00, 0xfc, 0x3f, 0x01,
    0xc0, 0x70, 0xfc, 0x3f, 0x01, 0xc0, 0x70, 0x1c, 0x07, 0x01, 0xc0, 0x70,
    0x00, 0x00, 0x00, 0x00, 0x00, 0x00, 0x00, 0x0f, 0xe3, 0xf8, 0xfe, 0x3f,
    0x8f, 0xe1, 0xb8, 0x6e, 0x1b, 0x86, 0xe1, 0xb8, 0x00, 0x00, 0x00, 0x00,
    0x00, 0xfe, 0x3f, 0x80, 0xe0, 0x38, 0xee, 0x3b, 0x86, 0xe1, 0xb8, 0x6e,
    0x1b, 0x86, 0xe1, 0xb8, 0x1c, 0x07, 0x01, 0xc0, 0x70, 0x1f, 0xc7, 0xf1,
    0xc0, 0x70, 0x1f, 0xc7, 0xf0, 0x00, 0x00, 0x00, 0x00, 0x00, 0x00, 0x00,
    0x6e, 0x1b, 0x86, 0xe1, 0xb8, 0x6e, 0x1f, 0x87, 0xf9, 0xfe, 0x7f, 0x9f,
    0xe0, 0x00, 0x00, 0x00, 0x00, 0x00, 0x00, 0x00, 0x6e, 0x1b, 0x86, 0xe1,
    0xb8, 0x6f, 0x9b, 0xe6, 0x01, 0x80, 0x7f, 0xdf, 0xe0, 0x00, 0x00, 0x00,
    0x00, 0x00, 0x00, 0x00, 0x1c, 0x07, 0x01, 0xc0, 0x70, 0xfc, 0x3f, 0x01,
    0xc0, 0x70, 0xfc, 0x3f, 0x00, 0x00, 0x00, 0x00, 0x00, 0x00, 0x00, 0x00,
    0x6e, 0x1b, 0x86, 0xe1, 0xb8, 0x6e, 0x3f, 0x8f, 0xe3, 0xf8, 0xfe, 0x3f,
    0x80, 0x00, 0x00, 0x00, 0x00, 0x00, 0x00, 0x00, 0x6e, 0x1b, 0x86, 0xe1,
    0xb8, 0xee, 0x3b, 0x80, 0xe0, 0x38, 0xfe, 0x3f, 0x80, 0x00, 0x00, 0x00,
    0x00, 0x00, 0x00, 0x00, 0x1c, 0x07, 0x01, 0xc0, 0x70, 0x1f, 0xc7, 0xf1,
    0xc0, 0x70, 0x1f, 0xc7, 0xf1, 0xc0, 0x70, 0x1c, 0x07, 0x01, 0xc0, 0x70,
    0x6e, 0x1b, 0x86, 0xe1, 0xb8, 0x6e, 0x1b, 0x86, 0xf9, 0xbe, 0x6f, 0x9b,
    0xe6, 0xe1, 0xb8, 0x6e, 0x1b, 0x86, 0xe1, 0xb8, 0x6e, 0x1b, 0x86, 0xe1,
    0xb8, 0x6f, 0x9b, 0xe6, 0x01, 0x80, 0x67, 0xd9, 0xf6, 0x61, 0x98, 0x66,
    0x19, 0x86, 0x61, 0x98, 0x1c, 0x07, 0x01, 0xc0, 0x70, 0xfc, 0x3f, 0x01,
    0xc0, 0x70, 0xfc, 0x3f, 0x01, 0xc0, 0x70, 0x1c, 0x07, 0x01, 0xc0, 0x70,
    0x6e, 0x1b, 0x86, 0xe1, 0xb8, 0x6e, 0x1b, 0x8e, 0xe3, 0xb8, 0xee, 0x3b,
    0x86, 0xe1, 0xb8, 0x6e, 0x1b, 0x86, 0xe1, 0xb8, 0x6e, 0x1b, 0x86, 0xe1,
    0xb8, 0xee, 0x3b, 0x80, 0xe0, 0x38, 0xee, 0x3b, 0x86, 0xe1, 0xb8, 0x6e,
    0x1b, 0x86, 0xe1, 0xb8, 0x00, 0x00, 0x00, 0x00, 0x00, 0xff, 0xff, 0xf0,
    0x00, 0x00, 0xff, 0xff, 0xf1, 0xe0, 0x30, 0x0c, 0x03, 0x00, 0xc0, 0x30,
    0x00, 0x00, 0x00, 0x00, 0x00, 0x00, 0x00, 0x0f, 0xfb, 0xfe, 0xff, 0xbf,
    0xef, 0xe1, 0xb8, 0x6e, 0x1b, 0x86, 0xe1, 0xb8, 0x00, 0x00, 0x00, 0x00,
    0x00, 0xff, 0xff, 0xf0, 0x00, 0x00, 0xf7, 0xfd, 0xf7, 0x71, 0xd8, 0x76,
    0x1d, 0xc7, 0x61, 0xd8, 0x0c, 0x03, 0x00, 0xc0, 0x30, 0xff, 0xff, 0xf0,
    0x00, 0x00, 0xff, 0xff, 0xf0, 0x00, 0x00, 0x00, 0x00, 0x00, 0x00, 0x00,
    0x6e, 0x1b, 0x86, 0xe1, 0xb8, 0x6e, 0x3f, 0x8f, 0xfb, 0xfe, 0xff, 0xbf,
    0xe0, 0x00, 0x00, 0x00, 0x00, 0x00, 0x00, 0x00, 0x76, 0x1d, 0xc7, 0x61,
    0xdc, 0xf7, 0xfd, 0xf0, 0x00, 0x00, 0xff, 0xff, 0xf0, 0x00, 0x00, 0x00,
    0x00, 0x00, 0x00, 0x00, 0x1c, 0x07, 0x01, 0xc0, 0x70, 0xff, 0xff, 0xf1,
    0xc0, 0x70, 0xff, 0xff, 0xf1, 0xc0, 0x70, 0x1c, 0x07, 0x01, 0xc0, 0x70,
    0x6e, 0x1b, 0x86, 0xe1, 0xb8, 0x6e, 0x3f, 0x8f, 0xfb, 0xfe, 0xff, 0xbf,
    0xef, 0xe1, 0xb8, 0x6e, 0x1b, 0x86, 0xe1, 0xb8, 0x6e, 0x1b, 0x86, 0xe1,
    0xb8, 0xef, 0xbb, 0xe0, 0x00, 0x00, 0xe7, 0xf9, 0xf6, 0x61, 0x98, 0x66,
    0x19, 0x86, 0x61, 0x98, 0x00, 0x00, 0x00, 0x00, 0x00, 0x00, 0x00, 0x00,
    0x3c, 0x0f, 0x07, 0xc3, 0xf1, 0xf0, 0x78, 0x1c, 0x07, 0x01, 0xc0, 0x70,
    0x00, 0x00, 0x00, 0x00, 0x00, 0x00, 0x00, 0x0e, 0x03, 0xc0, 0xf8, 0x3e,
    0x03, 0xc0, 0x70, 0x0c, 0x03, 0x00, 0xc0, 0x30, 0x0c, 0x03, 0x00, 0xc0,
    0x70, 0x1c, 0x0f, 0x0f, 0x83, 0xe0, 0xf0, 0x38, 0x00, 0x00, 0x00, 0x00,
    0x00, 0x00, 0x00, 0x00, 0x08, 0x07, 0x01, 0xc0, 0x70, 0x1c, 0x07, 0x80,
    0xe0, 0x1f, 0x07, 0xc0, 0xf0, 0x38, 0x00, 0x00, 0x00, 0x00, 0x00, 0x00,
    0x00, 0xc0, 0x70, 0x38, 0x1e, 0x07, 0x01, 0x80, 0xe0, 0x70, 0x18, 0x0e,
    0x07, 0x03, 0xc0, 0xe0, 0x30, 0x0c, 0x02, 0x00, 0xc0, 0x38, 0x06, 0x01,
    0xc0, 0x38, 0x06, 0x01, 0xc0, 0x30, 0x06, 0x01, 0xc0, 0x30, 0x0e, 0x01,
    0xc0, 0x30, 0x0c, 0x01, 0xc0, 0xf8, 0x77, 0x38, 0xde, 0x3f, 0x07, 0x81,
    0xe0, 0x30, 0x1e, 0x0f, 0xc7, 0x3b, 0x8f, 0xe1, 0xf0, 0x38, 0x0e, 0x01,
    0x00, 0x00, 0x00, 0x00, 0x00, 0x00, 0x00, 0x00, 0x03, 0xe0, 0xf8, 0x3e,
    0x0f, 0x80, 0x00, 0x00, 0x00, 0x00, 0x00, 0x00, 0x1c, 0x07, 0x01, 0xc0,
    0x70, 0x1c, 0x07, 0x01, 0xc0, 0x70, 0x00, 0x00, 0x00, 0x00, 0x00, 0x00,
    0x00, 0x00, 0x00, 0x00, 0x00, 0x00, 0x00, 0x00, 0x00, 0x00, 0x00, 0x00,
    0x00, 0x1f, 0x07, 0xc1, 0xf0, 0x7c, 0x00, 0x00, 0x00, 0x00, 0x00, 0x00,
    0x00, 0x00, 0x00, 0x00, 0x00, 0x00, 0x00, 0x00, 0x00, 0x00, 0x1c, 0x07,
    0x01, 0xc0, 0x70, 0x1c, 0x07, 0x01, 0xc0, 0x70, 0x00, 0x00, 0x00, 0x00,
    0x00, 0xf8, 0x3e, 0x0f, 0x83, 0xe0, 0xf8, 0x3e, 0x0f, 0x83, 0xe0, 0x00,
    0x00, 0x00, 0x00, 0x00, 0x3f, 0x0f, 0xc3, 0xf0, 0xfc, 0x3f, 0x07, 0x83,
    0xf0, 0x78, 0x00, 0x00, 0x00, 0x00, 0x00, 0x00, 0x00, 0x00, 0x00, 0x00,
    0x00, 0x00, 0x00, 0x00, 0x00, 0x07, 0xc1, 0xf0, 0x7c, 0x1f, 0x07, 0xc1,
    0xf0, 0x7c, 0x1f, 0x00, 0x00, 0x00, 0x00, 0x00, 0x00, 0x00, 0x00, 0x00,
    0x00, 0x00, 0x00, 0x00, 0x00, 0x00, 0x1e, 0x0f, 0xc1, 0xe0, 0xfc, 0x3f,
    0x0f, 0xc3, 0xf0, 0xfc, 0x00, 0x00, 0x00, 0x00, 0x00, 0x00, 0x01, 0xf0,
    0x7f, 0xff, 0xff, 0xff, 0xff, 0xfc, 0x1f, 0x07, 0xc0, 0x00, 0x00, 0x00,
    0x1c, 0x07, 0x01, 0xc0, 0x70, 0x1c, 0x07, 0x01, 0xc0, 0x70, 0x3e, 0x0f,
    0x83, 0xe0, 0xf8, 0x3e, 0x0f, 0x83, 0xe0, 0xf8, 0x00, 0x00, 0x00, 0x00,
    0x00, 0xf8, 0x3e, 0x0f, 0xff, 0xff, 0xff, 0xff, 0xff, 0x83, 0xe0, 0x00,
    0x00, 0x00, 0x00, 0x00, 0x3e, 0x0f, 0x83, 0xe0, 0xf8, 0x3e, 0x0f, 0x83,
    0xe0, 0xf8, 0x1c, 0x07, 0x01, 0xc0, 0x70, 0x1c, 0x07, 0x01, 0xc0, 0x70,
    0x00, 0x00, 0x00, 0x00, 0x00, 0x00, 0x00, 0x00, 0x00, 0x00, 0x00, 0x00,
    0x00, 0x00, 0x00, 0x00, 0x00, 0x00, 0x00, 0x00, 0x00, 0x00, 0x00, 0x00,
    0x00, 0x00, 0x00, 0x00, 0x00, 0x00, 0x00, 0x00, 0x00, 0x00, 0x00, 0x00,
    0x00, 0x00, 0x00, 0x00, 0x1f, 0x0f, 0xc6, 0x19, 0x83, 0x94, 0xff, 0xff,
    0xff, 0xed, 0x08, 0x02, 0x00, 0x80, 0x20, 0x0a, 0x03, 0x80, 0x60, 0x10,
    0x00, 0x00, 0x00, 0x00, 0x00, 0x00, 0x00, 0x00, 0x00, 0x00, 0x00, 0x00,
    0x00, 0x00, 0x00, 0x00, 0x00, 0x00, 0x00, 0x00, 0x00, 0x00, 0x00, 0x00,
    0x00, 0x00, 0x00, 0x00, 0x00, 0x00, 0x00, 0x00, 0x00, 0x00, 0x00, 0x00,
    0x00, 0x00, 0x00, 0x00, 0x00, 0x02, 0x00, 0x80, 0x70, 0x1c, 0x3f, 0xcf,
    0xfb, 0xfe, 0x3c, 0x0f, 0x87, 0x73, 0x9e, 0xc1, 0xa0, 0x20, 0x00, 0x00,
    0x00, 0x00, 0x00, 0x80, 0x60, 0x1c, 0x0f, 0x8f, 0x7b, 0x9e, 0x3c, 0x0f,
    0x87, 0x73, 0x9e, 0xc1, 0xa0, 0x20, 0x00, 0x00, 0x00, 0x00, 0x00, 0x00,
    0x00, 0x00, 0x00, 0x00, 0x00, 0x00, 0x00, 0x00, 0x00, 0x00, 0x00, 0x00,
    0x00, 0x00, 0x00, 0x00, 0x00, 0x00, 0x00, 0x00, 0x00, 0x00, 0x00, 0x00,
    0x00, 0x00, 0x00, 0x00, 0x00, 0x00, 0x00, 0x00, 0x00, 0x00, 0x00, 0x00,
    0x00, 0x07, 0x83, 0xf0, 0xfc, 0x60, 0x98, 0x26, 0x09, 0xba, 0x6e, 0x9b,
    0xa6, 0xc9, 0xc6, 0x3f, 0x07, 0xc0, 0x00, 0x00, 0x00, 0x00, 0x00, 0x00,
    0x00, 0x00, 0x00, 0x00, 0x00, 0x00, 0x00, 0x00, 0x00, 0x00, 0x00, 0x00,
    0x00, 0x00, 0x00, 0x00, 0x00, 0x00, 0x00, 0x00, 0x00, 0x00, 0x00, 0x00,
    0x00, 0x00, 0x00, 0x00, 0x00, 0x00, 0x00, 0x00, 0x00, 0x00, 0x00, 0x00,
    0x00, 0x00, 0x00, 0x00, 0x00, 0x00, 0x00, 0x00, 0x00, 0x00, 0x00, 0x00,
    0x00, 0x00, 0x00, 0x00, 0x00, 0x00, 0x00, 0x00, 0x00, 0x00, 0x00, 0x00,
    0x00, 0x00, 0x00, 0x00, 0x00, 0x00, 0x00, 0x00, 0x00, 0x00, 0x00, 0x00,
    0x00, 0x00, 0x00, 0x00, 0x7f, 0x9f, 0xef, 0x1f, 0x83, 0xec, 0xfb, 0xf3,
    0xf8, 0xfe, 0x73, 0x9c, 0xe7, 0x39, 0xfe, 0x7f, 0x9f, 0xe0, 0x00, 0x00,
    0x00, 0x00, 0x00, 0x00, 0x00, 0x00, 0x00, 0x00, 0x00, 0x00, 0x00, 0x00,
    0x00, 0x00, 0x00, 0x00, 0x00, 0x00, 0x00, 0x00, 0xff, 0xbf, 0xec, 0x1a,
    0x06, 0x81, 0xa0, 0x68, 0x1a, 0x06, 0x81, 0xa0, 0x68, 0x1b, 0x76, 0xff,
    0xbf, 0xc0, 0x00, 0x00, 0xff, 0xbf, 0xec, 0x7a, 0x1e, 0x85, 0xa5, 0x2b,
    0x6a, 0xf2, 0x99, 0xa2, 0x68, 0x1b, 0x56, 0xff, 0xbf, 0xc0, 0x00, 0x00,
    0xff, 0xbf, 0xec, 0x1a, 0x02, 0xb4, 0xad, 0x29, 0xda, 0x66, 0xb4, 0xa5,
    0x28, 0x1b, 0x76, 0xff, 0xbf, 0xc0, 0x00, 0x00, 0x00, 0x00, 0x00, 0x00,
    0x00, 0x00, 0x00, 0x00, 0x00, 0x00, 0x00, 0x00, 0x00, 0x00, 0x00, 0x00,
    0x00, 0x00, 0x00, 0x00, 0x00, 0x00, 0x00, 0x00, 0x00, 0x00, 0x00, 0x00,
    0x00, 0x00, 0x00, 0x00, 0x00, 0x00, 0x00, 0x00, 0x00, 0x00, 0x00, 0x00,
    0x00, 0x00, 0x09, 0xe2, 0x7c, 0x9f, 0xe7, 0xf9, 0xfe, 0x79, 0x9e, 0x67,
    0xf9, 0xfe, 0x7f, 0x9f, 0x3f, 0x87, 0xe1, 0xf0, 0x00, 0x00, 0x00, 0x00,
    0x00, 0x00, 0x00, 0x00, 0x00, 0x00, 0x00, 0x00, 0x00, 0x00, 0x00, 0x00,
    0x00, 0x00, 0x00, 0x00, 0x00, 0x00, 0x00, 0x00, 0x00, 0x00, 0x00, 0x00,
    0x00, 0x00, 0x00, 0x00, 0x00, 0x00, 0x00, 0x00, 0x00, 0x00, 0x00, 0x00,
    0x00, 0x00, 0x00, 0x00, 0x00, 0x00, 0x00, 0x00, 0x00, 0x00, 0x00, 0x00,
    0x00, 0x00, 0x00, 0x00, 0x00, 0x00, 0x00, 0x00, 0x00, 0x00, 0x00, 0x00,
    0x00, 0x00, 0x00, 0x00, 0x00, 0x00, 0x00, 0x00, 0x00, 0x00, 0x00, 0x00,
    0x00, 0x00, 0x00, 0x00, 0x00, 0x00, 0x00, 0x00, 0x00, 0x00, 0x00, 0x00,
    0x00, 0x00, 0x00, 0x00, 0x00, 0x00, 0x00, 0x00, 0x00, 0x00, 0x00, 0x00,
    0x00, 0x00, 0x00, 0x00, 0x00, 0x00, 0x00, 0x00, 0x00, 0x00, 0x00, 0x00,
    0x00, 0x00, 0x00, 0x00, 0x00, 0x00, 0x00, 0x00, 0x00, 0x00, 0x00, 0x00,
    0x00, 0x00, 0x00, 0x00, 0x00, 0x00, 0x00, 0x00, 0x00, 0x00, 0x00, 0x00,
    0x00, 0x00, 0x00, 0x00, 0x00, 0x00, 0x00, 0x00, 0x00, 0x00, 0x00, 0x00,
    0x00, 0x00, 0x00, 0x00, 0x00, 0x00, 0x00, 0x00, 0x00, 0x00, 0x00, 0x00,
    0x00, 0x00, 0x00, 0x00, 0x00, 0x00, 0x00, 0x00, 0x00, 0x00, 0x00, 0x00,
    0x00, 0x00, 0x00, 0x00, 0x00, 0x00, 0x00, 0x00, 0x00, 0x00, 0x00, 0x00,
    0x00, 0x00, 0x00, 0x00, 0x00, 0x00, 0x00, 0x00, 0x00, 0x00, 0x00, 0x00,
    0x00, 0x00, 0x00, 0x00, 0x00, 0x00, 0x00, 0x00, 0x00, 0x00, 0x00, 0x00,
    0x00, 0x00, 0x00, 0x00, 0x00, 0x00, 0x00, 0x00, 0x00, 0x00, 0x00, 0x00,
    0x00, 0x00, 0x00, 0x00, 0x00, 0x00, 0x00, 0x00, 0x00, 0x00, 0x00, 0x00,
    0x00, 0x00, 0x00, 0x00, 0x00, 0x00, 0x00, 0x00, 0x00, 0x00, 0x00, 0x00,
    0x00, 0x00, 0x00, 0x00, 0x00, 0x00, 0x00, 0x00, 0x00, 0x00, 0x00, 0x00,
    0x00, 0x00, 0x00, 0x00, 0x00, 0x00, 0x00, 0x00, 0x00, 0x00, 0x00, 0x00,
    0x00, 0x00, 0x00, 0x00, 0x00, 0x00, 0x00, 0x00, 0x00, 0x00, 0x00, 0x00,
    0x00, 0x00, 0x00, 0x00, 0x00, 0x00, 0x00, 0x00, 0x00, 0x00, 0x00, 0x00,
    0x00, 0x00, 0x00, 0x00, 0x00, 0x00, 0x00, 0x00, 0x7e, 0x1f, 0xce, 0x7b,
    0x9e, 0x77, 0x0d, 0x83, 0xe0, 0xf0, 0xff, 0xbf, 0xe3, 0xe0, 0x70, 0x1c,
    0x07, 0x00, 0x00, 0x00, 0x00, 0x00, 0x00, 0x00, 0x00, 0x00, 0x00, 0x00,
    0x00, 0x00, 0x00, 0x00, 0x00, 0x00, 0x00, 0x00, 0x00, 0x00, 0x00, 0x00,
    0x00, 0x00, 0x00, 0x00, 0x00, 0x00, 0x00, 0x00, 0x00, 0x00, 0x00, 0x00,
    0x00, 0x00, 0x00, 0x00, 0x00, 0x00, 0x00, 0x00, 0x1c, 0x07, 0x03, 0xe0,
    0xf8, 0x1c, 0x0f, 0x47, 0xf9, 0xfe, 0x1c, 0x07, 0x01, 0xc0, 0x70, 0x1c,
    0x07, 0x00, 0x00, 0x00, 0x00, 0x00, 0x00, 0x00, 0x00, 0x00, 0x00, 0x00,
    0x00, 0x00, 0x00, 0x00, 0x00, 0x00, 0x00, 0x00, 0x00, 0x00, 0x00, 0x00,
    0x00, 0x00, 0x00, 0x00, 0x00, 0x00, 0x00, 0x00, 0x00, 0x00, 0x00, 0x00,
    0x00, 0x00, 0x00, 0x00, 0x00, 0x00, 0x00, 0x00, 0x00, 0x00, 0x00, 0x00,
    0x00, 0x00, 0x00, 0x00, 0x00, 0x00, 0x00, 0x00, 0x00, 0x00, 0x00, 0x00,
    0x00, 0x00, 0x00, 0x00, 0x00, 0x00, 0x00, 0x00, 0x00, 0x00, 0x00, 0x00,
    0x00, 0x00, 0x00, 0x00, 0x00, 0x00, 0x00, 0x00, 0x00, 0x00, 0x00, 0x00,
    0x00, 0x00, 0x00, 0x00, 0x00, 0x00, 0x00, 0x00, 0x00, 0x00, 0x00, 0x00,
    0x00, 0x00, 0x00, 0x00, 0x00, 0x00, 0x00, 0x00, 0x00, 0x00, 0x00, 0x00,
    0x00, 0x00, 0x00, 0x00, 0x00, 0x00, 0x00, 0x00, 0x00, 0x00, 0x00, 0x00,
    0x00, 0x00, 0x00, 0x00, 0x00, 0x0f, 0xc7, 0xfb, 0xff, 0xc0, 0xe4, 0x3b,
    0x8f, 0xe3, 0xf8, 0xfe, 0x7f, 0xff, 0xff, 0x7f, 0x9f, 0xe0, 0x00, 0x00,
    0x00, 0x00, 0x00, 0x00, 0x00, 0xff, 0xbf, 0xe0, 0x00, 0x00, 0xff, 0xbf,
    0xe0, 0x00, 0x00, 0xff, 0xbf, 0xe0, 0x00, 0x00, 0x00, 0x00, 0x00, 0x00,
    0x00, 0xc3, 0x30, 0xc0, 0x00, 0x00, 0xff, 0x3f, 0xc0, 0x00, 0x00, 0xff,
    0x3f, 0xc0, 0x00, 0x00, 0x00, 0x00, 0x00, 0x00, 0x00, 0xff, 0xbf, 0xe0,
    0x00, 0x00, 0xc3, 0xb0, 0xe0, 0x00, 0x00, 0xff, 0xbf, 0xe0, 0x00, 0x00,
    0x00, 0x00, 0x00, 0x00, 0x00, 0xc3, 0x30, 0xc0, 0x00, 0x00, 0xc3, 0x30,
    0xc0, 0x00, 0x00, 0xff, 0x3f, 0xc0, 0x00, 0x00, 0x00, 0x00, 0x00, 0x00,
    0x00, 0xff, 0xbf, 0xe0, 0x00, 0x00, 0xff, 0xbf, 0xe0, 0x00, 0x00, 0xc3,
    0xb0, 0xe0, 0x00, 0x00, 0x00, 0x00, 0x00, 0x00, 0x00, 0xc3, 0x30, 0xc0,
    0x00, 0x00, 0xff, 0x3f, 0xc0, 0x00, 0x00, 0xc3, 0x30, 0xc0, 0x00, 0x00,
    0x00, 0x00, 0x00, 0x00, 0x00, 0xff, 0xbf, 0xe0, 0x00, 0x00, 0xc3, 0xb0,
    0xe0, 0x00, 0x00, 0xc3, 0xb0, 0xe0, 0x00, 0x00, 0x00, 0x00, 0x00, 0x00,
    0x00, 0xc3, 0x30, 0xc0, 0x00, 0x00, 0xc3, 0x30, 0xc0, 0x00, 0x00, 0xc3,
    0x30, 0xc0, 0x00, 0x00, 0x00, 0x00, 0x00, 0x00, 0x00, 0x00, 0x00, 0x00,
    0x00, 0x00, 0x00, 0x00, 0x00, 0x00, 0x00, 0x00, 0x00, 0x00, 0x00, 0x00,
    0x7f, 0x9f, 0xec, 0x06, 0x01, 0x93, 0x64, 0xd8, 0x06, 0x01, 0x8c, 0x63,
    0x99, 0x2e, 0x4d, 0x80, 0x70, 0x37, 0xf9, 0xfe, 0x7f, 0x9f, 0xec, 0x0e,
    0x01, 0x92, 0x64, 0x98, 0x06, 0x01, 0x9e, 0x67, 0x98, 0xce, 0x31, 0x80,
    0x70, 0x37, 0xf9, 0xfe, 0x7f, 0xbf, 0xff, 0xff, 0xff, 0xdd, 0xff, 0x7f,
    0xff, 0xff, 0xe1, 0xf8, 0x7f, 0x3f, 0xff, 0xff, 0xff, 0xf7, 0xf9, 0xfe,
    0x00, 0x00, 0x00, 0x00, 0x00, 0x00, 0x00, 0x00, 0x00, 0x00, 0x00, 0x00,
    0x00, 0x00, 0x00, 0x00, 0x00, 0x00, 0x00, 0x00, 0x00, 0x00, 0x00, 0x00,
    0x00, 0x00, 0x00, 0x00, 0x00, 0x00, 0x00, 0x00, 0x00, 0x00, 0x00, 0x00,
    0x00, 0x00, 0x00, 0x00, 0x00, 0x00, 0x00, 0x00, 0x00, 0x00, 0x00, 0x00,
    0x00, 0x00, 0x00, 0x00, 0x00, 0x00, 0x00, 0x00, 0x00, 0x00, 0x00, 0x00,
    0x00, 0x00, 0x00, 0x00, 0x00, 0x00, 0x00, 0x00, 0x00, 0x00, 0x00, 0x00,
    0x00, 0x00, 0x00, 0x00, 0x00, 0x00, 0x00, 0x00, 0x1e, 0x0f, 0xc7, 0x39,
    0xce, 0x73, 0x9c, 0xe7, 0x39, 0xfe, 0x3f, 0x07, 0x81, 0xe0, 0x30, 0x7f,
    0x9f, 0xe1, 0xe0, 0x30, 0x00, 0x00, 0x00, 0x00, 0x00, 0x00, 0x00, 0x00,
    0x00, 0x00, 0x00, 0x00, 0x00, 0x00, 0x00, 0x00, 0x00, 0x00, 0x00, 0x00,
    0x07, 0xc1, 0xf0, 0x3c, 0x0f, 0x07, 0xc1, 0xf7, 0xff, 0xf9, 0xe6, 0x31,
    0xce, 0x63, 0x1c, 0xc7, 0x39, 0x87, 0xe1, 0xf0, 0x00, 0x00, 0x00, 0x00,
    0x00, 0x00, 0x00, 0x00, 0x00, 0x00, 0x00, 0x00, 0x00, 0x00, 0x00, 0x00,
    0x00, 0x00, 0x00, 0x00, 0x00, 0x00, 0x00, 0x00, 0x00, 0x00, 0x00, 0x00,
    0x00, 0x00, 0x00, 0x00, 0x00, 0x00, 0x00, 0x00, 0x00, 0x00, 0x00, 0x00,
    0x00, 0x00, 0x00, 0x00, 0x00, 0x00, 0x00, 0x00, 0x00, 0x00, 0x00, 0x00,
    0x00, 0x00, 0x00, 0x00, 0x00, 0x00, 0x00, 0x00, 0x00, 0x00, 0x00, 0x00,
    0x00, 0x00, 0x00, 0x00, 0x00, 0x00, 0x00, 0x00, 0x00, 0x00, 0x00, 0x00,
    0x00, 0x00, 0x00, 0x00, 0x00, 0x00, 0x00, 0x00, 0x00, 0x00, 0x00, 0x00,
    0x00, 0x00, 0x00, 0x00, 0x00, 0x00, 0x00, 0x00, 0x00, 0x00, 0x00, 0x00,
    0x00, 0x00, 0x00, 0x00, 0x00, 0x00, 0x00, 0x00, 0x00, 0x00, 0x00, 0x00,
    0x00, 0x00, 0x00, 0x00, 0x00, 0x00, 0x00, 0x00, 0x00, 0x00, 0x00, 0x00,
    0x00, 0x00, 0x00, 0x00, 0x00, 0x00, 0x00, 0x00, 0x00, 0x00, 0x00, 0x00,
    0x00, 0x00, 0x00, 0x00, 0x00, 0x00, 0x00, 0x00, 0x00, 0x00, 0x00, 0x00,
    0x00, 0x00, 0x00, 0x00, 0x00, 0x00, 0x00, 0x00, 0x00, 0x00, 0x00, 0x00,
    0x00, 0x00, 0x00, 0x00, 0x00, 0x00, 0x00, 0x00, 0x00, 0x00, 0x00, 0x00,
    0x00, 0x00, 0x00, 0x00, 0x00, 0x00, 0x00, 0x00, 0x00, 0x00, 0x00, 0x00,
    0x00, 0x00, 0x00, 0x00, 0x00, 0x00, 0x00, 0x00, 0x00, 0x00, 0x00, 0x00,
    0x00, 0x00, 0x00, 0x00, 0x00, 0x00, 0x00, 0x00, 0x00, 0x00, 0x00, 0x00,
    0x00, 0x00, 0x00, 0x00, 0x00, 0x00, 0x00, 0x00, 0x00, 0x00, 0x00, 0x00,
    0x00, 0x00, 0x00, 0x00, 0x00, 0x00, 0x00, 0x00, 0x00, 0x00, 0x00, 0x00,
    0x00, 0x00, 0x00, 0x00, 0x00, 0x00, 0x00, 0x00, 0x00, 0x00, 0x00, 0x00,
    0x00, 0x00, 0x00, 0x00, 0x00, 0x00, 0x00, 0x00, 0x00, 0x00, 0x00, 0x00,
    0x00, 0x00, 0x00, 0x00, 0x00, 0x00, 0x00, 0x00, 0x00, 0x00, 0x00, 0x00,
    0x00, 0x00, 0x00, 0x00, 0x00, 0x00, 0x00, 0x00, 0x00, 0x00, 0x00, 0x00,
    0x00, 0x00, 0x00, 0x00, 0x00, 0x00, 0x00, 0x00, 0x00, 0x00, 0x00, 0x00,
    0x00, 0x00, 0x00, 0x00, 0x00, 0x00, 0x00, 0x00, 0x00, 0x00, 0x00, 0x00,
    0x00, 0x00, 0x00, 0x00, 0x00, 0x00, 0x00, 0x00, 0x00, 0x00, 0x00, 0x00,
    0x00, 0x00, 0x00, 0x00, 0x00, 0x00, 0x00, 0x00, 0x00, 0x00, 0x00, 0x00,
    0x00, 0x00, 0x00, 0x00, 0x00, 0x00, 0x00, 0x00, 0x00, 0x00, 0x00, 0x00,
    0x00, 0x00, 0x00, 0x00, 0x00, 0x00, 0x00, 0x00, 0x00, 0x00, 0x00, 0x00,
    0x00, 0x00, 0x00, 0x00, 0x00, 0x00, 0x00, 0x00, 0x00, 0x00, 0x00, 0x00,
    0x00, 0x00, 0x00, 0x00, 0x00, 0x00, 0x00, 0x00, 0x00, 0x00, 0x00, 0x00,
    0x00, 0x00, 0x00, 0x00, 0x00, 0x00, 0x00, 0x00, 0x00, 0x00, 0x00, 0x00,
    0x00, 0x00, 0x00, 0x00, 0x00, 0x00, 0x00, 0x00, 0x00, 0x00, 0x00, 0x00,
    0x00, 0x00, 0x00, 0x00, 0x00, 0x00, 0x00, 0x00, 0x00, 0x00, 0x00, 0x00,
    0x00, 0x00, 0x00, 0x00, 0x00, 0x00, 0x00, 0x00, 0x00, 0x00, 0x00, 0x00,
    0x00, 0x00, 0x00, 0x00, 0x00, 0x00, 0x00, 0x00, 0x00, 0x00, 0x00, 0x00,
    0x00, 0x00, 0x00, 0x00, 0x00, 0x00, 0x00, 0x00, 0x00, 0x00, 0x00, 0x00,
    0x00, 0x00, 0x00, 0x00, 0x00, 0x00, 0x00, 0x00, 0x00, 0x00, 0x00, 0x00,
    0x00, 0x00, 0x00, 0x00, 0x00, 0x00, 0x00, 0x00, 0x00, 0x00, 0x00, 0x00,
    0x00, 0x00, 0x00, 0x00, 0x00, 0x00, 0x00, 0x00, 0x00, 0x00, 0x00, 0x00,
    0x00, 0x00, 0x00, 0x00, 0x00, 0x00, 0x00, 0x00, 0x00, 0x00, 0x00, 0x00,
    0x00, 0x00, 0x00, 0x00, 0x00, 0x00, 0x00, 0x00, 0x00, 0x00, 0x00, 0x00,
    0x00, 0x00, 0x00, 0x00, 0x00, 0x00, 0x00, 0x00, 0x00, 0x00, 0x00, 0x00,
    0x00, 0x00, 0x00, 0x00, 0x00, 0x00, 0x00, 0x00, 0x00, 0x00, 0x00, 0x00,
    0x00, 0x00, 0x00, 0x00, 0x00, 0x00, 0x00, 0x00, 0x00, 0x00, 0x00, 0x00,
    0x00, 0x00, 0x00, 0x00, 0x00, 0x00, 0x00, 0x00, 0x00, 0x00, 0x00, 0x00,
    0x00, 0x00, 0x00, 0x00, 0x00, 0x00, 0x00, 0x00, 0x00, 0x00, 0x00, 0x00,
    0x00, 0x00, 0x00, 0x00, 0x00, 0x00, 0x00, 0x00, 0x00, 0x00, 0x00, 0x00,
    0x08, 0x06, 0x01, 0xc0, 0xf8, 0x7e, 0x1f, 0xcf, 0xfb, 0xfe, 0xff, 0xbf,
    0xe3, 0xe0, 0xf0, 0x7e, 0x1f, 0x80, 0x00, 0x00, 0x6e, 0x3f, 0x8f, 0xf3,
    0xfc, 0xc7, 0x30, 0xcc, 0x73, 0x9c, 0x6e, 0x1f, 0x83, 0xc0, 0xe0, 0x10,
    0x04, 0x00, 0x00, 0x00, 0x08, 0x07, 0x03, 0xc0, 0xf8, 0x76, 0x19, 0xce,
    0x7b, 0x9e, 0x77, 0x0d, 0x83, 0xe0, 0x70, 0x08, 0x02, 0x00, 0x00, 0x00,
    0x0c, 0x03, 0x01, 0xe0, 0x78, 0x73, 0x9c, 0xe7, 0x39, 0xfe, 0x1e, 0x03,
    0x00, 0xc0, 0x78, 0x1f, 0x07, 0xc0, 0x00, 0x00, 0x08, 0x07, 0x03, 0xc0,
    0xf8, 0x76, 0x19, 0xce, 0x3b, 0x8e, 0xf7, 0xbd, 0xe1, 0xe0, 0xf0, 0x7e,
    0x1f, 0x80, 0x00, 0x00, 0x6e, 0x3f, 0x8f, 0xf3, 0xfc, 0xff, 0x3f, 0xcf,
    0xf3, 0xfc, 0x7f, 0x1f, 0x83, 0xe0, 0x70, 0x10, 0x04, 0x00, 0x00, 0x00,
    0x08, 0x07, 0x03, 0xc0, 0xf8, 0x7e, 0x3f, 0xcf, 0xfb, 0xfe, 0x7f, 0x1f,
    0x83, 0xe0, 0x70, 0x08, 0x02, 0x00, 0x00, 0x00, 0x3c, 0x07, 0x03, 0xc2,
    0xf8, 0xe3, 0xb8, 0xee, 0x3b, 0x8e, 0xf7, 0xad, 0xe3, 0x60, 0xf8, 0x7e,
    0x1f, 0x80, 0x00, 0x00, 0x00, 0x00, 0x00, 0x00, 0x00, 0x00, 0x00, 0x00,
    0x00, 0x00, 0x00, 0x00, 0x00, 0x00, 0x00, 0x00, 0x00, 0x00, 0x00, 0x00,
    0x06, 0x01, 0x80, 0x60, 0x18, 0x06, 0x01, 0x80, 0x60, 0x18, 0x06, 0x01,
    0xc1, 0xe0, 0xfc, 0x7f, 0x1f, 0x83, 0xe0, 0x70, 0x0c, 0x03, 0x80, 0xe0,
    0x3c, 0x0f, 0x83, 0xe0, 0xfc, 0x33, 0x0c, 0x07, 0x07, 0xc1, 0xf0, 0xfc,
    0x3f, 0x07, 0x81, 0xe0, 0x7f, 0xdf, 0xf7, 0x3d, 0xc7, 0x71, 0xdc, 0x77,
    0x1d, 0xc7, 0x71, 0xdc, 0xf7, 0x3d, 0xcf, 0xf3, 0x38, 0xce, 0x03, 0x00,
    0x7f, 0xdf, 0xf7, 0xbd, 0xcf, 0x7f, 0xdf, 0xf7, 0x3d, 0xc7, 0x71, 0xdc,
    0xf7, 0x3d, 0xcf, 0xf3, 0x38, 0xce, 0x03, 0x00, 0x00, 0x00, 0x00, 0x00,
    0x00, 0x00, 0x00, 0x00, 0x00, 0x00, 0x00, 0x00, 0x00, 0x00, 0x00, 0x00,
    0x00, 0x00, 0x00, 0x00, 0x00, 0x00, 0x00, 0x00, 0x00, 0x00, 0x00, 0x00,
    0x00, 0x00, 0x00, 0x00, 0x00, 0x00, 0x00, 0x00, 0x00, 0x00, 0x00, 0x00,
    0x00, 0x00, 0x00, 0x00, 0x00, 0x00, 0x00, 0x00, 0x00, 0x00, 0x00, 0x00,
    0x00, 0x00, 0x00, 0x00, 0x00, 0x00, 0x00, 0x00, 0x00, 0x00, 0x00, 0x00,
    0x00, 0x00, 0x00, 0x00, 0x00, 0x00, 0x00, 0x00, 0x00, 0x00, 0x00, 0x00,
    0x00, 0x00, 0x00, 0x00, 0x00, 0x00, 0x00, 0x00, 0x00, 0x00, 0x00, 0x00,
    0x00, 0x00, 0x00, 0x00, 0x00, 0x00, 0x00, 0x00, 0x00, 0x00, 0x00, 0x00,
    0x00, 0x00, 0x00, 0x00, 0x00, 0x00, 0x00, 0x00, 0x00, 0x00, 0x00, 0x00,
    0x00, 0x00, 0x00, 0x00, 0x00, 0x00, 0x00, 0x00, 0x00, 0x00, 0x00, 0x00,
    0x00, 0x00, 0x00, 0x00, 0x00, 0x00, 0x00, 0x00, 0x00, 0x00, 0x00, 0x00,
    0x00, 0x00, 0x00, 0x00, 0x00, 0x00, 0x00, 0x00, 0x00, 0x00, 0x00, 0x00,
    0x00, 0x00, 0x00, 0x00, 0x00, 0x00, 0x00, 0x00, 0x00, 0x00, 0x00, 0x00,
    0x00, 0x00, 0x00, 0x00, 0x00, 0x00, 0x00, 0x00, 0x00, 0x00, 0x00, 0x00,
    0x00, 0x00, 0x00, 0x00, 0x00, 0x00, 0x00, 0x00, 0x00, 0x00, 0x00, 0x00,
    0x00, 0x00, 0x00, 0x00, 0x00, 0x00, 0x00, 0x00, 0x00, 0x00, 0x00, 0x00,
    0x00, 0x00, 0x00, 0x00, 0x00, 0x00, 0x00, 0x00, 0x00, 0x00, 0x00, 0x00,
    0x00, 0x00, 0x00, 0x00, 0x00, 0x00, 0x00, 0x00, 0x00, 0x00, 0x00, 0x00,
    0x00, 0x00, 0x00, 0x00, 0x00, 0x00, 0x00, 0x00, 0x00, 0x00, 0x00, 0x00,
    0x00, 0x00, 0x00, 0x00, 0x00, 0x00, 0x00, 0x00, 0x00, 0x00, 0x00, 0x00,
    0x00, 0x00, 0x00, 0x00, 0x00, 0x00, 0x00, 0x00, 0x00, 0x00, 0x00, 0x00,
    0x00, 0x00, 0x00, 0x00, 0x00, 0x00, 0x00, 0x00, 0x00, 0x00, 0x00, 0x00,
    0x00, 0x00, 0x00, 0x00, 0x00, 0x00, 0x00, 0x00, 0x00, 0x00, 0x00, 0x00,
    0x00, 0x00, 0x00, 0x00, 0x00, 0x00, 0x00, 0x00, 0x00, 0x00, 0x00, 0x00,
    0x00, 0x00, 0x00, 0x00, 0x00, 0x00, 0x00, 0x00, 0x00, 0x00, 0x00, 0x00,
    0x00, 0x00, 0x00, 0x00, 0x00, 0x00, 0x00, 0x00, 0x00, 0x00, 0x00, 0x00,
    0x00, 0x00, 0x00, 0x00, 0x00, 0x00, 0x00, 0x00, 0x00, 0x00, 0x00, 0x00,
    0x00, 0x00, 0x00, 0x00, 0x00, 0x00, 0x00, 0x00, 0x00, 0x00, 0x00, 0x00,
    0x00, 0x00, 0x00, 0x00, 0x00, 0x00, 0x00, 0x00, 0x00, 0x00, 0x00, 0x00,
    0x00, 0x00, 0x00, 0x00, 0x00, 0x00, 0x00, 0x00, 0x00, 0x00, 0x00, 0x00,
    0x00, 0x00, 0x00, 0x00, 0x00, 0x00, 0x00, 0x00, 0x00, 0x00, 0x00, 0x00,
    0x00, 0x00, 0x00, 0x00, 0x00, 0x00, 0x00, 0x00, 0x00, 0x00, 0x00, 0x00,
    0x00, 0x00, 0x00, 0x00, 0x00, 0x00, 0x00, 0x00, 0x00, 0x00, 0x00, 0x00,
    0x00, 0x00, 0x00, 0x00, 0x00, 0x00, 0x00, 0x00, 0x00, 0x00, 0x00, 0x00,
    0x00, 0x00, 0x00, 0x00, 0x00, 0x00, 0x00, 0x00, 0x00, 0x00, 0x00, 0x00,
    0x00, 0x00, 0x00, 0x00, 0x00, 0x00, 0x00, 0x00, 0x00, 0x00, 0x00, 0x00,
    0x00, 0x00, 0x00, 0x00, 0xff, 0xff, 0xfc, 0x0e, 0x01, 0x92, 0x64, 0x98,
    0x06, 0x01, 0x80, 0x60, 0x19, 0x26, 0x49, 0x80, 0x70, 0x3f, 0xff, 0xff,
    0x00, 0x00, 0x00, 0x00, 0x00, 0x00, 0x00, 0x00, 0x00, 0x00, 0x00, 0x00,
    0x00, 0x00, 0x00, 0x00, 0x00, 0x00, 0x00, 0x00, 0x00, 0x00, 0x00, 0x00,
    0x00, 0x00, 0x00, 0x00, 0x00, 0x00, 0x00, 0x00, 0x00, 0x00, 0x00, 0x00,
    0x00, 0x00, 0x00, 0x00, 0x00, 0x00, 0x00, 0x00, 0x00, 0x00, 0x00, 0x00,
    0x00, 0x00, 0x00, 0x00, 0x00, 0x00, 0x00, 0x00, 0x00, 0x00, 0x00, 0x00,
    0x00, 0x00, 0x00, 0x00, 0x00, 0x00, 0x00, 0x00, 0x00, 0x00, 0x00, 0x00,
    0x00, 0x00, 0x00, 0x00, 0x00, 0x00, 0x00, 0x00, 0x00, 0x00, 0x00, 0x00,
    0x00, 0x00, 0x00, 0x00, 0x00, 0x00, 0x00, 0x00, 0x00, 0x00, 0x00, 0x00,
    0x00, 0x00, 0x00, 0x00, 0x00, 0x00, 0x00, 0x00, 0x00, 0x00, 0x00, 0x00,
    0x00, 0x00, 0x00, 0x00, 0x00, 0x00, 0x00, 0x00, 0x00, 0x00, 0x00, 0x00,
    0x00, 0x00, 0x00, 0x00, 0x00, 0xff, 0xbf, 0xe0, 0x00, 0x00, 0x00, 0x00,
    0x00, 0x00, 0x00, 0x00, 0x00, 0x00, 0x00, 0x00, 0x00, 0x00, 0x00, 0x00,
    0x00, 0xc3, 0x30, 0xc0, 0x00, 0x00, 0x00, 0x00, 0x00, 0x00, 0x00, 0x00,
    0x00, 0x00, 0x00, 0x00, 0x00, 0x00, 0x00, 0x00, 0x00, 0xff, 0xbf, 0xe0,
    0x00, 0x00, 0xff, 0xbf, 0xe0, 0x00, 0x00, 0x00, 0x00, 0x00, 0x00, 0x00,
    0x00, 0x00, 0x00, 0x00, 0x00, 0xc3, 0x30, 0xc0, 0x00, 0x00, 0xff, 0x3f,
    0xc0, 0x00, 0x00, 0x00, 0x00, 0x00, 0x00, 0x00, 0x00, 0x00, 0x00, 0x00,
    0x00, 0xff, 0xbf, 0xe0, 0x00, 0x00, 0xc3, 0xb0, 0xe0, 0x00, 0x00, 0x00,
    0x00, 0x00, 0x00, 0x00, 0x00, 0x00, 0x00, 0x00, 0x00, 0xc3, 0x30, 0xc0,
    0x00, 0x00, 0xc3, 0x30, 0xc0, 0x00, 0x00, 0x00, 0x00, 0x00, 0x00, 0x00,
    0x00, 0x00, 0x00, 0x00, 0x00, 0x00, 0x00, 0x00, 0x00, 0x00, 0x00, 0x00,
    0x00, 0x00, 0x00, 0x00, 0x00, 0x00, 0x00, 0x00, 0x00, 0x00, 0x00, 0x00,
    0x00, 0x00, 0x00, 0x00, 0x00, 0x00, 0x00, 0x00, 0x00, 0x00, 0x00, 0x00,
    0x00, 0x00, 0x00, 0x00, 0x00, 0x00, 0x00, 0x00, 0x00, 0x00, 0x00, 0x00,
    0x00, 0x00, 0x00, 0x00, 0x00, 0x00, 0x00, 0x00, 0x00, 0x00, 0x00, 0x00,
    0x00, 0x00, 0x00, 0x00, 0x00, 0x00, 0x00, 0x00, 0x00, 0x00, 0x00, 0x00,
    0x00, 0x00, 0x00, 0x00, 0x00, 0x00, 0x00, 0x00, 0x00, 0x00, 0x00, 0x00,
    0x00, 0x00, 0x00, 0x00, 0x00, 0x00, 0x00, 0x00, 0x00, 0x00, 0x00, 0x00,
    0x00, 0x00, 0x00, 0x00, 0x00, 0x00, 0x00, 0x00, 0x00, 0x00, 0x00, 0x00,
    0x00, 0x00, 0x00, 0x00, 0x00, 0x00, 0x00, 0x00, 0x00, 0x00, 0x00, 0x00,
    0x00, 0x00, 0x00, 0x00, 0x00, 0x00, 0x00, 0x00, 0x00, 0x00, 0x00, 0x00,
    0x00, 0x00, 0x00, 0x00, 0x00, 0x00, 0x00, 0x00, 0x00, 0x00, 0x00, 0x00,
    0x00, 0x00, 0x00, 0x00, 0x00, 0x00, 0x00, 0x00, 0x00, 0x00, 0x00, 0x00,
    0x00, 0x00, 0x00, 0x00, 0x00, 0x00, 0x00, 0x00, 0x00, 0x00, 0x00, 0x00,
    0x00, 0x00, 0x00, 0x00, 0x00, 0x00, 0x00, 0x00, 0x00, 0x00, 0x00, 0x00,
    0x00, 0x00, 0x00, 0x00, 0x00, 0x00, 0x00, 0x00, 0x00, 0x00, 0x00, 0x00,
    0x00, 0x00, 0x00, 0x00, 0x00, 0x00, 0x00, 0x00, 0x00, 0x00, 0x00, 0x00,
    0x00, 0x00, 0x00, 0x00, 0x00, 0x00, 0x00, 0x00, 0x00, 0x00, 0x00, 0x00,
    0x00, 0x00, 0x00, 0x00, 0x00, 0x00, 0x00, 0x00, 0x00, 0x00, 0x00, 0x00,
    0x00, 0x00, 0x00, 0x00, 0x00, 0x00, 0x00, 0x00, 0x00, 0x00, 0x00, 0x00,
    0x00, 0x00, 0x00, 0x00, 0x00, 0x00, 0x00, 0x00, 0x00, 0x00, 0x00, 0x00,
    0x00, 0x00, 0x00, 0x00, 0x00, 0x00, 0x00, 0x00, 0x00, 0x00, 0x00, 0x00,
    0x00, 0x00, 0x00, 0x00, 0x00, 0x00, 0x00, 0x00, 0x00, 0x00, 0x00, 0x00,
    0x00, 0x00, 0x00, 0x00, 0xf0, 0x3c, 0x03, 0xc0, 0x70, 0x00, 0x00, 0x00,
    0x03, 0xfe, 0xff, 0xbf, 0xef, 0xf0, 0x00, 0x1c, 0x0f, 0x0f, 0x03, 0xc0,
    0x03, 0xc0, 0xf0, 0xf0, 0x38, 0x00, 0x00, 0x00, 0x01, 0xff, 0x7f, 0xdf,
    0xf3, 0xfc, 0x00, 0x0e, 0x03, 0xc0, 0x3c, 0x0f, 0x00, 0x00, 0x00, 0x00,
    0x00, 0x00, 0x00, 0x00, 0x00, 0x00, 0x00, 0x00, 0x00, 0x00, 0x00, 0x00,
    0x00, 0x00, 0x00, 0x00, 0x00, 0x00, 0x00, 0x00, 0x00, 0x00, 0x00, 0x00,
    0x00, 0x00, 0x00, 0x00, 0x00, 0x00, 0x00, 0x00, 0x00, 0x00, 0x00, 0x00,
    0x00, 0x00, 0x00, 0x00, 0x00, 0x00, 0x00, 0x00, 0x00, 0x00, 0x00, 0x00,
    0x00, 0x00, 0x00, 0x00, 0x00, 0x00, 0x00, 0x00, 0x00, 0x00, 0x00, 0x00,
    0x00, 0x00, 0x00, 0x00, 0x00, 0x00, 0x00, 0x00, 0x00, 0x00, 0x00, 0x00,
    0x00, 0x00, 0x00, 0x00, 0x00, 0x00, 0x00, 0x00, 0x00, 0x00, 0x00, 0x00,
    0x00, 0x00, 0x00, 0x00, 0x00, 0x00, 0x00, 0x00, 0x00, 0x00, 0x00, 0x00,
    0x00, 0x00, 0x00, 0x00, 0x00, 0x00, 0x00, 0x00, 0x00, 0x00, 0x00, 0x00,
    0x00, 0x00, 0x00, 0x00, 0x00, 0x00, 0x00, 0x00, 0x00, 0x00, 0x00, 0x00,
    0x00, 0x00, 0x00, 0x00, 0x00, 0x00, 0x00, 0x00, 0x00, 0x00, 0x00, 0x00,
    0x00, 0x00, 0x00, 0x00, 0x00, 0x00, 0x00, 0x00, 0x00, 0x00, 0x00, 0x00,
    0x00, 0x00, 0x00, 0x00, 0x00, 0x00, 0x00, 0x00, 0x00, 0x00, 0x00, 0x00,
    0x00, 0x00, 0x00, 0x00, 0x00, 0x00, 0x00, 0x00, 0x00, 0x00, 0x00, 0x00,
    0x00, 0x00, 0x00, 0x00, 0x00, 0x00, 0x00, 0x00, 0x00, 0x00, 0x00, 0x00,
    0x00, 0x00, 0x00, 0x00, 0x00, 0x00, 0x00, 0x00, 0x00, 0x00, 0x00, 0x00,
    0x00, 0x00, 0x00, 0x00, 0x00, 0x07, 0x83, 0xf0, 0xfc, 0x73, 0x98, 0xee,
    0x1f, 0x03, 0xc0, 0xf8, 0x77, 0x38, 0xfe, 0x3f, 0x07, 0x80, 0x00, 0x00,
    0x00, 0x00, 0x01, 0xe0, 0xfc, 0x7f, 0x9f, 0xef, 0xff, 0xff, 0xff, 0xff,
    0xf7, 0xf9, 0xfe, 0x3f, 0x07, 0x80, 0x00, 0x00, 0x00, 0x00, 0x03, 0x80,
    0xf0, 0x7e, 0x1f, 0x87, 0xe1, 0xf8, 0x7e, 0x1f, 0x87, 0xc0, 0xe0, 0x00,
    0x00, 0x00, 0x00, 0x00, 0x00, 0x00, 0x00, 0x00, 0x00, 0x00, 0x00, 0x00,
    0x00, 0x00, 0x00, 0x00, 0x00, 0x00, 0x00, 0x00, 0x00, 0x00, 0x00, 0x00,
    0x00, 0x00, 0x00, 0x00, 0x00, 0x00, 0x00, 0x00, 0x00, 0x00, 0x00, 0x00,
    0x00, 0x00, 0x00, 0x00, 0x00, 0x00, 0x00, 0x00, 0x00, 0x00, 0x00, 0x00,
    0x00, 0x00, 0x00, 0x00, 0x00, 0x00, 0x00, 0x00, 0x00, 0x00, 0x00, 0x00,
    0x00, 0x00, 0x00, 0x00, 0x00, 0x00, 0x00, 0x00, 0x00, 0x00, 0x00, 0x00,
    0x00, 0x00, 0x00, 0x00, 0x00, 0x00, 0x00, 0x00, 0x00, 0x00, 0x00, 0x00,
    0x00, 0x00, 0x00, 0x00, 0x00, 0x00, 0x00, 0x00, 0x00, 0x00, 0x00, 0x00,
    0x00, 0x00, 0x00, 0x00, 0x00, 0x00, 0x00, 0x00, 0x00, 0x00, 0x00, 0x00,
    0x00, 0x00, 0x00, 0x00, 0x00, 0x00, 0x00, 0x00, 0x00, 0x00, 0x00, 0x00,
    0x00, 0x00, 0x00, 0x00, 0x00, 0x00, 0x00, 0x00, 0x00, 0x00, 0x00, 0x00,
    0x00, 0x00, 0x00, 0x00, 0x00, 0x00, 0x00, 0x00, 0x00, 0x00, 0x00, 0x00,
    0x00, 0x00, 0x00, 0x00, 0x00, 0x00, 0x00, 0x00, 0x00, 0x00, 0x00, 0x00,
    0x00, 0x00, 0x00, 0x00, 0x00, 0x00, 0x00, 0x00, 0x00, 0x00, 0x00, 0x00,
    0x00, 0x00, 0x00, 0x00, 0x00, 0x00, 0x00, 0x00, 0x00, 0x00, 0x00, 0x00,
    0x00, 0x00, 0x00, 0x00, 0x00, 0x00, 0x00, 0x00, 0x00, 0x00, 0x00, 0x00,
    0x00, 0x00, 0x00, 0x00, 0x00, 0x00, 0x00, 0x00, 0x00, 0x00, 0x00, 0x00,
    0x00, 0x00, 0x00, 0x00, 0x00, 0x00, 0x00, 0x00, 0x00, 0x00, 0x00, 0x00,
    0x00, 0x00, 0x00, 0x00, 0x00, 0x00, 0x00, 0x00, 0x00, 0x00, 0x00, 0x00,
    0x00, 0x00, 0x00, 0x00, 0x00, 0x00, 0x00, 0x00, 0x00, 0x00, 0x00, 0x00,
    0x00, 0x00, 0x00, 0x00, 0x00, 0x00, 0x00, 0x00, 0x00, 0x00, 0x00, 0x00,
    0x00, 0x00, 0x00, 0x00, 0x00, 0x00, 0x00, 0x00, 0x00, 0x00, 0x00, 0x00,
    0x00, 0x00, 0x00, 0x00, 0x00, 0x00, 0x00, 0x00, 0x00, 0x00, 0x00, 0x00,
    0x00, 0x00, 0x00, 0x00, 0x00, 0x00, 0x00, 0x00, 0x00, 0x00, 0x00, 0x00,
    0x00, 0x00, 0x00, 0x00, 0x00, 0x00, 0x00, 0x00, 0x00, 0x00, 0x00, 0x00,
    0x00, 0x00, 0x00, 0x00, 0x00, 0x00, 0x00, 0x00, 0x00, 0x00, 0x00, 0x00,
    0x00, 0x00, 0x00, 0x00, 0x00, 0x00, 0x00, 0x00, 0x00, 0x00, 0x00, 0x00,
    0x00, 0x00, 0x00, 0x00, 0x00, 0x00, 0x00, 0x00, 0x00, 0x00, 0x00, 0x00,
    0x00, 0x00, 0x00, 0x00, 0x00, 0x00, 0x00, 0x00, 0x00, 0x00, 0x00, 0x00,
    0x00, 0x00, 0x00, 0x00, 0x00, 0x00, 0x00, 0x00, 0x00, 0x00, 0x00, 0x00,
    0x00, 0x00, 0x00, 0x00, 0x00, 0x00, 0x00, 0x00, 0x00, 0x00, 0x00, 0x00,
    0x00, 0x00, 0x00, 0x00, 0x00, 0x00, 0x00, 0x00, 0x00, 0x00, 0x00, 0x00,
    0x00, 0x00, 0x00, 0x00, 0x00, 0x00, 0x00, 0x00, 0x00, 0x00, 0x00, 0x00,
    0x00, 0x00, 0x00, 0x00, 0x00, 0x00, 0x00, 0x00, 0x00, 0x00, 0x00, 0x00,
    0x00, 0x00, 0x00, 0x00, 0x00, 0x00, 0x00, 0x00, 0x00, 0x00, 0x00, 0x00,
    0x00, 0x00, 0x00, 0x00, 0x00, 0x00, 0x00, 0x00, 0x00, 0x00, 0x00, 0x00,
    0x00, 0x00, 0x00, 0x00, 0x00, 0x00, 0x00, 0x00, 0x00, 0x00, 0x00, 0x00,
    0x00, 0x00, 0x00, 0x00, 0x00, 0x00, 0x00, 0x00, 0x00, 0x00, 0x00, 0x00,
    0x00, 0x00, 0x00, 0x00, 0x00, 0x00, 0x00, 0x00, 0x00, 0x00, 0x00, 0x00,
    0x00, 0x00, 0x00, 0x00, 0x00, 0x00, 0x00, 0x00, 0x00, 0x00, 0x00, 0x00,
    0x00, 0x00, 0x00, 0x00, 0x00, 0x00, 0x00, 0x00, 0x00, 0x00, 0x00, 0x00,
    0x00, 0x00, 0x00, 0x00, 0x00, 0x00, 0x00, 0x00, 0x00, 0x00, 0x00, 0x00,
    0x00, 0x00, 0x00, 0x00, 0x00, 0x00, 0x00, 0x00, 0x00, 0x00, 0x00, 0x00,
    0x00, 0x00, 0x00, 0x00, 0x00, 0x00, 0x00, 0x00, 0x00, 0x00, 0x00, 0x00,
    0x00, 0x00, 0x00, 0x00, 0x00, 0x00, 0x00, 0x00, 0x00, 0x00, 0x00, 0x00,
    0x00, 0x00, 0x00, 0x00, 0x1e, 0x0f, 0xcf, 0xff, 0xff, 0xff, 0xff, 0xf1,
    0xe0, 0x38, 0x06, 0x01, 0x80, 0xe0, 0x70, 0x18, 0x06, 0x01, 0xc0, 0x30,
    0x00, 0x00, 0x00, 0x00, 0x00, 0x00, 0x00, 0x00, 0x00, 0x00, 0x00, 0x00,
    0x00, 0x00, 0x00, 0x00, 0x00, 0x00, 0x00, 0x00, 0x00, 0x00, 0x00, 0x00,
    0x00, 0x00, 0x00, 0x00, 0x00, 0x00, 0x00, 0x00, 0x00, 0x00, 0x00, 0x00,
    0x00, 0x00, 0x00, 0x00, 0x00, 0x00, 0x00, 0x00, 0x00, 0x00, 0x00, 0x00,
    0x00, 0x00, 0x00, 0x00, 0x00, 0x00, 0x00, 0x00, 0x00, 0x00, 0x00, 0x00,
    0x00, 0x00, 0x00, 0x00, 0x00, 0x00, 0x00, 0x00, 0x00, 0x00, 0x00, 0x00,
    0x00, 0x00, 0x00, 0x00, 0x00, 0x00, 0x00, 0x00, 0x00, 0x00, 0x00, 0x00,
    0x00, 0x00, 0x00, 0x00, 0x00, 0x00, 0x00, 0x00, 0x00, 0x00, 0x00, 0x00,
    0x00, 0x00, 0x00, 0x00, 0x00, 0x00, 0x00, 0x00, 0x00, 0x00, 0x00, 0x00,
    0x00, 0x00, 0x00, 0x00, 0x00, 0x00, 0x00, 0x00, 0x00, 0x00, 0x00, 0x00,
    0x00, 0x00, 0x00, 0x00, 0x00, 0x00, 0x00, 0x00, 0x00, 0x00, 0x00, 0x00,
    0x00, 0x00, 0x00, 0x00, 0x00, 0x00, 0x00, 0x00, 0x00, 0x00, 0x00, 0x00,
    0x00, 0x00, 0x00, 0x00, 0x00, 0x00, 0x00, 0x00, 0x00, 0x00, 0x00, 0x00,
    0x00, 0x00, 0x00, 0x00, 0x00, 0x00, 0x00, 0x00, 0x00, 0x00, 0x00, 0x00,
    0x00, 0x00, 0x00, 0x00, 0x00, 0x00, 0x00, 0x00, 0x00, 0x00, 0x00, 0x00,
    0x00, 0x00, 0x00, 0x00, 0x00, 0x00, 0x00, 0x00, 0x00, 0x00, 0x00, 0x00,
    0x00, 0x00, 0x00, 0x00, 0x00, 0x00, 0x00, 0x00, 0x00, 0x00, 0x00, 0x00,
    0x00, 0x00, 0x00, 0x00, 0x00, 0x00, 0x00, 0x00, 0x00, 0x00, 0x00, 0x00,
    0x00, 0x00, 0x00, 0x00, 0x00, 0x00, 0x00, 0x00, 0x00, 0x00, 0x00, 0x00,
    0x00, 0x00, 0x00, 0x00, 0x00, 0x00, 0x00, 0x00, 0x00, 0x00, 0x00, 0x00,
    0x00, 0x00, 0x00, 0x00, 0x00, 0x00, 0x00, 0x00, 0x00, 0x00, 0x00, 0x00,
    0x00, 0x00, 0x00, 0x00, 0x00, 0x00, 0x00, 0x00, 0x00, 0x00, 0x00, 0x00,
    0x00, 0x00, 0x00, 0x00, 0x00, 0x00, 0x00, 0x00, 0x00, 0x00, 0x00, 0x00,
    0x00, 0x00, 0x00, 0x00, 0x00, 0x00, 0x00, 0x00, 0x00, 0x00, 0x00, 0x00,
    0x00, 0x00, 0x00, 0x00, 0x00, 0x00, 0x00, 0x00, 0x00, 0x00, 0x00, 0x00,
    0x00, 0x00, 0x00, 0x00, 0x00, 0x00, 0x00, 0x00, 0x00, 0x00, 0x00, 0x00,
    0x00, 0x00, 0x00, 0x00, 0x00, 0x00, 0x00, 0x00, 0x00, 0x00, 0x00, 0x00,
    0x00, 0x00, 0x00, 0x00, 0x00, 0x00, 0x00, 0x00, 0x00, 0x00, 0x00, 0x00,
    0x00, 0x00, 0x00, 0x00, 0x00, 0x00, 0x00, 0x00, 0x00, 0x00, 0x00, 0x00,
    0x00, 0x00, 0x00, 0x00, 0x00, 0x00, 0x00, 0x00, 0x00, 0x00, 0x00, 0x00,
    0x00, 0x00, 0x00, 0x00, 0x00, 0x00, 0x00, 0x00, 0x00, 0x00, 0x00, 0x00,
    0x00, 0x00, 0x00, 0x00, 0x00, 0x00, 0x00, 0x00, 0x00, 0x00, 0x00, 0x00,
    0x00, 0x00, 0x00, 0x00, 0x00, 0x00, 0x00, 0x00, 0x00, 0x00, 0x00, 0x00,
    0x00, 0x00, 0x00, 0x00, 0x00, 0x00, 0x00, 0x00, 0x00, 0x00, 0x00, 0x00,
    0x00, 0x00, 0x00, 0x00, 0x00, 0x00, 0x00, 0x00, 0x00, 0x00, 0x00, 0x00,
    0x00, 0x00, 0x00, 0x00, 0x00, 0x00, 0x00, 0x00, 0x00, 0x00, 0x00, 0x00,
    0x00, 0x00, 0x00, 0x00, 0x00, 0x00, 0x00, 0x00, 0x00, 0x00, 0x00, 0x00,
    0x00, 0x00, 0x00, 0x00, 0x00, 0x00, 0x00, 0x00, 0x00, 0x00, 0x00, 0x00,
    0x00, 0x00, 0x00, 0x00, 0x00, 0x00, 0x00, 0x00, 0x00, 0x00, 0x00, 0x00,
    0x00, 0x00, 0x00, 0x00, 0x00, 0x00, 0x00, 0x00, 0x00, 0x00, 0x00, 0x00,
    0x00, 0x00, 0x00, 0x00, 0x00, 0x00, 0x00, 0x00, 0x00, 0x00, 0x00, 0x00,
    0x00, 0x00, 0x00, 0x00, 0x00, 0x00, 0x00, 0x00, 0x00, 0x00, 0x00, 0x00,
    0x00, 0x00, 0x00, 0x00, 0x00, 0x00, 0x00, 0x00, 0x00, 0x00, 0x00, 0x00,
    0x00, 0x00, 0x00, 0x00, 0x00, 0x00, 0x00, 0x00, 0x00, 0x00, 0x00, 0x00,
    0x00, 0x00, 0x00, 0x00, 0x00, 0x00, 0x00, 0x00, 0x00, 0x00, 0x00, 0x00,
    0x00, 0x00, 0x00, 0x00, 0x00, 0x00, 0x00, 0x00, 0x00, 0x00, 0x00, 0x00,
    0x00, 0x00, 0x00, 0x00, 0x00, 0x00, 0x00, 0x00, 0x00, 0x00, 0x00, 0x00,
    0x00, 0x00, 0x00, 0x00, 0x00, 0x00, 0x00, 0x00, 0x00, 0x00, 0x00, 0x00,
    0x00, 0x00, 0x00, 0x00, 0x00, 0x00, 0x00, 0x00, 0x00, 0x00, 0x00, 0x00,
    0x00, 0x00, 0x00, 0x00, 0x00, 0x00, 0x00, 0x00, 0x00, 0x00, 0x00, 0x00,
    0x00, 0x00, 0x00, 0x00, 0x00, 0x00, 0x00, 0x00, 0x00, 0x00, 0x00, 0x00,
    0x00, 0x00, 0x00, 0x00, 0x00, 0x00, 0x00, 0x00, 0x00, 0x00, 0x00, 0x00,
    0x00, 0x00, 0x00, 0x00, 0x00, 0x00, 0x00, 0x00, 0x00, 0x00, 0x00, 0x00,
    0x00, 0x00, 0x00, 0x00, 0x00, 0x00, 0x00, 0x00, 0x00, 0x00, 0x00, 0x00,
    0x00, 0x00, 0x00, 0x00, 0x00, 0x00, 0x00, 0x00, 0x00, 0x00, 0x00, 0x00,
    0x00, 0x00, 0x00, 0x00, 0x00, 0x00, 0x00, 0x00, 0x00, 0x00, 0x00, 0x00,
    0x00, 0x00, 0x00, 0x00, 0x00, 0x00, 0x00, 0x00, 0x00, 0x00, 0x00, 0x00,
    0x00, 0x00, 0x00, 0x00, 0x00, 0x00, 0x00, 0x00, 0x00, 0x00, 0x00, 0x00,
    0x00, 0x00, 0x00, 0x00, 0x00, 0x00, 0x00, 0x00, 0x00, 0x00, 0x00, 0x00,
    0x00, 0x00, 0x00, 0x00, 0x00, 0x00, 0x00, 0x00, 0x00, 0x00, 0x00, 0x00,
    0x00, 0x00, 0x00, 0x00, 0x00, 0x00, 0x00, 0x00, 0x00, 0x00, 0x00, 0x00,
    0x00, 0x00, 0x00, 0x00, 0x00, 0x00, 0x00, 0x00, 0x00, 0x00, 0x00, 0x00,
    0x00, 0x00, 0x00, 0x00, 0x00, 0x00, 0x00, 0x00, 0x00, 0x00, 0x00, 0x00,
    0x00, 0x00, 0x00, 0x00, 0x00, 0x00, 0x00, 0x00, 0x00, 0x00, 0x00, 0x00,
    0x00, 0x00, 0x00, 0x00, 0x00, 0x00, 0x00, 0x00, 0x00, 0x00, 0x00, 0x00,
    0x00, 0x00, 0x00, 0x00, 0x00, 0x00, 0x00, 0x00, 0x00, 0x00, 0x00, 0x00,
    0x00, 0x00, 0x00, 0x00, 0x00, 0x00, 0x00, 0x00, 0x00, 0x00, 0x00, 0x00,
    0x00, 0x00, 0x00, 0x00, 0x00, 0x00, 0x00, 0x00, 0x00, 0x00, 0x00, 0x00,
    0x00, 0x00, 0x00, 0x00, 0x00, 0x00, 0x00, 0x00, 0x00, 0x00, 0x00, 0x00,
    0x00, 0x00, 0x00, 0x00, 0x00, 0x00, 0x00, 0x00, 0x00, 0x00, 0x00, 0x00,
    0x00, 0x00, 0x00, 0x00, 0x00, 0x00, 0x00, 0x00, 0x00, 0x00, 0x00, 0x00,
    0x00, 0x00, 0x00, 0x00, 0x00, 0x00, 0x00, 0x00, 0x00, 0x00, 0x00, 0x00,
    0x00, 0x00, 0x00, 0x00, 0x00, 0x00, 0x00, 0x00, 0x00, 0x00, 0x00, 0x00,
    0x00, 0x00, 0x00, 0x00, 0x30, 0x0c, 0x01, 0x80, 0xe0, 0x30, 0x0c, 0x03,
    0x00, 0xc0, 0xff, 0xff, 0xf7, 0xf9, 0xfe, 0x3f, 0x07, 0x80, 0x00, 0x00,
    0x00, 0x00, 0x00, 0x00, 0x00, 0x00, 0x00, 0x00, 0x00, 0x00, 0x00, 0x00,
    0x00, 0x00, 0x00, 0x00, 0x00, 0x00, 0x00, 0x00, 0x00, 0x00, 0x00, 0x00,
    0x00, 0x00, 0x00, 0x00, 0x00, 0x00, 0x00, 0x00, 0x00, 0x00, 0x00, 0x00,
    0x00, 0x00, 0x00, 0x00, 0x00, 0x00, 0x00, 0x00, 0x00, 0x00, 0x00, 0x00,
    0x00, 0x00, 0x00, 0x00, 0x00, 0x00, 0x00, 0x00, 0x00, 0x00, 0x00, 0x00,
    0x00, 0x00, 0x00, 0x00, 0x00, 0x00, 0x00, 0x00, 0x00, 0x00, 0x00, 0x00,
    0x00, 0x00, 0x00, 0x00, 0x00, 0x00, 0x00, 0x00, 0x00, 0x00, 0x00, 0x00,
    0x00, 0x00, 0x00, 0x00, 0x00, 0x00, 0x00, 0x00, 0x00, 0x00, 0x00, 0x00,
    0x00, 0x00, 0x00, 0x00, 0x00, 0x00, 0x00, 0x00, 0x00, 0x00, 0x00, 0x00,
    0x00, 0x00, 0x00, 0x00, 0x00, 0x00, 0x00, 0x00, 0x00, 0x00, 0x00, 0x00,
    0x00, 0x00, 0x00, 0x00, 0x00, 0x00, 0x00, 0x00, 0x00, 0x00, 0x00, 0x00,
    0x00, 0x00, 0x00, 0x00, 0x00, 0x00, 0x00, 0x00, 0x00, 0x00, 0x00, 0x00,
    0x00, 0x00, 0x00, 0x00, 0x00, 0x00, 0x00, 0x00, 0x00, 0x00, 0x00, 0x00,
    0x00, 0x00, 0x00, 0x00, 0x00, 0x00, 0x00, 0x00, 0x00, 0x00, 0x00, 0x00,
    0x00, 0x00, 0x00, 0x00, 0x00, 0x00, 0x00, 0x00, 0x00, 0x00, 0x00, 0x00,
    0x00, 0x00, 0x00, 0x00, 0x00, 0x00, 0x00, 0x00, 0x00, 0x00, 0x00, 0x00,
    0x00, 0x00, 0x00, 0x00, 0x00, 0x00, 0x00, 0x00,
};

static const lv_font_fmt_txt_glyph_dsc_t dsc_10x16[] = {
    {.bitmap_index = 0, .adv_w = 0, .box_w = 0, .box_h = 0, .ofs_x = 0, .ofs_y = 0} /* id = 0 reserved */,
    {.bitmap_index = 20, .adv_w = 160, .box_w = 10, .box_h = 16, .ofs_x = 0, .ofs_y = 0},
    {.bitmap_index = 40, .adv_w = 160, .box_w = 10, .box_h = 16, .ofs_x = 0, .ofs_y = 0},
    {.bitmap_index = 60, .adv_w = 160, .box_w = 10, .box_h = 16, .ofs_x = 0, .ofs_y = 0},
    {.bitmap_index = 80, .adv_w = 160, .box_w = 10, .box_h = 16, .ofs_x = 0, .ofs_y = 0},
    {.bitmap_index = 100, .adv_w = 160, .box_w = 10, .box_h = 16, .ofs_x = 0, .ofs_y = 0},
    {.bitmap_index = 120, .adv_w = 160, .box_w = 10, .box_h = 16, .ofs_x = 0, .ofs_y = 0},
    {.bitmap_index = 140, .adv_w = 160, .box_w = 10, .box_h = 16, .ofs_x = 0, .ofs_y = 0},
    {.bitmap_index = 160, .adv_w = 160, .box_w = 10, .box_h = 16, .ofs_x = 0, .ofs_y = 0},
    {.bitmap_index = 180, .adv_w = 160, .box_w = 10, .box_h = 16, .ofs_x = 0, .ofs_y = 0},
    {.bitmap_index = 200, .adv_w = 160, .box_w = 10, .box_h = 16, .ofs_x = 0, .ofs_y = 0},
    {.bitmap_index = 220, .adv_w = 160, .box_w = 10, .box_h = 16, .ofs_x = 0, .ofs_y = 0},
    {.bitmap_index = 240, .adv_w = 160, .box_w = 10, .box_h = 16, .ofs_x = 0, .ofs_y = 0},
    {.bitmap_index = 260, .adv_w = 160, .box_w = 10, .box_h = 16, .ofs_x = 0, .ofs_y = 0},
    {.bitmap_index = 280, .adv_w = 160, .box_w = 10, .box_h = 16, .ofs_x = 0, .ofs_y = 0},
    {.bitmap_index = 300, .adv_w = 160, .box_w = 10, .box_h = 16, .ofs_x = 0, .ofs_y = 0},
    {.bitmap_index = 320, .adv_w = 160, .box_w = 10, .box_h = 16, .ofs_x = 0, .ofs_y = 0},
    {.bitmap_index = 340, .adv_w = 160, .box_w = 10, .box_h = 16, .ofs_x = 0, .ofs_y = 0},
    {.bitmap_index = 360, .adv_w = 160, .box_w = 10, .box_h = 16, .ofs_x = 0, .ofs_y = 0},
    {.bitmap_index = 380, .adv_w = 160, .box_w = 10, .box_h = 16, .ofs_x = 0, .ofs_y = 0},
    {.bitmap_index = 400, .adv_w = 160, .box_w = 10, .box_h = 16, .ofs_x = 0, .ofs_y = 0},
    {.bitmap_index = 420, .adv_w = 160, .box_w = 10, .box_h = 16, .ofs_x = 0, .ofs_y = 0},
    {.bitmap_index = 440, .adv_w = 160, .box_w = 10, .box_h = 16, .ofs_x = 0, .ofs_y = 0},
    {.bitmap_index = 460, .adv_w = 160, .box_w = 10, .box_h = 16, .ofs_x = 0, .ofs_y = 0},
    {.bitmap_index = 480, .adv_w = 160, .box_w = 10, .box_h = 16, .ofs_x = 0, .ofs_y = 0},
    {.bitmap_index = 500, .adv_w = 160, .box_w = 10, .box_h = 16, .ofs_x = 0, .ofs_y = 0},
    {.bitmap_index = 520, .adv_w = 160, .box_w = 10, .box_h = 16, .ofs_x = 0, .ofs_y = 0},
    {.bitmap_index = 540, .adv_w = 160, .box_w = 10, .box_h = 16, .ofs_x = 0, .ofs_y = 0},
    {.bitmap_index = 560, .adv_w = 160, .box_w = 10, .box_h = 16, .ofs_x = 0, .ofs_y = 0},
    {.bitmap_index = 580, .adv_w = 160, .box_w = 10, .box_h = 16, .ofs_x = 0, .ofs_y = 0},
    {.bitmap_index = 600, .adv_w = 160, .box_w = 10, .box_h = 16, .ofs_x = 0, .ofs_y = 0},
    {.bitmap_index = 620, .adv_w = 160, .box_w = 10, .box_h = 16, .ofs_x = 0, .ofs_y = 0},
    {.bitmap_index = 640, .adv_w = 160, .box_w = 10, .box_h = 16, .ofs_x = 0, .ofs_y = 0},
    {.bitmap_index = 660, .adv_w = 160, .box_w = 10, .box_h = 16, .ofs_x = 0, .ofs_y = 0},
    {.bitmap_index = 680, .adv_w = 160, .box_w = 10, .box_h = 16, .ofs_x = 0, .ofs_y = 0},
    {.bitmap_index = 700, .adv_w = 160, .box_w = 10, .box_h = 16, .ofs_x = 0, .ofs_y = 0},
    {.bitmap_index = 720, .adv_w = 160, .box_w = 10, .box_h = 16, .ofs_x = 0, .ofs_y = 0},
    {.bitmap_index = 740, .adv_w = 160, .box_w = 10, .box_h = 16, .ofs_x = 0, .ofs_y = 0},
    {.bitmap_index = 760, .adv_w = 160, .box_w = 10, .box_h = 16, .ofs_x = 0, .ofs_y = 0},
    {.bitmap_index = 780, .adv_w = 160, .box_w = 10, .box_h = 16, .ofs_x = 0, .ofs_y = 0},
    {.bitmap_index = 800, .adv_w = 160, .box_w = 10, .box_h = 16, .ofs_x = 0, .ofs_y = 0},
    {.bitmap_index = 820, .adv_w = 160, .box_w = 10, .box_h = 16, .ofs_x = 0, .ofs_y = 0},
    {.bitmap_index = 840, .adv_w = 160, .box_w = 10, .box_h = 16, .ofs_x = 0, .ofs_y = 0},
    {.bitmap_index = 860, .adv_w = 160, .box_w = 10, .box_h = 16, .ofs_x = 0, .ofs_y = 0},
    {.bitmap_index = 880, .adv_w = 160, .box_w = 10, .box_h = 16, .ofs_x = 0, .ofs_y = 0},
    {.bitmap_index = 900, .adv_w = 160, .box_w = 10, .box_h = 16, .ofs_x = 0, .ofs_y = 0},
    {.bitmap_index = 920, .adv_w = 160, .box_w = 10, .box_h = 16, .ofs_x = 0, .ofs_y = 0},
    {.bitmap_index = 940, .adv_w = 160, .box_w = 10, .box_h = 16, .ofs_x = 0, .ofs_y = 0},
    {.bitmap_index = 960, .adv_w = 160, .box_w = 10, .box_h = 16, .ofs_x = 0, .ofs_y = 0},
    {.bitmap_index = 980, .adv_w = 160, .box_w = 10, .box_h = 16, .ofs_x = 0, .ofs_y = 0},
    {.bitmap_index = 1000, .adv_w = 160, .box_w = 10, .box_h = 16, .ofs_x = 0, .ofs_y = 0},
    {.bitmap_index = 1020, .adv_w = 160, .box_w = 10, .box_h = 16, .ofs_x = 0, .ofs_y = 0},
    {.bitmap_index = 1040, .adv_w = 160, .box_w = 10, .box_h = 16, .ofs_x = 0, .ofs_y = 0},
    {.bitmap_index = 1060, .adv_w = 160, .box_w = 10, .box_h = 16, .ofs_x = 0, .ofs_y = 0},
    {.bitmap_index = 1080, .adv_w = 160, .box_w = 10, .box_h = 16, .ofs_x = 0, .ofs_y = 0},
    {.bitmap_index = 1100, .adv_w = 160, .box_w = 10, .box_h = 16, .ofs_x = 0, .ofs_y = 0},
    {.bitmap_index = 1120, .adv_w = 160, .box_w = 10, .box_h = 16, .ofs_x = 0, .ofs_y = 0},
    {.bitmap_index = 1140, .adv_w = 160, .box_w = 10, .box_h = 16, .ofs_x = 0, .ofs_y = 0},
    {.bitmap_index = 1160, .adv_w = 160, .box_w = 10, .box_h = 16, .ofs_x = 0, .ofs_y = 0},
    {.bitmap_index = 1180, .adv_w = 160, .box_w = 10, .box_h = 16, .ofs_x = 0, .ofs_y = 0},
    {.bitmap_index = 1200, .adv_w = 160, .box_w = 10, .box_h = 16, .ofs_x = 0, .ofs_y = 0},
    {.bitmap_index = 1220, .adv_w = 160, .box_w = 10, .box_h = 16, .ofs_x = 0, .ofs_y = 0},
    {.bitmap_index = 1240, .adv_w = 160, .box_w = 10, .box_h = 16, .ofs_x = 0, .ofs_y = 0},
    {.bitmap_index = 1260, .adv_w = 160, .box_w = 10, .box_h = 16, .ofs_x = 0, .ofs_y = 0},
    {.bitmap_index = 1280, .adv_w = 160, .box_w = 10, .box_h = 16, .ofs_x = 0, .ofs_y = 0},
    {.bitmap_index = 1300, .adv_w = 160, .box_w = 10, .box_h = 16, .ofs_x = 0, .ofs_y = 0},
    {.bitmap_index = 1320, .adv_w = 160, .box_w = 10, .box_h = 16, .ofs_x = 0, .ofs_y = 0},
    {.bitmap_index = 1340, .adv_w = 160, .box_w = 10, .box_h = 16, .ofs_x = 0, .ofs_y = 0},
    {.bitmap_index = 1360, .adv_w = 160, .box_w = 10, .box_h = 16, .ofs_x = 0, .ofs_y = 0},
    {.bitmap_index = 1380, .adv_w = 160, .box_w = 10, .box_h = 16, .ofs_x = 0, .ofs_y = 0},
    {.bitmap_index = 1400, .adv_w = 160, .box_w = 10, .box_h = 16, .ofs_x = 0, .ofs_y = 0},
    {.bitmap_index = 1420, .adv_w = 160, .box_w = 10, .box_h = 16, .ofs_x = 0, .ofs_y = 0},
    {.bitmap_index = 1440, .adv_w = 160, .box_w = 10, .box_h = 16, .ofs_x = 0, .ofs_y = 0},
    {.bitmap_index = 1460, .adv_w = 160, .box_w = 10, .box_h = 16, .ofs_x = 0, .ofs_y = 0},
    {.bitmap_index = 1480, .adv_w = 160, .box_w = 10, .box_h = 16, .ofs_x = 0, .ofs_y = 0},
    {.bitmap_index = 1500, .adv_w = 160, .box_w = 10, .box_h = 16, .ofs_x = 0, .ofs_y = 0},
    {.bitmap_index = 1520, .adv_w = 160, .box_w = 10, .box_h = 16, .ofs_x = 0, .ofs_y = 0},
    {.bitmap_index = 1540, .adv_w = 160, .box_w = 10, .box_h = 16, .ofs_x = 0, .ofs_y = 0},
    {.bitmap_index = 1560, .adv_w = 160, .box_w = 10, .box_h = 16, .ofs_x = 0, .ofs_y = 0},
    {.bitmap_index = 1580, .adv_w = 160, .box_w = 10, .box_h = 16, .ofs_x = 0, .ofs_y = 0},
    {.bitmap_index = 1600, .adv_w = 160, .box_w = 10, .box_h = 16, .ofs_x = 0, .ofs_y = 0},
    {.bitmap_index = 1620, .adv_w = 160, .box_w = 10, .box_h = 16, .ofs_x = 0, .ofs_y = 0},
    {.bitmap_index = 1640, .adv_w = 160, .box_w = 10, .box_h = 16, .ofs_x = 0, .ofs_y = 0},
    {.bitmap_index = 1660, .adv_w = 160, .box_w = 10, .box_h = 16, .ofs_x = 0, .ofs_y = 0},
    {.bitmap_index = 1680, .adv_w = 160, .box_w = 10, .box_h = 16, .ofs_x = 0, .ofs_y = 0},
    {.bitmap_index = 1700, .adv_w = 160, .box_w = 10, .box_h = 16, .ofs_x = 0, .ofs_y = 0},
    {.bitmap_index = 1720, .adv_w = 160, .box_w = 10, .box_h = 16, .ofs_x = 0, .ofs_y = 0},
    {.bitmap_index = 1740, .adv_w = 160, .box_w = 10, .box_h = 16, .ofs_x = 0, .ofs_y = 0},
    {.bitmap_index = 1760, .adv_w = 160, .box_w = 10, .box_h = 16, .ofs_x = 0, .ofs_y = 0},
    {.bitmap_index = 1780, .adv_w = 160, .box_w = 10, .box_h = 16, .ofs_x = 0, .ofs_y = 0},
    {.bitmap_index = 1800, .adv_w = 160, .box_w = 10, .box_h = 16, .ofs_x = 0, .ofs_y = 0},
    {.bitmap_index = 1820, .adv_w = 160, .box_w = 10, .box_h = 16, .ofs_x = 0, .ofs_y = 0},
    {.bitmap_index = 1840, .adv_w = 160, .box_w = 10, .box_h = 16, .ofs_x = 0, .ofs_y = 0},
    {.bitmap_index = 1860, .adv_w = 160, .box_w = 10, .box_h = 16, .ofs_x = 0, .ofs_y = 0},
    {.bitmap_index = 1880, .adv_w = 160, .box_w = 10, .box_h = 16, .ofs_x = 0, .ofs_y = 0},
    {.bitmap_index = 1900, .adv_w = 160, .box_w = 10, .box_h = 16, .ofs_x = 0, .ofs_y = 0},
    {.bitmap_index = 1920, .adv_w = 160, .box_w = 10, .box_h = 16, .ofs_x = 0, .ofs_y = 0},
    {.bitmap_index = 1940, .adv_w = 160, .box_w = 10, .box_h = 16, .ofs_x = 0, .ofs_y = 0},
    {.bitmap_index = 1960, .adv_w = 160, .box_w = 10, .box_h = 16, .ofs_x = 0, .ofs_y = 0},
    {.bitmap_index = 1980, .adv_w = 160, .box_w = 10, .box_h = 16, .ofs_x = 0, .ofs_y = 0},
    {.bitmap_index = 2000, .adv_w = 160, .box_w = 10, .box_h = 16, .ofs_x = 0, .ofs_y = 0},
    {.bitmap_index = 2020, .adv_w = 160, .box_w = 10, .box_h = 16, .ofs_x = 0, .ofs_y = 0},
    {.bitmap_index = 2040, .adv_w = 160, .box_w = 10, .box_h = 16, .ofs_x = 0, .ofs_y = 0},
    {.bitmap_index = 2060, .adv_w = 160, .box_w = 10, .box_h = 16, .ofs_x = 0, .ofs_y = 0},
    {.bitmap_index = 2080, .adv_w = 160, .box_w = 10, .box_h = 16, .ofs_x = 0, .ofs_y = 0},
    {.bitmap_index = 2100, .adv_w = 160, .box_w = 10, .box_h = 16, .ofs_x = 0, .ofs_y = 0},
    {.bitmap_index = 2120, .adv_w = 160, .box_w = 10, .box_h = 16, .ofs_x = 0, .ofs_y = 0},
    {.bitmap_index = 2140, .adv_w = 160, .box_w = 10, .box_h = 16, .ofs_x = 0, .ofs_y = 0},
    {.bitmap_index = 2160, .adv_w = 160, .box_w = 10, .box_h = 16, .ofs_x = 0, .ofs_y = 0},
    {.bitmap_index = 2180, .adv_w = 160, .box_w = 10, .box_h = 16, .ofs_x = 0, .ofs_y = 0},
    {.bitmap_index = 2200, .adv_w = 160, .box_w = 10, .box_h = 16, .ofs_x = 0, .ofs_y = 0},
    {.bitmap_index = 2220, .adv_w = 160, .box_w = 10, .box_h = 16, .ofs_x = 0, .ofs_y = 0},
    {.bitmap_index = 2240, .adv_w = 160, .box_w = 10, .box_h = 16, .ofs_x = 0, .ofs_y = 0},
    {.bitmap_index = 2260, .adv_w = 160, .box_w = 10, .box_h = 16, .ofs_x = 0, .ofs_y = 0},
    {.bitmap_index = 2280, .adv_w = 160, .box_w = 10, .box_h = 16, .ofs_x = 0, .ofs_y = 0},
    {.bitmap_index = 2300, .adv_w = 160, .box_w = 10, .box_h = 16, .ofs_x = 0, .ofs_y = 0},
    {.bitmap_index = 2320, .adv_w = 160, .box_w = 10, .box_h = 16, .ofs_x = 0, .ofs_y = 0},
    {.bitmap_index = 2340, .adv_w = 160, .box_w = 10, .box_h = 16, .ofs_x = 0, .ofs_y = 0},
    {.bitmap_index = 2360, .adv_w = 160, .box_w = 10, .box_h = 16, .ofs_x = 0, .ofs_y = 0},
    {.bitmap_index = 2380, .adv_w = 160, .box_w = 10, .box_h = 16, .ofs_x = 0, .ofs_y = 0},
    {.bitmap_index = 2400, .adv_w = 160, .box_w = 10, .box_h = 16, .ofs_x = 0, .ofs_y = 0},
    {.bitmap_index = 2420, .adv_w = 160, .box_w = 10, .box_h = 16, .ofs_x = 0, .ofs_y = 0},
    {.bitmap_index = 2440, .adv_w = 160, .box_w = 10, .box_h = 16, .ofs_x = 0, .ofs_y = 0},
    {.bitmap_index = 2460, .adv_w = 160, .box_w = 10, .box_h = 16, .ofs_x = 0, .ofs_y = 0},
    {.bitmap_index = 2480, .adv_w = 160, .box_w = 10, .box_h = 16, .ofs_x = 0, .ofs_y = 0},
    {.bitmap_index = 2500, .adv_w = 160, .box_w = 10, .box_h = 16, .ofs_x = 0, .ofs_y = 0},
    {.bitmap_index = 2520, .adv_w = 160, .box_w = 10, .box_h = 16, .ofs_x = 0, .ofs_y = 0},
    {.bitmap_index = 2540, .adv_w = 160, .box_w = 10, .box_h = 16, .ofs_x = 0, .ofs_y = 0},
    {.bitmap_index = 2560, .adv_w = 160, .box_w = 10, .box_h = 16, .ofs_x = 0, .ofs_y = 0},
    {.bitmap_index = 2580, .adv_w = 160, .box_w = 10, .box_h = 16, .ofs_x = 0, .ofs_y = 0},
    {.bitmap_index = 2600, .adv_w = 160, .box_w = 10, .box_h = 16, .ofs_x = 0, .ofs_y = 0},
    {.bitmap_index = 2620, .adv_w = 160, .box_w = 10, .box_h = 16, .ofs_x = 0, .ofs_y = 0},
    {.bitmap_index = 2640, .adv_w = 160, .box_w = 10, .box_h = 16, .ofs_x = 0, .ofs_y = 0},
    {.bitmap_index = 2660, .adv_w = 160, .box_w = 10, .box_h = 16, .ofs_x = 0, .ofs_y = 0},
    {.bitmap_index = 2680, .adv_w = 160, .box_w = 10, .box_h = 16, .ofs_x = 0, .ofs_y = 0},
    {.bitmap_index = 2700, .adv_w = 160, .box_w = 10, .box_h = 16, .ofs_x = 0, .ofs_y = 0},
    {.bitmap_index = 2720, .adv_w = 160, .box_w = 10, .box_h = 16, .ofs_x = 0, .ofs_y = 0},
    {.bitmap_index = 2740, .adv_w = 160, .box_w = 10, .box_h = 16, .ofs_x = 0, .ofs_y = 0},
    {.bitmap_index = 2760, .adv_w = 160, .box_w = 10, .box_h = 16, .ofs_x = 0, .ofs_y = 0},
    {.bitmap_index = 2780, .adv_w = 160, .box_w = 10, .box_h = 16, .ofs_x = 0, .ofs_y = 0},
    {.bitmap_index = 2800, .adv_w = 160, .box_w = 10, .box_h = 16, .ofs_x = 0, .ofs_y = 0},
    {.bitmap_index = 2820, .adv_w = 160, .box_w = 10, .box_h = 16, .ofs_x = 0, .ofs_y = 0},
    {.bitmap_index = 2840, .adv_w = 160, .box_w = 10, .box_h = 16, .ofs_x = 0, .ofs_y = 0},
    {.bitmap_index = 2860, .adv_w = 160, .box_w = 10, .box_h = 16, .ofs_x = 0, .ofs_y = 0},
    {.bitmap_index = 2880, .adv_w = 160, .box_w = 10, .box_h = 16, .ofs_x = 0, .ofs_y = 0},
    {.bitmap_index = 2900, .adv_w = 160, .box_w = 10, .box_h = 16, .ofs_x = 0, .ofs_y = 0},
    {.bitmap_index = 2920, .adv_w = 160, .box_w = 10, .box_h = 16, .ofs_x = 0, .ofs_y = 0},
    {.bitmap_index = 2940, .adv_w = 160, .box_w = 10, .box_h = 16, .ofs_x = 0, .ofs_y = 0},
    {.bitmap_index = 2960, .adv_w = 160, .box_w = 10, .box_h = 16, .ofs_x = 0, .ofs_y = 0},
    {.bitmap_index = 2980, .adv_w = 160, .box_w = 10, .box_h = 16, .ofs_x = 0, .ofs_y = 0},
    {.bitmap_index = 3000, .adv_w = 160, .box_w = 10, .box_h = 16, .ofs_x = 0, .ofs_y = 0},
    {.bitmap_index = 3020, .adv_w = 160, .box_w = 10, .box_h = 16, .ofs_x = 0, .ofs_y = 0},
    {.bitmap_index = 3040, .adv_w = 160, .box_w = 10, .box_h = 16, .ofs_x = 0, .ofs_y = 0},
    {.bitmap_index = 3060, .adv_w = 160, .box_w = 10, .box_h = 16, .ofs_x = 0, .ofs_y = 0},
    {.bitmap_index = 3080, .adv_w = 160, .box_w = 10, .box_h = 16, .ofs_x = 0, .ofs_y = 0},
    {.bitmap_index = 3100, .adv_w = 160, .box_w = 10, .box_h = 16, .ofs_x = 0, .ofs_y = 0},
    {.bitmap_index = 3120, .adv_w = 160, .box_w = 10, .box_h = 16, .ofs_x = 0, .ofs_y = 0},
    {.bitmap_index = 3140, .adv_w = 160, .box_w = 10, .box_h = 16, .ofs_x = 0, .ofs_y = 0},
    {.bitmap_index = 3160, .adv_w = 160, .box_w = 10, .box_h = 16, .ofs_x = 0, .ofs_y = 0},
    {.bitmap_index = 3180, .adv_w = 160, .box_w = 10, .box_h = 16, .ofs_x = 0, .ofs_y = 0},
    {.bitmap_index = 3200, .adv_w = 160, .box_w = 10, .box_h = 16, .ofs_x = 0, .ofs_y = 0},
    {.bitmap_index = 3220, .adv_w = 160, .box_w = 10, .box_h = 16, .ofs_x = 0, .ofs_y = 0},
    {.bitmap_index = 3240, .adv_w = 160, .box_w = 10, .box_h = 16, .ofs_x = 0, .ofs_y = 0},
    {.bitmap_index = 3260, .adv_w = 160, .box_w = 10, .box_h = 16, .ofs_x = 0, .ofs_y = 0},
    {.bitmap_index = 3280, .adv_w = 160, .box_w = 10, .box_h = 16, .ofs_x = 0, .ofs_y = 0},
    {.bitmap_index = 3300, .adv_w = 160, .box_w = 10, .box_h = 16, .ofs_x = 0, .ofs_y = 0},
    {.bitmap_index = 3320, .adv_w = 160, .box_w = 10, .box_h = 16, .ofs_x = 0, .ofs_y = 0},
    {.bitmap_index = 3340, .adv_w = 160, .box_w = 10, .box_h = 16, .ofs_x = 0, .ofs_y = 0},
    {.bitmap_index = 3360, .adv_w = 160, .box_w = 10, .box_h = 16, .ofs_x = 0, .ofs_y = 0},
    {.bitmap_index = 3380, .adv_w = 160, .box_w = 10, .box_h = 16, .ofs_x = 0, .ofs_y = 0},
    {.bitmap_index = 3400, .adv_w = 160, .box_w = 10, .box_h = 16, .ofs_x = 0, .ofs_y = 0},
    {.bitmap_index = 3420, .adv_w = 160, .box_w = 10, .box_h = 16, .ofs_x = 0, .ofs_y = 0},
    {.bitmap_index = 3440, .adv_w = 160, .box_w = 10, .box_h = 16, .ofs_x = 0, .ofs_y = 0},
    {.bitmap_index = 3460, .adv_w = 160, .box_w = 10, .box_h = 16, .ofs_x = 0, .ofs_y = 0},
    {.bitmap_index = 3480, .adv_w = 160, .box_w = 10, .box_h = 16, .ofs_x = 0, .ofs_y = 0},
    {.bitmap_index = 3500, .adv_w = 160, .box_w = 10, .box_h = 16, .ofs_x = 0, .ofs_y = 0},
    {.bitmap_index = 3520, .adv_w = 160, .box_w = 10, .box_h = 16, .ofs_x = 0, .ofs_y = 0},
    {.bitmap_index = 3540, .adv_w = 160, .box_w = 10, .box_h = 16, .ofs_x = 0, .ofs_y = 0},
    {.bitmap_index = 3560, .adv_w = 160, .box_w = 10, .box_h = 16, .ofs_x = 0, .ofs_y = 0},
    {.bitmap_index = 3580, .adv_w = 160, .box_w = 10, .box_h = 16, .ofs_x = 0, .ofs_y = 0},
    {.bitmap_index = 3600, .adv_w = 160, .box_w = 10, .box_h = 16, .ofs_x = 0, .ofs_y = 0},
    {.bitmap_index = 3620, .adv_w = 160, .box_w = 10, .box_h = 16, .ofs_x = 0, .ofs_y = 0},
    {.bitmap_index = 3640, .adv_w = 160, .box_w = 10, .box_h = 16, .ofs_x = 0, .ofs_y = 0},
    {.bitmap_index = 3660, .adv_w = 160, .box_w = 10, .box_h = 16, .ofs_x = 0, .ofs_y = 0},
    {.bitmap_index = 3680, .adv_w = 160, .box_w = 10, .box_h = 16, .ofs_x = 0, .ofs_y = 0},
    {.bitmap_index = 3700, .adv_w = 160, .box_w = 10, .box_h = 16, .ofs_x = 0, .ofs_y = 0},
    {.bitmap_index = 3720, .adv_w = 160, .box_w = 10, .box_h = 16, .ofs_x = 0, .ofs_y = 0},
    {.bitmap_index = 3740, .adv_w = 160, .box_w = 10, .box_h = 16, .ofs_x = 0, .ofs_y = 0},
    {.bitmap_index = 3760, .adv_w = 160, .box_w = 10, .box_h = 16, .ofs_x = 0, .ofs_y = 0},
    {.bitmap_index = 3780, .adv_w = 160, .box_w = 10, .box_h = 16, .ofs_x = 0, .ofs_y = 0},
    {.bitmap_index = 3800, .adv_w = 160, .box_w = 10, .box_h = 16, .ofs_x = 0, .ofs_y = 0},
    {.bitmap_index = 3820, .adv_w = 160, .box_w = 10, .box_h = 16, .ofs_x = 0, .ofs_y = 0},
    {.bitmap_index = 3840, .adv_w = 160, .box_w = 10, .box_h = 16, .ofs_x = 0, .ofs_y = 0},
    {.bitmap_index = 3860, .adv_w = 160, .box_w = 10, .box_h = 16, .ofs_x = 0, .ofs_y = 0},
    {.bitmap_index = 3880, .adv_w = 160, .box_w = 10, .box_h = 16, .ofs_x = 0, .ofs_y = 0},
    {.bitmap_index = 3900, .adv_w = 160, .box_w = 10, .box_h = 16, .ofs_x = 0, .ofs_y = 0},
    {.bitmap_index = 3920, .adv_w = 160, .box_w = 10, .box_h = 16, .ofs_x = 0, .ofs_y = 0},
    {.bitmap_index = 3940, .adv_w = 160, .box_w = 10, .box_h = 16, .ofs_x = 0, .ofs_y = 0},
    {.bitmap_index = 3960, .adv_w = 160, .box_w = 10, .box_h = 16, .ofs_x = 0, .ofs_y = 0},
    {.bitmap_index = 3980, .adv_w = 160, .box_w = 10, .box_h = 16, .ofs_x = 0, .ofs_y = 0},
    {.bitmap_index = 4000, .adv_w = 160, .box_w = 10, .box_h = 16, .ofs_x = 0, .ofs_y = 0},
    {.bitmap_index = 4020, .adv_w = 160, .box_w = 10, .box_h = 16, .ofs_x = 0, .ofs_y = 0},
    {.bitmap_index = 4040, .adv_w = 160, .box_w = 10, .box_h = 16, .ofs_x = 0, .ofs_y = 0},
    {.bitmap_index = 4060, .adv_w = 160, .box_w = 10, .box_h = 16, .ofs_x = 0, .ofs_y = 0},
    {.bitmap_index = 4080, .adv_w = 160, .box_w = 10, .box_h = 16, .ofs_x = 0, .ofs_y = 0},
    {.bitmap_index = 4100, .adv_w = 160, .box_w = 10, .box_h = 16, .ofs_x = 0, .ofs_y = 0},
    {.bitmap_index = 4120, .adv_w = 160, .box_w = 10, .box_h = 16, .ofs_x = 0, .ofs_y = 0},
    {.bitmap_index = 4140, .adv_w = 160, .box_w = 10, .box_h = 16, .ofs_x = 0, .ofs_y = 0},
    {.bitmap_index = 4160, .adv_w = 160, .box_w = 10, .box_h = 16, .ofs_x = 0, .ofs_y = 0},
    {.bitmap_index = 4180, .adv_w = 160, .box_w = 10, .box_h = 16, .ofs_x = 0, .ofs_y = 0},
    {.bitmap_index = 4200, .adv_w = 160, .box_w = 10, .box_h = 16, .ofs_x = 0, .ofs_y = 0},
    {.bitmap_index = 4220, .adv_w = 160, .box_w = 10, .box_h = 16, .ofs_x = 0, .ofs_y = 0},
    {.bitmap_index = 4240, .adv_w = 160, .box_w = 10, .box_h = 16, .ofs_x = 0, .ofs_y = 0},
    {.bitmap_index = 4260, .adv_w = 160, .box_w = 10, .box_h = 16, .ofs_x = 0, .ofs_y = 0},
    {.bitmap_index = 4280, .adv_w = 160, .box_w = 10, .box_h = 16, .ofs_x = 0, .ofs_y = 0},
    {.bitmap_index = 4300, .adv_w = 160, .box_w = 10, .box_h = 16, .ofs_x = 0, .ofs_y = 0},
    {.bitmap_index = 4320, .adv_w = 160, .box_w = 10, .box_h = 16, .ofs_x = 0, .ofs_y = 0},
    {.bitmap_index = 4340, .adv_w = 160, .box_w = 10, .box_h = 16, .ofs_x = 0, .ofs_y = 0},
    {.bitmap_index = 4360, .adv_w = 160, .box_w = 10, .box_h = 16, .ofs_x = 0, .ofs_y = 0},
    {.bitmap_index = 4380, .adv_w = 160, .box_w = 10, .box_h = 16, .ofs_x = 0, .ofs_y = 0},
    {.bitmap_index = 4400, .adv_w = 160, .box_w = 10, .box_h = 16, .ofs_x = 0, .ofs_y = 0},
    {.bitmap_index = 4420, .adv_w = 160, .box_w = 10, .box_h = 16, .ofs_x = 0, .ofs_y = 0},
    {.bitmap_index = 4440, .adv_w = 160, .box_w = 10, .box_h = 16, .ofs_x = 0, .ofs_y = 0},
    {.bitmap_index = 4460, .adv_w = 160, .box_w = 10, .box_h = 16, .ofs_x = 0, .ofs_y = 0},
    {.bitmap_index = 4480, .adv_w = 160, .box_w = 10, .box_h = 16, .ofs_x = 0, .ofs_y = 0},
    {.bitmap_index = 4500, .adv_w = 160, .box_w = 10, .box_h = 16, .ofs_x = 0, .ofs_y = 0},
    {.bitmap_index = 4520, .adv_w = 160, .box_w = 10, .box_h = 16, .ofs_x = 0, .ofs_y = 0},
    {.bitmap_index = 4540, .adv_w = 160, .box_w = 10, .box_h = 16, .ofs_x = 0, .ofs_y = 0},
    {.bitmap_index = 4560, .adv_w = 160, .box_w = 10, .box_h = 16, .ofs_x = 0, .ofs_y = 0},
    {.bitmap_index = 4580, .adv_w = 160, .box_w = 10, .box_h = 16, .ofs_x = 0, .ofs_y = 0},
    {.bitmap_index = 4600, .adv_w = 160, .box_w = 10, .box_h = 16, .ofs_x = 0, .ofs_y = 0},
    {.bitmap_index = 4620, .adv_w = 160, .box_w = 10, .box_h = 16, .ofs_x = 0, .ofs_y = 0},
    {.bitmap_index = 4640, .adv_w = 160, .box_w = 10, .box_h = 16, .ofs_x = 0, .ofs_y = 0},
    {.bitmap_index = 4660, .adv_w = 160, .box_w = 10, .box_h = 16, .ofs_x = 0, .ofs_y = 0},
    {.bitmap_index = 4680, .adv_w = 160, .box_w = 10, .box_h = 16, .ofs_x = 0, .ofs_y = 0},
    {.bitmap_index = 4700, .adv_w = 160, .box_w = 10, .box_h = 16, .ofs_x = 0, .ofs_y = 0},
    {.bitmap_index = 4720, .adv_w = 160, .box_w = 10, .box_h = 16, .ofs_x = 0, .ofs_y = 0},
    {.bitmap_index = 4740, .adv_w = 160, .box_w = 10, .box_h = 16, .ofs_x = 0, .ofs_y = 0},
    {.bitmap_index = 4760, .adv_w = 160, .box_w = 10, .box_h = 16, .ofs_x = 0, .ofs_y = 0},
    {.bitmap_index = 4780, .adv_w = 160, .box_w = 10, .box_h = 16, .ofs_x = 0, .ofs_y = 0},
    {.bitmap_index = 4800, .adv_w = 160, .box_w = 10, .box_h = 16, .ofs_x = 0, .ofs_y = 0},
    {.bitmap_index = 4820, .adv_w = 160, .box_w = 10, .box_h = 16, .ofs_x = 0, .ofs_y = 0},
    {.bitmap_index = 4840, .adv_w = 160, .box_w = 10, .box_h = 16, .ofs_x = 0, .ofs_y = 0},
    {.bitmap_index = 4860, .adv_w = 160, .box_w = 10, .box_h = 16, .ofs_x = 0, .ofs_y = 0},
    {.bitmap_index = 4880, .adv_w = 160, .box_w = 10, .box_h = 16, .ofs_x = 0, .ofs_y = 0},
    {.bitmap_index = 4900, .adv_w = 160, .box_w = 10, .box_h = 16, .ofs_x = 0, .ofs_y = 0},
    {.bitmap_index = 4920, .adv_w = 160, .box_w = 10, .box_h = 16, .ofs_x = 0, .ofs_y = 0},
    {.bitmap_index = 4940, .adv_w = 160, .box_w = 10, .box_h = 16, .ofs_x = 0, .ofs_y = 0},
    {.bitmap_index = 4960, .adv_w = 160, .box_w = 10, .box_h = 16, .ofs_x = 0, .ofs_y = 0},
    {.bitmap_index = 4980, .adv_w = 160, .box_w = 10, .box_h = 16, .ofs_x = 0, .ofs_y = 0},
    {.bitmap_index = 5000, .adv_w = 160, .box_w = 10, .box_h = 16, .ofs_x = 0, .ofs_y = 0},
    {.bitmap_index = 5020, .adv_w = 160, .box_w = 10, .box_h = 16, .ofs_x = 0, .ofs_y = 0},
    {.bitmap_index = 5040, .adv_w = 160, .box_w = 10, .box_h = 16, .ofs_x = 0, .ofs_y = 0},
    {.bitmap_index = 5060, .adv_w = 160, .box_w = 10, .box_h = 16, .ofs_x = 0, .ofs_y = 0},
    {.bitmap_index = 5080, .adv_w = 160, .box_w = 10, .box_h = 16, .ofs_x = 0, .ofs_y = 0},
    {.bitmap_index = 5100, .adv_w = 160, .box_w = 10, .box_h = 16, .ofs_x = 0, .ofs_y = 0},
    {.bitmap_index = 5120, .adv_w = 160, .box_w = 10, .box_h = 16, .ofs_x = 0, .ofs_y = 0},
    {.bitmap_index = 5140, .adv_w = 160, .box_w = 10, .box_h = 16, .ofs_x = 0, .ofs_y = 0},
    {.bitmap_index = 5160, .adv_w = 160, .box_w = 10, .box_h = 16, .ofs_x = 0, .ofs_y = 0},
    {.bitmap_index = 5180, .adv_w = 160, .box_w = 10, .box_h = 16, .ofs_x = 0, .ofs_y = 0},
    {.bitmap_index = 5200, .adv_w = 160, .box_w = 10, .box_h = 16, .ofs_x = 0, .ofs_y = 0},
    {.bitmap_index = 5220, .adv_w = 160, .box_w = 10, .box_h = 16, .ofs_x = 0, .ofs_y = 0},
    {.bitmap_index = 5240, .adv_w = 160, .box_w = 10, .box_h = 16, .ofs_x = 0, .ofs_y = 0},
    {.bitmap_index = 5260, .adv_w = 160, .box_w = 10, .box_h = 16, .ofs_x = 0, .ofs_y = 0},
    {.bitmap_index = 5280, .adv_w = 160, .box_w = 10, .box_h = 16, .ofs_x = 0, .ofs_y = 0},
    {.bitmap_index = 5300, .adv_w = 160, .box_w = 10, .box_h = 16, .ofs_x = 0, .ofs_y = 0},
    {.bitmap_index = 5320, .adv_w = 160, .box_w = 10, .box_h = 16, .ofs_x = 0, .ofs_y = 0},
    {.bitmap_index = 5340, .adv_w = 160, .box_w = 10, .box_h = 16, .ofs_x = 0, .ofs_y = 0},
    {.bitmap_index = 5360, .adv_w = 160, .box_w = 10, .box_h = 16, .ofs_x = 0, .ofs_y = 0},
    {.bitmap_index = 5380, .adv_w = 160, .box_w = 10, .box_h = 16, .ofs_x = 0, .ofs_y = 0},
    {.bitmap_index = 5400, .adv_w = 160, .box_w = 10, .box_h = 16, .ofs_x = 0, .ofs_y = 0},
    {.bitmap_index = 5420, .adv_w = 160, .box_w = 10, .box_h = 16, .ofs_x = 0, .ofs_y = 0},
    {.bitmap_index = 5440, .adv_w = 160, .box_w = 10, .box_h = 16, .ofs_x = 0, .ofs_y = 0},
    {.bitmap_index = 5460, .adv_w = 160, .box_w = 10, .box_h = 16, .ofs_x = 0, .ofs_y = 0},
    {.bitmap_index = 5480, .adv_w = 160, .box_w = 10, .box_h = 16, .ofs_x = 0, .ofs_y = 0},
    {.bitmap_index = 5500, .adv_w = 160, .box_w = 10, .box_h = 16, .ofs_x = 0, .ofs_y = 0},
    {.bitmap_index = 5520, .adv_w = 160, .box_w = 10, .box_h = 16, .ofs_x = 0, .ofs_y = 0},
    {.bitmap_index = 5540, .adv_w = 160, .box_w = 10, .box_h = 16, .ofs_x = 0, .ofs_y = 0},
    {.bitmap_index = 5560, .adv_w = 160, .box_w = 10, .box_h = 16, .ofs_x = 0, .ofs_y = 0},
    {.bitmap_index = 5580, .adv_w = 160, .box_w = 10, .box_h = 16, .ofs_x = 0, .ofs_y = 0},
    {.bitmap_index = 5600, .adv_w = 160, .box_w = 10, .box_h = 16, .ofs_x = 0, .ofs_y = 0},
    {.bitmap_index = 5620, .adv_w = 160, .box_w = 10, .box_h = 16, .ofs_x = 0, .ofs_y = 0},
    {.bitmap_index = 5640, .adv_w = 160, .box_w = 10, .box_h = 16, .ofs_x = 0, .ofs_y = 0},
    {.bitmap_index = 5660, .adv_w = 160, .box_w = 10, .box_h = 16, .ofs_x = 0, .ofs_y = 0},
    {.bitmap_index = 5680, .adv_w = 160, .box_w = 10, .box_h = 16, .ofs_x = 0, .ofs_y = 0},
    {.bitmap_index = 5700, .adv_w = 160, .box_w = 10, .box_h = 16, .ofs_x = 0, .ofs_y = 0},
    {.bitmap_index = 5720, .adv_w = 160, .box_w = 10, .box_h = 16, .ofs_x = 0, .ofs_y = 0},
    {.bitmap_index = 5740, .adv_w = 160, .box_w = 10, .box_h = 16, .ofs_x = 0, .ofs_y = 0},
    {.bitmap_index = 5760, .adv_w = 160, .box_w = 10, .box_h = 16, .ofs_x = 0, .ofs_y = 0},
    {.bitmap_index = 5780, .adv_w = 160, .box_w = 10, .box_h = 16, .ofs_x = 0, .ofs_y = 0},
    {.bitmap_index = 5800, .adv_w = 160, .box_w = 10, .box_h = 16, .ofs_x = 0, .ofs_y = 0},
    {.bitmap_index = 5820, .adv_w = 160, .box_w = 10, .box_h = 16, .ofs_x = 0, .ofs_y = 0},
    {.bitmap_index = 5840, .adv_w = 160, .box_w = 10, .box_h = 16, .ofs_x = 0, .ofs_y = 0},
    {.bitmap_index = 5860, .adv_w = 160, .box_w = 10, .box_h = 16, .ofs_x = 0, .ofs_y = 0},
    {.bitmap_index = 5880, .adv_w = 160, .box_w = 10, .box_h = 16, .ofs_x = 0, .ofs_y = 0},
    {.bitmap_index = 5900, .adv_w = 160, .box_w = 10, .box_h = 16, .ofs_x = 0, .ofs_y = 0},
    {.bitmap_index = 5920, .adv_w = 160, .box_w = 10, .box_h = 16, .ofs_x = 0, .ofs_y = 0},
    {.bitmap_index = 5940, .adv_w = 160, .box_w = 10, .box_h = 16, .ofs_x = 0, .ofs_y = 0},
    {.bitmap_index = 5960, .adv_w = 160, .box_w = 10, .box_h = 16, .ofs_x = 0, .ofs_y = 0},
    {.bitmap_index = 5980, .adv_w = 160, .box_w = 10, .box_h = 16, .ofs_x = 0, .ofs_y = 0},
    {.bitmap_index = 6000, .adv_w = 160, .box_w = 10, .box_h = 16, .ofs_x = 0, .ofs_y = 0},
    {.bitmap_index = 6020, .adv_w = 160, .box_w = 10, .box_h = 16, .ofs_x = 0, .ofs_y = 0},
    {.bitmap_index = 6040, .adv_w = 160, .box_w = 10, .box_h = 16, .ofs_x = 0, .ofs_y = 0},
    {.bitmap_index = 6060, .adv_w = 160, .box_w = 10, .box_h = 16, .ofs_x = 0, .ofs_y = 0},
    {.bitmap_index = 6080, .adv_w = 160, .box_w = 10, .box_h = 16, .ofs_x = 0, .ofs_y = 0},
    {.bitmap_index = 6100, .adv_w = 160, .box_w = 10, .box_h = 16, .ofs_x = 0, .ofs_y = 0},
    {.bitmap_index = 6120, .adv_w = 160, .box_w = 10, .box_h = 16, .ofs_x = 0, .ofs_y = 0},
    {.bitmap_index = 6140, .adv_w = 160, .box_w = 10, .box_h = 16, .ofs_x = 0, .ofs_y = 0},
    {.bitmap_index = 6160, .adv_w = 160, .box_w = 10, .box_h = 16, .ofs_x = 0, .ofs_y = 0},
    {.bitmap_index = 6180, .adv_w = 160, .box_w = 10, .box_h = 16, .ofs_x = 0, .ofs_y = 0},
    {.bitmap_index = 6200, .adv_w = 160, .box_w = 10, .box_h = 16, .ofs_x = 0, .ofs_y = 0},
    {.bitmap_index = 6220, .adv_w = 160, .box_w = 10, .box_h = 16, .ofs_x = 0, .ofs_y = 0},
    {.bitmap_index = 6240, .adv_w = 160, .box_w = 10, .box_h = 16, .ofs_x = 0, .ofs_y = 0},
    {.bitmap_index = 6260, .adv_w = 160, .box_w = 10, .box_h = 16, .ofs_x = 0, .ofs_y = 0},
    {.bitmap_index = 6280, .adv_w = 160, .box_w = 10, .box_h = 16, .ofs_x = 0, .ofs_y = 0},
    {.bitmap_index = 6300, .adv_w = 160, .box_w = 10, .box_h = 16, .ofs_x = 0, .ofs_y = 0},
    {.bitmap_index = 6320, .adv_w = 160, .box_w = 10, .box_h = 16, .ofs_x = 0, .ofs_y = 0},
    {.bitmap_index = 6340, .adv_w = 160, .box_w = 10, .box_h = 16, .ofs_x = 0, .ofs_y = 0},
    {.bitmap_index = 6360, .adv_w = 160, .box_w = 10, .box_h = 16, .ofs_x = 0, .ofs_y = 0},
    {.bitmap_index = 6380, .adv_w = 160, .box_w = 10, .box_h = 16, .ofs_x = 0, .ofs_y = 0},
    {.bitmap_index = 6400, .adv_w = 160, .box_w = 10, .box_h = 16, .ofs_x = 0, .ofs_y = 0},
    {.bitmap_index = 6420, .adv_w = 160, .box_w = 10, .box_h = 16, .ofs_x = 0, .ofs_y = 0},
    {.bitmap_index = 6440, .adv_w = 160, .box_w = 10, .box_h = 16, .ofs_x = 0, .ofs_y = 0},
    {.bitmap_index = 6460, .adv_w = 160, .box_w = 10, .box_h = 16, .ofs_x = 0, .ofs_y = 0},
    {.bitmap_index = 6480, .adv_w = 160, .box_w = 10, .box_h = 16, .ofs_x = 0, .ofs_y = 0},
    {.bitmap_index = 6500, .adv_w = 160, .box_w = 10, .box_h = 16, .ofs_x = 0, .ofs_y = 0},
    {.bitmap_index = 6520, .adv_w = 160, .box_w = 10, .box_h = 16, .ofs_x = 0, .ofs_y = 0},
    {.bitmap_index = 6540, .adv_w = 160, .box_w = 10, .box_h = 16, .ofs_x = 0, .ofs_y = 0},
    {.bitmap_index = 6560, .adv_w = 160, .box_w = 10, .box_h = 16, .ofs_x = 0, .ofs_y = 0},
    {.bitmap_index = 6580, .adv_w = 160, .box_w = 10, .box_h = 16, .ofs_x = 0, .ofs_y = 0},
    {.bitmap_index = 6600, .adv_w = 160, .box_w = 10, .box_h = 16, .ofs_x = 0, .ofs_y = 0},
    {.bitmap_index = 6620, .adv_w = 160, .box_w = 10, .box_h = 16, .ofs_x = 0, .ofs_y = 0},
    {.bitmap_index = 6640, .adv_w = 160, .box_w = 10, .box_h = 16, .ofs_x = 0, .ofs_y = 0},
    {.bitmap_index = 6660, .adv_w = 160, .box_w = 10, .box_h = 16, .ofs_x = 0, .ofs_y = 0},
    {.bitmap_index = 6680, .adv_w = 160, .box_w = 10, .box_h = 16, .ofs_x = 0, .ofs_y = 0},
    {.bitmap_index = 6700, .adv_w = 160, .box_w = 10, .box_h = 16, .ofs_x = 0, .ofs_y = 0},
    {.bitmap_index = 6720, .adv_w = 160, .box_w = 10, .box_h = 16, .ofs_x = 0, .ofs_y = 0},
    {.bitmap_index = 6740, .adv_w = 160, .box_w = 10, .box_h = 16, .ofs_x = 0, .ofs_y = 0},
    {.bitmap_index = 6760, .adv_w = 160, .box_w = 10, .box_h = 16, .ofs_x = 0, .ofs_y = 0},
    {.bitmap_index = 6780, .adv_w = 160, .box_w = 10, .box_h = 16, .ofs_x = 0, .ofs_y = 0},
    {.bitmap_index = 6800, .adv_w = 160, .box_w = 10, .box_h = 16, .ofs_x = 0, .ofs_y = 0},
    {.bitmap_index = 6820, .adv_w = 160, .box_w = 10, .box_h = 16, .ofs_x = 0, .ofs_y = 0},
    {.bitmap_index = 6840, .adv_w = 160, .box_w = 10, .box_h = 16, .ofs_x = 0, .ofs_y = 0},
    {.bitmap_index = 6860, .adv_w = 160, .box_w = 10, .box_h = 16, .ofs_x = 0, .ofs_y = 0},
    {.bitmap_index = 6880, .adv_w = 160, .box_w = 10, .box_h = 16, .ofs_x = 0, .ofs_y = 0},
    {.bitmap_index = 6900, .adv_w = 160, .box_w = 10, .box_h = 16, .ofs_x = 0, .ofs_y = 0},
    {.bitmap_index = 6920, .adv_w = 160, .box_w = 10, .box_h = 16, .ofs_x = 0, .ofs_y = 0},
    {.bitmap_index = 6940, .adv_w = 160, .box_w = 10, .box_h = 16, .ofs_x = 0, .ofs_y = 0},
    {.bitmap_index = 6960, .adv_w = 160, .box_w = 10, .box_h = 16, .ofs_x = 0, .ofs_y = 0},
    {.bitmap_index = 6980, .adv_w = 160, .box_w = 10, .box_h = 16, .ofs_x = 0, .ofs_y = 0},
    {.bitmap_index = 7000, .adv_w = 160, .box_w = 10, .box_h = 16, .ofs_x = 0, .ofs_y = 0},
    {.bitmap_index = 7020, .adv_w = 160, .box_w = 10, .box_h = 16, .ofs_x = 0, .ofs_y = 0},
    {.bitmap_index = 7040, .adv_w = 160, .box_w = 10, .box_h = 16, .ofs_x = 0, .ofs_y = 0},
    {.bitmap_index = 7060, .adv_w = 160, .box_w = 10, .box_h = 16, .ofs_x = 0, .ofs_y = 0},
    {.bitmap_index = 7080, .adv_w = 160, .box_w = 10, .box_h = 16, .ofs_x = 0, .ofs_y = 0},
    {.bitmap_index = 7100, .adv_w = 160, .box_w = 10, .box_h = 16, .ofs_x = 0, .ofs_y = 0},
    {.bitmap_index = 7120, .adv_w = 160, .box_w = 10, .box_h = 16, .ofs_x = 0, .ofs_y = 0},
    {.bitmap_index = 7140, .adv_w = 160, .box_w = 10, .box_h = 16, .ofs_x = 0, .ofs_y = 0},
    {.bitmap_index = 7160, .adv_w = 160, .box_w = 10, .box_h = 16, .ofs_x = 0, .ofs_y = 0},
    {.bitmap_index = 7180, .adv_w = 160, .box_w = 10, .box_h = 16, .ofs_x = 0, .ofs_y = 0},
    {.bitmap_index = 7200, .adv_w = 160, .box_w = 10, .box_h = 16, .ofs_x = 0, .ofs_y = 0},
    {.bitmap_index = 7220, .adv_w = 160, .box_w = 10, .box_h = 16, .ofs_x = 0, .ofs_y = 0},
    {.bitmap_index = 7240, .adv_w = 160, .box_w = 10, .box_h = 16, .ofs_x = 0, .ofs_y = 0},
    {.bitmap_index = 7260, .adv_w = 160, .box_w = 10, .box_h = 16, .ofs_x = 0, .ofs_y = 0},
    {.bitmap_index = 7280, .adv_w = 160, .box_w = 10, .box_h = 16, .ofs_x = 0, .ofs_y = 0},
    {.bitmap_index = 7300, .adv_w = 160, .box_w = 10, .box_h = 16, .ofs_x = 0, .ofs_y = 0},
    {.bitmap_index = 7320, .adv_w = 160, .box_w = 10, .box_h = 16, .ofs_x = 0, .ofs_y = 0},
    {.bitmap_index = 7340, .adv_w = 160, .box_w = 10, .box_h = 16, .ofs_x = 0, .ofs_y = 0},
    {.bitmap_index = 7360, .adv_w = 160, .box_w = 10, .box_h = 16, .ofs_x = 0, .ofs_y = 0},
    {.bitmap_index = 7380, .adv_w = 160, .box_w = 10, .box_h = 16, .ofs_x = 0, .ofs_y = 0},
    {.bitmap_index = 7400, .adv_w = 160, .box_w = 10, .box_h = 16, .ofs_x = 0, .ofs_y = 0},
    {.bitmap_index = 7420, .adv_w = 160, .box_w = 10, .box_h = 16, .ofs_x = 0, .ofs_y = 0},
    {.bitmap_index = 7440, .adv_w = 160, .box_w = 10, .box_h = 16, .ofs_x = 0, .ofs_y = 0},
    {.bitmap_index = 7460, .adv_w = 160, .box_w = 10, .box_h = 16, .ofs_x = 0, .ofs_y = 0},
    {.bitmap_index = 7480, .adv_w = 160, .box_w = 10, .box_h = 16, .ofs_x = 0, .ofs_y = 0},
    {.bitmap_index = 7500, .adv_w = 160, .box_w = 10, .box_h = 16, .ofs_x = 0, .ofs_y = 0},
    {.bitmap_index = 7520, .adv_w = 160, .box_w = 10, .box_h = 16, .ofs_x = 0, .ofs_y = 0},
    {.bitmap_index = 7540, .adv_w = 160, .box_w = 10, .box_h = 16, .ofs_x = 0, .ofs_y = 0},
    {.bitmap_index = 7560, .adv_w = 160, .box_w = 10, .box_h = 16, .ofs_x = 0, .ofs_y = 0},
    {.bitmap_index = 7580, .adv_w = 160, .box_w = 10, .box_h = 16, .ofs_x = 0, .ofs_y = 0},
    {.bitmap_index = 7600, .adv_w = 160, .box_w = 10, .box_h = 16, .ofs_x = 0, .ofs_y = 0},
    {.bitmap_index = 7620, .adv_w = 160, .box_w = 10, .box_h = 16, .ofs_x = 0, .ofs_y = 0},
    {.bitmap_index = 7640, .adv_w = 160, .box_w = 10, .box_h = 16, .ofs_x = 0, .ofs_y = 0},
    {.bitmap_index = 7660, .adv_w = 160, .box_w = 10, .box_h = 16, .ofs_x = 0, .ofs_y = 0},
    {.bitmap_index = 7680, .adv_w = 160, .box_w = 10, .box_h = 16, .ofs_x = 0, .ofs_y = 0},
    {.bitmap_index = 7700, .adv_w = 160, .box_w = 10, .box_h = 16, .ofs_x = 0, .ofs_y = 0},
    {.bitmap_index = 7720, .adv_w = 160, .box_w = 10, .box_h = 16, .ofs_x = 0, .ofs_y = 0},
    {.bitmap_index = 7740, .adv_w = 160, .box_w = 10, .box_h = 16, .ofs_x = 0, .ofs_y = 0},
    {.bitmap_index = 7760, .adv_w = 160, .box_w = 10, .box_h = 16, .ofs_x = 0, .ofs_y = 0},
    {.bitmap_index = 7780, .adv_w = 160, .box_w = 10, .box_h = 16, .ofs_x = 0, .ofs_y = 0},
    {.bitmap_index = 7800, .adv_w = 160, .box_w = 10, .box_h = 16, .ofs_x = 0, .ofs_y = 0},
    {.bitmap_index = 7820, .adv_w = 160, .box_w = 10, .box_h = 16, .ofs_x = 0, .ofs_y = 0},
    {.bitmap_index = 7840, .adv_w = 160, .box_w = 10, .box_h = 16, .ofs_x = 0, .ofs_y = 0},
    {.bitmap_index = 7860, .adv_w = 160, .box_w = 10, .box_h = 16, .ofs_x = 0, .ofs_y = 0},
    {.bitmap_index = 7880, .adv_w = 160, .box_w = 10, .box_h = 16, .ofs_x = 0, .ofs_y = 0},
    {.bitmap_index = 7900, .adv_w = 160, .box_w = 10, .box_h = 16, .ofs_x = 0, .ofs_y = 0},
    {.bitmap_index = 7920, .adv_w = 160, .box_w = 10, .box_h = 16, .ofs_x = 0, .ofs_y = 0},
    {.bitmap_index = 7940, .adv_w = 160, .box_w = 10, .box_h = 16, .ofs_x = 0, .ofs_y = 0},
    {.bitmap_index = 7960, .adv_w = 160, .box_w = 10, .box_h = 16, .ofs_x = 0, .ofs_y = 0},
    {.bitmap_index = 7980, .adv_w = 160, .box_w = 10, .box_h = 16, .ofs_x = 0, .ofs_y = 0},
    {.bitmap_index = 8000, .adv_w = 160, .box_w = 10, .box_h = 16, .ofs_x = 0, .ofs_y = 0},
    {.bitmap_index = 8020, .adv_w = 160, .box_w = 10, .box_h = 16, .ofs_x = 0, .ofs_y = 0},
    {.bitmap_index = 8040, .adv_w = 160, .box_w = 10, .box_h = 16, .ofs_x = 0, .ofs_y = 0},
    {.bitmap_index = 8060, .adv_w = 160, .box_w = 10, .box_h = 16, .ofs_x = 0, .ofs_y = 0},
    {.bitmap_index = 8080, .adv_w = 160, .box_w = 10, .box_h = 16, .ofs_x = 0, .ofs_y = 0},
    {.bitmap_index = 8100, .adv_w = 160, .box_w = 10, .box_h = 16, .ofs_x = 0, .ofs_y = 0},
    {.bitmap_index = 8120, .adv_w = 160, .box_w = 10, .box_h = 16, .ofs_x = 0, .ofs_y = 0},
    {.bitmap_index = 8140, .adv_w = 160, .box_w = 10, .box_h = 16, .ofs_x = 0, .ofs_y = 0},
    {.bitmap_index = 8160, .adv_w = 160, .box_w = 10, .box_h = 16, .ofs_x = 0, .ofs_y = 0},
    {.bitmap_index = 8180, .adv_w = 160, .box_w = 10, .box_h = 16, .ofs_x = 0, .ofs_y = 0},
    {.bitmap_index = 8200, .adv_w = 160, .box_w = 10, .box_h = 16, .ofs_x = 0, .ofs_y = 0},
    {.bitmap_index = 8220, .adv_w = 160, .box_w = 10, .box_h = 16, .ofs_x = 0, .ofs_y = 0},
    {.bitmap_index = 8240, .adv_w = 160, .box_w = 10, .box_h = 16, .ofs_x = 0, .ofs_y = 0},
    {.bitmap_index = 8260, .adv_w = 160, .box_w = 10, .box_h = 16, .ofs_x = 0, .ofs_y = 0},
    {.bitmap_index = 8280, .adv_w = 160, .box_w = 10, .box_h = 16, .ofs_x = 0, .ofs_y = 0},
    {.bitmap_index = 8300, .adv_w = 160, .box_w = 10, .box_h = 16, .ofs_x = 0, .ofs_y = 0},
    {.bitmap_index = 8320, .adv_w = 160, .box_w = 10, .box_h = 16, .ofs_x = 0, .ofs_y = 0},
    {.bitmap_index = 8340, .adv_w = 160, .box_w = 10, .box_h = 16, .ofs_x = 0, .ofs_y = 0},
    {.bitmap_index = 8360, .adv_w = 160, .box_w = 10, .box_h = 16, .ofs_x = 0, .ofs_y = 0},
    {.bitmap_index = 8380, .adv_w = 160, .box_w = 10, .box_h = 16, .ofs_x = 0, .ofs_y = 0},
    {.bitmap_index = 8400, .adv_w = 160, .box_w = 10, .box_h = 16, .ofs_x = 0, .ofs_y = 0},
    {.bitmap_index = 8420, .adv_w = 160, .box_w = 10, .box_h = 16, .ofs_x = 0, .ofs_y = 0},
    {.bitmap_index = 8440, .adv_w = 160, .box_w = 10, .box_h = 16, .ofs_x = 0, .ofs_y = 0},
    {.bitmap_index = 8460, .adv_w = 160, .box_w = 10, .box_h = 16, .ofs_x = 0, .ofs_y = 0},
    {.bitmap_index = 8480, .adv_w = 160, .box_w = 10, .box_h = 16, .ofs_x = 0, .ofs_y = 0},
    {.bitmap_index = 8500, .adv_w = 160, .box_w = 10, .box_h = 16, .ofs_x = 0, .ofs_y = 0},
    {.bitmap_index = 8520, .adv_w = 160, .box_w = 10, .box_h = 16, .ofs_x = 0, .ofs_y = 0},
    {.bitmap_index = 8540, .adv_w = 160, .box_w = 10, .box_h = 16, .ofs_x = 0, .ofs_y = 0},
    {.bitmap_index = 8560, .adv_w = 160, .box_w = 10, .box_h = 16, .ofs_x = 0, .ofs_y = 0},
    {.bitmap_index = 8580, .adv_w = 160, .box_w = 10, .box_h = 16, .ofs_x = 0, .ofs_y = 0},
    {.bitmap_index = 8600, .adv_w = 160, .box_w = 10, .box_h = 16, .ofs_x = 0, .ofs_y = 0},
    {.bitmap_index = 8620, .adv_w = 160, .box_w = 10, .box_h = 16, .ofs_x = 0, .ofs_y = 0},
    {.bitmap_index = 8640, .adv_w = 160, .box_w = 10, .box_h = 16, .ofs_x = 0, .ofs_y = 0},
    {.bitmap_index = 8660, .adv_w = 160, .box_w = 10, .box_h = 16, .ofs_x = 0, .ofs_y = 0},
    {.bitmap_index = 8680, .adv_w = 160, .box_w = 10, .box_h = 16, .ofs_x = 0, .ofs_y = 0},
    {.bitmap_index = 8700, .adv_w = 160, .box_w = 10, .box_h = 16, .ofs_x = 0, .ofs_y = 0},
    {.bitmap_index = 8720, .adv_w = 160, .box_w = 10, .box_h = 16, .ofs_x = 0, .ofs_y = 0},
    {.bitmap_index = 8740, .adv_w = 160, .box_w = 10, .box_h = 16, .ofs_x = 0, .ofs_y = 0},
    {.bitmap_index = 8760, .adv_w = 160, .box_w = 10, .box_h = 16, .ofs_x = 0, .ofs_y = 0},
    {.bitmap_index = 8780, .adv_w = 160, .box_w = 10, .box_h = 16, .ofs_x = 0, .ofs_y = 0},
    {.bitmap_index = 8800, .adv_w = 160, .box_w = 10, .box_h = 16, .ofs_x = 0, .ofs_y = 0},
    {.bitmap_index = 8820, .adv_w = 160, .box_w = 10, .box_h = 16, .ofs_x = 0, .ofs_y = 0},
    {.bitmap_index = 8840, .adv_w = 160, .box_w = 10, .box_h = 16, .ofs_x = 0, .ofs_y = 0},
    {.bitmap_index = 8860, .adv_w = 160, .box_w = 10, .box_h = 16, .ofs_x = 0, .ofs_y = 0},
    {.bitmap_index = 8880, .adv_w = 160, .box_w = 10, .box_h = 16, .ofs_x = 0, .ofs_y = 0},
    {.bitmap_index = 8900, .adv_w = 160, .box_w = 10, .box_h = 16, .ofs_x = 0, .ofs_y = 0},
    {.bitmap_index = 8920, .adv_w = 160, .box_w = 10, .box_h = 16, .ofs_x = 0, .ofs_y = 0},
    {.bitmap_index = 8940, .adv_w = 160, .box_w = 10, .box_h = 16, .ofs_x = 0, .ofs_y = 0},
    {.bitmap_index = 8960, .adv_w = 160, .box_w = 10, .box_h = 16, .ofs_x = 0, .ofs_y = 0},
    {.bitmap_index = 8980, .adv_w = 160, .box_w = 10, .box_h = 16, .ofs_x = 0, .ofs_y = 0},
    {.bitmap_index = 9000, .adv_w = 160, .box_w = 10, .box_h = 16, .ofs_x = 0, .ofs_y = 0},
    {.bitmap_index = 9020, .adv_w = 160, .box_w = 10, .box_h = 16, .ofs_x = 0, .ofs_y = 0},
    {.bitmap_index = 9040, .adv_w = 160, .box_w = 10, .box_h = 16, .ofs_x = 0, .ofs_y = 0},
    {.bitmap_index = 9060, .adv_w = 160, .box_w = 10, .box_h = 16, .ofs_x = 0, .ofs_y = 0},
    {.bitmap_index = 9080, .adv_w = 160, .box_w = 10, .box_h = 16, .ofs_x = 0, .ofs_y = 0},
    {.bitmap_index = 9100, .adv_w = 160, .box_w = 10, .box_h = 16, .ofs_x = 0, .ofs_y = 0},
    {.bitmap_index = 9120, .adv_w = 160, .box_w = 10, .box_h = 16, .ofs_x = 0, .ofs_y = 0},
    {.bitmap_index = 9140, .adv_w = 160, .box_w = 10, .box_h = 16, .ofs_x = 0, .ofs_y = 0},
    {.bitmap_index = 9160, .adv_w = 160, .box_w = 10, .box_h = 16, .ofs_x = 0, .ofs_y = 0},
    {.bitmap_index = 9180, .adv_w = 160, .box_w = 10, .box_h = 16, .ofs_x = 0, .ofs_y = 0},
    {.bitmap_index = 9200, .adv_w = 160, .box_w = 10, .box_h = 16, .ofs_x = 0, .ofs_y = 0},
    {.bitmap_index = 9220, .adv_w = 160, .box_w = 10, .box_h = 16, .ofs_x = 0, .ofs_y = 0},
    {.bitmap_index = 9240, .adv_w = 160, .box_w = 10, .box_h = 16, .ofs_x = 0, .ofs_y = 0},
    {.bitmap_index = 9260, .adv_w = 160, .box_w = 10, .box_h = 16, .ofs_x = 0, .ofs_y = 0},
    {.bitmap_index = 9280, .adv_w = 160, .box_w = 10, .box_h = 16, .ofs_x = 0, .ofs_y = 0},
    {.bitmap_index = 9300, .adv_w = 160, .box_w = 10, .box_h = 16, .ofs_x = 0, .ofs_y = 0},
    {.bitmap_index = 9320, .adv_w = 160, .box_w = 10, .box_h = 16, .ofs_x = 0, .ofs_y = 0},
    {.bitmap_index = 9340, .adv_w = 160, .box_w = 10, .box_h = 16, .ofs_x = 0, .ofs_y = 0},
    {.bitmap_index = 9360, .adv_w = 160, .box_w = 10, .box_h = 16, .ofs_x = 0, .ofs_y = 0},
    {.bitmap_index = 9380, .adv_w = 160, .box_w = 10, .box_h = 16, .ofs_x = 0, .ofs_y = 0},
    {.bitmap_index = 9400, .adv_w = 160, .box_w = 10, .box_h = 16, .ofs_x = 0, .ofs_y = 0},
    {.bitmap_index = 9420, .adv_w = 160, .box_w = 10, .box_h = 16, .ofs_x = 0, .ofs_y = 0},
    {.bitmap_index = 9440, .adv_w = 160, .box_w = 10, .box_h = 16, .ofs_x = 0, .ofs_y = 0},
    {.bitmap_index = 9460, .adv_w = 160, .box_w = 10, .box_h = 16, .ofs_x = 0, .ofs_y = 0},
    {.bitmap_index = 9480, .adv_w = 160, .box_w = 10, .box_h = 16, .ofs_x = 0, .ofs_y = 0},
    {.bitmap_index = 9500, .adv_w = 160, .box_w = 10, .box_h = 16, .ofs_x = 0, .ofs_y = 0},
    {.bitmap_index = 9520, .adv_w = 160, .box_w = 10, .box_h = 16, .ofs_x = 0, .ofs_y = 0},
    {.bitmap_index = 9540, .adv_w = 160, .box_w = 10, .box_h = 16, .ofs_x = 0, .ofs_y = 0},
    {.bitmap_index = 9560, .adv_w = 160, .box_w = 10, .box_h = 16, .ofs_x = 0, .ofs_y = 0},
    {.bitmap_index = 9580, .adv_w = 160, .box_w = 10, .box_h = 16, .ofs_x = 0, .ofs_y = 0},
    {.bitmap_index = 9600, .adv_w = 160, .box_w = 10, .box_h = 16, .ofs_x = 0, .ofs_y = 0},
};

static const lv_font_fmt_txt_cmap_t cmaps_10x16[] = {
    {.range_start = 0x20, .range_length = 96, .glyph_id_start = 1, .unicode_list = NULL, .glyph_id_ofs_list = NULL, .list_length = 0, .type = LV_FONT_FMT_TXT_CMAP_FORMAT0_TINY},
    {.range_start = 0x2500, .range_length = 128, .glyph_id_start = 97, .unicode_list = NULL, .glyph_id_ofs_list = NULL, .list_length = 0, .type = LV_FONT_FMT_TXT_CMAP_FORMAT0_TINY},
    {.range_start = 0x2600, .range_length = 256, .glyph_id_start = 225, .unicode_list = NULL, .glyph_id_ofs_list = NULL, .list_length = 0, .type = LV_FONT_FMT_TXT_CMAP_FORMAT0_TINY},
};

static const lv_font_fmt_txt_dsc_t fdsc_10x16 = {
    .glyph_bitmap = bitmap_10x16,
    .glyph_dsc = dsc_10x16,
    .cmaps = cmaps_10x16,
    .kern_dsc = NULL,
    .kern_scale = 0,
    .cmap_num = 3,
    .bpp = 1,
    .kern_classes = 0,
    .bitmap_format = 0,
};

const lv_font_t lv_font_tui_10x16 = {
    .get_glyph_dsc = lv_font_get_glyph_dsc_fmt_txt,
    .get_glyph_bitmap = lv_font_get_bitmap_fmt_txt,
    .line_height = 16,
    .base_line = 0,
    .subpx = LV_FONT_SUBPX_NONE,
    .underline_position = 0,
    .underline_thickness = 0,
    .dsc = &fdsc_10x16,
};

static LV_ATTRIBUTE_LARGE_CONST const uint8_t bitmap_8x12[] = {
    0x00, 0x00, 0x00, 0x00, 0x00, 0x00, 0x00, 0x00, 0x00, 0x00, 0x00, 0x00,
    0x00, 0x00, 0x00, 0x00, 0x00, 0x00, 0x00, 0x00, 0x00, 0x00, 0x00, 0x00,
    0x18, 0x18, 0x18, 0x18, 0x18, 0x18, 0x18, 0x18, 0x00, 0x10, 0x10, 0x00,
    0x66, 0x66, 0x66, 0x66, 0x00, 0x00, 0x00, 0x00, 0x00, 0x00, 0x00, 0x00,
    0x6c, 0x6c, 0x7c, 0xfe, 0x7c, 0xfe, 0xfe, 0x00, 0x6c, 0x6c, 0x48, 0x00,
    0x18, 0x3e, 0x7e, 0x60, 0x3c, 0x3c, 0x06, 0x06, 0x7c, 0x38, 0x10, 0x00,
    0x00, 0x83, 0xc7, 0xcc, 0x1c, 0x08, 0x00, 0x30, 0x63, 0xc3, 0xc3, 0x00,
    0x30, 0x6c, 0x6c, 0x30, 0x76, 0x42, 0x00, 0xdc, 0xcc, 0x66, 0x66, 0x00,
    0x18, 0x18, 0x30, 0x30, 0x00, 0x00, 0x00, 0x00, 0x00, 0x00, 0x00, 0x00,
    0x0c, 0x18, 0x30, 0x30, 0x30, 0x30, 0x30, 0x30, 0x18, 0x18, 0x08, 0x00,
    0x30, 0x30, 0x18, 0x0c, 0x0c, 0x08, 0x0c, 0x08, 0x18, 0x30, 0x20, 0x00,
    0x66, 0x62, 0x20, 0x3c, 0xff, 0x3c, 0x3c, 0x66, 0x00, 0x00, 0x00, 0x00,
    0x00, 0x10, 0x18, 0x18, 0x7e, 0x7e, 0x00, 0x18, 0x18, 0x00, 0x00, 0x00,
    0x00, 0x00, 0x00, 0x00, 0x00, 0x00, 0x00, 0x00, 0x18, 0x18, 0x30, 0x30,
    0x00, 0x00, 0x00, 0x00, 0x7e, 0x7e, 0x00, 0x00, 0x00, 0x00, 0x00, 0x00,
    0x00, 0x00, 0x00, 0x00, 0x00, 0x00, 0x00, 0x00, 0x18, 0x18, 0x10, 0x00,
    0x03, 0x02, 0x06, 0x0c, 0x18, 0x08, 0x00, 0x30, 0x60, 0xc0, 0xc0, 0x00,
    0x3c, 0x66, 0x66, 0x6e, 0x76, 0x62, 0x00, 0x66, 0x66, 0x3e, 0x3c, 0x00,
    0x10, 0x38, 0x38, 0x18, 0x18, 0x18, 0x18, 0x18, 0x18, 0x7e, 0x7e, 0x00,
    0x3c, 0x66, 0x46, 0x0c, 0x18, 0x10, 0x00, 0x20, 0x60, 0x7e, 0x7e, 0x00,
    0x3c, 0x66, 0x66, 0x06, 0x0c, 0x0c, 0x06, 0x06, 0x66, 0x7c, 0x3c, 0x00,
    0x0c, 0x3c, 0x3c, 0x6c, 0xcc, 0xfe, 0xfe, 0x00, 0x0c, 0x0c, 0x04, 0x00,
    0x7e, 0x60, 0x60, 0x7c, 0x04, 0x06, 0x06, 0x06, 0x66, 0x7e, 0x3c, 0x00,
    0x18, 0x30, 0x60, 0x60, 0x78, 0x38, 0x00, 0x66, 0x66, 0x3c, 0x38, 0x00,
    0x7c, 0x6c, 0x04, 0x04, 0x0c, 0x18, 0x18, 0x18, 0x18, 0x18, 0x10, 0x00,
    0x3c, 0x66, 0x66, 0x66, 0x3c, 0x3c, 0x00, 0x66, 0x66, 0x3c, 0x3c, 0x00,
    0x3c, 0x66, 0x66, 0x66, 0x3e, 0x3e, 0x06, 0x00, 0x0c, 0x38, 0x30, 0x00,
    0x00, 0x10, 0x18, 0x18, 0x00, 0x00, 0x00, 0x00, 0x18, 0x18, 0x10, 0x00,
    0x00, 0x10, 0x18, 0x18, 0x00, 0x00, 0x00, 0x00, 0x18, 0x18, 0x30, 0x30,
    0x0c, 0x18, 0x30, 0x30, 0x60, 0x60, 0x20, 0x30, 0x18, 0x0c, 0x04, 0x00,
    0x00, 0x00, 0x00, 0x7e, 0x00, 0x7e, 0x7e, 0x00, 0x00, 0x00, 0x00, 0x00,
    0x60, 0x60, 0x30, 0x18, 0x0c, 0x04, 0x00, 0x18, 0x30, 0x60, 0x40, 0x00,
    0x3c, 0x66, 0x66, 0x06, 0x0c, 0x04, 0x00, 0x18, 0x00, 0x10, 0x10, 0x00,
    0x7c, 0xc6, 0xc6, 0xde, 0xde, 0xde, 0xde, 0xde, 0xc0, 0x7c, 0x7c, 0x00,
    0x18, 0x3c, 0x7e, 0x66, 0x66, 0x7e, 0x7e, 0x00, 0x66, 0x66, 0x42, 0x00,
    0x7c, 0x66, 0x66, 0x66, 0x7c, 0x5c, 0x40, 0x66, 0x66, 0x7c, 0x7c, 0x00,
    0x3c, 0x66, 0x66, 0x60, 0x60, 0x60, 0x60, 0x60, 0x66, 0x7e, 0x3c, 0x00,
    0x78, 0x6c, 0x66, 0x66, 0x66, 0x66, 0x66, 0x66, 0x6c, 0x7c, 0x78, 0x00,
    0x7e, 0x60, 0x60, 0x60, 0x7c, 0x7c, 0x60, 0x60, 0x60, 0x7e, 0x7e, 0x00,
    0x7e, 0x60, 0x60, 0x60, 0x7c, 0x60, 0x60, 0x60, 0x60, 0x60, 0x40, 0x00,
    0x3c, 0x66, 0x62, 0x60, 0x6e, 0x6e, 0x66, 0x66, 0x66, 0x7e, 0x3e, 0x00,
    0x66, 0x66, 0x66, 0x66, 0x7e, 0x66, 0x66, 0x66, 0x66, 0x66, 0x42, 0x00,
    0x7e, 0x38, 0x18, 0x18, 0x18, 0x18, 0x18, 0x18, 0x18, 0x7e, 0x7e, 0x00,
    0x06, 0x06, 0x06, 0x06, 0x06, 0x06, 0x06, 0x06, 0x66, 0x7e, 0x3c, 0x00,
    0xc6, 0xc6, 0xcc, 0xd8, 0xf0, 0xf8, 0xc8, 0xcc, 0xc4, 0xc6, 0xc2, 0x00,
    0x60, 0x60, 0x60, 0x60, 0x60, 0x60, 0x60, 0x60, 0x60, 0x7e, 0x7e, 0x00,
    0xc6, 0xe6, 0xfe, 0xfe, 0xde, 0xc6, 0xc6, 0xc6, 0xc6, 0xc6, 0xc2, 0x00,
    0xc6, 0xe6, 0xe6, 0xf6, 0xde, 0xce, 0xce, 0xc6, 0xc6, 0xc6, 0xc2, 0x00,
    0x3c, 0x66, 0x66, 0x66, 0x66, 0x66, 0x66, 0x66, 0x66, 0x7e, 0x3c, 0x00,
    0x7c, 0x66, 0x66, 0x66, 0x7c, 0x60, 0x60, 0x60, 0x60, 0x60, 0x40, 0x00,
    0x3c, 0x66, 0x66, 0x66, 0x66, 0x66, 0x66, 0x66, 0x6c, 0x36, 0x32, 0x00,
    0x7c, 0x66, 0x66, 0x66, 0x7c, 0x6c, 0x64, 0x64, 0x66, 0x66, 0x42, 0x00,
    0x3c, 0x66, 0x62, 0x60, 0x3c, 0x3c, 0x04, 0x06, 0x66, 0x7c, 0x3c, 0x00,
    0x7e, 0x38, 0x18, 0x18, 0x18, 0x18, 0x18, 0x18, 0x18, 0x18, 0x10, 0x00,
    0x66, 0x66, 0x66, 0x66, 0x66, 0x66, 0x66, 0x66, 0x66, 0x7e, 0x3c, 0x00,
    0x66, 0x66, 0x66, 0x66, 0x66, 0x66, 0x66, 0x66, 0x3c, 0x38, 0x10, 0x00,
    0xc6, 0xc6, 0xc6, 0xc6, 0xde, 0xc0, 0xc0, 0xfe, 0xee, 0xc6, 0xc2, 0x00,
    0xc3, 0x62, 0x76, 0x3c, 0x00, 0x08, 0x1c, 0x3c, 0x66, 0xc3, 0xc1, 0x00,
    0xc3, 0x62, 0x66, 0x3c, 0x18, 0x18, 0x18, 0x18, 0x18, 0x18, 0x08, 0x00,
    0x7e, 0x76, 0x06, 0x0c, 0x18, 0x10, 0x00, 0x20, 0x60, 0x7e, 0x7e, 0x00,
    0x3c, 0x30, 0x30, 0x30, 0x30, 0x30, 0x30, 0x30, 0x30, 0x3c, 0x3c, 0x00,
    0xc0, 0x40, 0x60, 0x20, 0x00, 0x18, 0x0c, 0x06, 0x06, 0x03, 0x03, 0x00,
    0x38, 0x18, 0x08, 0x08, 0x08, 0x08, 0x08, 0x08, 0x08, 0x3c, 0x38, 0x00,
    0x10, 0x38, 0x3c, 0x64, 0xc3, 0x81, 0x00, 0x00, 0x00, 0x00, 0x00, 0x00,
    0x00, 0x00, 0x00, 0x00, 0x00, 0x00, 0x00, 0x00, 0x00, 0x00, 0x00, 0xff,
    0x18, 0x18, 0x0c, 0x04, 0x00, 0x00, 0x00, 0x00, 0x00, 0x00, 0x00, 0x00,
    0x00, 0x00, 0x00, 0x3c, 0x04, 0x06, 0x06, 0x3e, 0x66, 0x7e, 0x3e, 0x00,
    0x60, 0x60, 0x60, 0x7c, 0x66, 0x66, 0x66, 0x66, 0x66, 0x7c, 0x7c, 0x00,
    0x00, 0x00, 0x00, 0x3c, 0x60, 0x60, 0x60, 0x60, 0x60, 0x7c, 0x3c, 0x00,
    0x06, 0x06, 0x06, 0x3e, 0x66, 0x66, 0x66, 0x66, 0x66, 0x7e, 0x3e, 0x00,
    0x00, 0x00, 0x00, 0x3c, 0x66, 0x60, 0x60, 0x7e, 0x60, 0x7c, 0x3c, 0x00,
    0x18, 0x30, 0x70, 0x78, 0x30, 0x30, 0x30, 0x30, 0x30, 0x30, 0x20, 0x00,
    0x00, 0x00, 0x00, 0x3e, 0x00, 0x66, 0x66, 0x66, 0x3e, 0x06, 0x06, 0x7c,
    0x60, 0x60, 0x60, 0x7c, 0x66, 0x66, 0x66, 0x66, 0x66, 0x66, 0x42, 0x00,
    0x18, 0x00, 0x00, 0x38, 0x38, 0x18, 0x18, 0x18, 0x18, 0x1c, 0x1c, 0x00,
    0x0c, 0x00, 0x00, 0x0c, 0x0c, 0x0c, 0x0c, 0x0c, 0x0c, 0x0c, 0x0c, 0x78,
    0x60, 0x60, 0x60, 0x66, 0x6c, 0x7c, 0x78, 0x00, 0x6c, 0x66, 0x42, 0x00,
    0x38, 0x38, 0x18, 0x18, 0x18, 0x18, 0x18, 0x18, 0x18, 0x1c, 0x1c, 0x00,
    0x00, 0x00, 0x00, 0xcc, 0xfe, 0xc6, 0xc6, 0xde, 0xde, 0xc6, 0xc2, 0x00,
    0x00, 0x00, 0x00, 0x7c, 0x66, 0x66, 0x66, 0x66, 0x66, 0x66, 0x42, 0x00,
    0x00, 0x00, 0x00, 0x3c, 0x66, 0x66, 0x66, 0x66, 0x66, 0x7e, 0x3c, 0x00,
    0x00, 0x00, 0x00, 0x7c, 0x66, 0x66, 0x66, 0x7c, 0x00, 0x60, 0x60, 0x60,
    0x00, 0x3e, 0x3e, 0x00, 0x66, 0x66, 0x66, 0x3e, 0x06, 0x06, 0x06, 0x06,
    0x00, 0x00, 0x00, 0x7c, 0x66, 0x62, 0x60, 0x60, 0x60, 0x60, 0x40, 0x00,
    0x00, 0x00, 0x00, 0x3e, 0x60, 0x60, 0x20, 0x3c, 0x06, 0x7e, 0x7c, 0x00,
    0x30, 0x30, 0x70, 0x7e, 0x30, 0x30, 0x30, 0x30, 0x30, 0x3e, 0x1e, 0x00,
    0x00, 0x00, 0x00, 0x66, 0x66, 0x66, 0x66, 0x66, 0x66, 0x7e, 0x3e, 0x00,
    0x00, 0x00, 0x00, 0x66, 0x66, 0x66, 0x66, 0x66, 0x3c, 0x38, 0x10, 0x00,
    0x00, 0x00, 0x00, 0xc0, 0xc6, 0xc6, 0xc6, 0xde, 0x7c, 0x6c, 0x44, 0x00,
    0x00, 0x00, 0x00, 0xc6, 0x6c, 0x64, 0x20, 0x30, 0x6c, 0xc6, 0xc2, 0x00,
    0x00, 0x00, 0x00, 0x66, 0x66, 0x66, 0x66, 0x66, 0x3e, 0x06, 0x06, 0x3c,
    0x00, 0x00, 0x00, 0x7e, 0x0c, 0x00, 0x00, 0x30, 0x30, 0x7e, 0x7e, 0x00,
    0x0e, 0x18, 0x18, 0x18, 0x70, 0x70, 0x18, 0x18, 0x18, 0x0e, 0x06, 0x00,
    0x18, 0x18, 0x18, 0x18, 0x18, 0x18, 0x18, 0x18, 0x18, 0x18, 0x10, 0x00,
    0x70, 0x30, 0x18, 0x18, 0x0e, 0x06, 0x00, 0x18, 0x18, 0x70, 0x60, 0x00,
    0x76, 0xde, 0xcc, 0x00, 0x00, 0x00, 0x00, 0x00, 0x00, 0x00, 0x00, 0x00,
    0xc0, 0x80, 0xa0, 0xae, 0xa4, 0xc4, 0xc4, 0x04, 0x04, 0x04, 0x00, 0x00,
    0x00, 0x00, 0x00, 0x00, 0x00, 0xff, 0xff, 0xff, 0x00, 0x00, 0x00, 0x00,
    0x00, 0x00, 0x00, 0xff, 0xff, 0xff, 0xff, 0xff, 0xff, 0x00, 0x00, 0x00,
    0x18, 0x18, 0x18, 0x18, 0x18, 0x18, 0x18, 0x18, 0x18, 0x18, 0x18, 0x18,
    0x3c, 0x3c, 0x3c, 0x3c, 0x3c, 0x3c, 0x3c, 0x3c, 0x3c, 0x3c, 0x3c, 0x3c,
    0x00, 0x00, 0x00, 0x00, 0x00, 0xcd, 0xdd, 0xdd, 0x00, 0x00, 0x00, 0x00,
    0x00, 0x00, 0x00, 0x8c, 0xdd, 0xdd, 0xdd, 0xdd, 0xdd, 0x00, 0x00, 0x00,
    0x18, 0x18, 0x10, 0x00, 0x00, 0x10, 0x18, 0x18, 0x18, 0x00, 0x00, 0x18,
    0x3c, 0x3c, 0x38, 0x00, 0x00, 0x3c, 0x3c, 0x3c, 0x3c, 0x00, 0x00, 0x3c,
    0x00, 0x00, 0x00, 0x00, 0x00, 0xa8, 0xaa, 0xaa, 0x00, 0x00, 0x00, 0x00,
    0x00, 0x00, 0x00, 0x00, 0x00, 0xa8, 0xaa, 0xaa, 0x00, 0x00, 0x00, 0x00,
    0x10, 0x00, 0x00, 0x18, 0x00, 0x00, 0x10, 0x10, 0x00, 0x10, 0x10, 0x00,
    0x3c, 0x00, 0x00, 0x3c, 0x00, 0x00, 0x38, 0x3c, 0x00, 0x3c, 0x3c, 0x00,
    0x00, 0x00, 0x00, 0x00, 0x1e, 0x1f, 0x1f, 0x1e, 0x18, 0x10, 0x18, 0x18,
    0x00, 0x00, 0x00, 0x1f, 0x1f, 0x1f, 0x1f, 0x1f, 0x1f, 0x18, 0x10, 0x18,
    0x00, 0x00, 0x00, 0x00, 0x3f, 0x3f, 0x3f, 0x3f, 0x3c, 0x3c, 0x3c, 0x3c,
    0x00, 0x00, 0x00, 0x3f, 0x3f, 0x3f, 0x3f, 0x3f, 0x3f, 0x3c, 0x3c, 0x3c,
    0x00, 0x00, 0x00, 0x00, 0x00, 0xf0, 0xf8, 0xf8, 0x18, 0x18, 0x18, 0x18,
    0x00, 0x00, 0x00, 0xf0, 0xf8, 0xf8, 0xf8, 0xf8, 0xf8, 0x38, 0x18, 0x18,
    0x00, 0x00, 0x00, 0x00, 0x00, 0xfc, 0xfc, 0xfc, 0x3c, 0x3c, 0x3c, 0x3c,
    0x00, 0x00, 0x00, 0xf8, 0xfc, 0xfc, 0xfc, 0xfc, 0xfc, 0x3c, 0x3c, 0x3c,
    0x10, 0x10, 0x18, 0x18, 0x18, 0x1e, 0x1f, 0x1f, 0x00, 0x00, 0x00, 0x00,
    0x10, 0x10, 0x18, 0x1e, 0x1f, 0x1f, 0x1f, 0x1f, 0x1f, 0x00, 0x00, 0x00,
    0x28, 0x3c, 0x3c, 0x3c, 0x3c, 0x3f, 0x3f, 0x3f, 0x00, 0x00, 0x00, 0x00,
    0x3c, 0x3c, 0x3c, 0x3e, 0x3f, 0x3f, 0x3f, 0x3f, 0x3f, 0x00, 0x00, 0x00,
    0x10, 0x10, 0x18, 0x18, 0x18, 0xf8, 0xf8, 0xf0, 0x00, 0x00, 0x00, 0x00,
    0x10, 0x10, 0x18, 0xf8, 0xf8, 0xf8, 0xf8, 0xf8, 0xf8, 0x00, 0x00, 0x00,
    0x28, 0x3c, 0x3c, 0x3c, 0x3c, 0xfc, 0xfc, 0xfc, 0x00, 0x00, 0x00, 0x00,
    0x3c, 0x3c, 0x3c, 0xfc, 0xfc, 0xfc, 0xfc, 0xfc, 0xfc, 0x00, 0x00, 0x00,
    0x18, 0x18, 0x10, 0x18, 0x1e, 0x1f, 0x1f, 0x1e, 0x18, 0x10, 0x18, 0x18,
    0x18, 0x10, 0x18, 0x1f, 0x1f, 0x1f, 0x1f, 0x1f, 0x1f, 0x18, 0x10, 0x18,
    0x3c, 0x3c, 0x3c, 0x3c, 0x3f, 0x3f, 0x3f, 0x1f, 0x18, 0x18, 0x18, 0x18,
    0x18, 0x18, 0x18, 0x1f, 0x1f, 0x3f, 0x3f, 0x3f, 0x3f, 0x3c, 0x3c, 0x3c,
    0x3c, 0x3c, 0x3c, 0x3c, 0x3f, 0x3f, 0x3f, 0x3f, 0x3c, 0x3c, 0x3c, 0x3c,
    0x3c, 0x3c, 0x3c, 0x3f, 0x3f, 0x3f, 0x1f, 0x1f, 0x1f, 0x18, 0x18, 0x18,
    0x18, 0x18, 0x18, 0x18, 0x1f, 0x3f, 0x3f, 0x3f, 0x3c, 0x3c, 0x3c, 0x3c,
    0x3c, 0x3c, 0x3c, 0x3f, 0x3f, 0x3f, 0x3f, 0x3f, 0x3f, 0x3c, 0x3c, 0x3c,
    0x10, 0x10, 0x18, 0x18, 0x18, 0xf8, 0xf8, 0xf8, 0x18, 0x18, 0x18, 0x18,
    0x10, 0x10, 0x18, 0xf8, 0xf8, 0xf8, 0xf8, 0xf8, 0xf8, 0x38, 0x18, 0x18,
    0x3c, 0x3c, 0x3c, 0x3c, 0xfc, 0xfc, 0xf8, 0xf8, 0x18, 0x18, 0x18, 0x18,
    0x18, 0x18, 0x18, 0xf8, 0xf8, 0xf8, 0xfc, 0xfc, 0xfc, 0x3c, 0x3c, 0x3c,
    0x28, 0x3c, 0x3c, 0x3c, 0x3c, 0xfc, 0xfc, 0xfc, 0x3c, 0x3c, 0x3c, 0x3c,
    0x3c, 0x3c, 0x3c, 0xfc, 0xfc, 0xfc, 0xf8, 0xf8, 0xf8, 0x18, 0x18, 0x18,
    0x18, 0x18, 0x18, 0x18, 0xf8, 0xf8, 0xfc, 0xfc, 0x3c, 0x3c, 0x3c, 0x3c,
    0x3c, 0x3c, 0x3c, 0xfc, 0xfc, 0xfc, 0xfc, 0xfc, 0xfc, 0x3c, 0x3c, 0x3c,
    0x00, 0x00, 0x00, 0x00, 0xfe, 0xff, 0xff, 0xfe, 0x18, 0x10, 0x18, 0x18,
    0x00, 0x00, 0x00, 0xf0, 0xff, 0xff, 0xff, 0xff, 0xf8, 0x18, 0x18, 0x18,
    0x00, 0x00, 0x00, 0x0f, 0x0f, 0xff, 0xff, 0xff, 0x1f, 0x18, 0x10, 0x18,
    0x00, 0x00, 0x00, 0xff, 0xff, 0xff, 0xff, 0xff, 0xff, 0x38, 0x10, 0x18,
    0x00, 0x00, 0x00, 0x00, 0xff, 0xff, 0xff, 0xff, 0x3c, 0x3c, 0x3c, 0x3c,
    0x00, 0x00, 0x00, 0xf0, 0xff, 0xff, 0xff, 0xff, 0xfc, 0x3c, 0x3c, 0x3c,
    0x00, 0x00, 0x00, 0x0f, 0x0f, 0xff, 0xff, 0xff, 0x3f, 0x3c, 0x3c, 0x3c,
    0x00, 0x00, 0x00, 0xff, 0xff, 0xff, 0xff, 0xff, 0xff, 0x3c, 0x3c, 0x3c,
    0x10, 0x10, 0x18, 0x18, 0x18, 0xfe, 0xff, 0xff, 0x00, 0x00, 0x00, 0x00,
    0x18, 0x18, 0x18, 0xf8, 0xff, 0xff, 0xff, 0xff, 0xf0, 0x00, 0x00, 0x00,
    0x10, 0x10, 0x18, 0x1e, 0x3f, 0xff, 0xff, 0xff, 0x0f, 0x00, 0x00, 0x00,
    0x10, 0x10, 0x18, 0xfe, 0xff, 0xff, 0xff, 0xff, 0xff, 0x00, 0x00, 0x00,
    0x28, 0x3c, 0x3c, 0x3c, 0x3c, 0xff, 0xff, 0xff, 0x00, 0x00, 0x00, 0x00,
    0x3c, 0x3c, 0x3c, 0xfc, 0xff, 0xff, 0xff, 0xff, 0xf0, 0x00, 0x00, 0x00,
    0x3c, 0x3c, 0x3c, 0x3e, 0x3f, 0xff, 0xff, 0xff, 0x0f, 0x00, 0x00, 0x00,
    0x3c, 0x3c, 0x3c, 0xfe, 0xff, 0xff, 0xff, 0xff, 0xff, 0x00, 0x00, 0x00,
    0x18, 0x18, 0x10, 0x18, 0xfe, 0xff, 0xff, 0xfe, 0x18, 0x10, 0x18, 0x18,
    0x18, 0x18, 0x30, 0xf8, 0xfe, 0xff, 0xff, 0xfe, 0xf8, 0x30, 0x18, 0x18,
    0x10, 0x10, 0x18, 0x1f, 0x1f, 0xff, 0xff, 0xff, 0x1f, 0x18, 0x10, 0x18,
    0x18, 0x10, 0x38, 0xff, 0xff, 0xff, 0xff, 0xff, 0xff, 0x38, 0x10, 0x18,
    0x3c, 0x3c, 0x3c, 0x3c, 0xff, 0xff, 0xff, 0xff, 0x18, 0x18, 0x18, 0x18,
    0x18, 0x18, 0x18, 0x18, 0xff, 0xff, 0xff, 0xff, 0x3c, 0x3c, 0x3c, 0x3c,
    0x3c, 0x3c, 0x3c, 0x3c, 0xff, 0xff, 0xff, 0xff, 0x3c, 0x3c, 0x3c, 0x3c,
    0x3c, 0x3c, 0x3c, 0xfc, 0xff, 0xff, 0xff, 0xff, 0xf8, 0x18, 0x18, 0x18,
    0x28, 0x3c, 0x3c, 0x3f, 0x3f, 0xff, 0xff, 0xff, 0x1f, 0x18, 0x18, 0x18,
    0x18, 0x18, 0x38, 0xf8, 0xff, 0xff, 0xff, 0xff, 0xfc, 0x3c, 0x3c, 0x3c,
    0x18, 0x18, 0x18, 0x1f, 0x1f, 0xff, 0xff, 0xff, 0x3f, 0x3c, 0x3c, 0x3c,
    0x3c, 0x3c, 0x3c, 0xff, 0xff, 0xff, 0xff, 0xff, 0xff, 0x38, 0x18, 0x18,
    0x18, 0x18, 0x38, 0xff, 0xff, 0xff, 0xff, 0xff, 0xff, 0x3c, 0x3c, 0x3c,
    0x3c, 0x3c, 0x3c, 0xfc, 0xff, 0xff, 0xff, 0xff, 0xfc, 0x3c, 0x3c, 0x3c,
    0x28, 0x3c, 0x3c, 0x3f, 0x3f, 0xff, 0xff, 0xff, 0x3f, 0x3c, 0x3c, 0x3c,
    0x3c, 0x3c, 0x3c, 0xff, 0xff, 0xff, 0xff, 0xff, 0xff, 0x3c, 0x3c, 0x3c,
    0x00, 0x00, 0x00, 0x00, 0x00, 0x91, 0x99, 0x91, 0x00, 0x00, 0x00, 0x00,
    0x00, 0x00, 0x00, 0x91, 0x99, 0x99, 0x99, 0x99, 0x99, 0x00, 0x00, 0x00,
    0x18, 0x10, 0x00, 0x00, 0x00, 0x10, 0x18, 0x10, 0x00, 0x00, 0x10, 0x18,
    0x3c, 0x20, 0x00, 0x00, 0x00, 0x38, 0x3c, 0x3c, 0x00, 0x00, 0x38, 0x3c,
    0x00, 0x00, 0x00, 0xff, 0x00, 0x00, 0xff, 0xff, 0x00, 0x00, 0x00, 0x00,
    0x68, 0x68, 0x68, 0x68, 0x68, 0x68, 0x68, 0x68, 0x68, 0x68, 0x68, 0x68,
    0x00, 0x00, 0x00, 0x1f, 0x1e, 0x1e, 0x1e, 0x1e, 0x18, 0x10, 0x18, 0x18,
    0x00, 0x00, 0x00, 0x00, 0x7e, 0x7e, 0x7e, 0x7e, 0x68, 0x68, 0x68, 0x68,
    0x00, 0x00, 0x00, 0x7f, 0x7f, 0x6e, 0x6e, 0x6e, 0x68, 0x68, 0x68, 0x68,
    0x00, 0x00, 0x00, 0xf8, 0x18, 0x18, 0xf8, 0xf8, 0x18, 0x18, 0x18, 0x18,
    0x00, 0x00, 0x00, 0x00, 0xf8, 0xf8, 0xf8, 0xf8, 0x68, 0x68, 0x68, 0x68,
    0x00, 0x00, 0x00, 0xf8, 0x18, 0x08, 0x88, 0xe8, 0x68, 0x68, 0x68, 0x68,
    0x18, 0x10, 0x18, 0x1f, 0x1e, 0x18, 0x19, 0x1f, 0x00, 0x00, 0x00, 0x00,
    0x68, 0x68, 0x68, 0x68, 0x7e, 0x7e, 0x7e, 0x7e, 0x00, 0x00, 0x00, 0x00,
    0x48, 0x68, 0x6c, 0x6e, 0x60, 0x60, 0x7e, 0x7f, 0x00, 0x00, 0x00, 0x00,
    0x18, 0x18, 0x38, 0xf8, 0x18, 0x10, 0xf8, 0xf0, 0x00, 0x00, 0x00, 0x00,
    0x68, 0x68, 0x68, 0x68, 0xf8, 0xf8, 0xf8, 0xf8, 0x00, 0x00, 0x00, 0x00,
    0x68, 0x68, 0x68, 0xe8, 0x08, 0x08, 0xd8, 0xf8, 0x00, 0x00, 0x00, 0x00,
    0x18, 0x10, 0x18, 0x1f, 0x1e, 0x1f, 0x1f, 0x1f, 0x18, 0x10, 0x18, 0x18,
    0x68, 0x68, 0x68, 0x68, 0x6e, 0x6e, 0x6e, 0x6e, 0x68, 0x68, 0x68, 0x68,
    0x68, 0x68, 0x6c, 0x6e, 0x60, 0x60, 0x6f, 0x6f, 0x6c, 0x68, 0x68, 0x68,
    0x18, 0x18, 0x38, 0xf8, 0x18, 0x18, 0xf8, 0xf8, 0x18, 0x18, 0x18, 0x18,
    0x68, 0x68, 0x68, 0x68, 0xe8, 0xe8, 0xe8, 0xe8, 0x68, 0x68, 0x68, 0x68,
    0x68, 0x68, 0x68, 0xe8, 0x08, 0x08, 0x88, 0xe8, 0x68, 0x68, 0x68, 0x68,
    0x00, 0x00, 0x00, 0xff, 0x00, 0x00, 0xff, 0xff, 0x18, 0x18, 0x18, 0x18,
    0x00, 0x00, 0x00, 0x00, 0xfe, 0xfe, 0xfe, 0xfe, 0x68, 0x68, 0x68, 0x68,
    0x00, 0x00, 0x00, 0xff, 0x00, 0x00, 0xef, 0x6f, 0x6c, 0x6c, 0x6c, 0x6c,
    0x18, 0x18, 0x3c, 0xff, 0x00, 0x00, 0xff, 0xff, 0x00, 0x00, 0x00, 0x00,
    0x68, 0x68, 0x68, 0x68, 0xfe, 0xfe, 0xfe, 0xfe, 0x00, 0x00, 0x00, 0x00,
    0x6c, 0x6c, 0x6e, 0xef, 0x00, 0x00, 0xff, 0xff, 0x00, 0x00, 0x00, 0x00,
    0x18, 0x10, 0x38, 0xff, 0xfe, 0xff, 0xff, 0xff, 0x18, 0x10, 0x18, 0x18,
    0x68, 0x68, 0x68, 0x68, 0xfe, 0xfe, 0xfe, 0xfe, 0x68, 0x68, 0x68, 0x68,
    0x68, 0x68, 0xec, 0xee, 0x00, 0x00, 0xef, 0x6f, 0x6c, 0x68, 0x68, 0x68,
    0x00, 0x00, 0x00, 0x00, 0x06, 0x0f, 0x0f, 0x1e, 0x1c, 0x18, 0x10, 0x18,
    0x00, 0x00, 0x00, 0x00, 0xc0, 0xe0, 0xf0, 0xf0, 0x38, 0x18, 0x18, 0x18,
    0x18, 0x18, 0x18, 0x38, 0xf8, 0xf0, 0xf0, 0xe0, 0x00, 0x00, 0x00, 0x00,
    0x10, 0x10, 0x18, 0x18, 0x1c, 0x1e, 0x0f, 0x07, 0x00, 0x00, 0x00, 0x00,
    0x03, 0x03, 0x06, 0x0c, 0x1c, 0x38, 0x38, 0x70, 0x60, 0xc0, 0x80, 0x80,
    0xc0, 0x40, 0x60, 0x30, 0x18, 0x18, 0x1c, 0x0c, 0x06, 0x03, 0x01, 0x01,
    0xc3, 0x43, 0x66, 0x3c, 0x3c, 0x3c, 0x3c, 0x7e, 0x46, 0xc3, 0x81, 0x81,
    0x00, 0x00, 0x00, 0x00, 0x00, 0xf0, 0xf0, 0xf0, 0x00, 0x00, 0x00, 0x00,
    0x18, 0x18, 0x18, 0x18, 0x18, 0x10, 0x00, 0x00, 0x00, 0x00, 0x00, 0x00,
    0x00, 0x00, 0x00, 0x00, 0x00, 0x0f, 0x0f, 0x0f, 0x00, 0x00, 0x00, 0x00,
    0x00, 0x00, 0x00, 0x00, 0x00, 0x00, 0x10, 0x18, 0x18, 0x18, 0x18, 0x18,
    0x00, 0x00, 0x00, 0xe0, 0xf0, 0xf0, 0xf0, 0xf0, 0xf0, 0x00, 0x00, 0x00,
    0x3c, 0x3c, 0x3c, 0x3c, 0x3c, 0x3c, 0x00, 0x00, 0x00, 0x00, 0x00, 0x00,
    0x00, 0x00, 0x00, 0x07, 0x0f, 0x0f, 0x0f, 0x0f, 0x0f, 0x00, 0x00, 0x00,
    0x00, 0x00, 0x00, 0x00, 0x00, 0x00, 0x3c, 0x3c, 0x3c, 0x3c, 0x3c, 0x3c,
    0x00, 0x00, 0x00, 0x00, 0x0f, 0xff, 0xff, 0xff, 0x0f, 0x00, 0x00, 0x00,
    0x18, 0x18, 0x18, 0x18, 0x18, 0x38, 0x38, 0x3c, 0x3c, 0x3c, 0x3c, 0x3c,
    0x00, 0x00, 0x00, 0xf0, 0xff, 0xff, 0xff, 0xff, 0xf0, 0x00, 0x00, 0x00,
    0x3c, 0x3c, 0x3c, 0x3c, 0x3c, 0x38, 0x38, 0x10, 0x18, 0x18, 0x18, 0x18,
    0x00, 0x00, 0x00, 0x00, 0x00, 0x00, 0x00, 0x00, 0x00, 0x00, 0x00, 0x00,
    0x00, 0x00, 0x00, 0x00, 0x00, 0x00, 0x00, 0x00, 0x00, 0x00, 0x00, 0x00,
    0x3c, 0x7e, 0x6a, 0xff, 0xff, 0xfd, 0x10, 0x10, 0x10, 0x1c, 0x1c, 0x08,
    0x00, 0x00, 0x00, 0x00, 0x00, 0x00, 0x00, 0x00, 0x00, 0x00, 0x00, 0x00,
    0x00, 0x00, 0x00, 0x00, 0x00, 0x00, 0x00, 0x00, 0x00, 0x00, 0x00, 0x00,
    0x00, 0x10, 0x18, 0x38, 0xfe, 0xfe, 0x7c, 0x7c, 0x4c, 0x82, 0x82, 0x00,
    0x00, 0x00, 0x18, 0x38, 0xfe, 0xfe, 0x7c, 0x7c, 0x6c, 0x86, 0x82, 0x00,
    0x00, 0x00, 0x00, 0x00, 0x00, 0x00, 0x00, 0x00, 0x00, 0x00, 0x00, 0x00,
    0x00, 0x00, 0x00, 0x00, 0x00, 0x00, 0x00, 0x00, 0x00, 0x00, 0x00, 0x00,
    0x00, 0x3c, 0x7c, 0x62, 0x42, 0x52, 0x7a, 0x72, 0x66, 0x3e, 0x3c, 0x00,
    0x00, 0x00, 0x00, 0x00, 0x00, 0x00, 0x00, 0x00, 0x00, 0x00, 0x00, 0x00,
    0x00, 0x00, 0x00, 0x00, 0x00, 0x00, 0x00, 0x00, 0x00, 0x00, 0x00, 0x00,
    0x00, 0x00, 0x00, 0x00, 0x00, 0x00, 0x00, 0x00, 0x00, 0x00, 0x00, 0x00,
    0x00, 0x00, 0x00, 0x00, 0x00, 0x00, 0x00, 0x00, 0x00, 0x00, 0x00, 0x00,
    0x7e, 0xff, 0xf3, 0xfb, 0xff, 0x7e, 0x7e, 0x66, 0x6e, 0x7e, 0x7e, 0x00,
    0x00, 0x00, 0x00, 0x00, 0x00, 0x00, 0x00, 0x00, 0x00, 0x00, 0x00, 0x00,
    0xfe, 0xfe, 0x82, 0x82, 0x82, 0x82, 0x82, 0x82, 0x82, 0xfe, 0xfe, 0x00,
    0xfe, 0xfe, 0x8e, 0x8e, 0xaa, 0xba, 0xba, 0x92, 0x82, 0xfe, 0xfe, 0x00,
    0xfe, 0xfe, 0xa2, 0xba, 0xba, 0xba, 0xba, 0xaa, 0x82, 0xfe, 0xfe, 0x00,
    0x00, 0x00, 0x00, 0x00, 0x00, 0x00, 0x00, 0x00, 0x00, 0x00, 0x00, 0x00,
    0x00, 0x00, 0x00, 0x00, 0x00, 0x00, 0x00, 0x00, 0x00, 0x00, 0x00, 0x00,
    0x00, 0x9c, 0xbe, 0xbf, 0xbf, 0xbd, 0xbd, 0xbf, 0xbf, 0xfc, 0xfc, 0x78,
    0x00, 0x00, 0x00, 0x00, 0x00, 0x00, 0x00, 0x00, 0x00, 0x00, 0x00, 0x00,
    0x00, 0x00, 0x00, 0x00, 0x00, 0x00, 0x00, 0x00, 0x00, 0x00, 0x00, 0x00,
    0x00, 0x00, 0x00, 0x00, 0x00, 0x00, 0x00, 0x00, 0x00, 0x00, 0x00, 0x00,
    0x00, 0x00, 0x00, 0x00, 0x00, 0x00, 0x00, 0x00, 0x00, 0x00, 0x00, 0x00,
    0x00, 0x00, 0x00, 0x00, 0x00, 0x00, 0x00, 0x00, 0x00, 0x00, 0x00, 0x00,
    0x00, 0x00, 0x00, 0x00, 0x00, 0x00, 0x00, 0x00, 0x00, 0x00, 0x00, 0x00,
    0x00, 0x00, 0x00, 0x00, 0x00, 0x00, 0x00, 0x00, 0x00, 0x00, 0x00, 0x00,
    0x00, 0x00, 0x00, 0x00, 0x00, 0x00, 0x00, 0x00, 0x00, 0x00, 0x00, 0x00,
    0x00, 0x00, 0x00, 0x00, 0x00, 0x00, 0x00, 0x00, 0x00, 0x00, 0x00, 0x00,
    0x00, 0x00, 0x00, 0x00, 0x00, 0x00, 0x00, 0x00, 0x00, 0x00, 0x00, 0x00,
    0x00, 0x00, 0x00, 0x00, 0x00, 0x00, 0x00, 0x00, 0x00, 0x00, 0x00, 0x00,
    0x00, 0x00, 0x00, 0x00, 0x00, 0x00, 0x00, 0x00, 0x00, 0x00, 0x00, 0x00,
    0x00, 0x00, 0x00, 0x00, 0x00, 0x00, 0x00, 0x00, 0x00, 0x00, 0x00, 0x00,
    0x00, 0x00, 0x00, 0x00, 0x00, 0x00, 0x00, 0x00, 0x00, 0x00, 0x00, 0x00,
    0x00, 0x00, 0x00, 0x00, 0x00, 0x00, 0x00, 0x00, 0x00, 0x00, 0x00, 0x00,
    0x7c, 0xfe, 0xc6, 0x6c, 0x3c, 0x7c, 0xfe, 0xfe, 0x38, 0x38, 0x38, 0x00,
    0x00, 0x00, 0x00, 0x00, 0x00, 0x00, 0x00, 0x00, 0x00, 0x00, 0x00, 0x00,
    0x00, 0x00, 0x00, 0x00, 0x00, 0x00, 0x00, 0x00, 0x00, 0x00, 0x00, 0x00,
    0x18, 0x38, 0x38, 0x38, 0x7e, 0x7e, 0x38, 0x10, 0x10, 0x18, 0x10, 0x00,
    0x00, 0x00, 0x00, 0x00, 0x00, 0x00, 0x00, 0x00, 0x00, 0x00, 0x00, 0x00,
    0x00, 0x00, 0x00, 0x00, 0x00, 0x00, 0x00, 0x00, 0x00, 0x00, 0x00, 0x00,
    0x00, 0x00, 0x00, 0x00, 0x00, 0x00, 0x00, 0x00, 0x00, 0x00, 0x00, 0x00,
    0x00, 0x00, 0x00, 0x00, 0x00, 0x00, 0x00, 0x00, 0x00, 0x00, 0x00, 0x00,
    0x00, 0x00, 0x00, 0x00, 0x00, 0x00, 0x00, 0x00, 0x00, 0x00, 0x00, 0x00,
    0x00, 0x00, 0x00, 0x00, 0x00, 0x00, 0x00, 0x00, 0x00, 0x00, 0x00, 0x00,
    0x00, 0x7e, 0x7e, 0xc3, 0xb1, 0xf3, 0xf3, 0xff, 0xff, 0x7e, 0x7e, 0x00,
    0x00, 0x00, 0x00, 0xfe, 0x00, 0x00, 0xfe, 0xfe, 0x00, 0xfe, 0xfe, 0x00,
    0x00, 0x00, 0x00, 0xc6, 0x00, 0x00, 0xfe, 0xfe, 0x00, 0xfe, 0xfe, 0x00,
    0x00, 0x00, 0x00, 0xfe, 0x00, 0x00, 0x82, 0xc6, 0x00, 0xfe, 0xfe, 0x00,
    0x00, 0x00, 0x00, 0xc6, 0x00, 0x00, 0x82, 0xc6, 0x00, 0xfe, 0xfe, 0x00,
    0x00, 0x00, 0x00, 0xfe, 0x00, 0x00, 0xfe, 0xfe, 0x00, 0xc6, 0xc6, 0x00,
    0x00, 0x00, 0x00, 0xc6, 0x00, 0x00, 0xfe, 0xfe, 0x00, 0xc6, 0xc6, 0x00,
    0x00, 0x00, 0x00, 0xfe, 0x00, 0x00, 0x82, 0xc6, 0x00, 0xc6, 0xc6, 0x00,
    0x00, 0x00, 0x00, 0xc6, 0x00, 0x00, 0x82, 0xc6, 0x00, 0xc6, 0xc6, 0x00,
    0x00, 0x00, 0x00, 0x00, 0x00, 0x00, 0x00, 0x00, 0x00, 0x00, 0x00, 0x00,
    0x7e, 0xc1, 0x81, 0xe5, 0x81, 0x81, 0x99, 0x9d, 0x85, 0xc3, 0xff, 0x7e,
    0x7e, 0xc1, 0x81, 0xe5, 0x81, 0x81, 0xbd, 0x99, 0x99, 0x81, 0xff, 0x7e,
    0x7e, 0xff, 0xff, 0xff, 0xff, 0xff, 0xe7, 0xe7, 0xef, 0xff, 0xff, 0x7e,
    0x00, 0x00, 0x00, 0x00, 0x00, 0x00, 0x00, 0x00, 0x00, 0x00, 0x00, 0x00,
    0x00, 0x00, 0x00, 0x00, 0x00, 0x00, 0x00, 0x00, 0x00, 0x00, 0x00, 0x00,
    0x00, 0x00, 0x00, 0x00, 0x00, 0x00, 0x00, 0x00, 0x00, 0x00, 0x00, 0x00,
    0x00, 0x00, 0x00, 0x00, 0x00, 0x00, 0x00, 0x00, 0x00, 0x00, 0x00, 0x00,
    0x38, 0x7c, 0x6c, 0x6c, 0x6c, 0x6c, 0x7c, 0x38, 0x38, 0x7e, 0x7e, 0x10,
    0x00, 0x00, 0x00, 0x00, 0x00, 0x00, 0x00, 0x00, 0x00, 0x00, 0x00, 0x00,
    0x0f, 0x0f, 0x0f, 0x1f, 0x7f, 0x7d, 0xdc, 0xc8, 0xc8, 0xdc, 0xf8, 0x70,
    0x00, 0x00, 0x00, 0x00, 0x00, 0x00, 0x00, 0x00, 0x00, 0x00, 0x00, 0x00,
    0x00, 0x00, 0x00, 0x00, 0x00, 0x00, 0x00, 0x00, 0x00, 0x00, 0x00, 0x00,
    0x00, 0x00, 0x00, 0x00, 0x00, 0x00, 0x00, 0x00, 0x00, 0x00, 0x00, 0x00,
    0x00, 0x00, 0x00, 0x00, 0x00, 0x00, 0x00, 0x00, 0x00, 0x00, 0x00, 0x00,
    0x00, 0x00, 0x00, 0x00, 0x00, 0x00, 0x00, 0x00, 0x00, 0x00, 0x00, 0x00,
    0x00, 0x00, 0x00, 0x00, 0x00, 0x00, 0x00, 0x00, 0x00, 0x00, 0x00, 0x00,
    0x00, 0x00, 0x00, 0x00, 0x00, 0x00, 0x00, 0x00, 0x00, 0x00, 0x00, 0x00,
    0x00, 0x00, 0x00, 0x00, 0x00, 0x00, 0x00, 0x00, 0x00, 0x00, 0x00, 0x00,
    0x00, 0x00, 0x00, 0x00, 0x00, 0x00, 0x00, 0x00, 0x00, 0x00, 0x00, 0x00,
    0x00, 0x00, 0x00, 0x00, 0x00, 0x00, 0x00, 0x00, 0x00, 0x00, 0x00, 0x00,
    0x00, 0x00, 0x00, 0x00, 0x00, 0x00, 0x00, 0x00, 0x00, 0x00, 0x00, 0x00,
    0x00, 0x00, 0x00, 0x00, 0x00, 0x00, 0x00, 0x00, 0x00, 0x00, 0x00, 0x00,
    0x00, 0x00, 0x00, 0x00, 0x00, 0x00, 0x00, 0x00, 0x00, 0x00, 0x00, 0x00,
    0x00, 0x00, 0x00, 0x00, 0x00, 0x00, 0x00, 0x00, 0x00, 0x00, 0x00, 0x00,
    0x00, 0x00, 0x00, 0x00, 0x00, 0x00, 0x00, 0x00, 0x00, 0x00, 0x00, 0x00,
    0x00, 0x00, 0x00, 0x00, 0x00, 0x00, 0x00, 0x00, 0x00, 0x00, 0x00, 0x00,
    0x00, 0x00, 0x00, 0x00, 0x00, 0x00, 0x00, 0x00, 0x00, 0x00, 0x00, 0x00,
    0x00, 0x00, 0x00, 0x00, 0x00, 0x00, 0x00, 0x00, 0x00, 0x00, 0x00, 0x00,
    0x00, 0x00, 0x00, 0x00, 0x00, 0x00, 0x00, 0x00, 0x00, 0x00, 0x00, 0x00,
    0x00, 0x00, 0x00, 0x00, 0x00, 0x00, 0x00, 0x00, 0x00, 0x00, 0x00, 0x00,
    0x00, 0x00, 0x00, 0x00, 0x00, 0x00, 0x00, 0x00, 0x00, 0x00, 0x00, 0x00,
    0x00, 0x00, 0x00, 0x00, 0x00, 0x00, 0x00, 0x00, 0x00, 0x00, 0x00, 0x00,
    0x00, 0x00, 0x00, 0x00, 0x00, 0x00, 0x00, 0x00, 0x00, 0x00, 0x00, 0x00,
    0x00, 0x00, 0x00, 0x00, 0x00, 0x00, 0x00, 0x00, 0x00, 0x00, 0x00, 0x00,
    0x00, 0x00, 0x00, 0x00, 0x00, 0x00, 0x00, 0x00, 0x00, 0x00, 0x00, 0x00,
    0x00, 0x00, 0x00, 0x00, 0x00, 0x00, 0x00, 0x00, 0x00, 0x00, 0x00, 0x00,
    0x00, 0x00, 0x00, 0x00, 0x00, 0x00, 0x00, 0x00, 0x00, 0x00, 0x00, 0x00,
    0x00, 0x00, 0x00, 0x00, 0x00, 0x00, 0x00, 0x00, 0x00, 0x00, 0x00, 0x00,
    0x00, 0x00, 0x00, 0x00, 0x00, 0x00, 0x00, 0x00, 0x00, 0x00, 0x00, 0x00,
    0x10, 0x30, 0x78, 0x7c, 0xfe, 0xfe, 0xfe, 0xfe, 0x38, 0x7c, 0x7c, 0x00,
    0x68, 0xfc, 0xfe, 0xce, 0xc4, 0xcc, 0x6c, 0x38, 0x38, 0x30, 0x00, 0x00,
    0x10, 0x38, 0x7c, 0x7c, 0xce, 0xce, 0x6e, 0x3c, 0x38, 0x30, 0x00, 0x00,
    0x18, 0x18, 0x3c, 0x7e, 0x66, 0x7e, 0x3c, 0x18, 0x18, 0x3c, 0x3c, 0x00,
    0x10, 0x38, 0x7c, 0x7c, 0xce, 0xce, 0xee, 0x3e, 0x38, 0x7c, 0x7c, 0x00,
    0x68, 0xfc, 0xfe, 0xfc, 0xfc, 0xfc, 0x7c, 0x7c, 0x38, 0x30, 0x00, 0x00,
    0x10, 0x30, 0x78, 0x7c, 0xfc, 0xfe, 0x7c, 0x7c, 0x38, 0x30, 0x00, 0x00,
    0x38, 0x38, 0x3c, 0xe6, 0xc6, 0xe6, 0xee, 0x6e, 0x2c, 0x7c, 0x7c, 0x00,
    0x00, 0x00, 0x00, 0x00, 0x00, 0x00, 0x00, 0x00, 0x00, 0x00, 0x00, 0x00,
    0x0c, 0x0c, 0x0c, 0x0c, 0x0c, 0x0c, 0x0c, 0x3c, 0x7c, 0x7c, 0x78, 0x38,
    0x18, 0x1c, 0x1c, 0x1e, 0x1f, 0x19, 0x18, 0x78, 0x78, 0xf8, 0xf8, 0x70,
    0x7f, 0x7f, 0x63, 0x63, 0x63, 0x63, 0x63, 0x67, 0xe7, 0xe6, 0xe2, 0xc0,
    0x7f, 0x7f, 0x7f, 0x7f, 0x7f, 0x63, 0x63, 0x67, 0xe7, 0xe6, 0xe2, 0xc0,
    0x00, 0x00, 0x00, 0x00, 0x00, 0x00, 0x00, 0x00, 0x00, 0x00, 0x00, 0x00,
    0x00, 0x00, 0x00, 0x00, 0x00, 0x00, 0x00, 0x00, 0x00, 0x00, 0x00, 0x00,
    0x00, 0x00, 0x00, 0x00, 0x00, 0x00, 0x00, 0x00, 0x00, 0x00, 0x00, 0x00,
    0x00, 0x00, 0x00, 0x00, 0x00, 0x00, 0x00, 0x00, 0x00, 0x00, 0x00, 0x00,
    0x00, 0x00, 0x00, 0x00, 0x00, 0x00, 0x00, 0x00, 0x00, 0x00, 0x00, 0x00,
    0x00, 0x00, 0x00, 0x00, 0x00, 0x00, 0x00, 0x00, 0x00, 0x00, 0x00, 0x00,
    0x00, 0x00, 0x00, 0x00, 0x00, 0x00, 0x00, 0x00, 0x00, 0x00, 0x00, 0x00,
    0x00, 0x00, 0x00, 0x00, 0x00, 0x00, 0x00, 0x00, 0x00, 0x00, 0x00, 0x00,
    0x00, 0x00, 0x00, 0x00, 0x00, 0x00, 0x00, 0x00, 0x00, 0x00, 0x00, 0x00,
    0x00, 0x00, 0x00, 0x00, 0x00, 0x00, 0x00, 0x00, 0x00, 0x00, 0x00, 0x00,
    0x00, 0x00, 0x00, 0x00, 0x00, 0x00, 0x00, 0x00, 0x00, 0x00, 0x00, 0x00,
    0x00, 0x00, 0x00, 0x00, 0x00, 0x00, 0x00, 0x00, 0x00, 0x00, 0x00, 0x00,
    0x00, 0x00, 0x00, 0x00, 0x00, 0x00, 0x00, 0x00, 0x00, 0x00, 0x00, 0x00,
    0x00, 0x00, 0x00, 0x00, 0x00, 0x00, 0x00, 0x00, 0x00, 0x00, 0x00, 0x00,
    0x00, 0x00, 0x00, 0x00, 0x00, 0x00, 0x00, 0x00, 0x00, 0x00, 0x00, 0x00,
    0x00, 0x00, 0x00, 0x00, 0x00, 0x00, 0x00, 0x00, 0x00, 0x00, 0x00, 0x00,
    0x00, 0x00, 0x00, 0x00, 0x00, 0x00, 0x00, 0x00, 0x00, 0x00, 0x00, 0x00,
    0x00, 0x00, 0x00, 0x00, 0x00, 0x00, 0x00, 0x00, 0x00, 0x00, 0x00, 0x00,
    0x00, 0x00, 0x00, 0x00, 0x00, 0x00, 0x00, 0x00, 0x00, 0x00, 0x00, 0x00,
    0x00, 0x00, 0x00, 0x00, 0x00, 0x00, 0x00, 0x00, 0x00, 0x00, 0x00, 0x00,
    0x00, 0x00, 0x00, 0x00, 0x00, 0x00, 0x00, 0x00, 0x00, 0x00, 0x00, 0x00,
    0x00, 0x00, 0x00, 0x00, 0x00, 0x00, 0x00, 0x00, 0x00, 0x00, 0x00, 0x00,
    0xff, 0x81, 0x81, 0xa5, 0x81, 0x81, 0x81, 0x81, 0xa5, 0xa5, 0xff, 0xff,
    0x00, 0x00, 0x00, 0x00, 0x00, 0x00, 0x00, 0x00, 0x00, 0x00, 0x00, 0x00,
    0x00, 0x00, 0x00, 0x00, 0x00, 0x00, 0x00, 0x00, 0x00, 0x00, 0x00, 0x00,
    0x00, 0x00, 0x00, 0x00, 0x00, 0x00, 0x00, 0x00, 0x00, 0x00, 0x00, 0x00,
    0x00, 0x00, 0x00, 0x00, 0x00, 0x00, 0x00, 0x00, 0x00, 0x00, 0x00, 0x00,
    0x00, 0x00, 0x00, 0x00, 0x00, 0x00, 0x00, 0x00, 0x00, 0x00, 0x00, 0x00,
    0x00, 0x00, 0x00, 0x00, 0x00, 0x00, 0x00, 0x00, 0x00, 0x00, 0x00, 0x00,
    0x00, 0x00, 0x00, 0xfe, 0x00, 0x00, 0x00, 0x00, 0x00, 0x00, 0x00, 0x00,
    0x00, 0x00, 0x00, 0xc6, 0x00, 0x00, 0x00, 0x00, 0x00, 0x00, 0x00, 0x00,
    0x00, 0x00, 0x00, 0xfe, 0x00, 0x00, 0xfe, 0xfe, 0x00, 0x00, 0x00, 0x00,
    0x00, 0x00, 0x00, 0xc6, 0x00, 0x00, 0xfe, 0xfe, 0x00, 0x00, 0x00, 0x00,
    0x00, 0x00, 0x00, 0xfe, 0x00, 0x00, 0x82, 0xc6, 0x00, 0x00, 0x00, 0x00,
    0x00, 0x00, 0x00, 0xc6, 0x00, 0x00, 0x82, 0xc6, 0x00, 0x00, 0x00, 0x00,
    0x00, 0x00, 0x00, 0x00, 0x00, 0x00, 0x00, 0x00, 0x00, 0x00, 0x00, 0x00,
    0x00, 0x00, 0x00, 0x00, 0x00, 0x00, 0x00, 0x00, 0x00, 0x00, 0x00, 0x00,
    0x00, 0x00, 0x00, 0x00, 0x00, 0x00, 0x00, 0x00, 0x00, 0x00, 0x00, 0x00,
    0x00, 0x00, 0x00, 0x00, 0x00, 0x00, 0x00, 0x00, 0x00, 0x00, 0x00, 0x00,
    0x00, 0x00, 0x00, 0x00, 0x00, 0x00, 0x00, 0x00, 0x00, 0x00, 0x00, 0x00,
    0x00, 0x00, 0x00, 0x00, 0x00, 0x00, 0x00, 0x00, 0x00, 0x00, 0x00, 0x00,
    0x00, 0x00, 0x00, 0x00, 0x00, 0x00, 0x00, 0x00, 0x00, 0x00, 0x00, 0x00,
    0x00, 0x00, 0x00, 0x00, 0x00, 0x00, 0x00, 0x00, 0x00, 0x00, 0x00, 0x00,
    0x00, 0x00, 0x00, 0x00, 0x00, 0x00, 0x00, 0x00, 0x00, 0x00, 0x00, 0x00,
    0x00, 0x00, 0x00, 0x00, 0x00, 0x00, 0x00, 0x00, 0x00, 0x00, 0x00, 0x00,
    0x00, 0x00, 0x00, 0x00, 0x00, 0x00, 0x00, 0x00, 0x00, 0x00, 0x00, 0x00,
    0x00, 0x00, 0x00, 0x00, 0x00, 0x00, 0x00, 0x00, 0x00, 0x00, 0x00, 0x00,
    0x00, 0x00, 0x00, 0x00, 0x00, 0x00, 0x00, 0x00, 0x00, 0x00, 0x00, 0x00,
    0x00, 0x00, 0x00, 0x00, 0x00, 0x00, 0x00, 0x00, 0x00, 0x00, 0x00, 0x00,
    0xe0, 0x38, 0x38, 0x00, 0x00, 0xfe, 0xfe, 0xfe, 0x10, 0x38, 0xf8, 0xe0,
    0x07, 0x1f, 0x1c, 0x00, 0x00, 0x7f, 0x7f, 0x7f, 0x00, 0x18, 0x1e, 0x07,
    0x00, 0x00, 0x00, 0x00, 0x00, 0x00, 0x00, 0x00, 0x00, 0x00, 0x00, 0x00,
    0x00, 0x00, 0x00, 0x00, 0x00, 0x00, 0x00, 0x00, 0x00, 0x00, 0x00, 0x00,
    0x00, 0x00, 0x00, 0x00, 0x00, 0x00, 0x00, 0x00, 0x00, 0x00, 0x00, 0x00,
    0x00, 0x00, 0x00, 0x00, 0x00, 0x00, 0x00, 0x00, 0x00, 0x00, 0x00, 0x00,
    0x00, 0x00, 0x00, 0x00, 0x00, 0x00, 0x00, 0x00, 0x00, 0x00, 0x00, 0x00,
    0x00, 0x00, 0x00, 0x00, 0x00, 0x00, 0x00, 0x00, 0x00, 0x00, 0x00, 0x00,
    0x00, 0x00, 0x00, 0x00, 0x00, 0x00, 0x00, 0x00, 0x00, 0x00, 0x00, 0x00,
    0x00, 0x00, 0x00, 0x00, 0x00, 0x00, 0x00, 0x00, 0x00, 0x00, 0x00, 0x00,
    0x00, 0x00, 0x00, 0x00, 0x00, 0x00, 0x00, 0x00, 0x00, 0x00, 0x00, 0x00,
    0x00, 0x00, 0x00, 0x00, 0x00, 0x00, 0x00, 0x00, 0x00, 0x00, 0x00, 0x00,
    0x00, 0x3c, 0x3c, 0x76, 0xc3, 0xc3, 0xc3, 0xe3, 0x66, 0x3c, 0x3c, 0x00,
    0x00, 0x38, 0x7c, 0x7e, 0xff, 0xff, 0xff, 0xff, 0x7e, 0x3c, 0x38, 0x00,
    0x00, 0x30, 0x38, 0x78, 0x78, 0x78, 0x78, 0x78, 0x38, 0x00, 0x00, 0x00,
    0x00, 0x00, 0x00, 0x00, 0x00, 0x00, 0x00, 0x00, 0x00, 0x00, 0x00, 0x00,
    0x00, 0x00, 0x00, 0x00, 0x00, 0x00, 0x00, 0x00, 0x00, 0x00, 0x00, 0x00,
    0x00, 0x00, 0x00, 0x00, 0x00, 0x00, 0x00, 0x00, 0x00, 0x00, 0x00, 0x00,
    0x00, 0x00, 0x00, 0x00, 0x00, 0x00, 0x00, 0x00, 0x00, 0x00, 0x00, 0x00,
    0x00, 0x00, 0x00, 0x00, 0x00, 0x00, 0x00, 0x00, 0x00, 0x00, 0x00, 0x00,
    0x00, 0x00, 0x00, 0x00, 0x00, 0x00, 0x00, 0x00, 0x00, 0x00, 0x00, 0x00,
    0x00, 0x00, 0x00, 0x00, 0x00, 0x00, 0x00, 0x00, 0x00, 0x00, 0x00, 0x00,
    0x00, 0x00, 0x00, 0x00, 0x00, 0x00, 0x00, 0x00, 0x00, 0x00, 0x00, 0x00,
    0x00, 0x00, 0x00, 0x00, 0x00, 0x00, 0x00, 0x00, 0x00, 0x00, 0x00, 0x00,
    0x00, 0x00, 0x00, 0x00, 0x00, 0x00, 0x00, 0x00, 0x00, 0x00, 0x00, 0x00,
    0x00, 0x00, 0x00, 0x00, 0x00, 0x00, 0x00, 0x00, 0x00, 0x00, 0x00, 0x00,
    0x00, 0x00, 0x00, 0x00, 0x00, 0x00, 0x00, 0x00, 0x00, 0x00, 0x00, 0x00,
    0x00, 0x00, 0x00, 0x00, 0x00, 0x00, 0x00, 0x00, 0x00, 0x00, 0x00, 0x00,
    0x00, 0x00, 0x00, 0x00, 0x00, 0x00, 0x00, 0x00, 0x00, 0x00, 0x00, 0x00,
    0x00, 0x00, 0x00, 0x00, 0x00, 0x00, 0x00, 0x00, 0x00, 0x00, 0x00, 0x00,
    0x00, 0x00, 0x00, 0x00, 0x00, 0x00, 0x00, 0x00, 0x00, 0x00, 0x00, 0x00,
    0x00, 0x00, 0x00, 0x00, 0x00, 0x00, 0x00, 0x00, 0x00, 0x00, 0x00, 0x00,
    0x00, 0x00, 0x00, 0x00, 0x00, 0x00, 0x00, 0x00, 0x00, 0x00, 0x00, 0x00,
    0x00, 0x00, 0x00, 0x00, 0x00, 0x00, 0x00, 0x00, 0x00, 0x00, 0x00, 0x00,
    0x00, 0x00, 0x00, 0x00, 0x00, 0x00, 0x00, 0x00, 0x00, 0x00, 0x00, 0x00,
    0x00, 0x00, 0x00, 0x00, 0x00, 0x00, 0x00, 0x00, 0x00, 0x00, 0x00, 0x00,
    0x00, 0x00, 0x00, 0x00, 0x00, 0x00, 0x00, 0x00, 0x00, 0x00, 0x00, 0x00,
    0x00, 0x00, 0x00, 0x00, 0x00, 0x00, 0x00, 0x00, 0x00, 0x00, 0x00, 0x00,
    0x00, 0x00, 0x00, 0x00, 0x00, 0x00, 0x00, 0x00, 0x00, 0x00, 0x00, 0x00,
    0x00, 0x00, 0x00, 0x00, 0x00, 0x00, 0x00, 0x00, 0x00, 0x00, 0x00, 0x00,
    0x00, 0x00, 0x00, 0x00, 0x00, 0x00, 0x00, 0x00, 0x00, 0x00, 0x00, 0x00,
    0x00, 0x00, 0x00, 0x00, 0x00, 0x00, 0x00, 0x00, 0x00, 0x00, 0x00, 0x00,
    0x3c, 0xff, 0xff, 0xff, 0xff, 0x1c, 0x1c, 0x1c, 0x18, 0x30, 0x30, 0x18,
    0x00, 0x00, 0x00, 0x00, 0x00, 0x00, 0x00, 0x00, 0x00, 0x00, 0x00, 0x00,
    0x00, 0x00, 0x00, 0x00, 0x00, 0x00, 0x00, 0x00, 0x00, 0x00, 0x00, 0x00,
    0x00, 0x00, 0x00, 0x00, 0x00, 0x00, 0x00, 0x00, 0x00, 0x00, 0x00, 0x00,
    0x00, 0x00, 0x00, 0x00, 0x00, 0x00, 0x00, 0x00, 0x00, 0x00, 0x00, 0x00,
    0x00, 0x00, 0x00, 0x00, 0x00, 0x00, 0x00, 0x00, 0x00, 0x00, 0x00, 0x00,
    0x00, 0x00, 0x00, 0x00, 0x00, 0x00, 0x00, 0x00, 0x00, 0x00, 0x00, 0x00,
    0x00, 0x00, 0x00, 0x00, 0x00, 0x00, 0x00, 0x00, 0x00, 0x00, 0x00, 0x00,
    0x00, 0x00, 0x00, 0x00, 0x00, 0x00, 0x00, 0x00, 0x00, 0x00, 0x00, 0x00,
    0x00, 0x00, 0x00, 0x00, 0x00, 0x00, 0x00, 0x00, 0x00, 0x00, 0x00, 0x00,
    0x00, 0x00, 0x00, 0x00, 0x00, 0x00, 0x00, 0x00, 0x00, 0x00, 0x00, 0x00,
    0x00, 0x00, 0x00, 0x00, 0x00, 0x00, 0x00, 0x00, 0x00, 0x00, 0x00, 0x00,
    0x00, 0x00, 0x00, 0x00, 0x00, 0x00, 0x00, 0x00, 0x00, 0x00, 0x00, 0x00,
    0x00, 0x00, 0x00, 0x00, 0x00, 0x00, 0x00, 0x00, 0x00, 0x00, 0x00, 0x00,
    0x00, 0x00, 0x00, 0x00, 0x00, 0x00, 0x00, 0x00, 0x00, 0x00, 0x00, 0x00,
    0x00, 0x00, 0x00, 0x00, 0x00, 0x00, 0x00, 0x00, 0x00, 0x00, 0x00, 0x00,
    0x00, 0x00, 0x00, 0x00, 0x00, 0x00, 0x00, 0x00, 0x00, 0x00, 0x00, 0x00,
    0x00, 0x00, 0x00, 0x00, 0x00, 0x00, 0x00, 0x00, 0x00, 0x00, 0x00, 0x00,
    0x00, 0x00, 0x00, 0x00, 0x00, 0x00, 0x00, 0x00, 0x00, 0x00, 0x00, 0x00,
    0x00, 0x00, 0x00, 0x00, 0x00, 0x00, 0x00, 0x00, 0x00, 0x00, 0x00, 0x00,
    0x00, 0x00, 0x00, 0x00, 0x00, 0x00, 0x00, 0x00, 0x00, 0x00, 0x00, 0x00,
    0x00, 0x00, 0x00, 0x00, 0x00, 0x00, 0x00, 0x00, 0x00, 0x00, 0x00, 0x00,
    0x00, 0x00, 0x00, 0x00, 0x00, 0x00, 0x00, 0x00, 0x00, 0x00, 0x00, 0x00,
    0x00, 0x00, 0x00, 0x00, 0x00, 0x00, 0x00, 0x00, 0x00, 0x00, 0x00, 0x00,
    0x00, 0x00, 0x00, 0x00, 0x00, 0x00, 0x00, 0x00, 0x00, 0x00, 0x00, 0x00,
    0x00, 0x00, 0x00, 0x00, 0x00, 0x00, 0x00, 0x00, 0x00, 0x00, 0x00, 0x00,
    0x00, 0x00, 0x00, 0x00, 0x00, 0x00, 0x00, 0x00, 0x00, 0x00, 0x00, 0x00,
    0x00, 0x00, 0x00, 0x00, 0x00, 0x00, 0x00, 0x00, 0x00, 0x00, 0x00, 0x00,
    0x00, 0x00, 0x00, 0x00, 0x00, 0x00, 0x00, 0x00, 0x00, 0x00, 0x00, 0x00,
    0x00, 0x00, 0x00, 0x00, 0x00, 0x00, 0x00, 0x00, 0x00, 0x00, 0x00, 0x00,
    0x00, 0x00, 0x00, 0x00, 0x00, 0x00, 0x00, 0x00, 0x00, 0x00, 0x00, 0x00,
    0x00, 0x00, 0x00, 0x00, 0x00, 0x00, 0x00, 0x00, 0x00, 0x00, 0x00, 0x00,
    0x00, 0x00, 0x00, 0x00, 0x00, 0x00, 0x00, 0x00, 0x00, 0x00, 0x00, 0x00,
    0x00, 0x00, 0x00, 0x00, 0x00, 0x00, 0x00, 0x00, 0x00, 0x00, 0x00, 0x00,
    0x00, 0x00, 0x00, 0x00, 0x00, 0x00, 0x00, 0x00, 0x00, 0x00, 0x00, 0x00,
    0x00, 0x00, 0x00, 0x00, 0x00, 0x00, 0x00, 0x00, 0x00, 0x00, 0x00, 0x00,
    0x00, 0x00, 0x00, 0x00, 0x00, 0x00, 0x00, 0x00, 0x00, 0x00, 0x00, 0x00,
    0x00, 0x00, 0x00, 0x00, 0x00, 0x00, 0x00, 0x00, 0x00, 0x00, 0x00, 0x00,
    0x00, 0x00, 0x00, 0x00, 0x00, 0x00, 0x00, 0x00, 0x00, 0x00, 0x00, 0x00,
    0x00, 0x00, 0x00, 0x00, 0x00, 0x00, 0x00, 0x00, 0x00, 0x00, 0x00, 0x00,
    0x00, 0x00, 0x00, 0x00, 0x00, 0x00, 0x00, 0x00, 0x00, 0x00, 0x00, 0x00,
    0x00, 0x00, 0x00, 0x00, 0x00, 0x00, 0x00, 0x00, 0x00, 0x00, 0x00, 0x00,
    0x00, 0x00, 0x00, 0x00, 0x00, 0x00, 0x00, 0x00, 0x00, 0x00, 0x00, 0x00,
    0x00, 0x00, 0x00, 0x00, 0x00, 0x00, 0x00, 0x00, 0x00, 0x00, 0x00, 0x00,
    0x00, 0x00, 0x00, 0x00, 0x00, 0x00, 0x00, 0x00, 0x00, 0x00, 0x00, 0x00,
    0x20, 0x20, 0x30, 0x20, 0x20, 0x60, 0xff, 0xff, 0x7e, 0x3c, 0x3c, 0x00,
    0x00, 0x00, 0x00, 0x00, 0x00, 0x00, 0x00, 0x00, 0x00, 0x00, 0x00, 0x00,
    0x00, 0x00, 0x00, 0x00, 0x00, 0x00, 0x00, 0x00, 0x00, 0x00, 0x00, 0x00,
    0x00, 0x00, 0x00, 0x00, 0x00, 0x00, 0x00, 0x00, 0x00, 0x00, 0x00, 0x00,
    0x00, 0x00, 0x00, 0x00, 0x00, 0x00, 0x00, 0x00, 0x00, 0x00, 0x00, 0x00,
    0x00, 0x00, 0x00, 0x00, 0x00, 0x00, 0x00, 0x00, 0x00, 0x00, 0x00, 0x00,
    0x00, 0x00, 0x00, 0x00, 0x00, 0x00, 0x00, 0x00, 0x00, 0x00, 0x00, 0x00,
    0x00, 0x00, 0x00, 0x00, 0x00, 0x00, 0x00, 0x00, 0x00, 0x00, 0x00, 0x00,
    0x00, 0x00, 0x00, 0x00, 0x00, 0x00, 0x00, 0x00, 0x00, 0x00, 0x00, 0x00,
    0x00, 0x00, 0x00, 0x00, 0x00, 0x00, 0x00, 0x00, 0x00, 0x00, 0x00, 0x00,
    0x00, 0x00, 0x00, 0x00, 0x00, 0x00, 0x00, 0x00, 0x00, 0x00, 0x00, 0x00,
};

static const lv_font_fmt_txt_glyph_dsc_t dsc_8x12[] = {
    {.bitmap_index = 0, .adv_w = 0, .box_w = 0, .box_h = 0, .ofs_x = 0, .ofs_y = 0} /* id = 0 reserved */,
    {.bitmap_index = 12, .adv_w = 128, .box_w = 8, .box_h = 12, .ofs_x = 0, .ofs_y = 0},
    {.bitmap_index = 24, .adv_w = 128, .box_w = 8, .box_h = 12, .ofs_x = 0, .ofs_y = 0},
    {.bitmap_index = 36, .adv_w = 128, .box_w = 8, .box_h = 12, .ofs_x = 0, .ofs_y = 0},
    {.bitmap_index = 48, .adv_w = 128, .box_w = 8, .box_h = 12, .ofs_x = 0, .ofs_y = 0},
    {.bitmap_index = 60, .adv_w = 128, .box_w = 8, .box_h = 12, .ofs_x = 0, .ofs_y = 0},
    {.bitmap_index = 72, .adv_w = 128, .box_w = 8, .box_h = 12, .ofs_x = 0, .ofs_y = 0},
    {.bitmap_index = 84, .adv_w = 128, .box_w = 8, .box_h = 12, .ofs_x = 0, .ofs_y = 0},
    {.bitmap_index = 96, .adv_w = 128, .box_w = 8, .box_h = 12, .ofs_x = 0, .ofs_y = 0},
    {.bitmap_index = 108, .adv_w = 128, .box_w = 8, .box_h = 12, .ofs_x = 0, .ofs_y = 0},
    {.bitmap_index = 120, .adv_w = 128, .box_w = 8, .box_h = 12, .ofs_x = 0, .ofs_y = 0},
    {.bitmap_index = 132, .adv_w = 128, .box_w = 8, .box_h = 12, .ofs_x = 0, .ofs_y = 0},
    {.bitmap_index = 144, .adv_w = 128, .box_w = 8, .box_h = 12, .ofs_x = 0, .ofs_y = 0},
    {.bitmap_index = 156, .adv_w = 128, .box_w = 8, .box_h = 12, .ofs_x = 0, .ofs_y = 0},
    {.bitmap_index = 168, .adv_w = 128, .box_w = 8, .box_h = 12, .ofs_x = 0, .ofs_y = 0},
    {.bitmap_index = 180, .adv_w = 128, .box_w = 8, .box_h = 12, .ofs_x = 0, .ofs_y = 0},
    {.bitmap_index = 192, .adv_w = 128, .box_w = 8, .box_h = 12, .ofs_x = 0, .ofs_y = 0},
    {.bitmap_index = 204, .adv_w = 128, .box_w = 8, .box_h = 12, .ofs_x = 0, .ofs_y = 0},
    {.bitmap_index = 216, .adv_w = 128, .box_w = 8, .box_h = 12, .ofs_x = 0, .ofs_y = 0},
    {.bitmap_index = 228, .adv_w = 128, .box_w = 8, .box_h = 12, .ofs_x = 0, .ofs_y = 0},
    {.bitmap_index = 240, .adv_w = 128, .box_w = 8, .box_h = 12, .ofs_x = 0, .ofs_y = 0},
    {.bitmap_index = 252, .adv_w = 128, .box_w = 8, .box_h = 12, .ofs_x = 0, .ofs_y = 0},
    {.bitmap_index = 264, .adv_w = 128, .box_w = 8, .box_h = 12, .ofs_x = 0, .ofs_y = 0},
    {.bitmap_index = 276, .adv_w = 128, .box_w = 8, .box_h = 12, .ofs_x = 0, .ofs_y = 0},
    {.bitmap_index = 288, .adv_w = 128, .box_w = 8, .box_h = 12, .ofs_x = 0, .ofs_y = 0},
    {.bitmap_index = 300, .adv_w = 128, .box_w = 8, .box_h = 12, .ofs_x = 0, .ofs_y = 0},
    {.bitmap_index = 312, .adv_w = 128, .box_w = 8, .box_h = 12, .ofs_x = 0, .ofs_y = 0},
    {.bitmap_index = 324, .adv_w = 128, .box_w = 8, .box_h = 12, .ofs_x = 0, .ofs_y = 0},
    {.bitmap_index = 336, .adv_w = 128, .box_w = 8, .box_h = 12, .ofs_x = 0, .ofs_y = 0},
    {.bitmap_index = 348, .adv_w = 128, .box_w = 8, .box_h = 12, .ofs_x = 0, .ofs_y = 0},
    {.bitmap_index = 360, .adv_w = 128, .box_w = 8, .box_h = 12, .ofs_x = 0, .ofs_y = 0},
    {.bitmap_index = 372, .adv_w = 128, .box_w = 8, .box_h = 12, .ofs_x = 0, .ofs_y = 0},
    {.bitmap_index = 384, .adv_w = 128, .box_w = 8, .box_h = 12, .ofs_x = 0, .ofs_y = 0},
    {.bitmap_index = 396, .adv_w = 128, .box_w = 8, .box_h = 12, .ofs_x = 0, .ofs_y = 0},
    {.bitmap_index = 408, .adv_w = 128, .box_w = 8, .box_h = 12, .ofs_x = 0, .ofs_y = 0},
    {.bitmap_index = 420, .adv_w = 128, .box_w = 8, .box_h = 12, .ofs_x = 0, .ofs_y = 0},
    {.bitmap_index = 432, .adv_w = 128, .box_w = 8, .box_h = 12, .ofs_x = 0, .ofs_y = 0},
    {.bitmap_index = 444, .adv_w = 128, .box_w = 8, .box_h = 12, .ofs_x = 0, .ofs_y = 0},
    {.bitmap_index = 456, .adv_w = 128, .box_w = 8, .box_h = 12, .ofs_x = 0, .ofs_y = 0},
    {.bitmap_index = 468, .adv_w = 128, .box_w = 8, .box_h = 12, .ofs_x = 0, .ofs_y = 0},
    {.bitmap_index = 480, .adv_w = 128, .box_w = 8, .box_h = 12, .ofs_x = 0, .ofs_y = 0},
    {.bitmap_index = 492, .adv_w = 128, .box_w = 8, .box_h = 12, .ofs_x = 0, .ofs_y = 0},
    {.bitmap_index = 504, .adv_w = 128, .box_w = 8, .box_h = 12, .ofs_x = 0, .ofs_y = 0},
    {.bitmap_index = 516, .adv_w = 128, .box_w = 8, .box_h = 12, .ofs_x = 0, .ofs_y = 0},
    {.bitmap_index = 528, .adv_w = 128, .box_w = 8, .box_h = 12, .ofs_x = 0, .ofs_y = 0},
    {.bitmap_index = 540, .adv_w = 128, .box_w = 8, .box_h = 12, .ofs_x = 0, .ofs_y = 0},
    {.bitmap_index = 552, .adv_w = 128, .box_w = 8, .box_h = 12, .ofs_x = 0, .ofs_y = 0},
    {.bitmap_index = 564, .adv_w = 128, .box_w = 8, .box_h = 12, .ofs_x = 0, .ofs_y = 0},
    {.bitmap_index = 576, .adv_w = 128, .box_w = 8, .box_h = 12, .ofs_x = 0, .ofs_y = 0},
    {.bitmap_index = 588, .adv_w = 128, .box_w = 8, .box_h = 12, .ofs_x = 0, .ofs_y = 0},
    {.bitmap_index = 600, .adv_w = 128, .box_w = 8, .box_h = 12, .ofs_x = 0, .ofs_y = 0},
    {.bitmap_index = 612, .adv_w = 128, .box_w = 8, .box_h = 12, .ofs_x = 0, .ofs_y = 0},
    {.bitmap_index = 624, .adv_w = 128, .box_w = 8, .box_h = 12, .ofs_x = 0, .ofs_y = 0},
    {.bitmap_index = 636, .adv_w = 128, .box_w = 8, .box_h = 12, .ofs_x = 0, .ofs_y = 0},
    {.bitmap_index = 648, .adv_w = 128, .box_w = 8, .box_h = 12, .ofs_x = 0, .ofs_y = 0},
    {.bitmap_index = 660, .adv_w = 128, .box_w = 8, .box_h = 12, .ofs_x = 0, .ofs_y = 0},
    {.bitmap_index = 672, .adv_w = 128, .box_w = 8, .box_h = 12, .ofs_x = 0, .ofs_y = 0},
    {.bitmap_index = 684, .adv_w = 128, .box_w = 8, .box_h = 12, .ofs_x = 0, .ofs_y = 0},
    {.bitmap_index = 696, .adv_w = 128, .box_w = 8, .box_h = 12, .ofs_x = 0, .ofs_y = 0},
    {.bitmap_index = 708, .adv_w = 128, .box_w = 8, .box_h = 12, .ofs_x = 0, .ofs_y = 0},
    {.bitmap_index = 720, .adv_w = 128, .box_w = 8, .box_h = 12, .ofs_x = 0, .ofs_y = 0},
    {.bitmap_index = 732, .adv_w = 128, .box_w = 8, .box_h = 12, .ofs_x = 0, .ofs_y = 0},
    {.bitmap_index = 744, .adv_w = 128, .box_w = 8, .box_h = 12, .ofs_x = 0, .ofs_y = 0},
    {.bitmap_index = 756, .adv_w = 128, .box_w = 8, .box_h = 12, .ofs_x = 0, .ofs_y = 0},
    {.bitmap_index = 768, .adv_w = 128, .box_w = 8, .box_h = 12, .ofs_x = 0, .ofs_y = 0},
    {.bitmap_index = 780, .adv_w = 128, .box_w = 8, .box_h = 12, .ofs_x = 0, .ofs_y = 0},
    {.bitmap_index = 792, .adv_w = 128, .box_w = 8, .box_h = 12, .ofs_x = 0, .ofs_y = 0},
    {.bitmap_index = 804, .adv_w = 128, .box_w = 8, .box_h = 12, .ofs_x = 0, .ofs_y = 0},
    {.bitmap_index = 816, .adv_w = 128, .box_w = 8, .box_h = 12, .ofs_x = 0, .ofs_y = 0},
    {.bitmap_index = 828, .adv_w = 128, .box_w = 8, .box_h = 12, .ofs_x = 0, .ofs_y = 0},
    {.bitmap_index = 840, .adv_w = 128, .box_w = 8, .box_h = 12, .ofs_x = 0, .ofs_y = 0},
    {.bitmap_index = 852, .adv_w = 128, .box_w = 8, .box_h = 12, .ofs_x = 0, .ofs_y = 0},
    {.bitmap_index = 864, .adv_w = 128, .box_w = 8, .box_h = 12, .ofs_x = 0, .ofs_y = 0},
    {.bitmap_index = 876, .adv_w = 128, .box_w = 8, .box_h = 12, .ofs_x = 0, .ofs_y = 0},
    {.bitmap_index = 888, .adv_w = 128, .box_w = 8, .box_h = 12, .ofs_x = 0, .ofs_y = 0},
    {.bitmap_index = 900, .adv_w = 128, .box_w = 8, .box_h = 12, .ofs_x = 0, .ofs_y = 0},
    {.bitmap_index = 912, .adv_w = 128, .box_w = 8, .box_h = 12, .ofs_x = 0, .ofs_y = 0},
    {.bitmap_index = 924, .adv_w = 128, .box_w = 8, .box_h = 12, .ofs_x = 0, .ofs_y = 0},
    {.bitmap_index = 936, .adv_w = 128, .box_w = 8, .box_h = 12, .ofs_x = 0, .ofs_y = 0},
    {.bitmap_index = 948, .adv_w = 128, .box_w = 8, .box_h = 12, .ofs_x = 0, .ofs_y = 0},
    {.bitmap_index = 960, .adv_w = 128, .box_w = 8, .box_h = 12, .ofs_x = 0, .ofs_y = 0},
    {.bitmap_index = 972, .adv_w = 128, .box_w = 8, .box_h = 12, .ofs_x = 0, .ofs_y = 0},
    {.bitmap_index = 984, .adv_w = 128, .box_w = 8, .box_h = 12, .ofs_x = 0, .ofs_y = 0},
    {.bitmap_index = 996, .adv_w = 128, .box_w = 8, .box_h = 12, .ofs_x = 0, .ofs_y = 0},
    {.bitmap_index = 1008, .adv_w = 128, .box_w = 8, .box_h = 12, .ofs_x = 0, .ofs_y = 0},
    {.bitmap_index = 1020, .adv_w = 128, .box_w = 8, .box_h = 12, .ofs_x = 0, .ofs_y = 0},
    {.bitmap_index = 1032, .adv_w = 128, .box_w = 8, .box_h = 12, .ofs_x = 0, .ofs_y = 0},
    {.bitmap_index = 1044, .adv_w = 128, .box_w = 8, .box_h = 12, .ofs_x = 0, .ofs_y = 0},
    {.bitmap_index = 1056, .adv_w = 128, .box_w = 8, .box_h = 12, .ofs_x = 0, .ofs_y = 0},
    {.bitmap_index = 1068, .adv_w = 128, .box_w = 8, .box_h = 12, .ofs_x = 0, .ofs_y = 0},
    {.bitmap_index = 1080, .adv_w = 128, .box_w = 8, .box_h = 12, .ofs_x = 0, .ofs_y = 0},
    {.bitmap_index = 1092, .adv_w = 128, .box_w = 8, .box_h = 12, .ofs_x = 0, .ofs_y = 0},
    {.bitmap_index = 1104, .adv_w = 128, .box_w = 8, .box_h = 12, .ofs_x = 0, .ofs_y = 0},
    {.bitmap_index = 1116, .adv_w = 128, .box_w = 8, .box_h = 12, .ofs_x = 0, .ofs_y = 0},
    {.bitmap_index = 1128, .adv_w = 128, .box_w = 8, .box_h = 12, .ofs_x = 0, .ofs_y = 0},
    {.bitmap_index = 1140, .adv_w = 128, .box_w = 8, .box_h = 12, .ofs_x = 0, .ofs_y = 0},
    {.bitmap_index = 1152, .adv_w = 128, .box_w = 8, .box_h = 12, .ofs_x = 0, .ofs_y = 0},
    {.bitmap_index = 1164, .adv_w = 128, .box_w = 8, .box_h = 12, .ofs_x = 0, .ofs_y = 0},
    {.bitmap_index = 1176, .adv_w = 128, .box_w = 8, .box_h = 12, .ofs_x = 0, .ofs_y = 0},
    {.bitmap_index = 1188, .adv_w = 128, .box_w = 8, .box_h = 12, .ofs_x = 0, .ofs_y = 0},
    {.bitmap_index = 1200, .adv_w = 128, .box_w = 8, .box_h = 12, .ofs_x = 0, .ofs_y = 0},
    {.bitmap_index = 1212, .adv_w = 128, .box_w = 8, .box_h = 12, .ofs_x = 0, .ofs_y = 0},
    {.bitmap_index = 1224, .adv_w = 128, .box_w = 8, .box_h = 12, .ofs_x = 0, .ofs_y = 0},
    {.bitmap_index = 1236, .adv_w = 128, .box_w = 8, .box_h = 12, .ofs_x = 0, .ofs_y = 0},
    {.bitmap_index = 1248, .adv_w = 128, .box_w = 8, .box_h = 12, .ofs_x = 0, .ofs_y = 0},
    {.bitmap_index = 1260, .adv_w = 128, .box_w = 8, .box_h = 12, .ofs_x = 0, .ofs_y = 0},
    {.bitmap_index = 1272, .adv_w = 128, .box_w = 8, .box_h = 12, .ofs_x = 0, .ofs_y = 0},
    {.bitmap_index = 1284, .adv_w = 128, .box_w = 8, .box_h = 12, .ofs_x = 0, .ofs_y = 0},
    {.bitmap_index = 1296, .adv_w = 128, .box_w = 8, .box_h = 12, .ofs_x = 0, .ofs_y = 0},
    {.bitmap_index = 1308, .adv_w = 128, .box_w = 8, .box_h = 12, .ofs_x = 0, .ofs_y = 0},
    {.bitmap_index = 1320, .adv_w = 128, .box_w = 8, .box_h = 12, .ofs_x = 0, .ofs_y = 0},
    {.bitmap_index = 1332, .adv_w = 128, .box_w = 8, .box_h = 12, .ofs_x = 0, .ofs_y = 0},
    {.bitmap_index = 1344, .adv_w = 128, .box_w = 8, .box_h = 12, .ofs_x = 0, .ofs_y = 0},
    {.bitmap_index = 1356, .adv_w = 128, .box_w = 8, .box_h = 12, .ofs_x = 0, .ofs_y = 0},
    {.bitmap_index = 1368, .adv_w = 128, .box_w = 8, .box_h = 12, .ofs_x = 0, .ofs_y = 0},
    {.bitmap_index = 1380, .adv_w = 128, .box_w = 8, .box_h = 12, .ofs_x = 0, .ofs_y = 0},
    {.bitmap_index = 1392, .adv_w = 128, .box_w = 8, .box_h = 12, .ofs_x = 0, .ofs_y = 0},
    {.bitmap_index = 1404, .adv_w = 128, .box_w = 8, .box_h = 12, .ofs_x = 0, .ofs_y = 0},
    {.bitmap_index = 1416, .adv_w = 128, .box_w = 8, .box_h = 12, .ofs_x = 0, .ofs_y = 0},
    {.bitmap_index = 1428, .adv_w = 128, .box_w = 8, .box_h = 12, .ofs_x = 0, .ofs_y = 0},
    {.bitmap_index = 1440, .adv_w = 128, .box_w = 8, .box_h = 12, .ofs_x = 0, .ofs_y = 0},
    {.bitmap_index = 1452, .adv_w = 128, .box_w = 8, .box_h = 12, .ofs_x = 0, .ofs_y = 0},
    {.bitmap_index = 1464, .adv_w = 128, .box_w = 8, .box_h = 12, .ofs_x = 0, .ofs_y = 0},
    {.bitmap_index = 1476, .adv_w = 128, .box_w = 8, .box_h = 12, .ofs_x = 0, .ofs_y = 0},
    {.bitmap_index = 1488, .adv_w = 128, .box_w = 8, .box_h = 12, .ofs_x = 0, .ofs_y = 0},
    {.bitmap_index = 1500, .adv_w = 128, .box_w = 8, .box_h = 12, .ofs_x = 0, .ofs_y = 0},
    {.bitmap_index = 1512, .adv_w = 128, .box_w = 8, .box_h = 12, .ofs_x = 0, .ofs_y = 0},
    {.bitmap_index = 1524, .adv_w = 128, .box_w = 8, .box_h = 12, .ofs_x = 0, .ofs_y = 0},
    {.bitmap_index = 1536, .adv_w = 128, .box_w = 8, .box_h = 12, .ofs_x = 0, .ofs_y = 0},
    {.bitmap_index = 1548, .adv_w = 128, .box_w = 8, .box_h = 12, .ofs_x = 0, .ofs_y = 0},
    {.bitmap_index = 1560, .adv_w = 128, .box_w = 8, .box_h = 12, .ofs_x = 0, .ofs_y = 0},
    {.bitmap_index = 1572, .adv_w = 128, .box_w = 8, .box_h = 12, .ofs_x = 0, .ofs_y = 0},
    {.bitmap_index = 1584, .adv_w = 128, .box_w = 8, .box_h = 12, .ofs_x = 0, .ofs_y = 0},
    {.bitmap_index = 1596, .adv_w = 128, .box_w = 8, .box_h = 12, .ofs_x = 0, .ofs_y = 0},
    {.bitmap_index = 1608, .adv_w = 128, .box_w = 8, .box_h = 12, .ofs_x = 0, .ofs_y = 0},
    {.bitmap_index = 1620, .adv_w = 128, .box_w = 8, .box_h = 12, .ofs_x = 0, .ofs_y = 0},
    {.bitmap_index = 1632, .adv_w = 128, .box_w = 8, .box_h = 12, .ofs_x = 0, .ofs_y = 0},
    {.bitmap_index = 1644, .adv_w = 128, .box_w = 8, .box_h = 12, .ofs_x = 0, .ofs_y = 0},
    {.bitmap_index = 1656, .adv_w = 128, .box_w = 8, .box_h = 12, .ofs_x = 0, .ofs_y = 0},
    {.bitmap_index = 1668, .adv_w = 128, .box_w = 8, .box_h = 12, .ofs_x = 0, .ofs_y = 0},
    {.bitmap_index = 1680, .adv_w = 128, .box_w = 8, .box_h = 12, .ofs_x = 0, .ofs_y = 0},
    {.bitmap_index = 1692, .adv_w = 128, .box_w = 8, .box_h = 12, .ofs_x = 0, .ofs_y = 0},
    {.bitmap_index = 1704, .adv_w = 128, .box_w = 8, .box_h = 12, .ofs_x = 0, .ofs_y = 0},
    {.bitmap_index = 1716, .adv_w = 128, .box_w = 8, .box_h = 12, .ofs_x = 0, .ofs_y = 0},
    {.bitmap_index = 1728, .adv_w = 128, .box_w = 8, .box_h = 12, .ofs_x = 0, .ofs_y = 0},
    {.bitmap_index = 1740, .adv_w = 128, .box_w = 8, .box_h = 12, .ofs_x = 0, .ofs_y = 0},
    {.bitmap_index = 1752, .adv_w = 128, .box_w = 8, .box_h = 12, .ofs_x = 0, .ofs_y = 0},
    {.bitmap_index = 1764, .adv_w = 128, .box_w = 8, .box_h = 12, .ofs_x = 0, .ofs_y = 0},
    {.bitmap_index = 1776, .adv_w = 128, .box_w = 8, .box_h = 12, .ofs_x = 0, .ofs_y = 0},
    {.bitmap_index = 1788, .adv_w = 128, .box_w = 8, .box_h = 12, .ofs_x = 0, .ofs_y = 0},
    {.bitmap_index = 1800, .adv_w = 128, .box_w = 8, .box_h = 12, .ofs_x = 0, .ofs_y = 0},
    {.bitmap_index = 1812, .adv_w = 128, .box_w = 8, .box_h = 12, .ofs_x = 0, .ofs_y = 0},
    {.bitmap_index = 1824, .adv_w = 128, .box_w = 8, .box_h = 12, .ofs_x = 0, .ofs_y = 0},
    {.bitmap_index = 1836, .adv_w = 128, .box_w = 8, .box_h = 12, .ofs_x = 0, .ofs_y = 0},
    {.bitmap_index = 1848, .adv_w = 128, .box_w = 8, .box_h = 12, .ofs_x = 0, .ofs_y = 0},
    {.bitmap_index = 1860, .adv_w = 128, .box_w = 8, .box_h = 12, .ofs_x = 0, .ofs_y = 0},
    {.bitmap_index = 1872, .adv_w = 128, .box_w = 8, .box_h = 12, .ofs_x = 0, .ofs_y = 0},
    {.bitmap_index = 1884, .adv_w = 128, .box_w = 8, .box_h = 12, .ofs_x = 0, .ofs_y = 0},
    {.bitmap_index = 1896, .adv_w = 128, .box_w = 8, .box_h = 12, .ofs_x = 0, .ofs_y = 0},
    {.bitmap_index = 1908, .adv_w = 128, .box_w = 8, .box_h = 12, .ofs_x = 0, .ofs_y = 0},
    {.bitmap_index = 1920, .adv_w = 128, .box_w = 8, .box_h = 12, .ofs_x = 0, .ofs_y = 0},
    {.bitmap_index = 1932, .adv_w = 128, .box_w = 8, .box_h = 12, .ofs_x = 0, .ofs_y = 0},
    {.bitmap_index = 1944, .adv_w = 128, .box_w = 8, .box_h = 12, .ofs_x = 0, .ofs_y = 0},
    {.bitmap_index = 1956, .adv_w = 128, .box_w = 8, .box_h = 12, .ofs_x = 0, .ofs_y = 0},
    {.bitmap_index = 1968, .adv_w = 128, .box_w = 8, .box_h = 12, .ofs_x = 0, .ofs_y = 0},
    {.bitmap_index = 1980, .adv_w = 128, .box_w = 8, .box_h = 12, .ofs_x = 0, .ofs_y = 0},
    {.bitmap_index = 1992, .adv_w = 128, .box_w = 8, .box_h = 12, .ofs_x = 0, .ofs_y = 0},
    {.bitmap_index = 2004, .adv_w = 128, .box_w = 8, .box_h = 12, .ofs_x = 0, .ofs_y = 0},
    {.bitmap_index = 2016, .adv_w = 128, .box_w = 8, .box_h = 12, .ofs_x = 0, .ofs_y = 0},
    {.bitmap_index = 2028, .adv_w = 128, .box_w = 8, .box_h = 12, .ofs_x = 0, .ofs_y = 0},
    {.bitmap_index = 2040, .adv_w = 128, .box_w = 8, .box_h = 12, .ofs_x = 0, .ofs_y = 0},
    {.bitmap_index = 2052, .adv_w = 128, .box_w = 8, .box_h = 12, .ofs_x = 0, .ofs_y = 0},
    {.bitmap_index = 2064, .adv_w = 128, .box_w = 8, .box_h = 12, .ofs_x = 0, .ofs_y = 0},
    {.bitmap_index = 2076, .adv_w = 128, .box_w = 8, .box_h = 12, .ofs_x = 0, .ofs_y = 0},
    {.bitmap_index = 2088, .adv_w = 128, .box_w = 8, .box_h = 12, .ofs_x = 0, .ofs_y = 0},
    {.bitmap_index = 2100, .adv_w = 128, .box_w = 8, .box_h = 12, .ofs_x = 0, .ofs_y = 0},
    {.bitmap_index = 2112, .adv_w = 128, .box_w = 8, .box_h = 12, .ofs_x = 0, .ofs_y = 0},
    {.bitmap_index = 2124, .adv_w = 128, .box_w = 8, .box_h = 12, .ofs_x = 0, .ofs_y = 0},
    {.bitmap_index = 2136, .adv_w = 128, .box_w = 8, .box_h = 12, .ofs_x = 0, .ofs_y = 0},
    {.bitmap_index = 2148, .adv_w = 128, .box_w = 8, .box_h = 12, .ofs_x = 0, .ofs_y = 0},
    {.bitmap_index = 2160, .adv_w = 128, .box_w = 8, .box_h = 12, .ofs_x = 0, .ofs_y = 0},
    {.bitmap_index = 2172, .adv_w = 128, .box_w = 8, .box_h = 12, .ofs_x = 0, .ofs_y = 0},
    {.bitmap_index = 2184, .adv_w = 128, .box_w = 8, .box_h = 12, .ofs_x = 0, .ofs_y = 0},
    {.bitmap_index = 2196, .adv_w = 128, .box_w = 8, .box_h = 12, .ofs_x = 0, .ofs_y = 0},
    {.bitmap_index = 2208, .adv_w = 128, .box_w = 8, .box_h = 12, .ofs_x = 0, .ofs_y = 0},
    {.bitmap_index = 2220, .adv_w = 128, .box_w = 8, .box_h = 12, .ofs_x = 0, .ofs_y = 0},
    {.bitmap_index = 2232, .adv_w = 128, .box_w = 8, .box_h = 12, .ofs_x = 0, .ofs_y = 0},
    {.bitmap_index = 2244, .adv_w = 128, .box_w = 8, .box_h = 12, .ofs_x = 0, .ofs_y = 0},
    {.bitmap_index = 2256, .adv_w = 128, .box_w = 8, .box_h = 12, .ofs_x = 0, .ofs_y = 0},
    {.bitmap_index = 2268, .adv_w = 128, .box_w = 8, .box_h = 12, .ofs_x = 0, .ofs_y = 0},
    {.bitmap_index = 2280, .adv_w = 128, .box_w = 8, .box_h = 12, .ofs_x = 0, .ofs_y = 0},
    {.bitmap_index = 2292, .adv_w = 128, .box_w = 8, .box_h = 12, .ofs_x = 0, .ofs_y = 0},
    {.bitmap_index = 2304, .adv_w = 128, .box_w = 8, .box_h = 12, .ofs_x = 0, .ofs_y = 0},
    {.bitmap_index = 2316, .adv_w = 128, .box_w = 8, .box_h = 12, .ofs_x = 0, .ofs_y = 0},
    {.bitmap_index = 2328, .adv_w = 128, .box_w = 8, .box_h = 12, .ofs_x = 0, .ofs_y = 0},
    {.bitmap_index = 2340, .adv_w = 128, .box_w = 8, .box_h = 12, .ofs_x = 0, .ofs_y = 0},
    {.bitmap_index = 2352, .adv_w = 128, .box_w = 8, .box_h = 12, .ofs_x = 0, .ofs_y = 0},
    {.bitmap_index = 2364, .adv_w = 128, .box_w = 8, .box_h = 12, .ofs_x = 0, .ofs_y = 0},
    {.bitmap_index = 2376, .adv_w = 128, .box_w = 8, .box_h = 12, .ofs_x = 0, .ofs_y = 0},
    {.bitmap_index = 2388, .adv_w = 128, .box_w = 8, .box_h = 12, .ofs_x = 0, .ofs_y = 0},
    {.bitmap_index = 2400, .adv_w = 128, .box_w = 8, .box_h = 12, .ofs_x = 0, .ofs_y = 0},
    {.bitmap_index = 2412, .adv_w = 128, .box_w = 8, .box_h = 12, .ofs_x = 0, .ofs_y = 0},
    {.bitmap_index = 2424, .adv_w = 128, .box_w = 8, .box_h = 12, .ofs_x = 0, .ofs_y = 0},
    {.bitmap_index = 2436, .adv_w = 128, .box_w = 8, .box_h = 12, .ofs_x = 0, .ofs_y = 0},
    {.bitmap_index = 2448, .adv_w = 128, .box_w = 8, .box_h = 12, .ofs_x = 0, .ofs_y = 0},
    {.bitmap_index = 2460, .adv_w = 128, .box_w = 8, .box_h = 12, .ofs_x = 0, .ofs_y = 0},
    {.bitmap_index = 2472, .adv_w = 128, .box_w = 8, .box_h = 12, .ofs_x = 0, .ofs_y = 0},
    {.bitmap_index = 2484, .adv_w = 128, .box_w = 8, .box_h = 12, .ofs_x = 0, .ofs_y = 0},
    {.bitmap_index = 2496, .adv_w = 128, .box_w = 8, .box_h = 12, .ofs_x = 0, .ofs_y = 0},
    {.bitmap_index = 2508, .adv_w = 128, .box_w = 8, .box_h = 12, .ofs_x = 0, .ofs_y = 0},
    {.bitmap_index = 2520, .adv_w = 128, .box_w = 8, .box_h = 12, .ofs_x = 0, .ofs_y = 0},
    {.bitmap_index = 2532, .adv_w = 128, .box_w = 8, .box_h = 12, .ofs_x = 0, .ofs_y = 0},
    {.bitmap_index = 2544, .adv_w = 128, .box_w = 8, .box_h = 12, .ofs_x = 0, .ofs_y = 0},
    {.bitmap_index = 2556, .adv_w = 128, .box_w = 8, .box_h = 12, .ofs_x = 0, .ofs_y = 0},
    {.bitmap_index = 2568, .adv_w = 128, .box_w = 8, .box_h = 12, .ofs_x = 0, .ofs_y = 0},
    {.bitmap_index = 2580, .adv_w = 128, .box_w = 8, .box_h = 12, .ofs_x = 0, .ofs_y = 0},
    {.bitmap_index = 2592, .adv_w = 128, .box_w = 8, .box_h = 12, .ofs_x = 0, .ofs_y = 0},
    {.bitmap_index = 2604, .adv_w = 128, .box_w = 8, .box_h = 12, .ofs_x = 0, .ofs_y = 0},
    {.bitmap_index = 2616, .adv_w = 128, .box_w = 8, .box_h = 12, .ofs_x = 0, .ofs_y = 0},
    {.bitmap_index = 2628, .adv_w = 128, .box_w = 8, .box_h = 12, .ofs_x = 0, .ofs_y = 0},
    {.bitmap_index = 2640, .adv_w = 128, .box_w = 8, .box_h = 12, .ofs_x = 0, .ofs_y = 0},
    {.bitmap_index = 2652, .adv_w = 128, .box_w = 8, .box_h = 12, .ofs_x = 0, .ofs_y = 0},
    {.bitmap_index = 2664, .adv_w = 128, .box_w = 8, .box_h = 12, .ofs_x = 0, .ofs_y = 0},
    {.bitmap_index = 2676, .adv_w = 128, .box_w = 8, .box_h = 12, .ofs_x = 0, .ofs_y = 0},
    {.bitmap_index = 2688, .adv_w = 128, .box_w = 8, .box_h = 12, .ofs_x = 0, .ofs_y = 0},
    {.bitmap_index = 2700, .adv_w = 128, .box_w = 8, .box_h = 12, .ofs_x = 0, .ofs_y = 0},
    {.bitmap_index = 2712, .adv_w = 128, .box_w = 8, .box_h = 12, .ofs_x = 0, .ofs_y = 0},
    {.bitmap_index = 2724, .adv_w = 128, .box_w = 8, .box_h = 12, .ofs_x = 0, .ofs_y = 0},
    {.bitmap_index = 2736, .adv_w = 128, .box_w = 8, .box_h = 12, .ofs_x = 0, .ofs_y = 0},
    {.bitmap_index = 2748, .adv_w = 128, .box_w = 8, .box_h = 12, .ofs_x = 0, .ofs_y = 0},
    {.bitmap_index = 2760, .adv_w = 128, .box_w = 8, .box_h = 12, .ofs_x = 0, .ofs_y = 0},
    {.bitmap_index = 2772, .adv_w = 128, .box_w = 8, .box_h = 12, .ofs_x = 0, .ofs_y = 0},
    {.bitmap_index = 2784, .adv_w = 128, .box_w = 8, .box_h = 12, .ofs_x = 0, .ofs_y = 0},
    {.bitmap_index = 2796, .adv_w = 128, .box_w = 8, .box_h = 12, .ofs_x = 0, .ofs_y = 0},
    {.bitmap_index = 2808, .adv_w = 128, .box_w = 8, .box_h = 12, .ofs_x = 0, .ofs_y = 0},
    {.bitmap_index = 2820, .adv_w = 128, .box_w = 8, .box_h = 12, .ofs_x = 0, .ofs_y = 0},
    {.bitmap_index = 2832, .adv_w = 128, .box_w = 8, .box_h = 12, .ofs_x = 0, .ofs_y = 0},
    {.bitmap_index = 2844, .adv_w = 128, .box_w = 8, .box_h = 12, .ofs_x = 0, .ofs_y = 0},
    {.bitmap_index = 2856, .adv_w = 128, .box_w = 8, .box_h = 12, .ofs_x = 0, .ofs_y = 0},
    {.bitmap_index = 2868, .adv_w = 128, .box_w = 8, .box_h = 12, .ofs_x = 0, .ofs_y = 0},
    {.bitmap_index = 2880, .adv_w = 128, .box_w = 8, .box_h = 12, .ofs_x = 0, .ofs_y = 0},
    {.bitmap_index = 2892, .adv_w = 128, .box_w = 8, .box_h = 12, .ofs_x = 0, .ofs_y = 0},
    {.bitmap_index = 2904, .adv_w = 128, .box_w = 8, .box_h = 12, .ofs_x = 0, .ofs_y = 0},
    {.bitmap_index = 2916, .adv_w = 128, .box_w = 8, .box_h = 12, .ofs_x = 0, .ofs_y = 0},
    {.bitmap_index = 2928, .adv_w = 128, .box_w = 8, .box_h = 12, .ofs_x = 0, .ofs_y = 0},
    {.bitmap_index = 2940, .adv_w = 128, .box_w = 8, .box_h = 12, .ofs_x = 0, .ofs_y = 0},
    {.bitmap_index = 2952, .adv_w = 128, .box_w = 8, .box_h = 12, .ofs_x = 0, .ofs_y = 0},
    {.bitmap_index = 2964, .adv_w = 128, .box_w = 8, .box_h = 12, .ofs_x = 0, .ofs_y = 0},
    {.bitmap_index = 2976, .adv_w = 128, .box_w = 8, .box_h = 12, .ofs_x = 0, .ofs_y = 0},
    {.bitmap_index = 2988, .adv_w = 128, .box_w = 8, .box_h = 12, .ofs_x = 0, .ofs_y = 0},
    {.bitmap_index = 3000, .adv_w = 128, .box_w = 8, .box_h = 12, .ofs_x = 0, .ofs_y = 0},
    {.bitmap_index = 3012, .adv_w = 128, .box_w = 8, .box_h = 12, .ofs_x = 0, .ofs_y = 0},
    {.bitmap_index = 3024, .adv_w = 128, .box_w = 8, .box_h = 12, .ofs_x = 0, .ofs_y = 0},
    {.bitmap_index = 3036, .adv_w = 128, .box_w = 8, .box_h = 12, .ofs_x = 0, .ofs_y = 0},
    {.bitmap_index = 3048, .adv_w = 128, .box_w = 8, .box_h = 12, .ofs_x = 0, .ofs_y = 0},
    {.bitmap_index = 3060, .adv_w = 128, .box_w = 8, .box_h = 12, .ofs_x = 0, .ofs_y = 0},
    {.bitmap_index = 3072, .adv_w = 128, .box_w = 8, .box_h = 12, .ofs_x = 0, .ofs_y = 0},
    {.bitmap_index = 3084, .adv_w = 128, .box_w = 8, .box_h = 12, .ofs_x = 0, .ofs_y = 0},
    {.bitmap_index = 3096, .adv_w = 128, .box_w = 8, .box_h = 12, .ofs_x = 0, .ofs_y = 0},
    {.bitmap_index = 3108, .adv_w = 128, .box_w = 8, .box_h = 12, .ofs_x = 0, .ofs_y = 0},
    {.bitmap_index = 3120, .adv_w = 128, .box_w = 8, .box_h = 12, .ofs_x = 0, .ofs_y = 0},
    {.bitmap_index = 3132, .adv_w = 128, .box_w = 8, .box_h = 12, .ofs_x = 0, .ofs_y = 0},
    {.bitmap_index = 3144, .adv_w = 128, .box_w = 8, .box_h = 12, .ofs_x = 0, .ofs_y = 0},
    {.bitmap_index = 3156, .adv_w = 128, .box_w = 8, .box_h = 12, .ofs_x = 0, .ofs_y = 0},
    {.bitmap_index = 3168, .adv_w = 128, .box_w = 8, .box_h = 12, .ofs_x = 0, .ofs_y = 0},
    {.bitmap_index = 3180, .adv_w = 128, .box_w = 8, .box_h = 12, .ofs_x = 0, .ofs_y = 0},
    {.bitmap_index = 3192, .adv_w = 128, .box_w = 8, .box_h = 12, .ofs_x = 0, .ofs_y = 0},
    {.bitmap_index = 3204, .adv_w = 128, .box_w = 8, .box_h = 12, .ofs_x = 0, .ofs_y = 0},
    {.bitmap_index = 3216, .adv_w = 128, .box_w = 8, .box_h = 12, .ofs_x = 0, .ofs_y = 0},
    {.bitmap_index = 3228, .adv_w = 128, .box_w = 8, .box_h = 12, .ofs_x = 0, .ofs_y = 0},
    {.bitmap_index = 3240, .adv_w = 128, .box_w = 8, .box_h = 12, .ofs_x = 0, .ofs_y = 0},
    {.bitmap_index = 3252, .adv_w = 128, .box_w = 8, .box_h = 12, .ofs_x = 0, .ofs_y = 0},
    {.bitmap_index = 3264, .adv_w = 128, .box_w = 8, .box_h = 12, .ofs_x = 0, .ofs_y = 0},
    {.bitmap_index = 3276, .adv_w = 128, .box_w = 8, .box_h = 12, .ofs_x = 0, .ofs_y = 0},
    {.bitmap_index = 3288, .adv_w = 128, .box_w = 8, .box_h = 12, .ofs_x = 0, .ofs_y = 0},
    {.bitmap_index = 3300, .adv_w = 128, .box_w = 8, .box_h = 12, .ofs_x = 0, .ofs_y = 0},
    {.bitmap_index = 3312, .adv_w = 128, .box_w = 8, .box_h = 12, .ofs_x = 0, .ofs_y = 0},
    {.bitmap_index = 3324, .adv_w = 128, .box_w = 8, .box_h = 12, .ofs_x = 0, .ofs_y = 0},
    {.bitmap_index = 3336, .adv_w = 128, .box_w = 8, .box_h = 12, .ofs_x = 0, .ofs_y = 0},
    {.bitmap_index = 3348, .adv_w = 128, .box_w = 8, .box_h = 12, .ofs_x = 0, .ofs_y = 0},
    {.bitmap_index = 3360, .adv_w = 128, .box_w = 8, .box_h = 12, .ofs_x = 0, .ofs_y = 0},
    {.bitmap_index = 3372, .adv_w = 128, .box_w = 8, .box_h = 12, .ofs_x = 0, .ofs_y = 0},
    {.bitmap_index = 3384, .adv_w = 128, .box_w = 8, .box_h = 12, .ofs_x = 0, .ofs_y = 0},
    {.bitmap_index = 3396, .adv_w = 128, .box_w = 8, .box_h = 12, .ofs_x = 0, .ofs_y = 0},
    {.bitmap_index = 3408, .adv_w = 128, .box_w = 8, .box_h = 12, .ofs_x = 0, .ofs_y = 0},
    {.bitmap_index = 3420, .adv_w = 128, .box_w = 8, .box_h = 12, .ofs_x = 0, .ofs_y = 0},
    {.bitmap_index = 3432, .adv_w = 128, .box_w = 8, .box_h = 12, .ofs_x = 0, .ofs_y = 0},
    {.bitmap_index = 3444, .adv_w = 128, .box_w = 8, .box_h = 12, .ofs_x = 0, .ofs_y = 0},
    {.bitmap_index = 3456, .adv_w = 128, .box_w = 8, .box_h = 12, .ofs_x = 0, .ofs_y = 0},
    {.bitmap_index = 3468, .adv_w = 128, .box_w = 8, .box_h = 12, .ofs_x = 0, .ofs_y = 0},
    {.bitmap_index = 3480, .adv_w = 128, .box_w = 8, .box_h = 12, .ofs_x = 0, .ofs_y = 0},
    {.bitmap_index = 3492, .adv_w = 128, .box_w = 8, .box_h = 12, .ofs_x = 0, .ofs_y = 0},
    {.bitmap_index = 3504, .adv_w = 128, .box_w = 8, .box_h = 12, .ofs_x = 0, .ofs_y = 0},
    {.bitmap_index = 3516, .adv_w = 128, .box_w = 8, .box_h = 12, .ofs_x = 0, .ofs_y = 0},
    {.bitmap_index = 3528, .adv_w = 128, .box_w = 8, .box_h = 12, .ofs_x = 0, .ofs_y = 0},
    {.bitmap_index = 3540, .adv_w = 128, .box_w = 8, .box_h = 12, .ofs_x = 0, .ofs_y = 0},
    {.bitmap_index = 3552, .adv_w = 128, .box_w = 8, .box_h = 12, .ofs_x = 0, .ofs_y = 0},
    {.bitmap_index = 3564, .adv_w = 128, .box_w = 8, .box_h = 12, .ofs_x = 0, .ofs_y = 0},
    {.bitmap_index = 3576, .adv_w = 128, .box_w = 8, .box_h = 12, .ofs_x = 0, .ofs_y = 0},
    {.bitmap_index = 3588, .adv_w = 128, .box_w = 8, .box_h = 12, .ofs_x = 0, .ofs_y = 0},
    {.bitmap_index = 3600, .adv_w = 128, .box_w = 8, .box_h = 12, .ofs_x = 0, .ofs_y = 0},
    {.bitmap_index = 3612, .adv_w = 128, .box_w = 8, .box_h = 12, .ofs_x = 0, .ofs_y = 0},
    {.bitmap_index = 3624, .adv_w = 128, .box_w = 8, .box_h = 12, .ofs_x = 0, .ofs_y = 0},
    {.bitmap_index = 3636, .adv_w = 128, .box_w = 8, .box_h = 12, .ofs_x = 0, .ofs_y = 0},
    {.bitmap_index = 3648, .adv_w = 128, .box_w = 8, .box_h = 12, .ofs_x = 0, .ofs_y = 0},
    {.bitmap_index = 3660, .adv_w = 128, .box_w = 8, .box_h = 12, .ofs_x = 0, .ofs_y = 0},
    {.bitmap_index = 3672, .adv_w = 128, .box_w = 8, .box_h = 12, .ofs_x = 0, .ofs_y = 0},
    {.bitmap_index = 3684, .adv_w = 128, .box_w = 8, .box_h = 12, .ofs_x = 0, .ofs_y = 0},
    {.bitmap_index = 3696, .adv_w = 128, .box_w = 8, .box_h = 12, .ofs_x = 0, .ofs_y = 0},
    {.bitmap_index = 3708, .adv_w = 128, .box_w = 8, .box_h = 12, .ofs_x = 0, .ofs_y = 0},
    {.bitmap_index = 3720, .adv_w = 128, .box_w = 8, .box_h = 12, .ofs_x = 0, .ofs_y = 0},
    {.bitmap_index = 3732, .adv_w = 128, .box_w = 8, .box_h = 12, .ofs_x = 0, .ofs_y = 0},
    {.bitmap_index = 3744, .adv_w = 128, .box_w = 8, .box_h = 12, .ofs_x = 0, .ofs_y = 0},
    {.bitmap_index = 3756, .adv_w = 128, .box_w = 8, .box_h = 12, .ofs_x = 0, .ofs_y = 0},
    {.bitmap_index = 3768, .adv_w = 128, .box_w = 8, .box_h = 12, .ofs_x = 0, .ofs_y = 0},
    {.bitmap_index = 3780, .adv_w = 128, .box_w = 8, .box_h = 12, .ofs_x = 0, .ofs_y = 0},
    {.bitmap_index = 3792, .adv_w = 128, .box_w = 8, .box_h = 12, .ofs_x = 0, .ofs_y = 0},
    {.bitmap_index = 3804, .adv_w = 128, .box_w = 8, .box_h = 12, .ofs_x = 0, .ofs_y = 0},
    {.bitmap_index = 3816, .adv_w = 128, .box_w = 8, .box_h = 12, .ofs_x = 0, .ofs_y = 0},
    {.bitmap_index = 3828, .adv_w = 128, .box_w = 8, .box_h = 12, .ofs_x = 0, .ofs_y = 0},
    {.bitmap_index = 3840, .adv_w = 128, .box_w = 8, .box_h = 12, .ofs_x = 0, .ofs_y = 0},
    {.bitmap_index = 3852, .adv_w = 128, .box_w = 8, .box_h = 12, .ofs_x = 0, .ofs_y = 0},
    {.bitmap_index = 3864, .adv_w = 128, .box_w = 8, .box_h = 12, .ofs_x = 0, .ofs_y = 0},
    {.bitmap_index = 3876, .adv_w = 128, .box_w = 8, .box_h = 12, .ofs_x = 0, .ofs_y = 0},
    {.bitmap_index = 3888, .adv_w = 128, .box_w = 8, .box_h = 12, .ofs_x = 0, .ofs_y = 0},
    {.bitmap_index = 3900, .adv_w = 128, .box_w = 8, .box_h = 12, .ofs_x = 0, .ofs_y = 0},
    {.bitmap_index = 3912, .adv_w = 128, .box_w = 8, .box_h = 12, .ofs_x = 0, .ofs_y = 0},
    {.bitmap_index = 3924, .adv_w = 128, .box_w = 8, .box_h = 12, .ofs_x = 0, .ofs_y = 0},
    {.bitmap_index = 3936, .adv_w = 128, .box_w = 8, .box_h = 12, .ofs_x = 0, .ofs_y = 0},
    {.bitmap_index = 3948, .adv_w = 128, .box_w = 8, .box_h = 12, .ofs_x = 0, .ofs_y = 0},
    {.bitmap_index = 3960, .adv_w = 128, .box_w = 8, .box_h = 12, .ofs_x = 0, .ofs_y = 0},
    {.bitmap_index = 3972, .adv_w = 128, .box_w = 8, .box_h = 12, .ofs_x = 0, .ofs_y = 0},
    {.bitmap_index = 3984, .adv_w = 128, .box_w = 8, .box_h = 12, .ofs_x = 0, .ofs_y = 0},
    {.bitmap_index = 3996, .adv_w = 128, .box_w = 8, .box_h = 12, .ofs_x = 0, .ofs_y = 0},
    {.bitmap_index = 4008, .adv_w = 128, .box_w = 8, .box_h = 12, .ofs_x = 0, .ofs_y = 0},
    {.bitmap_index = 4020, .adv_w = 128, .box_w = 8, .box_h = 12, .ofs_x = 0, .ofs_y = 0},
    {.bitmap_index = 4032, .adv_w = 128, .box_w = 8, .box_h = 12, .ofs_x = 0, .ofs_y = 0},
    {.bitmap_index = 4044, .adv_w = 128, .box_w = 8, .box_h = 12, .ofs_x = 0, .ofs_y = 0},
    {.bitmap_index = 4056, .adv_w = 128, .box_w = 8, .box_h = 12, .ofs_x = 0, .ofs_y = 0},
    {.bitmap_index = 4068, .adv_w = 128, .box_w = 8, .box_h = 12, .ofs_x = 0, .ofs_y = 0},
    {.bitmap_index = 4080, .adv_w = 128, .box_w = 8, .box_h = 12, .ofs_x = 0, .ofs_y = 0},
    {.bitmap_index = 4092, .adv_w = 128, .box_w = 8, .box_h = 12, .ofs_x = 0, .ofs_y = 0},
    {.bitmap_index = 4104, .adv_w = 128, .box_w = 8, .box_h = 12, .ofs_x = 0, .ofs_y = 0},
    {.bitmap_index = 4116, .adv_w = 128, .box_w = 8, .box_h = 12, .ofs_x = 0, .ofs_y = 0},
    {.bitmap_index = 4128, .adv_w = 128, .box_w = 8, .box_h = 12, .ofs_x = 0, .ofs_y = 0},
    {.bitmap_index = 4140, .adv_w = 128, .box_w = 8, .box_h = 12, .ofs_x = 0, .ofs_y = 0},
    {.bitmap_index = 4152, .adv_w = 128, .box_w = 8, .box_h = 12, .ofs_x = 0, .ofs_y = 0},
    {.bitmap_index = 4164, .adv_w = 128, .box_w = 8, .box_h = 12, .ofs_x = 0, .ofs_y = 0},
    {.bitmap_index = 4176, .adv_w = 128, .box_w = 8, .box_h = 12, .ofs_x = 0, .ofs_y = 0},
    {.bitmap_index = 4188, .adv_w = 128, .box_w = 8, .box_h = 12, .ofs_x = 0, .ofs_y = 0},
    {.bitmap_index = 4200, .adv_w = 128, .box_w = 8, .box_h = 12, .ofs_x = 0, .ofs_y = 0},
    {.bitmap_index = 4212, .adv_w = 128, .box_w = 8, .box_h = 12, .ofs_x = 0, .ofs_y = 0},
    {.bitmap_index = 4224, .adv_w = 128, .box_w = 8, .box_h = 12, .ofs_x = 0, .ofs_y = 0},
    {.bitmap_index = 4236, .adv_w = 128, .box_w = 8, .box_h = 12, .ofs_x = 0, .ofs_y = 0},
    {.bitmap_index = 4248, .adv_w = 128, .box_w = 8, .box_h = 12, .ofs_x = 0, .ofs_y = 0},
    {.bitmap_index = 4260, .adv_w = 128, .box_w = 8, .box_h = 12, .ofs_x = 0, .ofs_y = 0},
    {.bitmap_index = 4272, .adv_w = 128, .box_w = 8, .box_h = 12, .ofs_x = 0, .ofs_y = 0},
    {.bitmap_index = 4284, .adv_w = 128, .box_w = 8, .box_h = 12, .ofs_x = 0, .ofs_y = 0},
    {.bitmap_index = 4296, .adv_w = 128, .box_w = 8, .box_h = 12, .ofs_x = 0, .ofs_y = 0},
    {.bitmap_index = 4308, .adv_w = 128, .box_w = 8, .box_h = 12, .ofs_x = 0, .ofs_y = 0},
    {.bitmap_index = 4320, .adv_w = 128, .box_w = 8, .box_h = 12, .ofs_x = 0, .ofs_y = 0},
    {.bitmap_index = 4332, .adv_w = 128, .box_w = 8, .box_h = 12, .ofs_x = 0, .ofs_y = 0},
    {.bitmap_index = 4344, .adv_w = 128, .box_w = 8, .box_h = 12, .ofs_x = 0, .ofs_y = 0},
    {.bitmap_index = 4356, .adv_w = 128, .box_w = 8, .box_h = 12, .ofs_x = 0, .ofs_y = 0},
    {.bitmap_index = 4368, .adv_w = 128, .box_w = 8, .box_h = 12, .ofs_x = 0, .ofs_y = 0},
    {.bitmap_index = 4380, .adv_w = 128, .box_w = 8, .box_h = 12, .ofs_x = 0, .ofs_y = 0},
    {.bitmap_index = 4392, .adv_w = 128, .box_w = 8, .box_h = 12, .ofs_x = 0, .ofs_y = 0},
    {.bitmap_index = 4404, .adv_w = 128, .box_w = 8, .box_h = 12, .ofs_x = 0, .ofs_y = 0},
    {.bitmap_index = 4416, .adv_w = 128, .box_w = 8, .box_h = 12, .ofs_x = 0, .ofs_y = 0},
    {.bitmap_index = 4428, .adv_w = 128, .box_w = 8, .box_h = 12, .ofs_x = 0, .ofs_y = 0},
    {.bitmap_index = 4440, .adv_w = 128, .box_w = 8, .box_h = 12, .ofs_x = 0, .ofs_y = 0},
    {.bitmap_index = 4452, .adv_w = 128, .box_w = 8, .box_h = 12, .ofs_x = 0, .ofs_y = 0},
    {.bitmap_index = 4464, .adv_w = 128, .box_w = 8, .box_h = 12, .ofs_x = 0, .ofs_y = 0},
    {.bitmap_index = 4476, .adv_w = 128, .box_w = 8, .box_h = 12, .ofs_x = 0, .ofs_y = 0},
    {.bitmap_index = 4488, .adv_w = 128, .box_w = 8, .box_h = 12, .ofs_x = 0, .ofs_y = 0},
    {.bitmap_index = 4500, .adv_w = 128, .box_w = 8, .box_h = 12, .ofs_x = 0, .ofs_y = 0},
    {.bitmap_index = 4512, .adv_w = 128, .box_w = 8, .box_h = 12, .ofs_x = 0, .ofs_y = 0},
    {.bitmap_index = 4524, .adv_w = 128, .box_w = 8, .box_h = 12, .ofs_x = 0, .ofs_y = 0},
    {.bitmap_index = 4536, .adv_w = 128, .box_w = 8, .box_h = 12, .ofs_x = 0, .ofs_y = 0},
    {.bitmap_index = 4548, .adv_w = 128, .box_w = 8, .box_h = 12, .ofs_x = 0, .ofs_y = 0},
    {.bitmap_index = 4560, .adv_w = 128, .box_w = 8, .box_h = 12, .ofs_x = 0, .ofs_y = 0},
    {.bitmap_index = 4572, .adv_w = 128, .box_w = 8, .box_h = 12, .ofs_x = 0, .ofs_y = 0},
    {.bitmap_index = 4584, .adv_w = 128, .box_w = 8, .box_h = 12, .ofs_x = 0, .ofs_y = 0},
    {.bitmap_index = 4596, .adv_w = 128, .box_w = 8, .box_h = 12, .ofs_x = 0, .ofs_y = 0},
    {.bitmap_index = 4608, .adv_w = 128, .box_w = 8, .box_h = 12, .ofs_x = 0, .ofs_y = 0},
    {.bitmap_index = 4620, .adv_w = 128, .box_w = 8, .box_h = 12, .ofs_x = 0, .ofs_y = 0},
    {.bitmap_index = 4632, .adv_w = 128, .box_w = 8, .box_h = 12, .ofs_x = 0, .ofs_y = 0},
    {.bitmap_index = 4644, .adv_w = 128, .box_w = 8, .box_h = 12, .ofs_x = 0, .ofs_y = 0},
    {.bitmap_index = 4656, .adv_w = 128, .box_w = 8, .box_h = 12, .ofs_x = 0, .ofs_y = 0},
    {.bitmap_index = 4668, .adv_w = 128, .box_w = 8, .box_h = 12, .ofs_x = 0, .ofs_y = 0},
    {.bitmap_index = 4680, .adv_w = 128, .box_w = 8, .box_h = 12, .ofs_x = 0, .ofs_y = 0},
    {.bitmap_index = 4692, .adv_w = 128, .box_w = 8, .box_h = 12, .ofs_x = 0, .ofs_y = 0},
    {.bitmap_index = 4704, .adv_w = 128, .box_w = 8, .box_h = 12, .ofs_x = 0, .ofs_y = 0},
    {.bitmap_index = 4716, .adv_w = 128, .box_w = 8, .box_h = 12, .ofs_x = 0, .ofs_y = 0},
    {.bitmap_index = 4728, .adv_w = 128, .box_w = 8, .box_h = 12, .ofs_x = 0, .ofs_y = 0},
    {.bitmap_index = 4740, .adv_w = 128, .box_w = 8, .box_h = 12, .ofs_x = 0, .ofs_y = 0},
    {.bitmap_index = 4752, .adv_w = 128, .box_w = 8, .box_h = 12, .ofs_x = 0, .ofs_y = 0},
    {.bitmap_index = 4764, .adv_w = 128, .box_w = 8, .box_h = 12, .ofs_x = 0, .ofs_y = 0},
    {.bitmap_index = 4776, .adv_w = 128, .box_w = 8, .box_h = 12, .ofs_x = 0, .ofs_y = 0},
    {.bitmap_index = 4788, .adv_w = 128, .box_w = 8, .box_h = 12, .ofs_x = 0, .ofs_y = 0},
    {.bitmap_index = 4800, .adv_w = 128, .box_w = 8, .box_h = 12, .ofs_x = 0, .ofs_y = 0},
    {.bitmap_index = 4812, .adv_w = 128, .box_w = 8, .box_h = 12, .ofs_x = 0, .ofs_y = 0},
    {.bitmap_index = 4824, .adv_w = 128, .box_w = 8, .box_h = 12, .ofs_x = 0, .ofs_y = 0},
    {.bitmap_index = 4836, .adv_w = 128, .box_w = 8, .box_h = 12, .ofs_x = 0, .ofs_y = 0},
    {.bitmap_index = 4848, .adv_w = 128, .box_w = 8, .box_h = 12, .ofs_x = 0, .ofs_y = 0},
    {.bitmap_index = 4860, .adv_w = 128, .box_w = 8, .box_h = 12, .ofs_x = 0, .ofs_y = 0},
    {.bitmap_index = 4872, .adv_w = 128, .box_w = 8, .box_h = 12, .ofs_x = 0, .ofs_y = 0},
    {.bitmap_index = 4884, .adv_w = 128, .box_w = 8, .box_h = 12, .ofs_x = 0, .ofs_y = 0},
    {.bitmap_index = 4896, .adv_w = 128, .box_w = 8, .box_h = 12, .ofs_x = 0, .ofs_y = 0},
    {.bitmap_index = 4908, .adv_w = 128, .box_w = 8, .box_h = 12, .ofs_x = 0, .ofs_y = 0},
    {.bitmap_index = 4920, .adv_w = 128, .box_w = 8, .box_h = 12, .ofs_x = 0, .ofs_y = 0},
    {.bitmap_index = 4932, .adv_w = 128, .box_w = 8, .box_h = 12, .ofs_x = 0, .ofs_y = 0},
    {.bitmap_index = 4944, .adv_w = 128, .box_w = 8, .box_h = 12, .ofs_x = 0, .ofs_y = 0},
    {.bitmap_index = 4956, .adv_w = 128, .box_w = 8, .box_h = 12, .ofs_x = 0, .ofs_y = 0},
    {.bitmap_index = 4968, .adv_w = 128, .box_w = 8, .box_h = 12, .ofs_x = 0, .ofs_y = 0},
    {.bitmap_index = 4980, .adv_w = 128, .box_w = 8, .box_h = 12, .ofs_x = 0, .ofs_y = 0},
    {.bitmap_index = 4992, .adv_w = 128, .box_w = 8, .box_h = 12, .ofs_x = 0, .ofs_y = 0},
    {.bitmap_index = 5004, .adv_w = 128, .box_w = 8, .box_h = 12, .ofs_x = 0, .ofs_y = 0},
    {.bitmap_index = 5016, .adv_w = 128, .box_w = 8, .box_h = 12, .ofs_x = 0, .ofs_y = 0},
    {.bitmap_index = 5028, .adv_w = 128, .box_w = 8, .box_h = 12, .ofs_x = 0, .ofs_y = 0},
    {.bitmap_index = 5040, .adv_w = 128, .box_w = 8, .box_h = 12, .ofs_x = 0, .ofs_y = 0},
    {.bitmap_index = 5052, .adv_w = 128, .box_w = 8, .box_h = 12, .ofs_x = 0, .ofs_y = 0},
    {.bitmap_index = 5064, .adv_w = 128, .box_w = 8, .box_h = 12, .ofs_x = 0, .ofs_y = 0},
    {.bitmap_index = 5076, .adv_w = 128, .box_w = 8, .box_h = 12, .ofs_x = 0, .ofs_y = 0},
    {.bitmap_index = 5088, .adv_w = 128, .box_w = 8, .box_h = 12, .ofs_x = 0, .ofs_y = 0},
    {.bitmap_index = 5100, .adv_w = 128, .box_w = 8, .box_h = 12, .ofs_x = 0, .ofs_y = 0},
    {.bitmap_index = 5112, .adv_w = 128, .box_w = 8, .box_h = 12, .ofs_x = 0, .ofs_y = 0},
    {.bitmap_index = 5124, .adv_w = 128, .box_w = 8, .box_h = 12, .ofs_x = 0, .ofs_y = 0},
    {.bitmap_index = 5136, .adv_w = 128, .box_w = 8, .box_h = 12, .ofs_x = 0, .ofs_y = 0},
    {.bitmap_index = 5148, .adv_w = 128, .box_w = 8, .box_h = 12, .ofs_x = 0, .ofs_y = 0},
    {.bitmap_index = 5160, .adv_w = 128, .box_w = 8, .box_h = 12, .ofs_x = 0, .ofs_y = 0},
    {.bitmap_index = 5172, .adv_w = 128, .box_w = 8, .box_h = 12, .ofs_x = 0, .ofs_y = 0},
    {.bitmap_index = 5184, .adv_w = 128, .box_w = 8, .box_h = 12, .ofs_x = 0, .ofs_y = 0},
    {.bitmap_index = 5196, .adv_w = 128, .box_w = 8, .box_h = 12, .ofs_x = 0, .ofs_y = 0},
    {.bitmap_index = 5208, .adv_w = 128, .box_w = 8, .box_h = 12, .ofs_x = 0, .ofs_y = 0},
    {.bitmap_index = 5220, .adv_w = 128, .box_w = 8, .box_h = 12, .ofs_x = 0, .ofs_y = 0},
    {.bitmap_index = 5232, .adv_w = 128, .box_w = 8, .box_h = 12, .ofs_x = 0, .ofs_y = 0},
    {.bitmap_index = 5244, .adv_w = 128, .box_w = 8, .box_h = 12, .ofs_x = 0, .ofs_y = 0},
    {.bitmap_index = 5256, .adv_w = 128, .box_w = 8, .box_h = 12, .ofs_x = 0, .ofs_y = 0},
    {.bitmap_index = 5268, .adv_w = 128, .box_w = 8, .box_h = 12, .ofs_x = 0, .ofs_y = 0},
    {.bitmap_index = 5280, .adv_w = 128, .box_w = 8, .box_h = 12, .ofs_x = 0, .ofs_y = 0},
    {.bitmap_index = 5292, .adv_w = 128, .box_w = 8, .box_h = 12, .ofs_x = 0, .ofs_y = 0},
    {.bitmap_index = 5304, .adv_w = 128, .box_w = 8, .box_h = 12, .ofs_x = 0, .ofs_y = 0},
    {.bitmap_index = 5316, .adv_w = 128, .box_w = 8, .box_h = 12, .ofs_x = 0, .ofs_y = 0},
    {.bitmap_index = 5328, .adv_w = 128, .box_w = 8, .box_h = 12, .ofs_x = 0, .ofs_y = 0},
    {.bitmap_index = 5340, .adv_w = 128, .box_w = 8, .box_h = 12, .ofs_x = 0, .ofs_y = 0},
    {.bitmap_index = 5352, .adv_w = 128, .box_w = 8, .box_h = 12, .ofs_x = 0, .ofs_y = 0},
    {.bitmap_index = 5364, .adv_w = 128, .box_w = 8, .box_h = 12, .ofs_x = 0, .ofs_y = 0},
    {.bitmap_index = 5376, .adv_w = 128, .box_w = 8, .box_h = 12, .ofs_x = 0, .ofs_y = 0},
    {.bitmap_index = 5388, .adv_w = 128, .box_w = 8, .box_h = 12, .ofs_x = 0, .ofs_y = 0},
    {.bitmap_index = 5400, .adv_w = 128, .box_w = 8, .box_h = 12, .ofs_x = 0, .ofs_y = 0},
    {.bitmap_index = 5412, .adv_w = 128, .box_w = 8, .box_h = 12, .ofs_x = 0, .ofs_y = 0},
    {.bitmap_index = 5424, .adv_w = 128, .box_w = 8, .box_h = 12, .ofs_x = 0, .ofs_y = 0},
    {.bitmap_index = 5436, .adv_w = 128, .box_w = 8, .box_h = 12, .ofs_x = 0, .ofs_y = 0},
    {.bitmap_index = 5448, .adv_w = 128, .box_w = 8, .box_h = 12, .ofs_x = 0, .ofs_y = 0},
    {.bitmap_index = 5460, .adv_w = 128, .box_w = 8, .box_h = 12, .ofs_x = 0, .ofs_y = 0},
    {.bitmap_index = 5472, .adv_w = 128, .box_w = 8, .box_h = 12, .ofs_x = 0, .ofs_y = 0},
    {.bitmap_index = 5484, .adv_w = 128, .box_w = 8, .box_h = 12, .ofs_x = 0, .ofs_y = 0},
    {.bitmap_index = 5496, .adv_w = 128, .box_w = 8, .box_h = 12, .ofs_x = 0, .ofs_y = 0},
    {.bitmap_index = 5508, .adv_w = 128, .box_w = 8, .box_h = 12, .ofs_x = 0, .ofs_y = 0},
    {.bitmap_index = 5520, .adv_w = 128, .box_w = 8, .box_h = 12, .ofs_x = 0, .ofs_y = 0},
    {.bitmap_index = 5532, .adv_w = 128, .box_w = 8, .box_h = 12, .ofs_x = 0, .ofs_y = 0},
    {.bitmap_index = 5544, .adv_w = 128, .box_w = 8, .box_h = 12, .ofs_x = 0, .ofs_y = 0},
    {.bitmap_index = 5556, .adv_w = 128, .box_w = 8, .box_h = 12, .ofs_x = 0, .ofs_y = 0},
    {.bitmap_index = 5568, .adv_w = 128, .box_w = 8, .box_h = 12, .ofs_x = 0, .ofs_y = 0},
    {.bitmap_index = 5580, .adv_w = 128, .box_w = 8, .box_h = 12, .ofs_x = 0, .ofs_y = 0},
    {.bitmap_index = 5592, .adv_w = 128, .box_w = 8, .box_h = 12, .ofs_x = 0, .ofs_y = 0},
    {.bitmap_index = 5604, .adv_w = 128, .box_w = 8, .box_h = 12, .ofs_x = 0, .ofs_y = 0},
    {.bitmap_index = 5616, .adv_w = 128, .box_w = 8, .box_h = 12, .ofs_x = 0, .ofs_y = 0},
    {.bitmap_index = 5628, .adv_w = 128, .box_w = 8, .box_h = 12, .ofs_x = 0, .ofs_y = 0},
    {.bitmap_index = 5640, .adv_w = 128, .box_w = 8, .box_h = 12, .ofs_x = 0, .ofs_y = 0},
    {.bitmap_index = 5652, .adv_w = 128, .box_w = 8, .box_h = 12, .ofs_x = 0, .ofs_y = 0},
    {.bitmap_index = 5664, .adv_w = 128, .box_w = 8, .box_h = 12, .ofs_x = 0, .ofs_y = 0},
    {.bitmap_index = 5676, .adv_w = 128, .box_w = 8, .box_h = 12, .ofs_x = 0, .ofs_y = 0},
    {.bitmap_index = 5688, .adv_w = 128, .box_w = 8, .box_h = 12, .ofs_x = 0, .ofs_y = 0},
    {.bitmap_index = 5700, .adv_w = 128, .box_w = 8, .box_h = 12, .ofs_x = 0, .ofs_y = 0},
    {.bitmap_index = 5712, .adv_w = 128, .box_w = 8, .box_h = 12, .ofs_x = 0, .ofs_y = 0},
    {.bitmap_index = 5724, .adv_w = 128, .box_w = 8, .box_h = 12, .ofs_x = 0, .ofs_y = 0},
    {.bitmap_index = 5736, .adv_w = 128, .box_w = 8, .box_h = 12, .ofs_x = 0, .ofs_y = 0},
    {.bitmap_index = 5748, .adv_w = 128, .box_w = 8, .box_h = 12, .ofs_x = 0, .ofs_y = 0},
    {.bitmap_index = 5760, .adv_w = 128, .box_w = 8, .box_h = 12, .ofs_x = 0, .ofs_y = 0},
};

static const lv_font_fmt_txt_cmap_t cmaps_8x12[] = {
    {.range_start = 0x20, .range_length = 96, .glyph_id_start = 1, .unicode_list = NULL, .glyph_id_ofs_list = NULL, .list_length = 0, .type = LV_FONT_FMT_TXT_CMAP_FORMAT0_TINY},
    {.range_start = 0x2500, .range_length = 128, .glyph_id_start = 97, .unicode_list = NULL, .glyph_id_ofs_list = NULL, .list_length = 0, .type = LV_FONT_FMT_TXT_CMAP_FORMAT0_TINY},
    {.range_start = 0x2600, .range_length = 256, .glyph_id_start = 225, .unicode_list = NULL, .glyph_id_ofs_list = NULL, .list_length = 0, .type = LV_FONT_FMT_TXT_CMAP_FORMAT0_TINY},
};

static const lv_font_fmt_txt_dsc_t fdsc_8x12 = {
    .glyph_bitmap = bitmap_8x12,
    .glyph_dsc = dsc_8x12,
    .cmaps = cmaps_8x12,
    .kern_dsc = NULL,
    .kern_scale = 0,
    .cmap_num = 3,
    .bpp = 1,
    .kern_classes = 0,
    .bitmap_format = 0,
};

const lv_font_t lv_font_tui_8x12 = {
    .get_glyph_dsc = lv_font_get_glyph_dsc_fmt_txt,
    .get_glyph_bitmap = lv_font_get_bitmap_fmt_txt,
    .line_height = 12,
    .base_line = 0,
    .subpx = LV_FONT_SUBPX_NONE,
    .underline_position = 0,
    .underline_thickness = 0,
    .dsc = &fdsc_8x12,
};

static LV_ATTRIBUTE_LARGE_CONST const uint8_t bitmap_8x8[] = {
    0x00, 0x00, 0x00, 0x00, 0x00, 0x00, 0x00, 0x00, 0x00, 0x00, 0x00, 0x00,
    0x00, 0x00, 0x00, 0x00, 0x18, 0x18, 0x18, 0x18, 0x18, 0x00, 0x18, 0x00,
    0x66, 0x66, 0x66, 0x00, 0x00, 0x00, 0x00, 0x00, 0x6c, 0x6c, 0xfe, 0x6c,
    0xfe, 0x6c, 0x6c, 0x00, 0x18, 0x3e, 0x60, 0x3c, 0x06, 0x7c, 0x18, 0x00,
    0x00, 0xc6, 0xcc, 0x18, 0x30, 0x66, 0xc6, 0x00, 0x38, 0x6c, 0x38, 0x76,
    0xdc, 0xcc, 0x76, 0x00, 0x18, 0x18, 0x30, 0x00, 0x00, 0x00, 0x00, 0x00,
    0x0c, 0x18, 0x30, 0x30, 0x30, 0x18, 0x0c, 0x00, 0x30, 0x18, 0x0c, 0x0c,
    0x0c, 0x18, 0x30, 0x00, 0x00, 0x66, 0x3c, 0xff, 0x3c, 0x66, 0x00, 0x00,
    0x00, 0x18, 0x18, 0x7e, 0x18, 0x18, 0x00, 0x00, 0x00, 0x00, 0x00, 0x00,
    0x00, 0x18, 0x18, 0x30, 0x00, 0x00, 0x00, 0x7e, 0x00, 0x00, 0x00, 0x00,
    0x00, 0x00, 0x00, 0x00, 0x00, 0x18, 0x18, 0x00, 0x03, 0x06, 0x0c, 0x18,
    0x30, 0x60, 0xc0, 0x00, 0x3c, 0x66, 0x6e, 0x76, 0x66, 0x66, 0x3c, 0x00,
    0x18, 0x38, 0x18, 0x18, 0x18, 0x18, 0x7e, 0x00, 0x3c, 0x66, 0x0c, 0x18,
    0x30, 0x60, 0x7e, 0x00, 0x3c, 0x66, 0x06, 0x1c, 0x06, 0x66, 0x3c, 0x00,
    0x1c, 0x3c, 0x6c, 0xcc, 0xfe, 0x0c, 0x0c, 0x00, 0x7e, 0x60, 0x7c, 0x06,
    0x06, 0x66, 0x3c, 0x00, 0x1c, 0x30, 0x60, 0x7c, 0x66, 0x66, 0x3c, 0x00,
    0x7e, 0x06, 0x06, 0x0c, 0x18, 0x18, 0x18, 0x00, 0x3c, 0x66, 0x66, 0x3c,
    0x66, 0x66, 0x3c, 0x00, 0x3c, 0x66, 0x66, 0x3e, 0x06, 0x0c, 0x38, 0x00,
    0x00, 0x18, 0x18, 0x00, 0x00, 0x18, 0x18, 0x00, 0x00, 0x18, 0x18, 0x00,
    0x00, 0x18, 0x18, 0x30, 0x0c, 0x18, 0x30, 0x60, 0x30, 0x18, 0x0c, 0x00,
    0x00, 0x00, 0x7e, 0x00, 0x7e, 0x00, 0x00, 0x00, 0x60, 0x30, 0x18, 0x0c,
    0x18, 0x30, 0x60, 0x00, 0x3c, 0x66, 0x06, 0x0c, 0x18, 0x00, 0x18, 0x00,
    0x7c, 0xc6, 0xde, 0xde, 0xde, 0xc0, 0x7c, 0x00, 0x18, 0x3c, 0x66, 0x66,
    0x7e, 0x66, 0x66, 0x00, 0x7c, 0x66, 0x66, 0x7c, 0x66, 0x66, 0x7c, 0x00,
    0x3c, 0x66, 0x60, 0x60, 0x60, 0x66, 0x3c, 0x00, 0x78, 0x6c, 0x66, 0x66,
    0x66, 0x6c, 0x78, 0x00, 0x7e, 0x60, 0x60, 0x7c, 0x60, 0x60, 0x7e, 0x00,
    0x7e, 0x60, 0x60, 0x7c, 0x60, 0x60, 0x60, 0x00, 0x3c, 0x66, 0x60, 0x6e,
    0x66, 0x66, 0x3e, 0x00, 0x66, 0x66, 0x66, 0x7e, 0x66, 0x66, 0x66, 0x00,
    0x7e, 0x18, 0x18, 0x18, 0x18, 0x18, 0x7e, 0x00, 0x06, 0x06, 0x06, 0x06,
    0x06, 0x66, 0x3c, 0x00, 0xc6, 0xcc, 0xd8, 0xf0, 0xd8, 0xcc, 0xc6, 0x00,
    0x60, 0x60, 0x60, 0x60, 0x60, 0x60, 0x7e, 0x00, 0xc6, 0xee, 0xfe, 0xd6,
    0xc6, 0xc6, 0xc6, 0x00, 0xc6, 0xe6, 0xf6, 0xde, 0xce, 0xc6, 0xc6, 0x00,
    0x3c, 0x66, 0x66, 0x66, 0x66, 0x66, 0x3c, 0x00, 0x7c, 0x66, 0x66, 0x7c,
    0x60, 0x60, 0x60, 0x00, 0x3c, 0x66, 0x66, 0x66, 0x66, 0x6c, 0x36, 0x00,
    0x7c, 0x66, 0x66, 0x7c, 0x6c, 0x66, 0x66, 0x00, 0x3c, 0x66, 0x60, 0x3c,
    0x06, 0x66, 0x3c, 0x00, 0x7e, 0x18, 0x18, 0x18, 0x18, 0x18, 0x18, 0x00,
    0x66, 0x66, 0x66, 0x66, 0x66, 0x66, 0x3c, 0x00, 0x66, 0x66, 0x66, 0x66,
    0x66, 0x3c, 0x18, 0x00, 0xc6, 0xc6, 0xc6, 0xd6, 0xfe, 0xee, 0xc6, 0x00,
    0xc3, 0x66, 0x3c, 0x18, 0x3c, 0x66, 0xc3, 0x00, 0xc3, 0x66, 0x3c, 0x18,
    0x18, 0x18, 0x18, 0x00, 0x7e, 0x06, 0x0c, 0x18, 0x30, 0x60, 0x7e, 0x00,
    0x3c, 0x30, 0x30, 0x30, 0x30, 0x30, 0x3c, 0x00, 0xc0, 0x60, 0x30, 0x18,
    0x0c, 0x06, 0x03, 0x00, 0x3c, 0x0c, 0x0c, 0x0c, 0x0c, 0x0c, 0x3c, 0x00,
    0x10, 0x38, 0x6c, 0xc6, 0x00, 0x00, 0x00, 0x00, 0x00, 0x00, 0x00, 0x00,
    0x00, 0x00, 0x00, 0xff, 0x18, 0x0c, 0x06, 0x00, 0x00, 0x00, 0x00, 0x00,
    0x00, 0x00, 0x3c, 0x06, 0x3e, 0x66, 0x3e, 0x00, 0x60, 0x60, 0x7c, 0x66,
    0x66, 0x66, 0x7c, 0x00, 0x00, 0x00, 0x3c, 0x60, 0x60, 0x60, 0x3c, 0x00,
    0x06, 0x06, 0x3e, 0x66, 0x66, 0x66, 0x3e, 0x00, 0x00, 0x00, 0x3c, 0x66,
    0x7e, 0x60, 0x3c, 0x00, 0x1c, 0x30, 0x7c, 0x30, 0x30, 0x30, 0x30, 0x00,
    0x00, 0x00, 0x3e, 0x66, 0x66, 0x3e, 0x06, 0x7c, 0x60, 0x60, 0x7c, 0x66,
    0x66, 0x66, 0x66, 0x00, 0x18, 0x00, 0x38, 0x18, 0x18, 0x18, 0x1e, 0x00,
    0x0c, 0x00, 0x0c, 0x0c, 0x0c, 0x0c, 0x0c, 0x78, 0x60, 0x60, 0x66, 0x6c,
    0x78, 0x6c, 0x66, 0x00, 0x38, 0x18, 0x18, 0x18, 0x18, 0x18, 0x1e, 0x00,
    0x00, 0x00, 0xcc, 0xfe, 0xd6, 0xd6, 0xc6, 0x00, 0x00, 0x00, 0x7c, 0x66,
    0x66, 0x66, 0x66, 0x00, 0x00, 0x00, 0x3c, 0x66, 0x66, 0x66, 0x3c, 0x00,
    0x00, 0x00, 0x7c, 0x66, 0x66, 0x7c, 0x60, 0x60, 0x00, 0x00, 0x3e, 0x66,
    0x66, 0x3e, 0x06, 0x06, 0x00, 0x00, 0x7c, 0x66, 0x60, 0x60, 0x60, 0x00,
    0x00, 0x00, 0x3e, 0x60, 0x3c, 0x06, 0x7c, 0x00, 0x30, 0x30, 0x7e, 0x30,
    0x30, 0x30, 0x1e, 0x00, 0x00, 0x00, 0x66, 0x66, 0x66, 0x66, 0x3e, 0x00,
    0x00, 0x00, 0x66, 0x66, 0x66, 0x3c, 0x18, 0x00, 0x00, 0x00, 0xc6, 0xc6,
    0xd6, 0x7c, 0x6c, 0x00, 0x00, 0x00, 0xc6, 0x6c, 0x38, 0x6c, 0xc6, 0x00,
    0x00, 0x00, 0x66, 0x66, 0x66, 0x3e, 0x06, 0x3c, 0x00, 0x00, 0x7e, 0x0c,
    0x18, 0x30, 0x7e, 0x00, 0x0e, 0x18, 0x18, 0x70, 0x18, 0x18, 0x0e, 0x00,
    0x18, 0x18, 0x18, 0x18, 0x18, 0x18, 0x18, 0x00, 0x70, 0x18, 0x18, 0x0e,
    0x18, 0x18, 0x70, 0x00, 0x76, 0xdc, 0x00, 0x00, 0x00, 0x00, 0x00, 0x00,
    0xc0, 0xa0, 0xae, 0xa4, 0xc4, 0x04, 0x04, 0x00, 0x00, 0x00, 0x00, 0xff,
    0xff, 0x00, 0x00, 0x00, 0x00, 0x00, 0xff, 0xff, 0xff, 0xff, 0x00, 0x00,
    0x18, 0x18, 0x18, 0x18, 0x18, 0x18, 0x18, 0x18, 0x3c, 0x3c, 0x3c, 0x3c,
    0x3c, 0x3c, 0x3c, 0x3c, 0x00, 0x00, 0x00, 0xdd, 0xdd, 0x00, 0x00, 0x00,
    0x00, 0x00, 0xdd, 0xdd, 0xdd, 0xdd, 0x00, 0x00, 0x18, 0x18, 0x00, 0x18,
    0x18, 0x18, 0x00, 0x18, 0x3c, 0x3c, 0x00, 0x3c, 0x3c, 0x3c, 0x00, 0x3c,
    0x00, 0x00, 0x00, 0xaa, 0xaa, 0x00, 0x00, 0x00, 0x00, 0x00, 0x00, 0xaa,
    0xaa, 0x00, 0x00, 0x00, 0x18, 0x00, 0x18, 0x00, 0x18, 0x00, 0x18, 0x00,
    0x3c, 0x00, 0x3c, 0x00, 0x3c, 0x00, 0x3c, 0x00, 0x00, 0x00, 0x00, 0x1f,
    0x1f, 0x18, 0x18, 0x18, 0x00, 0x00, 0x1f, 0x1f, 0x1f, 0x1f, 0x18, 0x18,
    0x00, 0x00, 0x00, 0x3f, 0x3f, 0x3c, 0x3c, 0x3c, 0x00, 0x00, 0x3f, 0x3f,
    0x3f, 0x3f, 0x3c, 0x3c, 0x00, 0x00, 0x00, 0xf8, 0xf8, 0x18, 0x18, 0x18,
    0x00, 0x00, 0xf8, 0xf8, 0xf8, 0xf8, 0x18, 0x18, 0x00, 0x00, 0x00, 0xfc,
    0xfc, 0x3c, 0x3c, 0x3c, 0x00, 0x00, 0xfc, 0xfc, 0xfc, 0xfc, 0x3c, 0x3c,
    0x18, 0x18, 0x18, 0x1f, 0x1f, 0x00, 0x00, 0x00, 0x18, 0x18, 0x1f, 0x1f,
    0x1f, 0x1f, 0x00, 0x00, 0x3c, 0x3c, 0x3c, 0x3f, 0x3f, 0x00, 0x00, 0x00,
    0x3c, 0x3c, 0x3f, 0x3f, 0x3f, 0x3f, 0x00, 0x00, 0x18, 0x18, 0x18, 0xf8,
    0xf8, 0x00, 0x00, 0x00, 0x18, 0x18, 0xf8, 0xf8, 0xf8, 0xf8, 0x00, 0x00,
    0x3c, 0x3c, 0x3c, 0xfc, 0xfc, 0x00, 0x00, 0x00, 0x3c, 0x3c, 0xfc, 0xfc,
    0xfc, 0xfc, 0x00, 0x00, 0x18, 0x18, 0x18, 0x1f, 0x1f, 0x18, 0x18, 0x18,
    0x18, 0x18, 0x1f, 0x1f, 0x1f, 0x1f, 0x18, 0x18, 0x3c, 0x3c, 0x3c, 0x3f,
    0x1f, 0x18, 0x18, 0x18, 0x18, 0x18, 0x1f, 0x1f, 0x3f, 0x3f, 0x3c, 0x3c,
    0x3c, 0x3c, 0x3c, 0x3f, 0x3f, 0x3c, 0x3c, 0x3c, 0x3c, 0x3c, 0x3f, 0x3f,
    0x1f, 0x1f, 0x18, 0x18, 0x18, 0x18, 0x18, 0x1f, 0x3f, 0x3c, 0x3c, 0x3c,
    0x3c, 0x3c, 0x3f, 0x3f, 0x3f, 0x3f, 0x3c, 0x3c, 0x18, 0x18, 0x18, 0xf8,
    0xf8, 0x18, 0x18, 0x18, 0x18, 0x18, 0xf8, 0xf8, 0xf8, 0xf8, 0x18, 0x18,
    0x3c, 0x3c, 0x3c, 0xfc, 0xf8, 0x18, 0x18, 0x18, 0x18, 0x18, 0xf8, 0xf8,
    0xfc, 0xfc, 0x3c, 0x3c, 0x3c, 0x3c, 0x3c, 0xfc, 0xfc, 0x3c, 0x3c, 0x3c,
    0x3c, 0x3c, 0xfc, 0xfc, 0xf8, 0xf8, 0x18, 0x18, 0x18, 0x18, 0x18, 0xf8,
    0xfc, 0x3c, 0x3c, 0x3c, 0x3c, 0x3c, 0xfc, 0xfc, 0xfc, 0xfc, 0x3c, 0x3c,
    0x00, 0x00, 0x00, 0xff, 0xff, 0x18, 0x18, 0x18, 0x00, 0x00, 0xf0, 0xff,
    0xff, 0xf8, 0x18, 0x18, 0x00, 0x00, 0x0f, 0xff, 0xff, 0x1f, 0x18, 0x18,
    0x00, 0x00, 0xff, 0xff, 0xff, 0xff, 0x18, 0x18, 0x00, 0x00, 0x00, 0xff,
    0xff, 0x3c, 0x3c, 0x3c, 0x00, 0x00, 0xf0, 0xff, 0xff, 0xfc, 0x3c, 0x3c,
    0x00, 0x00, 0x0f, 0xff, 0xff, 0x3f, 0x3c, 0x3c, 0x00, 0x00, 0xff, 0xff,
    0xff, 0xff, 0x3c, 0x3c, 0x18, 0x18, 0x18, 0xff, 0xff, 0x00, 0x00, 0x00,
    0x18, 0x18, 0xf8, 0xff, 0xff, 0xf0, 0x00, 0x00, 0x18, 0x18, 0x1f, 0xff,
    0xff, 0x0f, 0x00, 0x00, 0x18, 0x18, 0xff, 0xff, 0xff, 0xff, 0x00, 0x00,
    0x3c, 0x3c, 0x3c, 0xff, 0xff, 0x00, 0x00, 0x00, 0x3c, 0x3c, 0xfc, 0xff,
    0xff, 0xf0, 0x00, 0x00, 0x3c, 0x3c, 0x3f, 0xff, 0xff, 0x0f, 0x00, 0x00,
    0x3c, 0x3c, 0xff, 0xff, 0xff, 0xff, 0x00, 0x00, 0x18, 0x18, 0x18, 0xff,
    0xff, 0x18, 0x18, 0x18, 0x18, 0x18, 0xf8, 0xff, 0xff, 0xf8, 0x18, 0x18,
    0x18, 0x18, 0x1f, 0xff, 0xff, 0x1f, 0x18, 0x18, 0x18, 0x18, 0xff, 0xff,
    0xff, 0xff, 0x18, 0x18, 0x3c, 0x3c, 0x3c, 0xff, 0xff, 0x18, 0x18, 0x18,
    0x18, 0x18, 0x18, 0xff, 0xff, 0x3c, 0x3c, 0x3c, 0x3c, 0x3c, 0x3c, 0xff,
    0xff, 0x3c, 0x3c, 0x3c, 0x3c, 0x3c, 0xfc, 0xff, 0xff, 0xf8, 0x18, 0x18,
    0x3c, 0x3c, 0x3f, 0xff, 0xff, 0x1f, 0x18, 0x18, 0x18, 0x18, 0xf8, 0xff,
    0xff, 0xfc, 0x3c, 0x3c, 0x18, 0x18, 0x1f, 0xff, 0xff, 0x3f, 0x3c, 0x3c,
    0x3c, 0x3c, 0xff, 0xff, 0xff, 0xff, 0x18, 0x18, 0x18, 0x18, 0xff, 0xff,
    0xff, 0xff, 0x3c, 0x3c, 0x3c, 0x3c, 0xfc, 0xff, 0xff, 0xfc, 0x3c, 0x3c,
    0x3c, 0x3c, 0x3f, 0xff, 0xff, 0x3f, 0x3c, 0x3c, 0x3c, 0x3c, 0xff, 0xff,
    0xff, 0xff, 0x3c, 0x3c, 0x00, 0x00, 0x00, 0x99, 0x99, 0x00, 0x00, 0x00,
    0x00, 0x00, 0x99, 0x99, 0x99, 0x99, 0x00, 0x00, 0x18, 0x00, 0x00, 0x18,
    0x18, 0x00, 0x00, 0x18, 0x3c, 0x00, 0x00, 0x3c, 0x3c, 0x00, 0x00, 0x3c,
    0x00, 0x00, 0xff, 0x00, 0xff, 0x00, 0x00, 0x00, 0x6c, 0x6c, 0x6c, 0x6c,
    0x6c, 0x6c, 0x6c, 0x6c, 0x00, 0x00, 0x1f, 0x18, 0x1f, 0x18, 0x18, 0x18,
    0x00, 0x00, 0x00, 0x7f, 0x7f, 0x6c, 0x6c, 0x6c, 0x00, 0x00, 0x7f, 0x60,
    0x6f, 0x6c, 0x6c, 0x6c, 0x00, 0x00, 0xf8, 0x18, 0xf8, 0x18, 0x18, 0x18,
    0x00, 0x00, 0x00, 0xfc, 0xfc, 0x6c, 0x6c, 0x6c, 0x00, 0x00, 0xfc, 0x0c,
    0xec, 0x6c, 0x6c, 0x6c, 0x18, 0x18, 0x1f, 0x18, 0x1f, 0x00, 0x00, 0x00,
    0x6c, 0x6c, 0x6c, 0x7f, 0x7f, 0x00, 0x00, 0x00, 0x6c, 0x6c, 0x6f, 0x60,
    0x7f, 0x00, 0x00, 0x00, 0x18, 0x18, 0xf8, 0x18, 0xf8, 0x00, 0x00, 0x00,
    0x6c, 0x6c, 0x6c, 0xfc, 0xfc, 0x00, 0x00, 0x00, 0x6c, 0x6c, 0xec, 0x0c,
    0xfc, 0x00, 0x00, 0x00, 0x18, 0x18, 0x1f, 0x18, 0x1f, 0x18, 0x18, 0x18,
    0x6c, 0x6c, 0x6c, 0x6f, 0x6f, 0x6c, 0x6c, 0x6c, 0x6c, 0x6c, 0x6f, 0x60,
    0x6f, 0x6c, 0x6c, 0x6c, 0x18, 0x18, 0xf8, 0x18, 0xf8, 0x18, 0x18, 0x18,
    0x6c, 0x6c, 0x6c, 0xec, 0xec, 0x6c, 0x6c, 0x6c, 0x6c, 0x6c, 0xec, 0x0c,
    0xec, 0x6c, 0x6c, 0x6c, 0x00, 0x00, 0xff, 0x00, 0xff, 0x18, 0x18, 0x18,
    0x00, 0x00, 0x00, 0xff, 0xff, 0x6c, 0x6c, 0x6c, 0x00, 0x00, 0xff, 0x00,
    0xef, 0x6c, 0x6c, 0x6c, 0x18, 0x18, 0xff, 0x00, 0xff, 0x00, 0x00, 0x00,
    0x6c, 0x6c, 0x6c, 0xff, 0xff, 0x00, 0x00, 0x00, 0x6c, 0x6c, 0xef, 0x00,
    0xff, 0x00, 0x00, 0x00, 0x18, 0x18, 0xff, 0x18, 0xff, 0x18, 0x18, 0x18,
    0x6c, 0x6c, 0x6c, 0xff, 0xff, 0x6c, 0x6c, 0x6c, 0x6c, 0x6c, 0xef, 0x00,
    0xef, 0x6c, 0x6c, 0x6c, 0x00, 0x00, 0x00, 0x07, 0x0f, 0x1c, 0x18, 0x18,
    0x00, 0x00, 0x00, 0xe0, 0xf0, 0x38, 0x18, 0x18, 0x18, 0x18, 0x38, 0xf0,
    0xe0, 0x00, 0x00, 0x00, 0x18, 0x18, 0x1c, 0x0f, 0x07, 0x00, 0x00, 0x00,
    0x03, 0x06, 0x0c, 0x18, 0x30, 0x60, 0xc0, 0x80, 0xc0, 0x60, 0x30, 0x18,
    0x0c, 0x06, 0x03, 0x01, 0xc3, 0x66, 0x3c, 0x18, 0x3c, 0x66, 0xc3, 0x81,
    0x00, 0x00, 0x00, 0xf0, 0xf0, 0x00, 0x00, 0x00, 0x18, 0x18, 0x18, 0x18,
    0x00, 0x00, 0x00, 0x00, 0x00, 0x00, 0x00, 0x0f, 0x0f, 0x00, 0x00, 0x00,
    0x00, 0x00, 0x00, 0x00, 0x18, 0x18, 0x18, 0x18, 0x00, 0x00, 0xf0, 0xf0,
    0xf0, 0xf0, 0x00, 0x00, 0x3c, 0x3c, 0x3c, 0x3c, 0x00, 0x00, 0x00, 0x00,
    0x00, 0x00, 0x0f, 0x0f, 0x0f, 0x0f, 0x00, 0x00, 0x00, 0x00, 0x00, 0x00,
    0x3c, 0x3c, 0x3c, 0x3c, 0x00, 0x00, 0x0f, 0xff, 0xff, 0x0f, 0x00, 0x00,
    0x18, 0x18, 0x18, 0x18, 0x3c, 0x3c, 0x3c, 0x3c, 0x00, 0x00, 0xf0, 0xff,
    0xff, 0xf0, 0x00, 0x00, 0x3c, 0x3c, 0x3c, 0x3c, 0x18, 0x18, 0x18, 0x18,
    0x00, 0x00, 0x00, 0x00, 0x00, 0x00, 0x00, 0x00, 0x00, 0x00, 0x00, 0x00,
    0x00, 0x00, 0x00, 0x00, 0x3e, 0x42, 0xfb, 0xd5, 0x10, 0x10, 0x1c, 0x08,
    0x00, 0x00, 0x00, 0x00, 0x00, 0x00, 0x00, 0x00, 0x00, 0x00, 0x00, 0x00,
    0x00, 0x00, 0x00, 0x00, 0x00, 0x10, 0x38, 0xfe, 0x38, 0x6e, 0x82, 0x00,
    0x00, 0x10, 0x3c, 0xe6, 0x3c, 0x6e, 0x82, 0x00, 0x00, 0x00, 0x00, 0x00,
    0x00, 0x00, 0x00, 0x00, 0x00, 0x00, 0x00, 0x00, 0x00, 0x00, 0x00, 0x00,
    0x00, 0x3e, 0x42, 0x5a, 0x5a, 0x62, 0x3c, 0x00, 0x00, 0x00, 0x00, 0x00,
    0x00, 0x00, 0x00, 0x00, 0x00, 0x00, 0x00, 0x00, 0x00, 0x00, 0x00, 0x00,
    0x00, 0x00, 0x00, 0x00, 0x00, 0x00, 0x00, 0x00, 0x00, 0x00, 0x00, 0x00,
    0x00, 0x00, 0x00, 0x00, 0x7f, 0xc3, 0xfb, 0x3e, 0x66, 0x77, 0x7e, 0x00,
    0x00, 0x00, 0x00, 0x00, 0x00, 0x00, 0x00, 0x00, 0xfe, 0x82, 0x82, 0x82,
    0x82, 0x82, 0xfe, 0x00, 0xfe, 0x86, 0x8a, 0xba, 0x92, 0x82, 0xfe, 0x00,
    0xfe, 0x82, 0xba, 0x92, 0xaa, 0x82, 0xfe, 0x00, 0x00, 0x00, 0x00, 0x00,
    0x00, 0x00, 0x00, 0x00, 0x00, 0x00, 0x00, 0x00, 0x00, 0x00, 0x00, 0x00,
    0x00, 0xbc, 0xbf, 0xbd, 0xbd, 0xbf, 0xfc, 0x78, 0x00, 0x00, 0x00, 0x00,
    0x00, 0x00, 0x00, 0x00, 0x00, 0x00, 0x00, 0x00, 0x00, 0x00, 0x00, 0x00,
    0x00, 0x00, 0x00, 0x00, 0x00, 0x00, 0x00, 0x00, 0x00, 0x00, 0x00, 0x00,
    0x00, 0x00, 0x00, 0x00, 0x00, 0x00, 0x00, 0x00, 0x00, 0x00, 0x00, 0x00,
    0x00, 0x00, 0x00, 0x00, 0x00, 0x00, 0x00, 0x00, 0x00, 0x00, 0x00, 0x00,
    0x00, 0x00, 0x00, 0x00, 0x00, 0x00, 0x00, 0x00, 0x00, 0x00, 0x00, 0x00,
    0x00, 0x00, 0x00, 0x00, 0x00, 0x00, 0x00, 0x00, 0x00, 0x00, 0x00, 0x00,
    0x00, 0x00, 0x00, 0x00, 0x00, 0x00, 0x00, 0x00, 0x00, 0x00, 0x00, 0x00,
    0x00, 0x00, 0x00, 0x00, 0x00, 0x00, 0x00, 0x00, 0x00, 0x00, 0x00, 0x00,
    0x00, 0x00, 0x00, 0x00, 0x00, 0x00, 0x00, 0x00, 0x00, 0x00, 0x00, 0x00,
    0x00, 0x00, 0x00, 0x00, 0x00, 0x00, 0x00, 0x00, 0x7c, 0xc6, 0x6c, 0x38,
    0xfe, 0x38, 0x38, 0x00, 0x00, 0x00, 0x00, 0x00, 0x00, 0x00, 0x00, 0x00,
    0x00, 0x00, 0x00, 0x00, 0x00, 0x00, 0x00, 0x00, 0x18, 0x3c, 0x18, 0x7e,
    0x18, 0x18, 0x18, 0x00, 0x00, 0x00, 0x00, 0x00, 0x00, 0x00, 0x00, 0x00,
    0x00, 0x00, 0x00, 0x00, 0x00, 0x00, 0x00, 0x00, 0x00, 0x00, 0x00, 0x00,
    0x00, 0x00, 0x00, 0x00, 0x00, 0x00, 0x00, 0x00, 0x00, 0x00, 0x00, 0x00,
    0x00, 0x00, 0x00, 0x00, 0x00, 0x00, 0x00, 0x00, 0x00, 0x00, 0x00, 0x00,
    0x00, 0x00, 0x00, 0x00, 0x00, 0x7f, 0x81, 0xf1, 0xf3, 0xff, 0x7e, 0x00,
    0x00, 0x00, 0xfe, 0x00, 0xfe, 0x00, 0xfe, 0x00, 0x00, 0x00, 0xc6, 0x00,
    0xfe, 0x00, 0xfe, 0x00, 0x00, 0x00, 0xfe, 0x00, 0xc6, 0x00, 0xfe, 0x00,
    0x00, 0x00, 0xc6, 0x00, 0xc6, 0x00, 0xfe, 0x00, 0x00, 0x00, 0xfe, 0x00,
    0xfe, 0x00, 0xc6, 0x00, 0x00, 0x00, 0xc6, 0x00, 0xfe, 0x00, 0xc6, 0x00,
    0x00, 0x00, 0xfe, 0x00, 0xc6, 0x00, 0xc6, 0x00, 0x00, 0x00, 0xc6, 0x00,
    0xc6, 0x00, 0xc6, 0x00, 0x00, 0x00, 0x00, 0x00, 0x00, 0x00, 0x00, 0x00,
    0x7f, 0x81, 0xa5, 0x81, 0x99, 0xa5, 0xc1, 0x7e, 0x7f, 0x81, 0xa5, 0x81,
    0xbd, 0x99, 0xc1, 0x7e, 0x7e, 0xff, 0xdb, 0xff, 0xc3, 0xe7, 0xff, 0x7e,
    0x00, 0x00, 0x00, 0x00, 0x00, 0x00, 0x00, 0x00, 0x00, 0x00, 0x00, 0x00,
    0x00, 0x00, 0x00, 0x00, 0x00, 0x00, 0x00, 0x00, 0x00, 0x00, 0x00, 0x00,
    0x00, 0x00, 0x00, 0x00, 0x00, 0x00, 0x00, 0x00, 0x3c, 0x66, 0x66, 0x66,
    0x3c, 0x18, 0x7e, 0x18, 0x00, 0x00, 0x00, 0x00, 0x00, 0x00, 0x00, 0x00,
    0x0f, 0x07, 0x0f, 0x7d, 0xcc, 0xcc, 0xcc, 0x78, 0x00, 0x00, 0x00, 0x00,
    0x00, 0x00, 0x00, 0x00, 0x00, 0x00, 0x00, 0x00, 0x00, 0x00, 0x00, 0x00,
    0x00, 0x00, 0x00, 0x00, 0x00, 0x00, 0x00, 0x00, 0x00, 0x00, 0x00, 0x00,
    0x00, 0x00, 0x00, 0x00, 0x00, 0x00, 0x00, 0x00, 0x00, 0x00, 0x00, 0x00,
    0x00, 0x00, 0x00, 0x00, 0x00, 0x00, 0x00, 0x00, 0x00, 0x00, 0x00, 0x00,
    0x00, 0x00, 0x00, 0x00, 0x00, 0x00, 0x00, 0x00, 0x00, 0x00, 0x00, 0x00,
    0x00, 0x00, 0x00, 0x00, 0x00, 0x00, 0x00, 0x00, 0x00, 0x00, 0x00, 0x00,
    0x00, 0x00, 0x00, 0x00, 0x00, 0x00, 0x00, 0x00, 0x00, 0x00, 0x00, 0x00,
    0x00, 0x00, 0x00, 0x00, 0x00, 0x00, 0x00, 0x00, 0x00, 0x00, 0x00, 0x00,
    0x00, 0x00, 0x00, 0x00, 0x00, 0x00, 0x00, 0x00, 0x00, 0x00, 0x00, 0x00,
    0x00, 0x00, 0x00, 0x00, 0x00, 0x00, 0x00, 0x00, 0x00, 0x00, 0x00, 0x00,
    0x00, 0x00, 0x00, 0x00, 0x00, 0x00, 0x00, 0x00, 0x00, 0x00, 0x00, 0x00,
    0x00, 0x00, 0x00, 0x00, 0x00, 0x00, 0x00, 0x00, 0x00, 0x00, 0x00, 0x00,
    0x00, 0x00, 0x00, 0x00, 0x00, 0x00, 0x00, 0x00, 0x00, 0x00, 0x00, 0x00,
    0x00, 0x00, 0x00, 0x00, 0x00, 0x00, 0x00, 0x00, 0x00, 0x00, 0x00, 0x00,
    0x00, 0x00, 0x00, 0x00, 0x00, 0x00, 0x00, 0x00, 0x00, 0x00, 0x00, 0x00,
    0x00, 0x00, 0x00, 0x00, 0x00, 0x00, 0x00, 0x00, 0x00, 0x00, 0x00, 0x00,
    0x00, 0x00, 0x00, 0x00, 0x00, 0x00, 0x00, 0x00, 0x00, 0x00, 0x00, 0x00,
    0x00, 0x00, 0x00, 0x00, 0x00, 0x00, 0x00, 0x00, 0x00, 0x00, 0x00, 0x00,
    0x00, 0x00, 0x00, 0x00, 0x00, 0x00, 0x00, 0x00, 0x00, 0x00, 0x00, 0x00,
    0x10, 0x38, 0x7c, 0xfe, 0xfe, 0x38, 0x7c, 0x00, 0x6c, 0xfe, 0xc6, 0xc6,
    0x6c, 0x38, 0x10, 0x00, 0x10, 0x38, 0x6c, 0xc6, 0x6c, 0x38, 0x10, 0x00,
    0x18, 0x1c, 0x66, 0x76, 0x18, 0x18, 0x3c, 0x00, 0x10, 0x38, 0x6c, 0xc6,
    0xee, 0x38, 0x7c, 0x00, 0x6c, 0xfe, 0xfe, 0xfe, 0x7c, 0x38, 0x10, 0x00,
    0x10, 0x38, 0x7c, 0xfe, 0x7c, 0x38, 0x10, 0x00, 0x38, 0x38, 0xc6, 0xe6,
    0xee, 0x28, 0x7c, 0x00, 0x00, 0x00, 0x00, 0x00, 0x00, 0x00, 0x00, 0x00,
    0x0c, 0x0c, 0x0c, 0x0c, 0x0c, 0x3c, 0x7c, 0x38, 0x18, 0x1c, 0x1e, 0x1b,
    0x18, 0x78, 0xf8, 0x70, 0x7f, 0x63, 0x63, 0x63, 0x63, 0x67, 0xe6, 0xc0,
    0x7f, 0x63, 0x7f, 0x63, 0x63, 0x67, 0xe6, 0xc0, 0x00, 0x00, 0x00, 0x00,
    0x00, 0x00, 0x00, 0x00, 0x00, 0x00, 0x00, 0x00, 0x00, 0x00, 0x00, 0x00,
    0x00, 0x00, 0x00, 0x00, 0x00, 0x00, 0x00, 0x00, 0x00, 0x00, 0x00, 0x00,
    0x00, 0x00, 0x00, 0x00, 0x00, 0x00, 0x00, 0x00, 0x00, 0x00, 0x00, 0x00,
    0x00, 0x00, 0x00, 0x00, 0x00, 0x00, 0x00, 0x00, 0x00, 0x00, 0x00, 0x00,
    0x00, 0x00, 0x00, 0x00, 0x00, 0x00, 0x00, 0x00, 0x00, 0x00, 0x00, 0x00,
    0x00, 0x00, 0x00, 0x00, 0x00, 0x00, 0x00, 0x00, 0x00, 0x00, 0x00, 0x00,
    0x00, 0x00, 0x00, 0x00, 0x00, 0x00, 0x00, 0x00, 0x00, 0x00, 0x00, 0x00,
    0x00, 0x00, 0x00, 0x00, 0x00, 0x00, 0x00, 0x00, 0x00, 0x00, 0x00, 0x00,
    0x00, 0x00, 0x00, 0x00, 0x00, 0x00, 0x00, 0x00, 0x00, 0x00, 0x00, 0x00,
    0x00, 0x00, 0x00, 0x00, 0x00, 0x00, 0x00, 0x00, 0x00, 0x00, 0x00, 0x00,
    0x00, 0x00, 0x00, 0x00, 0x00, 0x00, 0x00, 0x00, 0x00, 0x00, 0x00, 0x00,
    0x00, 0x00, 0x00, 0x00, 0x00, 0x00, 0x00, 0x00, 0x00, 0x00, 0x00, 0x00,
    0x00, 0x00, 0x00, 0x00, 0x00, 0x00, 0x00, 0x00, 0x00, 0x00, 0x00, 0x00,
    0x00, 0x00, 0x00, 0x00, 0x00, 0x00, 0x00, 0x00, 0x00, 0x00, 0x00, 0x00,
    0x00, 0x00, 0x00, 0x00, 0xff, 0x81, 0xa5, 0x81, 0x81, 0xa5, 0x81, 0xff,
    0x00, 0x00, 0x00, 0x00, 0x00, 0x00, 0x00, 0x00, 0x00, 0x00, 0x00, 0x00,
    0x00, 0x00, 0x00, 0x00, 0x00, 0x00, 0x00, 0x00, 0x00, 0x00, 0x00, 0x00,
    0x00, 0x00, 0x00, 0x00, 0x00, 0x00, 0x00, 0x00, 0x00, 0x00, 0x00, 0x00,
    0x00, 0x00, 0x00, 0x00, 0x00, 0x00, 0x00, 0x00, 0x00, 0x00, 0x00, 0x00,
    0x00, 0x00, 0xfe, 0x00, 0x00, 0x00, 0x00, 0x00, 0x00, 0x00, 0xc6, 0x00,
    0x00, 0x00, 0x00, 0x00, 0x00, 0x00, 0xfe, 0x00, 0xfe, 0x00, 0x00, 0x00,
    0x00, 0x00, 0xc6, 0x00, 0xfe, 0x00, 0x00, 0x00, 0x00, 0x00, 0xfe, 0x00,
    0xc6, 0x00, 0x00, 0x00, 0x00, 0x00, 0xc6, 0x00, 0xc6, 0x00, 0x00, 0x00,
    0x00, 0x00, 0x00, 0x00, 0x00, 0x00, 0x00, 0x00, 0x00, 0x00, 0x00, 0x00,
    0x00, 0x00, 0x00, 0x00, 0x00, 0x00, 0x00, 0x00, 0x00, 0x00, 0x00, 0x00,
    0x00, 0x00, 0x00, 0x00, 0x00, 0x00, 0x00, 0x00, 0x00, 0x00, 0x00, 0x00,
    0x00, 0x00, 0x00, 0x00, 0x00, 0x00, 0x00, 0x00, 0x00, 0x00, 0x00, 0x00,
    0x00, 0x00, 0x00, 0x00, 0x00, 0x00, 0x00, 0x00, 0x00, 0x00, 0x00, 0x00,
    0x00, 0x00, 0x00, 0x00, 0x00, 0x00, 0x00, 0x00, 0x00, 0x00, 0x00, 0x00,
    0x00, 0x00, 0x00, 0x00, 0x00, 0x00, 0x00, 0x00, 0x00, 0x00, 0x00, 0x00,
    0x00, 0x00, 0x00, 0x00, 0x00, 0x00, 0x00, 0x00, 0x00, 0x00, 0x00, 0x00,
    0x00, 0x00, 0x00, 0x00, 0x00, 0x00, 0x00, 0x00, 0x00, 0x00, 0x00, 0x00,
    0x00, 0x00, 0x00, 0x00, 0xe0, 0x38, 0x00, 0xfe, 0xfe, 0x00, 0x38, 0xe0,
    0x07, 0x1c, 0x00, 0x7f, 0x7f, 0x00, 0x1c, 0x07, 0x00, 0x00, 0x00, 0x00,
    0x00, 0x00, 0x00, 0x00, 0x00, 0x00, 0x00, 0x00, 0x00, 0x00, 0x00, 0x00,
    0x00, 0x00, 0x00, 0x00, 0x00, 0x00, 0x00, 0x00, 0x00, 0x00, 0x00, 0x00,
    0x00, 0x00, 0x00, 0x00, 0x00, 0x00, 0x00, 0x00, 0x00, 0x00, 0x00, 0x00,
    0x00, 0x00, 0x00, 0x00, 0x00, 0x00, 0x00, 0x00, 0x00, 0x00, 0x00, 0x00,
    0x00, 0x00, 0x00, 0x00, 0x00, 0x00, 0x00, 0x00, 0x00, 0x00, 0x00, 0x00,
    0x00, 0x00, 0x00, 0x00, 0x00, 0x00, 0x00, 0x00, 0x00, 0x00, 0x00, 0x00,
    0x00, 0x00, 0x00, 0x00, 0x00, 0x3c, 0x66, 0xc3, 0xc3, 0x66, 0x3c, 0x00,
    0x00, 0x3c, 0x7e, 0xff, 0xff, 0x7e, 0x3c, 0x00, 0x00, 0x38, 0x7c, 0x6c,
    0x7c, 0x38, 0x00, 0x00, 0x00, 0x00, 0x00, 0x00, 0x00, 0x00, 0x00, 0x00,
    0x00, 0x00, 0x00, 0x00, 0x00, 0x00, 0x00, 0x00, 0x00, 0x00, 0x00, 0x00,
    0x00, 0x00, 0x00, 0x00, 0x00, 0x00, 0x00, 0x00, 0x00, 0x00, 0x00, 0x00,
    0x00, 0x00, 0x00, 0x00, 0x00, 0x00, 0x00, 0x00, 0x00, 0x00, 0x00, 0x00,
    0x00, 0x00, 0x00, 0x00, 0x00, 0x00, 0x00, 0x00, 0x00, 0x00, 0x00, 0x00,
    0x00, 0x00, 0x00, 0x00, 0x00, 0x00, 0x00, 0x00, 0x00, 0x00, 0x00, 0x00,
    0x00, 0x00, 0x00, 0x00, 0x00, 0x00, 0x00, 0x00, 0x00, 0x00, 0x00, 0x00,
    0x00, 0x00, 0x00, 0x00, 0x00, 0x00, 0x00, 0x00, 0x00, 0x00, 0x00, 0x00,
    0x00, 0x00, 0x00, 0x00, 0x00, 0x00, 0x00, 0x00, 0x00, 0x00, 0x00, 0x00,
    0x00, 0x00, 0x00, 0x00, 0x00, 0x00, 0x00, 0x00, 0x00, 0x00, 0x00, 0x00,
    0x00, 0x00, 0x00, 0x00, 0x00, 0x00, 0x00, 0x00, 0x00, 0x00, 0x00, 0x00,
    0x00, 0x00, 0x00, 0x00, 0x00, 0x00, 0x00, 0x00, 0x00, 0x00, 0x00, 0x00,
    0x00, 0x00, 0x00, 0x00, 0x00, 0x00, 0x00, 0x00, 0x00, 0x00, 0x00, 0x00,
    0x00, 0x00, 0x00, 0x00, 0x00, 0x00, 0x00, 0x00, 0x00, 0x00, 0x00, 0x00,
    0x00, 0x00, 0x00, 0x00, 0x00, 0x00, 0x00, 0x00, 0x00, 0x00, 0x00, 0x00,
    0x00, 0x00, 0x00, 0x00, 0x00, 0x00, 0x00, 0x00, 0x00, 0x00, 0x00, 0x00,
    0x00, 0x00, 0x00, 0x00, 0x00, 0x00, 0x00, 0x00, 0x00, 0x00, 0x00, 0x00,
    0x00, 0x00, 0x00, 0x00, 0x00, 0x00, 0x00, 0x00, 0x00, 0x00, 0x00, 0x00,
    0x00, 0x00, 0x00, 0x00, 0x3c, 0xff, 0xff, 0x18, 0x0c, 0x18, 0x30, 0x18,
    0x00, 0x00, 0x00, 0x00, 0x00, 0x00, 0x00, 0x00, 0x00, 0x00, 0x00, 0x00,
    0x00, 0x00, 0x00, 0x00, 0x00, 0x00, 0x00, 0x00, 0x00, 0x00, 0x00, 0x00,
    0x00, 0x00, 0x00, 0x00, 0x00, 0x00, 0x00, 0x00, 0x00, 0x00, 0x00, 0x00,
    0x00, 0x00, 0x00, 0x00, 0x00, 0x00, 0x00, 0x00, 0x00, 0x00, 0x00, 0x00,
    0x00, 0x00, 0x00, 0x00, 0x00, 0x00, 0x00, 0x00, 0x00, 0x00, 0x00, 0x00,
    0x00, 0x00, 0x00, 0x00, 0x00, 0x00, 0x00, 0x00, 0x00, 0x00, 0x00, 0x00,
    0x00, 0x00, 0x00, 0x00, 0x00, 0x00, 0x00, 0x00, 0x00, 0x00, 0x00, 0x00,
    0x00, 0x00, 0x00, 0x00, 0x00, 0x00, 0x00, 0x00, 0x00, 0x00, 0x00, 0x00,
    0x00, 0x00, 0x00, 0x00, 0x00, 0x00, 0x00, 0x00, 0x00, 0x00, 0x00, 0x00,
    0x00, 0x00, 0x00, 0x00, 0x00, 0x00, 0x00, 0x00, 0x00, 0x00, 0x00, 0x00,
    0x00, 0x00, 0x00, 0x00, 0x00, 0x00, 0x00, 0x00, 0x00, 0x00, 0x00, 0x00,
    0x00, 0x00, 0x00, 0x00, 0x00, 0x00, 0x00, 0x00, 0x00, 0x00, 0x00, 0x00,
    0x00, 0x00, 0x00, 0x00, 0x00, 0x00, 0x00, 0x00, 0x00, 0x00, 0x00, 0x00,
    0x00, 0x00, 0x00, 0x00, 0x00, 0x00, 0x00, 0x00, 0x00, 0x00, 0x00, 0x00,
    0x00, 0x00, 0x00, 0x00, 0x00, 0x00, 0x00, 0x00, 0x00, 0x00, 0x00, 0x00,
    0x00, 0x00, 0x00, 0x00, 0x00, 0x00, 0x00, 0x00, 0x00, 0x00, 0x00, 0x00,
    0x00, 0x00, 0x00, 0x00, 0x00, 0x00, 0x00, 0x00, 0x00, 0x00, 0x00, 0x00,
    0x00, 0x00, 0x00, 0x00, 0x00, 0x00, 0x00, 0x00, 0x00, 0x00, 0x00, 0x00,
    0x00, 0x00, 0x00, 0x00, 0x00, 0x00, 0x00, 0x00, 0x00, 0x00, 0x00, 0x00,
    0x00, 0x00, 0x00, 0x00, 0x00, 0x00, 0x00, 0x00, 0x00, 0x00, 0x00, 0x00,
    0x00, 0x00, 0x00, 0x00, 0x00, 0x00, 0x00, 0x00, 0x00, 0x00, 0x00, 0x00,
    0x00, 0x00, 0x00, 0x00, 0x00, 0x00, 0x00, 0x00, 0x00, 0x00, 0x00, 0x00,
    0x00, 0x00, 0x00, 0x00, 0x00, 0x00, 0x00, 0x00, 0x00, 0x00, 0x00, 0x00,
    0x00, 0x00, 0x00, 0x00, 0x00, 0x00, 0x00, 0x00, 0x00, 0x00, 0x00, 0x00,
    0x00, 0x00, 0x00, 0x00, 0x00, 0x00, 0x00, 0x00, 0x00, 0x00, 0x00, 0x00,
    0x00, 0x00, 0x00, 0x00, 0x00, 0x00, 0x00, 0x00, 0x00, 0x00, 0x00, 0x00,
    0x00, 0x00, 0x00, 0x00, 0x00, 0x00, 0x00, 0x00, 0x00, 0x00, 0x00, 0x00,
    0x00, 0x00, 0x00, 0x00, 0x00, 0x00, 0x00, 0x00, 0x00, 0x00, 0x00, 0x00,
    0x00, 0x00, 0x00, 0x00, 0x00, 0x00, 0x00, 0x00, 0x00, 0x00, 0x00, 0x00,
    0x00, 0x00, 0x00, 0x00, 0x20, 0x30, 0x20, 0x20, 0xff, 0x7e, 0x3c, 0x00,
    0x00, 0x00, 0x00, 0x00, 0x00, 0x00, 0x00, 0x00, 0x00, 0x00, 0x00, 0x00,
    0x00, 0x00, 0x00, 0x00, 0x00, 0x00, 0x00, 0x00, 0x00, 0x00, 0x00, 0x00,
    0x00, 0x00, 0x00, 0x00, 0x00, 0x00, 0x00, 0x00, 0x00, 0x00, 0x00, 0x00,
    0x00, 0x00, 0x00, 0x00, 0x00, 0x00, 0x00, 0x00, 0x00, 0x00, 0x00, 0x00,
    0x00, 0x00, 0x00, 0x00, 0x00, 0x00, 0x00, 0x00, 0x00, 0x00, 0x00, 0x00,
    0x00, 0x00, 0x00, 0x00, 0x00, 0x00, 0x00, 0x00, 0x00, 0x00, 0x00, 0x00,
    0x00, 0x00, 0x00, 0x00, 0x00, 0x00, 0x00, 0x00,
};

static const lv_font_fmt_txt_glyph_dsc_t dsc_8x8[] = {
    {.bitmap_index = 0, .adv_w = 0, .box_w = 0, .box_h = 0, .ofs_x = 0, .ofs_y = 0} /* id = 0 reserved */,
    {.bitmap_index = 8, .adv_w = 128, .box_w = 8, .box_h = 8, .ofs_x = 0, .ofs_y = 0},
    {.bitmap_index = 16, .adv_w = 128, .box_w = 8, .box_h = 8, .ofs_x = 0, .ofs_y = 0},
    {.bitmap_index = 24, .adv_w = 128, .box_w = 8, .box_h = 8, .ofs_x = 0, .ofs_y = 0},
    {.bitmap_index = 32, .adv_w = 128, .box_w = 8, .box_h = 8, .ofs_x = 0, .ofs_y = 0},
    {.bitmap_index = 40, .adv_w = 128, .box_w = 8, .box_h = 8, .ofs_x = 0, .ofs_y = 0},
    {.bitmap_index = 48, .adv_w = 128, .box_w = 8, .box_h = 8, .ofs_x = 0, .ofs_y = 0},
    {.bitmap_index = 56, .adv_w = 128, .box_w = 8, .box_h = 8, .ofs_x = 0, .ofs_y = 0},
    {.bitmap_index = 64, .adv_w = 128, .box_w = 8, .box_h = 8, .ofs_x = 0, .ofs_y = 0},
    {.bitmap_index = 72, .adv_w = 128, .box_w = 8, .box_h = 8, .ofs_x = 0, .ofs_y = 0},
    {.bitmap_index = 80, .adv_w = 128, .box_w = 8, .box_h = 8, .ofs_x = 0, .ofs_y = 0},
    {.bitmap_index = 88, .adv_w = 128, .box_w = 8, .box_h = 8, .ofs_x = 0, .ofs_y = 0},
    {.bitmap_index = 96, .adv_w = 128, .box_w = 8, .box_h = 8, .ofs_x = 0, .ofs_y = 0},
    {.bitmap_index = 104, .adv_w = 128, .box_w = 8, .box_h = 8, .ofs_x = 0, .ofs_y = 0},
    {.bitmap_index = 112, .adv_w = 128, .box_w = 8, .box_h = 8, .ofs_x = 0, .ofs_y = 0},
    {.bitmap_index = 120, .adv_w = 128, .box_w = 8, .box_h = 8, .ofs_x = 0, .ofs_y = 0},
    {.bitmap_index = 128, .adv_w = 128, .box_w = 8, .box_h = 8, .ofs_x = 0, .ofs_y = 0},
    {.bitmap_index = 136, .adv_w = 128, .box_w = 8, .box_h = 8, .ofs_x = 0, .ofs_y = 0},
    {.bitmap_index = 144, .adv_w = 128, .box_w = 8, .box_h = 8, .ofs_x = 0, .ofs_y = 0},
    {.bitmap_index = 152, .adv_w = 128, .box_w = 8, .box_h = 8, .ofs_x = 0, .ofs_y = 0},
    {.bitmap_index = 160, .adv_w = 128, .box_w = 8, .box_h = 8, .ofs_x = 0, .ofs_y = 0},
    {.bitmap_index = 168, .adv_w = 128, .box_w = 8, .box_h = 8, .ofs_x = 0, .ofs_y = 0},
    {.bitmap_index = 176, .adv_w = 128, .box_w = 8, .box_h = 8, .ofs_x = 0, .ofs_y = 0},
    {.bitmap_index = 184, .adv_w = 128, .box_w = 8, .box_h = 8, .ofs_x = 0, .ofs_y = 0},
    {.bitmap_index = 192, .adv_w = 128, .box_w = 8, .box_h = 8, .ofs_x = 0, .ofs_y = 0},
    {.bitmap_index = 200, .adv_w = 128, .box_w = 8, .box_h = 8, .ofs_x = 0, .ofs_y = 0},
    {.bitmap_index = 208, .adv_w = 128, .box_w = 8, .box_h = 8, .ofs_x = 0, .ofs_y = 0},
    {.bitmap_index = 216, .adv_w = 128, .box_w = 8, .box_h = 8, .ofs_x = 0, .ofs_y = 0},
    {.bitmap_index = 224, .adv_w = 128, .box_w = 8, .box_h = 8, .ofs_x = 0, .ofs_y = 0},
    {.bitmap_index = 232, .adv_w = 128, .box_w = 8, .box_h = 8, .ofs_x = 0, .ofs_y = 0},
    {.bitmap_index = 240, .adv_w = 128, .box_w = 8, .box_h = 8, .ofs_x = 0, .ofs_y = 0},
    {.bitmap_index = 248, .adv_w = 128, .box_w = 8, .box_h = 8, .ofs_x = 0, .ofs_y = 0},
    {.bitmap_index = 256, .adv_w = 128, .box_w = 8, .box_h = 8, .ofs_x = 0, .ofs_y = 0},
    {.bitmap_index = 264, .adv_w = 128, .box_w = 8, .box_h = 8, .ofs_x = 0, .ofs_y = 0},
    {.bitmap_index = 272, .adv_w = 128, .box_w = 8, .box_h = 8, .ofs_x = 0, .ofs_y = 0},
    {.bitmap_index = 280, .adv_w = 128, .box_w = 8, .box_h = 8, .ofs_x = 0, .ofs_y = 0},
    {.bitmap_index = 288, .adv_w = 128, .box_w = 8, .box_h = 8, .ofs_x = 0, .ofs_y = 0},
    {.bitmap_index = 296, .adv_w = 128, .box_w = 8, .box_h = 8, .ofs_x = 0, .ofs_y = 0},
    {.bitmap_index = 304, .adv_w = 128, .box_w = 8, .box_h = 8, .ofs_x = 0, .ofs_y = 0},
    {.bitmap_index = 312, .adv_w = 128, .box_w = 8, .box_h = 8, .ofs_x = 0, .ofs_y = 0},
    {.bitmap_index = 320, .adv_w = 128, .box_w = 8, .box_h = 8, .ofs_x = 0, .ofs_y = 0},
    {.bitmap_index = 328, .adv_w = 128, .box_w = 8, .box_h = 8, .ofs_x = 0, .ofs_y = 0},
    {.bitmap_index = 336, .adv_w = 128, .box_w = 8, .box_h = 8, .ofs_x = 0, .ofs_y = 0},
    {.bitmap_index = 344, .adv_w = 128, .box_w = 8, .box_h = 8, .ofs_x = 0, .ofs_y = 0},
    {.bitmap_index = 352, .adv_w = 128, .box_w = 8, .box_h = 8, .ofs_x = 0, .ofs_y = 0},
    {.bitmap_index = 360, .adv_w = 128, .box_w = 8, .box_h = 8, .ofs_x = 0, .ofs_y = 0},
    {.bitmap_index = 368, .adv_w = 128, .box_w = 8, .box_h = 8, .ofs_x = 0, .ofs_y = 0},
    {.bitmap_index = 376, .adv_w = 128, .box_w = 8, .box_h = 8, .ofs_x = 0, .ofs_y = 0},
    {.bitmap_index = 384, .adv_w = 128, .box_w = 8, .box_h = 8, .ofs_x = 0, .ofs_y = 0},
    {.bitmap_index = 392, .adv_w = 128, .box_w = 8, .box_h = 8, .ofs_x = 0, .ofs_y = 0},
    {.bitmap_index = 400, .adv_w = 128, .box_w = 8, .box_h = 8, .ofs_x = 0, .ofs_y = 0},
    {.bitmap_index = 408, .adv_w = 128, .box_w = 8, .box_h = 8, .ofs_x = 0, .ofs_y = 0},
    {.bitmap_index = 416, .adv_w = 128, .box_w = 8, .box_h = 8, .ofs_x = 0, .ofs_y = 0},
    {.bitmap_index = 424, .adv_w = 128, .box_w = 8, .box_h = 8, .ofs_x = 0, .ofs_y = 0},
    {.bitmap_index = 432, .adv_w = 128, .box_w = 8, .box_h = 8, .ofs_x = 0, .ofs_y = 0},
    {.bitmap_index = 440, .adv_w = 128, .box_w = 8, .box_h = 8, .ofs_x = 0, .ofs_y = 0},
    {.bitmap_index = 448, .adv_w = 128, .box_w = 8, .box_h = 8, .ofs_x = 0, .ofs_y = 0},
    {.bitmap_index = 456, .adv_w = 128, .box_w = 8, .box_h = 8, .ofs_x = 0, .ofs_y = 0},
    {.bitmap_index = 464, .adv_w = 128, .box_w = 8, .box_h = 8, .ofs_x = 0, .ofs_y = 0},
    {.bitmap_index = 472, .adv_w = 128, .box_w = 8, .box_h = 8, .ofs_x = 0, .ofs_y = 0},
    {.bitmap_index = 480, .adv_w = 128, .box_w = 8, .box_h = 8, .ofs_x = 0, .ofs_y = 0},
    {.bitmap_index = 488, .adv_w = 128, .box_w = 8, .box_h = 8, .ofs_x = 0, .ofs_y = 0},
    {.bitmap_index = 496, .adv_w = 128, .box_w = 8, .box_h = 8, .ofs_x = 0, .ofs_y = 0},
    {.bitmap_index = 504, .adv_w = 128, .box_w = 8, .box_h = 8, .ofs_x = 0, .ofs_y = 0},
    {.bitmap_index = 512, .adv_w = 128, .box_w = 8, .box_h = 8, .ofs_x = 0, .ofs_y = 0},
    {.bitmap_index = 520, .adv_w = 128, .box_w = 8, .box_h = 8, .ofs_x = 0, .ofs_y = 0},
    {.bitmap_index = 528, .adv_w = 128, .box_w = 8, .box_h = 8, .ofs_x = 0, .ofs_y = 0},
    {.bitmap_index = 536, .adv_w = 128, .box_w = 8, .box_h = 8, .ofs_x = 0, .ofs_y = 0},
    {.bitmap_index = 544, .adv_w = 128, .box_w = 8, .box_h = 8, .ofs_x = 0, .ofs_y = 0},
    {.bitmap_index = 552, .adv_w = 128, .box_w = 8, .box_h = 8, .ofs_x = 0, .ofs_y = 0},
    {.bitmap_index = 560, .adv_w = 128, .box_w = 8, .box_h = 8, .ofs_x = 0, .ofs_y = 0},
    {.bitmap_index = 568, .adv_w = 128, .box_w = 8, .box_h = 8, .ofs_x = 0, .ofs_y = 0},
    {.bitmap_index = 576, .adv_w = 128, .box_w = 8, .box_h = 8, .ofs_x = 0, .ofs_y = 0},
    {.bitmap_index = 584, .adv_w = 128, .box_w = 8, .box_h = 8, .ofs_x = 0, .ofs_y = 0},
    {.bitmap_index = 592, .adv_w = 128, .box_w = 8, .box_h = 8, .ofs_x = 0, .ofs_y = 0},
    {.bitmap_index = 600, .adv_w = 128, .box_w = 8, .box_h = 8, .ofs_x = 0, .ofs_y = 0},
    {.bitmap_index = 608, .adv_w = 128, .box_w = 8, .box_h = 8, .ofs_x = 0, .ofs_y = 0},
    {.bitmap_index = 616, .adv_w = 128, .box_w = 8, .box_h = 8, .ofs_x = 0, .ofs_y = 0},
    {.bitmap_index = 624, .adv_w = 128, .box_w = 8, .box_h = 8, .ofs_x = 0, .ofs_y = 0},
    {.bitmap_index = 632, .adv_w = 128, .box_w = 8, .box_h = 8, .ofs_x = 0, .ofs_y = 0},
    {.bitmap_index = 640, .adv_w = 128, .box_w = 8, .box_h = 8, .ofs_x = 0, .ofs_y = 0},
    {.bitmap_index = 648, .adv_w = 128, .box_w = 8, .box_h = 8, .ofs_x = 0, .ofs_y = 0},
    {.bitmap_index = 656, .adv_w = 128, .box_w = 8, .box_h = 8, .ofs_x = 0, .ofs_y = 0},
    {.bitmap_index = 664, .adv_w = 128, .box_w = 8, .box_h = 8, .ofs_x = 0, .ofs_y = 0},
    {.bitmap_index = 672, .adv_w = 128, .box_w = 8, .box_h = 8, .ofs_x = 0, .ofs_y = 0},
    {.bitmap_index = 680, .adv_w = 128, .box_w = 8, .box_h = 8, .ofs_x = 0, .ofs_y = 0},
    {.bitmap_index = 688, .adv_w = 128, .box_w = 8, .box_h = 8, .ofs_x = 0, .ofs_y = 0},
    {.bitmap_index = 696, .adv_w = 128, .box_w = 8, .box_h = 8, .ofs_x = 0, .ofs_y = 0},
    {.bitmap_index = 704, .adv_w = 128, .box_w = 8, .box_h = 8, .ofs_x = 0, .ofs_y = 0},
    {.bitmap_index = 712, .adv_w = 128, .box_w = 8, .box_h = 8, .ofs_x = 0, .ofs_y = 0},
    {.bitmap_index = 720, .adv_w = 128, .box_w = 8, .box_h = 8, .ofs_x = 0, .ofs_y = 0},
    {.bitmap_index = 728, .adv_w = 128, .box_w = 8, .box_h = 8, .ofs_x = 0, .ofs_y = 0},
    {.bitmap_index = 736, .adv_w = 128, .box_w = 8, .box_h = 8, .ofs_x = 0, .ofs_y = 0},
    {.bitmap_index = 744, .adv_w = 128, .box_w = 8, .box_h = 8, .ofs_x = 0, .ofs_y = 0},
    {.bitmap_index = 752, .adv_w = 128, .box_w = 8, .box_h = 8, .ofs_x = 0, .ofs_y = 0},
    {.bitmap_index = 760, .adv_w = 128, .box_w = 8, .box_h = 8, .ofs_x = 0, .ofs_y = 0},
    {.bitmap_index = 768, .adv_w = 128, .box_w = 8, .box_h = 8, .ofs_x = 0, .ofs_y = 0},
    {.bitmap_index = 776, .adv_w = 128, .box_w = 8, .box_h = 8, .ofs_x = 0, .ofs_y = 0},
    {.bitmap_index = 784, .adv_w = 128, .box_w = 8, .box_h = 8, .ofs_x = 0, .ofs_y = 0},
    {.bitmap_index = 792, .adv_w = 128, .box_w = 8, .box_h = 8, .ofs_x = 0, .ofs_y = 0},
    {.bitmap_index = 800, .adv_w = 128, .box_w = 8, .box_h = 8, .ofs_x = 0, .ofs_y = 0},
    {.bitmap_index = 808, .adv_w = 128, .box_w = 8, .box_h = 8, .ofs_x = 0, .ofs_y = 0},
    {.bitmap_index = 816, .adv_w = 128, .box_w = 8, .box_h = 8, .ofs_x = 0, .ofs_y = 0},
    {.bitmap_index = 824, .adv_w = 128, .box_w = 8, .box_h = 8, .ofs_x = 0, .ofs_y = 0},
    {.bitmap_index = 832, .adv_w = 128, .box_w = 8, .box_h = 8, .ofs_x = 0, .ofs_y = 0},
    {.bitmap_index = 840, .adv_w = 128, .box_w = 8, .box_h = 8, .ofs_x = 0, .ofs_y = 0},
    {.bitmap_index = 848, .adv_w = 128, .box_w = 8, .box_h = 8, .ofs_x = 0, .ofs_y = 0},
    {.bitmap_index = 856, .adv_w = 128, .box_w = 8, .box_h = 8, .ofs_x = 0, .ofs_y = 0},
    {.bitmap_index = 864, .adv_w = 128, .box_w = 8, .box_h = 8, .ofs_x = 0, .ofs_y = 0},
    {.bitmap_index = 872, .adv_w = 128, .box_w = 8, .box_h = 8, .ofs_x = 0, .ofs_y = 0},
    {.bitmap_index = 880, .adv_w = 128, .box_w = 8, .box_h = 8, .ofs_x = 0, .ofs_y = 0},
    {.bitmap_index = 888, .adv_w = 128, .box_w = 8, .box_h = 8, .ofs_x = 0, .ofs_y = 0},
    {.bitmap_index = 896, .adv_w = 128, .box_w = 8, .box_h = 8, .ofs_x = 0, .ofs_y = 0},
    {.bitmap_index = 904, .adv_w = 128, .box_w = 8, .box_h = 8, .ofs_x = 0, .ofs_y = 0},
    {.bitmap_index = 912, .adv_w = 128, .box_w = 8, .box_h = 8, .ofs_x = 0, .ofs_y = 0},
    {.bitmap_index = 920, .adv_w = 128, .box_w = 8, .box_h = 8, .ofs_x = 0, .ofs_y = 0},
    {.bitmap_index = 928, .adv_w = 128, .box_w = 8, .box_h = 8, .ofs_x = 0, .ofs_y = 0},
    {.bitmap_index = 936, .adv_w = 128, .box_w = 8, .box_h = 8, .ofs_x = 0, .ofs_y = 0},
    {.bitmap_index = 944, .adv_w = 128, .box_w = 8, .box_h = 8, .ofs_x = 0, .ofs_y = 0},
    {.bitmap_index = 952, .adv_w = 128, .box_w = 8, .box_h = 8, .ofs_x = 0, .ofs_y = 0},
    {.bitmap_index = 960, .adv_w = 128, .box_w = 8, .box_h = 8, .ofs_x = 0, .ofs_y = 0},
    {.bitmap_index = 968, .adv_w = 128, .box_w = 8, .box_h = 8, .ofs_x = 0, .ofs_y = 0},
    {.bitmap_index = 976, .adv_w = 128, .box_w = 8, .box_h = 8, .ofs_x = 0, .ofs_y = 0},
    {.bitmap_index = 984, .adv_w = 128, .box_w = 8, .box_h = 8, .ofs_x = 0, .ofs_y = 0},
    {.bitmap_index = 992, .adv_w = 128, .box_w = 8, .box_h = 8, .ofs_x = 0, .ofs_y = 0},
    {.bitmap_index = 1000, .adv_w = 128, .box_w = 8, .box_h = 8, .ofs_x = 0, .ofs_y = 0},
    {.bitmap_index = 1008, .adv_w = 128, .box_w = 8, .box_h = 8, .ofs_x = 0, .ofs_y = 0},
    {.bitmap_index = 1016, .adv_w = 128, .box_w = 8, .box_h = 8, .ofs_x = 0, .ofs_y = 0},
    {.bitmap_index = 1024, .adv_w = 128, .box_w = 8, .box_h = 8, .ofs_x = 0, .ofs_y = 0},
    {.bitmap_index = 1032, .adv_w = 128, .box_w = 8, .box_h = 8, .ofs_x = 0, .ofs_y = 0},
    {.bitmap_index = 1040, .adv_w = 128, .box_w = 8, .box_h = 8, .ofs_x = 0, .ofs_y = 0},
    {.bitmap_index = 1048, .adv_w = 128, .box_w = 8, .box_h = 8, .ofs_x = 0, .ofs_y = 0},
    {.bitmap_index = 1056, .adv_w = 128, .box_w = 8, .box_h = 8, .ofs_x = 0, .ofs_y = 0},
    {.bitmap_index = 1064, .adv_w = 128, .box_w = 8, .box_h = 8, .ofs_x = 0, .ofs_y = 0},
    {.bitmap_index = 1072, .adv_w = 128, .box_w = 8, .box_h = 8, .ofs_x = 0, .ofs_y = 0},
    {.bitmap_index = 1080, .adv_w = 128, .box_w = 8, .box_h = 8, .ofs_x = 0, .ofs_y = 0},
    {.bitmap_index = 1088, .adv_w = 128, .box_w = 8, .box_h = 8, .ofs_x = 0, .ofs_y = 0},
    {.bitmap_index = 1096, .adv_w = 128, .box_w = 8, .box_h = 8, .ofs_x = 0, .ofs_y = 0},
    {.bitmap_index = 1104, .adv_w = 128, .box_w = 8, .box_h = 8, .ofs_x = 0, .ofs_y = 0},
    {.bitmap_index = 1112, .adv_w = 128, .box_w = 8, .box_h = 8, .ofs_x = 0, .ofs_y = 0},
    {.bitmap_index = 1120, .adv_w = 128, .box_w = 8, .box_h = 8, .ofs_x = 0, .ofs_y = 0},
    {.bitmap_index = 1128, .adv_w = 128, .box_w = 8, .box_h = 8, .ofs_x = 0, .ofs_y = 0},
    {.bitmap_index = 1136, .adv_w = 128, .box_w = 8, .box_h = 8, .ofs_x = 0, .ofs_y = 0},
    {.bitmap_index = 1144, .adv_w = 128, .box_w = 8, .box_h = 8, .ofs_x = 0, .ofs_y = 0},
    {.bitmap_index = 1152, .adv_w = 128, .box_w = 8, .box_h = 8, .ofs_x = 0, .ofs_y = 0},
    {.bitmap_index = 1160, .adv_w = 128, .box_w = 8, .box_h = 8, .ofs_x = 0, .ofs_y = 0},
    {.bitmap_index = 1168, .adv_w = 128, .box_w = 8, .box_h = 8, .ofs_x = 0, .ofs_y = 0},
    {.bitmap_index = 1176, .adv_w = 128, .box_w = 8, .box_h = 8, .ofs_x = 0, .ofs_y = 0},
    {.bitmap_index = 1184, .adv_w = 128, .box_w = 8, .box_h = 8, .ofs_x = 0, .ofs_y = 0},
    {.bitmap_index = 1192, .adv_w = 128, .box_w = 8, .box_h = 8, .ofs_x = 0, .ofs_y = 0},
    {.bitmap_index = 1200, .adv_w = 128, .box_w = 8, .box_h = 8, .ofs_x = 0, .ofs_y = 0},
    {.bitmap_index = 1208, .adv_w = 128, .box_w = 8, .box_h = 8, .ofs_x = 0, .ofs_y = 0},
    {.bitmap_index = 1216, .adv_w = 128, .box_w = 8, .box_h = 8, .ofs_x = 0, .ofs_y = 0},
    {.bitmap_index = 1224, .adv_w = 128, .box_w = 8, .box_h = 8, .ofs_x = 0, .ofs_y = 0},
    {.bitmap_index = 1232, .adv_w = 128, .box_w = 8, .box_h = 8, .ofs_x = 0, .ofs_y = 0},
    {.bitmap_index = 1240, .adv_w = 128, .box_w = 8, .box_h = 8, .ofs_x = 0, .ofs_y = 0},
    {.bitmap_index = 1248, .adv_w = 128, .box_w = 8, .box_h = 8, .ofs_x = 0, .ofs_y = 0},
    {.bitmap_index = 1256, .adv_w = 128, .box_w = 8, .box_h = 8, .ofs_x = 0, .ofs_y = 0},
    {.bitmap_index = 1264, .adv_w = 128, .box_w = 8, .box_h = 8, .ofs_x = 0, .ofs_y = 0},
    {.bitmap_index = 1272, .adv_w = 128, .box_w = 8, .box_h = 8, .ofs_x = 0, .ofs_y = 0},
    {.bitmap_index = 1280, .adv_w = 128, .box_w = 8, .box_h = 8, .ofs_x = 0, .ofs_y = 0},
    {.bitmap_index = 1288, .adv_w = 128, .box_w = 8, .box_h = 8, .ofs_x = 0, .ofs_y = 0},
    {.bitmap_index = 1296, .adv_w = 128, .box_w = 8, .box_h = 8, .ofs_x = 0, .ofs_y = 0},
    {.bitmap_index = 1304, .adv_w = 128, .box_w = 8, .box_h = 8, .ofs_x = 0, .ofs_y = 0},
    {.bitmap_index = 1312, .adv_w = 128, .box_w = 8, .box_h = 8, .ofs_x = 0, .ofs_y = 0},
    {.bitmap_index = 1320, .adv_w = 128, .box_w = 8, .box_h = 8, .ofs_x = 0, .ofs_y = 0},
    {.bitmap_index = 1328, .adv_w = 128, .box_w = 8, .box_h = 8, .ofs_x = 0, .ofs_y = 0},
    {.bitmap_index = 1336, .adv_w = 128, .box_w = 8, .box_h = 8, .ofs_x = 0, .ofs_y = 0},
    {.bitmap_index = 1344, .adv_w = 128, .box_w = 8, .box_h = 8, .ofs_x = 0, .ofs_y = 0},
    {.bitmap_index = 1352, .adv_w = 128, .box_w = 8, .box_h = 8, .ofs_x = 0, .ofs_y = 0},
    {.bitmap_index = 1360, .adv_w = 128, .box_w = 8, .box_h = 8, .ofs_x = 0, .ofs_y = 0},
    {.bitmap_index = 1368, .adv_w = 128, .box_w = 8, .box_h = 8, .ofs_x = 0, .ofs_y = 0},
    {.bitmap_index = 1376, .adv_w = 128, .box_w = 8, .box_h = 8, .ofs_x = 0, .ofs_y = 0},
    {.bitmap_index = 1384, .adv_w = 128, .box_w = 8, .box_h = 8, .ofs_x = 0, .ofs_y = 0},
    {.bitmap_index = 1392, .adv_w = 128, .box_w = 8, .box_h = 8, .ofs_x = 0, .ofs_y = 0},
    {.bitmap_index = 1400, .adv_w = 128, .box_w = 8, .box_h = 8, .ofs_x = 0, .ofs_y = 0},
    {.bitmap_index = 1408, .adv_w = 128, .box_w = 8, .box_h = 8, .ofs_x = 0, .ofs_y = 0},
    {.bitmap_index = 1416, .adv_w = 128, .box_w = 8, .box_h = 8, .ofs_x = 0, .ofs_y = 0},
    {.bitmap_index = 1424, .adv_w = 128, .box_w = 8, .box_h = 8, .ofs_x = 0, .ofs_y = 0},
    {.bitmap_index = 1432, .adv_w = 128, .box_w = 8, .box_h = 8, .ofs_x = 0, .ofs_y = 0},
    {.bitmap_index = 1440, .adv_w = 128, .box_w = 8, .box_h = 8, .ofs_x = 0, .ofs_y = 0},
    {.bitmap_index = 1448, .adv_w = 128, .box_w = 8, .box_h = 8, .ofs_x = 0, .ofs_y = 0},
    {.bitmap_index = 1456, .adv_w = 128, .box_w = 8, .box_h = 8, .ofs_x = 0, .ofs_y = 0},
    {.bitmap_index = 1464, .adv_w = 128, .box_w = 8, .box_h = 8, .ofs_x = 0, .ofs_y = 0},
    {.bitmap_index = 1472, .adv_w = 128, .box_w = 8, .box_h = 8, .ofs_x = 0, .ofs_y = 0},
    {.bitmap_index = 1480, .adv_w = 128, .box_w = 8, .box_h = 8, .ofs_x = 0, .ofs_y = 0},
    {.bitmap_index = 1488, .adv_w = 128, .box_w = 8, .box_h = 8, .ofs_x = 0, .ofs_y = 0},
    {.bitmap_index = 1496, .adv_w = 128, .box_w = 8, .box_h = 8, .ofs_x = 0, .ofs_y = 0},
    {.bitmap_index = 1504, .adv_w = 128, .box_w = 8, .box_h = 8, .ofs_x = 0, .ofs_y = 0},
    {.bitmap_index = 1512, .adv_w = 128, .box_w = 8, .box_h = 8, .ofs_x = 0, .ofs_y = 0},
    {.bitmap_index = 1520, .adv_w = 128, .box_w = 8, .box_h = 8, .ofs_x = 0, .ofs_y = 0},
    {.bitmap_index = 1528, .adv_w = 128, .box_w = 8, .box_h = 8, .ofs_x = 0, .ofs_y = 0},
    {.bitmap_index = 1536, .adv_w = 128, .box_w = 8, .box_h = 8, .ofs_x = 0, .ofs_y = 0},
    {.bitmap_index = 1544, .adv_w = 128, .box_w = 8, .box_h = 8, .ofs_x = 0, .ofs_y = 0},
    {.bitmap_index = 1552, .adv_w = 128, .box_w = 8, .box_h = 8, .ofs_x = 0, .ofs_y = 0},
    {.bitmap_index = 1560, .adv_w = 128, .box_w = 8, .box_h = 8, .ofs_x = 0, .ofs_y = 0},
    {.bitmap_index = 1568, .adv_w = 128, .box_w = 8, .box_h = 8, .ofs_x = 0, .ofs_y = 0},
    {.bitmap_index = 1576, .adv_w = 128, .box_w = 8, .box_h = 8, .ofs_x = 0, .ofs_y = 0},
    {.bitmap_index = 1584, .adv_w = 128, .box_w = 8, .box_h = 8, .ofs_x = 0, .ofs_y = 0},
    {.bitmap_index = 1592, .adv_w = 128, .box_w = 8, .box_h = 8, .ofs_x = 0, .ofs_y = 0},
    {.bitmap_index = 1600, .adv_w = 128, .box_w = 8, .box_h = 8, .ofs_x = 0, .ofs_y = 0},
    {.bitmap_index = 1608, .adv_w = 128, .box_w = 8, .box_h = 8, .ofs_x = 0, .ofs_y = 0},
    {.bitmap_index = 1616, .adv_w = 128, .box_w = 8, .box_h = 8, .ofs_x = 0, .ofs_y = 0},
    {.bitmap_index = 1624, .adv_w = 128, .box_w = 8, .box_h = 8, .ofs_x = 0, .ofs_y = 0},
    {.bitmap_index = 1632, .adv_w = 128, .box_w = 8, .box_h = 8, .ofs_x = 0, .ofs_y = 0},
    {.bitmap_index = 1640, .adv_w = 128, .box_w = 8, .box_h = 8, .ofs_x = 0, .ofs_y = 0},
    {.bitmap_index = 1648, .adv_w = 128, .box_w = 8, .box_h = 8, .ofs_x = 0, .ofs_y = 0},
    {.bitmap_index = 1656, .adv_w = 128, .box_w = 8, .box_h = 8, .ofs_x = 0, .ofs_y = 0},
    {.bitmap_index = 1664, .adv_w = 128, .box_w = 8, .box_h = 8, .ofs_x = 0, .ofs_y = 0},
    {.bitmap_index = 1672, .adv_w = 128, .box_w = 8, .box_h = 8, .ofs_x = 0, .ofs_y = 0},
    {.bitmap_index = 1680, .adv_w = 128, .box_w = 8, .box_h = 8, .ofs_x = 0, .ofs_y = 0},
    {.bitmap_index = 1688, .adv_w = 128, .box_w = 8, .box_h = 8, .ofs_x = 0, .ofs_y = 0},
    {.bitmap_index = 1696, .adv_w = 128, .box_w = 8, .box_h = 8, .ofs_x = 0, .ofs_y = 0},
    {.bitmap_index = 1704, .adv_w = 128, .box_w = 8, .box_h = 8, .ofs_x = 0, .ofs_y = 0},
    {.bitmap_index = 1712, .adv_w = 128, .box_w = 8, .box_h = 8, .ofs_x = 0, .ofs_y = 0},
    {.bitmap_index = 1720, .adv_w = 128, .box_w = 8, .box_h = 8, .ofs_x = 0, .ofs_y = 0},
    {.bitmap_index = 1728, .adv_w = 128, .box_w = 8, .box_h = 8, .ofs_x = 0, .ofs_y = 0},
    {.bitmap_index = 1736, .adv_w = 128, .box_w = 8, .box_h = 8, .ofs_x = 0, .ofs_y = 0},
    {.bitmap_index = 1744, .adv_w = 128, .box_w = 8, .box_h = 8, .ofs_x = 0, .ofs_y = 0},
    {.bitmap_index = 1752, .adv_w = 128, .box_w = 8, .box_h = 8, .ofs_x = 0, .ofs_y = 0},
    {.bitmap_index = 1760, .adv_w = 128, .box_w = 8, .box_h = 8, .ofs_x = 0, .ofs_y = 0},
    {.bitmap_index = 1768, .adv_w = 128, .box_w = 8, .box_h = 8, .ofs_x = 0, .ofs_y = 0},
    {.bitmap_index = 1776, .adv_w = 128, .box_w = 8, .box_h = 8, .ofs_x = 0, .ofs_y = 0},
    {.bitmap_index = 1784, .adv_w = 128, .box_w = 8, .box_h = 8, .ofs_x = 0, .ofs_y = 0},
    {.bitmap_index = 1792, .adv_w = 128, .box_w = 8, .box_h = 8, .ofs_x = 0, .ofs_y = 0},
    {.bitmap_index = 1800, .adv_w = 128, .box_w = 8, .box_h = 8, .ofs_x = 0, .ofs_y = 0},
    {.bitmap_index = 1808, .adv_w = 128, .box_w = 8, .box_h = 8, .ofs_x = 0, .ofs_y = 0},
    {.bitmap_index = 1816, .adv_w = 128, .box_w = 8, .box_h = 8, .ofs_x = 0, .ofs_y = 0},
    {.bitmap_index = 1824, .adv_w = 128, .box_w = 8, .box_h = 8, .ofs_x = 0, .ofs_y = 0},
    {.bitmap_index = 1832, .adv_w = 128, .box_w = 8, .box_h = 8, .ofs_x = 0, .ofs_y = 0},
    {.bitmap_index = 1840, .adv_w = 128, .box_w = 8, .box_h = 8, .ofs_x = 0, .ofs_y = 0},
    {.bitmap_index = 1848, .adv_w = 128, .box_w = 8, .box_h = 8, .ofs_x = 0, .ofs_y = 0},
    {.bitmap_index = 1856, .adv_w = 128, .box_w = 8, .box_h = 8, .ofs_x = 0, .ofs_y = 0},
    {.bitmap_index = 1864, .adv_w = 128, .box_w = 8, .box_h = 8, .ofs_x = 0, .ofs_y = 0},
    {.bitmap_index = 1872, .adv_w = 128, .box_w = 8, .box_h = 8, .ofs_x = 0, .ofs_y = 0},
    {.bitmap_index = 1880, .adv_w = 128, .box_w = 8, .box_h = 8, .ofs_x = 0, .ofs_y = 0},
    {.bitmap_index = 1888, .adv_w = 128, .box_w = 8, .box_h = 8, .ofs_x = 0, .ofs_y = 0},
    {.bitmap_index = 1896, .adv_w = 128, .box_w = 8, .box_h = 8, .ofs_x = 0, .ofs_y = 0},
    {.bitmap_index = 1904, .adv_w = 128, .box_w = 8, .box_h = 8, .ofs_x = 0, .ofs_y = 0},
    {.bitmap_index = 1912, .adv_w = 128, .box_w = 8, .box_h = 8, .ofs_x = 0, .ofs_y = 0},
    {.bitmap_index = 1920, .adv_w = 128, .box_w = 8, .box_h = 8, .ofs_x = 0, .ofs_y = 0},
    {.bitmap_index = 1928, .adv_w = 128, .box_w = 8, .box_h = 8, .ofs_x = 0, .ofs_y = 0},
    {.bitmap_index = 1936, .adv_w = 128, .box_w = 8, .box_h = 8, .ofs_x = 0, .ofs_y = 0},
    {.bitmap_index = 1944, .adv_w = 128, .box_w = 8, .box_h = 8, .ofs_x = 0, .ofs_y = 0},
    {.bitmap_index = 1952, .adv_w = 128, .box_w = 8, .box_h = 8, .ofs_x = 0, .ofs_y = 0},
    {.bitmap_index = 1960, .adv_w = 128, .box_w = 8, .box_h = 8, .ofs_x = 0, .ofs_y = 0},
    {.bitmap_index = 1968, .adv_w = 128, .box_w = 8, .box_h = 8, .ofs_x = 0, .ofs_y = 0},
    {.bitmap_index = 1976, .adv_w = 128, .box_w = 8, .box_h = 8, .ofs_x = 0, .ofs_y = 0},
    {.bitmap_index = 1984, .adv_w = 128, .box_w = 8, .box_h = 8, .ofs_x = 0, .ofs_y = 0},
    {.bitmap_index = 1992, .adv_w = 128, .box_w = 8, .box_h = 8, .ofs_x = 0, .ofs_y = 0},
    {.bitmap_index = 2000, .adv_w = 128, .box_w = 8, .box_h = 8, .ofs_x = 0, .ofs_y = 0},
    {.bitmap_index = 2008, .adv_w = 128, .box_w = 8, .box_h = 8, .ofs_x = 0, .ofs_y = 0},
    {.bitmap_index = 2016, .adv_w = 128, .box_w = 8, .box_h = 8, .ofs_x = 0, .ofs_y = 0},
    {.bitmap_index = 2024, .adv_w = 128, .box_w = 8, .box_h = 8, .ofs_x = 0, .ofs_y = 0},
    {.bitmap_index = 2032, .adv_w = 128, .box_w = 8, .box_h = 8, .ofs_x = 0, .ofs_y = 0},
    {.bitmap_index = 2040, .adv_w = 128, .box_w = 8, .box_h = 8, .ofs_x = 0, .ofs_y = 0},
    {.bitmap_index = 2048, .adv_w = 128, .box_w = 8, .box_h = 8, .ofs_x = 0, .ofs_y = 0},
    {.bitmap_index = 2056, .adv_w = 128, .box_w = 8, .box_h = 8, .ofs_x = 0, .ofs_y = 0},
    {.bitmap_index = 2064, .adv_w = 128, .box_w = 8, .box_h = 8, .ofs_x = 0, .ofs_y = 0},
    {.bitmap_index = 2072, .adv_w = 128, .box_w = 8, .box_h = 8, .ofs_x = 0, .ofs_y = 0},
    {.bitmap_index = 2080, .adv_w = 128, .box_w = 8, .box_h = 8, .ofs_x = 0, .ofs_y = 0},
    {.bitmap_index = 2088, .adv_w = 128, .box_w = 8, .box_h = 8, .ofs_x = 0, .ofs_y = 0},
    {.bitmap_index = 2096, .adv_w = 128, .box_w = 8, .box_h = 8, .ofs_x = 0, .ofs_y = 0},
    {.bitmap_index = 2104, .adv_w = 128, .box_w = 8, .box_h = 8, .ofs_x = 0, .ofs_y = 0},
    {.bitmap_index = 2112, .adv_w = 128, .box_w = 8, .box_h = 8, .ofs_x = 0, .ofs_y = 0},
    {.bitmap_index = 2120, .adv_w = 128, .box_w = 8, .box_h = 8, .ofs_x = 0, .ofs_y = 0},
    {.bitmap_index = 2128, .adv_w = 128, .box_w = 8, .box_h = 8, .ofs_x = 0, .ofs_y = 0},
    {.bitmap_index = 2136, .adv_w = 128, .box_w = 8, .box_h = 8, .ofs_x = 0, .ofs_y = 0},
    {.bitmap_index = 2144, .adv_w = 128, .box_w = 8, .box_h = 8, .ofs_x = 0, .ofs_y = 0},
    {.bitmap_index = 2152, .adv_w = 128, .box_w = 8, .box_h = 8, .ofs_x = 0, .ofs_y = 0},
    {.bitmap_index = 2160, .adv_w = 128, .box_w = 8, .box_h = 8, .ofs_x = 0, .ofs_y = 0},
    {.bitmap_index = 2168, .adv_w = 128, .box_w = 8, .box_h = 8, .ofs_x = 0, .ofs_y = 0},
    {.bitmap_index = 2176, .adv_w = 128, .box_w = 8, .box_h = 8, .ofs_x = 0, .ofs_y = 0},
    {.bitmap_index = 2184, .adv_w = 128, .box_w = 8, .box_h = 8, .ofs_x = 0, .ofs_y = 0},
    {.bitmap_index = 2192, .adv_w = 128, .box_w = 8, .box_h = 8, .ofs_x = 0, .ofs_y = 0},
    {.bitmap_index = 2200, .adv_w = 128, .box_w = 8, .box_h = 8, .ofs_x = 0, .ofs_y = 0},
    {.bitmap_index = 2208, .adv_w = 128, .box_w = 8, .box_h = 8, .ofs_x = 0, .ofs_y = 0},
    {.bitmap_index = 2216, .adv_w = 128, .box_w = 8, .box_h = 8, .ofs_x = 0, .ofs_y = 0},
    {.bitmap_index = 2224, .adv_w = 128, .box_w = 8, .box_h = 8, .ofs_x = 0, .ofs_y = 0},
    {.bitmap_index = 2232, .adv_w = 128, .box_w = 8, .box_h = 8, .ofs_x = 0, .ofs_y = 0},
    {.bitmap_index = 2240, .adv_w = 128, .box_w = 8, .box_h = 8, .ofs_x = 0, .ofs_y = 0},
    {.bitmap_index = 2248, .adv_w = 128, .box_w = 8, .box_h = 8, .ofs_x = 0, .ofs_y = 0},
    {.bitmap_index = 2256, .adv_w = 128, .box_w = 8, .box_h = 8, .ofs_x = 0, .ofs_y = 0},
    {.bitmap_index = 2264, .adv_w = 128, .box_w = 8, .box_h = 8, .ofs_x = 0, .ofs_y = 0},
    {.bitmap_index = 2272, .adv_w = 128, .box_w = 8, .box_h = 8, .ofs_x = 0, .ofs_y = 0},
    {.bitmap_index = 2280, .adv_w = 128, .box_w = 8, .box_h = 8, .ofs_x = 0, .ofs_y = 0},
    {.bitmap_index = 2288, .adv_w = 128, .box_w = 8, .box_h = 8, .ofs_x = 0, .ofs_y = 0},
    {.bitmap_index = 2296, .adv_w = 128, .box_w = 8, .box_h = 8, .ofs_x = 0, .ofs_y = 0},
    {.bitmap_index = 2304, .adv_w = 128, .box_w = 8, .box_h = 8, .ofs_x = 0, .ofs_y = 0},
    {.bitmap_index = 2312, .adv_w = 128, .box_w = 8, .box_h = 8, .ofs_x = 0, .ofs_y = 0},
    {.bitmap_index = 2320, .adv_w = 128, .box_w = 8, .box_h = 8, .ofs_x = 0, .ofs_y = 0},
    {.bitmap_index = 2328, .adv_w = 128, .box_w = 8, .box_h = 8, .ofs_x = 0, .ofs_y = 0},
    {.bitmap_index = 2336, .adv_w = 128, .box_w = 8, .box_h = 8, .ofs_x = 0, .ofs_y = 0},
    {.bitmap_index = 2344, .adv_w = 128, .box_w = 8, .box_h = 8, .ofs_x = 0, .ofs_y = 0},
    {.bitmap_index = 2352, .adv_w = 128, .box_w = 8, .box_h = 8, .ofs_x = 0, .ofs_y = 0},
    {.bitmap_index = 2360, .adv_w = 128, .box_w = 8, .box_h = 8, .ofs_x = 0, .ofs_y = 0},
    {.bitmap_index = 2368, .adv_w = 128, .box_w = 8, .box_h = 8, .ofs_x = 0, .ofs_y = 0},
    {.bitmap_index = 2376, .adv_w = 128, .box_w = 8, .box_h = 8, .ofs_x = 0, .ofs_y = 0},
    {.bitmap_index = 2384, .adv_w = 128, .box_w = 8, .box_h = 8, .ofs_x = 0, .ofs_y = 0},
    {.bitmap_index = 2392, .adv_w = 128, .box_w = 8, .box_h = 8, .ofs_x = 0, .ofs_y = 0},
    {.bitmap_index = 2400, .adv_w = 128, .box_w = 8, .box_h = 8, .ofs_x = 0, .ofs_y = 0},
    {.bitmap_index = 2408, .adv_w = 128, .box_w = 8, .box_h = 8, .ofs_x = 0, .ofs_y = 0},
    {.bitmap_index = 2416, .adv_w = 128, .box_w = 8, .box_h = 8, .ofs_x = 0, .ofs_y = 0},
    {.bitmap_index = 2424, .adv_w = 128, .box_w = 8, .box_h = 8, .ofs_x = 0, .ofs_y = 0},
    {.bitmap_index = 2432, .adv_w = 128, .box_w = 8, .box_h = 8, .ofs_x = 0, .ofs_y = 0},
    {.bitmap_index = 2440, .adv_w = 128, .box_w = 8, .box_h = 8, .ofs_x = 0, .ofs_y = 0},
    {.bitmap_index = 2448, .adv_w = 128, .box_w = 8, .box_h = 8, .ofs_x = 0, .ofs_y = 0},
    {.bitmap_index = 2456, .adv_w = 128, .box_w = 8, .box_h = 8, .ofs_x = 0, .ofs_y = 0},
    {.bitmap_index = 2464, .adv_w = 128, .box_w = 8, .box_h = 8, .ofs_x = 0, .ofs_y = 0},
    {.bitmap_index = 2472, .adv_w = 128, .box_w = 8, .box_h = 8, .ofs_x = 0, .ofs_y = 0},
    {.bitmap_index = 2480, .adv_w = 128, .box_w = 8, .box_h = 8, .ofs_x = 0, .ofs_y = 0},
    {.bitmap_index = 2488, .adv_w = 128, .box_w = 8, .box_h = 8, .ofs_x = 0, .ofs_y = 0},
    {.bitmap_index = 2496, .adv_w = 128, .box_w = 8, .box_h = 8, .ofs_x = 0, .ofs_y = 0},
    {.bitmap_index = 2504, .adv_w = 128, .box_w = 8, .box_h = 8, .ofs_x = 0, .ofs_y = 0},
    {.bitmap_index = 2512, .adv_w = 128, .box_w = 8, .box_h = 8, .ofs_x = 0, .ofs_y = 0},
    {.bitmap_index = 2520, .adv_w = 128, .box_w = 8, .box_h = 8, .ofs_x = 0, .ofs_y = 0},
    {.bitmap_index = 2528, .adv_w = 128, .box_w = 8, .box_h = 8, .ofs_x = 0, .ofs_y = 0},
    {.bitmap_index = 2536, .adv_w = 128, .box_w = 8, .box_h = 8, .ofs_x = 0, .ofs_y = 0},
    {.bitmap_index = 2544, .adv_w = 128, .box_w = 8, .box_h = 8, .ofs_x = 0, .ofs_y = 0},
    {.bitmap_index = 2552, .adv_w = 128, .box_w = 8, .box_h = 8, .ofs_x = 0, .ofs_y = 0},
    {.bitmap_index = 2560, .adv_w = 128, .box_w = 8, .box_h = 8, .ofs_x = 0, .ofs_y = 0},
    {.bitmap_index = 2568, .adv_w = 128, .box_w = 8, .box_h = 8, .ofs_x = 0, .ofs_y = 0},
    {.bitmap_index = 2576, .adv_w = 128, .box_w = 8, .box_h = 8, .ofs_x = 0, .ofs_y = 0},
    {.bitmap_index = 2584, .adv_w = 128, .box_w = 8, .box_h = 8, .ofs_x = 0, .ofs_y = 0},
    {.bitmap_index = 2592, .adv_w = 128, .box_w = 8, .box_h = 8, .ofs_x = 0, .ofs_y = 0},
    {.bitmap_index = 2600, .adv_w = 128, .box_w = 8, .box_h = 8, .ofs_x = 0, .ofs_y = 0},
    {.bitmap_index = 2608, .adv_w = 128, .box_w = 8, .box_h = 8, .ofs_x = 0, .ofs_y = 0},
    {.bitmap_index = 2616, .adv_w = 128, .box_w = 8, .box_h = 8, .ofs_x = 0, .ofs_y = 0},
    {.bitmap_index = 2624, .adv_w = 128, .box_w = 8, .box_h = 8, .ofs_x = 0, .ofs_y = 0},
    {.bitmap_index = 2632, .adv_w = 128, .box_w = 8, .box_h = 8, .ofs_x = 0, .ofs_y = 0},
    {.bitmap_index = 2640, .adv_w = 128, .box_w = 8, .box_h = 8, .ofs_x = 0, .ofs_y = 0},
    {.bitmap_index = 2648, .adv_w = 128, .box_w = 8, .box_h = 8, .ofs_x = 0, .ofs_y = 0},
    {.bitmap_index = 2656, .adv_w = 128, .box_w = 8, .box_h = 8, .ofs_x = 0, .ofs_y = 0},
    {.bitmap_index = 2664, .adv_w = 128, .box_w = 8, .box_h = 8, .ofs_x = 0, .ofs_y = 0},
    {.bitmap_index = 2672, .adv_w = 128, .box_w = 8, .box_h = 8, .ofs_x = 0, .ofs_y = 0},
    {.bitmap_index = 2680, .adv_w = 128, .box_w = 8, .box_h = 8, .ofs_x = 0, .ofs_y = 0},
    {.bitmap_index = 2688, .adv_w = 128, .box_w = 8, .box_h = 8, .ofs_x = 0, .ofs_y = 0},
    {.bitmap_index = 2696, .adv_w = 128, .box_w = 8, .box_h = 8, .ofs_x = 0, .ofs_y = 0},
    {.bitmap_index = 2704, .adv_w = 128, .box_w = 8, .box_h = 8, .ofs_x = 0, .ofs_y = 0},
    {.bitmap_index = 2712, .adv_w = 128, .box_w = 8, .box_h = 8, .ofs_x = 0, .ofs_y = 0},
    {.bitmap_index = 2720, .adv_w = 128, .box_w = 8, .box_h = 8, .ofs_x = 0, .ofs_y = 0},
    {.bitmap_index = 2728, .adv_w = 128, .box_w = 8, .box_h = 8, .ofs_x = 0, .ofs_y = 0},
    {.bitmap_index = 2736, .adv_w = 128, .box_w = 8, .box_h = 8, .ofs_x = 0, .ofs_y = 0},
    {.bitmap_index = 2744, .adv_w = 128, .box_w = 8, .box_h = 8, .ofs_x = 0, .ofs_y = 0},
    {.bitmap_index = 2752, .adv_w = 128, .box_w = 8, .box_h = 8, .ofs_x = 0, .ofs_y = 0},
    {.bitmap_index = 2760, .adv_w = 128, .box_w = 8, .box_h = 8, .ofs_x = 0, .ofs_y = 0},
    {.bitmap_index = 2768, .adv_w = 128, .box_w = 8, .box_h = 8, .ofs_x = 0, .ofs_y = 0},
    {.bitmap_index = 2776, .adv_w = 128, .box_w = 8, .box_h = 8, .ofs_x = 0, .ofs_y = 0},
    {.bitmap_index = 2784, .adv_w = 128, .box_w = 8, .box_h = 8, .ofs_x = 0, .ofs_y = 0},
    {.bitmap_index = 2792, .adv_w = 128, .box_w = 8, .box_h = 8, .ofs_x = 0, .ofs_y = 0},
    {.bitmap_index = 2800, .adv_w = 128, .box_w = 8, .box_h = 8, .ofs_x = 0, .ofs_y = 0},
    {.bitmap_index = 2808, .adv_w = 128, .box_w = 8, .box_h = 8, .ofs_x = 0, .ofs_y = 0},
    {.bitmap_index = 2816, .adv_w = 128, .box_w = 8, .box_h = 8, .ofs_x = 0, .ofs_y = 0},
    {.bitmap_index = 2824, .adv_w = 128, .box_w = 8, .box_h = 8, .ofs_x = 0, .ofs_y = 0},
    {.bitmap_index = 2832, .adv_w = 128, .box_w = 8, .box_h = 8, .ofs_x = 0, .ofs_y = 0},
    {.bitmap_index = 2840, .adv_w = 128, .box_w = 8, .box_h = 8, .ofs_x = 0, .ofs_y = 0},
    {.bitmap_index = 2848, .adv_w = 128, .box_w = 8, .box_h = 8, .ofs_x = 0, .ofs_y = 0},
    {.bitmap_index = 2856, .adv_w = 128, .box_w = 8, .box_h = 8, .ofs_x = 0, .ofs_y = 0},
    {.bitmap_index = 2864, .adv_w = 128, .box_w = 8, .box_h = 8, .ofs_x = 0, .ofs_y = 0},
    {.bitmap_index = 2872, .adv_w = 128, .box_w = 8, .box_h = 8, .ofs_x = 0, .ofs_y = 0},
    {.bitmap_index = 2880, .adv_w = 128, .box_w = 8, .box_h = 8, .ofs_x = 0, .ofs_y = 0},
    {.bitmap_index = 2888, .adv_w = 128, .box_w = 8, .box_h = 8, .ofs_x = 0, .ofs_y = 0},
    {.bitmap_index = 2896, .adv_w = 128, .box_w = 8, .box_h = 8, .ofs_x = 0, .ofs_y = 0},
    {.bitmap_index = 2904, .adv_w = 128, .box_w = 8, .box_h = 8, .ofs_x = 0, .ofs_y = 0},
    {.bitmap_index = 2912, .adv_w = 128, .box_w = 8, .box_h = 8, .ofs_x = 0, .ofs_y = 0},
    {.bitmap_index = 2920, .adv_w = 128, .box_w = 8, .box_h = 8, .ofs_x = 0, .ofs_y = 0},
    {.bitmap_index = 2928, .adv_w = 128, .box_w = 8, .box_h = 8, .ofs_x = 0, .ofs_y = 0},
    {.bitmap_index = 2936, .adv_w = 128, .box_w = 8, .box_h = 8, .ofs_x = 0, .ofs_y = 0},
    {.bitmap_index = 2944, .adv_w = 128, .box_w = 8, .box_h = 8, .ofs_x = 0, .ofs_y = 0},
    {.bitmap_index = 2952, .adv_w = 128, .box_w = 8, .box_h = 8, .ofs_x = 0, .ofs_y = 0},
    {.bitmap_index = 2960, .adv_w = 128, .box_w = 8, .box_h = 8, .ofs_x = 0, .ofs_y = 0},
    {.bitmap_index = 2968, .adv_w = 128, .box_w = 8, .box_h = 8, .ofs_x = 0, .ofs_y = 0},
    {.bitmap_index = 2976, .adv_w = 128, .box_w = 8, .box_h = 8, .ofs_x = 0, .ofs_y = 0},
    {.bitmap_index = 2984, .adv_w = 128, .box_w = 8, .box_h = 8, .ofs_x = 0, .ofs_y = 0},
    {.bitmap_index = 2992, .adv_w = 128, .box_w = 8, .box_h = 8, .ofs_x = 0, .ofs_y = 0},
    {.bitmap_index = 3000, .adv_w = 128, .box_w = 8, .box_h = 8, .ofs_x = 0, .ofs_y = 0},
    {.bitmap_index = 3008, .adv_w = 128, .box_w = 8, .box_h = 8, .ofs_x = 0, .ofs_y = 0},
    {.bitmap_index = 3016, .adv_w = 128, .box_w = 8, .box_h = 8, .ofs_x = 0, .ofs_y = 0},
    {.bitmap_index = 3024, .adv_w = 128, .box_w = 8, .box_h = 8, .ofs_x = 0, .ofs_y = 0},
    {.bitmap_index = 3032, .adv_w = 128, .box_w = 8, .box_h = 8, .ofs_x = 0, .ofs_y = 0},
    {.bitmap_index = 3040, .adv_w = 128, .box_w = 8, .box_h = 8, .ofs_x = 0, .ofs_y = 0},
    {.bitmap_index = 3048, .adv_w = 128, .box_w = 8, .box_h = 8, .ofs_x = 0, .ofs_y = 0},
    {.bitmap_index = 3056, .adv_w = 128, .box_w = 8, .box_h = 8, .ofs_x = 0, .ofs_y = 0},
    {.bitmap_index = 3064, .adv_w = 128, .box_w = 8, .box_h = 8, .ofs_x = 0, .ofs_y = 0},
    {.bitmap_index = 3072, .adv_w = 128, .box_w = 8, .box_h = 8, .ofs_x = 0, .ofs_y = 0},
    {.bitmap_index = 3080, .adv_w = 128, .box_w = 8, .box_h = 8, .ofs_x = 0, .ofs_y = 0},
    {.bitmap_index = 3088, .adv_w = 128, .box_w = 8, .box_h = 8, .ofs_x = 0, .ofs_y = 0},
    {.bitmap_index = 3096, .adv_w = 128, .box_w = 8, .box_h = 8, .ofs_x = 0, .ofs_y = 0},
    {.bitmap_index = 3104, .adv_w = 128, .box_w = 8, .box_h = 8, .ofs_x = 0, .ofs_y = 0},
    {.bitmap_index = 3112, .adv_w = 128, .box_w = 8, .box_h = 8, .ofs_x = 0, .ofs_y = 0},
    {.bitmap_index = 3120, .adv_w = 128, .box_w = 8, .box_h = 8, .ofs_x = 0, .ofs_y = 0},
    {.bitmap_index = 3128, .adv_w = 128, .box_w = 8, .box_h = 8, .ofs_x = 0, .ofs_y = 0},
    {.bitmap_index = 3136, .adv_w = 128, .box_w = 8, .box_h = 8, .ofs_x = 0, .ofs_y = 0},
    {.bitmap_index = 3144, .adv_w = 128, .box_w = 8, .box_h = 8, .ofs_x = 0, .ofs_y = 0},
    {.bitmap_index = 3152, .adv_w = 128, .box_w = 8, .box_h = 8, .ofs_x = 0, .ofs_y = 0},
    {.bitmap_index = 3160, .adv_w = 128, .box_w = 8, .box_h = 8, .ofs_x = 0, .ofs_y = 0},
    {.bitmap_index = 3168, .adv_w = 128, .box_w = 8, .box_h = 8, .ofs_x = 0, .ofs_y = 0},
    {.bitmap_index = 3176, .adv_w = 128, .box_w = 8, .box_h = 8, .ofs_x = 0, .ofs_y = 0},
    {.bitmap_index = 3184, .adv_w = 128, .box_w = 8, .box_h = 8, .ofs_x = 0, .ofs_y = 0},
    {.bitmap_index = 3192, .adv_w = 128, .box_w = 8, .box_h = 8, .ofs_x = 0, .ofs_y = 0},
    {.bitmap_index = 3200, .adv_w = 128, .box_w = 8, .box_h = 8, .ofs_x = 0, .ofs_y = 0},
    {.bitmap_index = 3208, .adv_w = 128, .box_w = 8, .box_h = 8, .ofs_x = 0, .ofs_y = 0},
    {.bitmap_index = 3216, .adv_w = 128, .box_w = 8, .box_h = 8, .ofs_x = 0, .ofs_y = 0},
    {.bitmap_index = 3224, .adv_w = 128, .box_w = 8, .box_h = 8, .ofs_x = 0, .ofs_y = 0},
    {.bitmap_index = 3232, .adv_w = 128, .box_w = 8, .box_h = 8, .ofs_x = 0, .ofs_y = 0},
    {.bitmap_index = 3240, .adv_w = 128, .box_w = 8, .box_h = 8, .ofs_x = 0, .ofs_y = 0},
    {.bitmap_index = 3248, .adv_w = 128, .box_w = 8, .box_h = 8, .ofs_x = 0, .ofs_y = 0},
    {.bitmap_index = 3256, .adv_w = 128, .box_w = 8, .box_h = 8, .ofs_x = 0, .ofs_y = 0},
    {.bitmap_index = 3264, .adv_w = 128, .box_w = 8, .box_h = 8, .ofs_x = 0, .ofs_y = 0},
    {.bitmap_index = 3272, .adv_w = 128, .box_w = 8, .box_h = 8, .ofs_x = 0, .ofs_y = 0},
    {.bitmap_index = 3280, .adv_w = 128, .box_w = 8, .box_h = 8, .ofs_x = 0, .ofs_y = 0},
    {.bitmap_index = 3288, .adv_w = 128, .box_w = 8, .box_h = 8, .ofs_x = 0, .ofs_y = 0},
    {.bitmap_index = 3296, .adv_w = 128, .box_w = 8, .box_h = 8, .ofs_x = 0, .ofs_y = 0},
    {.bitmap_index = 3304, .adv_w = 128, .box_w = 8, .box_h = 8, .ofs_x = 0, .ofs_y = 0},
    {.bitmap_index = 3312, .adv_w = 128, .box_w = 8, .box_h = 8, .ofs_x = 0, .ofs_y = 0},
    {.bitmap_index = 3320, .adv_w = 128, .box_w = 8, .box_h = 8, .ofs_x = 0, .ofs_y = 0},
    {.bitmap_index = 3328, .adv_w = 128, .box_w = 8, .box_h = 8, .ofs_x = 0, .ofs_y = 0},
    {.bitmap_index = 3336, .adv_w = 128, .box_w = 8, .box_h = 8, .ofs_x = 0, .ofs_y = 0},
    {.bitmap_index = 3344, .adv_w = 128, .box_w = 8, .box_h = 8, .ofs_x = 0, .ofs_y = 0},
    {.bitmap_index = 3352, .adv_w = 128, .box_w = 8, .box_h = 8, .ofs_x = 0, .ofs_y = 0},
    {.bitmap_index = 3360, .adv_w = 128, .box_w = 8, .box_h = 8, .ofs_x = 0, .ofs_y = 0},
    {.bitmap_index = 3368, .adv_w = 128, .box_w = 8, .box_h = 8, .ofs_x = 0, .ofs_y = 0},
    {.bitmap_index = 3376, .adv_w = 128, .box_w = 8, .box_h = 8, .ofs_x = 0, .ofs_y = 0},
    {.bitmap_index = 3384, .adv_w = 128, .box_w = 8, .box_h = 8, .ofs_x = 0, .ofs_y = 0},
    {.bitmap_index = 3392, .adv_w = 128, .box_w = 8, .box_h = 8, .ofs_x = 0, .ofs_y = 0},
    {.bitmap_index = 3400, .adv_w = 128, .box_w = 8, .box_h = 8, .ofs_x = 0, .ofs_y = 0},
    {.bitmap_index = 3408, .adv_w = 128, .box_w = 8, .box_h = 8, .ofs_x = 0, .ofs_y = 0},
    {.bitmap_index = 3416, .adv_w = 128, .box_w = 8, .box_h = 8, .ofs_x = 0, .ofs_y = 0},
    {.bitmap_index = 3424, .adv_w = 128, .box_w = 8, .box_h = 8, .ofs_x = 0, .ofs_y = 0},
    {.bitmap_index = 3432, .adv_w = 128, .box_w = 8, .box_h = 8, .ofs_x = 0, .ofs_y = 0},
    {.bitmap_index = 3440, .adv_w = 128, .box_w = 8, .box_h = 8, .ofs_x = 0, .ofs_y = 0},
    {.bitmap_index = 3448, .adv_w = 128, .box_w = 8, .box_h = 8, .ofs_x = 0, .ofs_y = 0},
    {.bitmap_index = 3456, .adv_w = 128, .box_w = 8, .box_h = 8, .ofs_x = 0, .ofs_y = 0},
    {.bitmap_index = 3464, .adv_w = 128, .box_w = 8, .box_h = 8, .ofs_x = 0, .ofs_y = 0},
    {.bitmap_index = 3472, .adv_w = 128, .box_w = 8, .box_h = 8, .ofs_x = 0, .ofs_y = 0},
    {.bitmap_index = 3480, .adv_w = 128, .box_w = 8, .box_h = 8, .ofs_x = 0, .ofs_y = 0},
    {.bitmap_index = 3488, .adv_w = 128, .box_w = 8, .box_h = 8, .ofs_x = 0, .ofs_y = 0},
    {.bitmap_index = 3496, .adv_w = 128, .box_w = 8, .box_h = 8, .ofs_x = 0, .ofs_y = 0},
    {.bitmap_index = 3504, .adv_w = 128, .box_w = 8, .box_h = 8, .ofs_x = 0, .ofs_y = 0},
    {.bitmap_index = 3512, .adv_w = 128, .box_w = 8, .box_h = 8, .ofs_x = 0, .ofs_y = 0},
    {.bitmap_index = 3520, .adv_w = 128, .box_w = 8, .box_h = 8, .ofs_x = 0, .ofs_y = 0},
    {.bitmap_index = 3528, .adv_w = 128, .box_w = 8, .box_h = 8, .ofs_x = 0, .ofs_y = 0},
    {.bitmap_index = 3536, .adv_w = 128, .box_w = 8, .box_h = 8, .ofs_x = 0, .ofs_y = 0},
    {.bitmap_index = 3544, .adv_w = 128, .box_w = 8, .box_h = 8, .ofs_x = 0, .ofs_y = 0},
    {.bitmap_index = 3552, .adv_w = 128, .box_w = 8, .box_h = 8, .ofs_x = 0, .ofs_y = 0},
    {.bitmap_index = 3560, .adv_w = 128, .box_w = 8, .box_h = 8, .ofs_x = 0, .ofs_y = 0},
    {.bitmap_index = 3568, .adv_w = 128, .box_w = 8, .box_h = 8, .ofs_x = 0, .ofs_y = 0},
    {.bitmap_index = 3576, .adv_w = 128, .box_w = 8, .box_h = 8, .ofs_x = 0, .ofs_y = 0},
    {.bitmap_index = 3584, .adv_w = 128, .box_w = 8, .box_h = 8, .ofs_x = 0, .ofs_y = 0},
    {.bitmap_index = 3592, .adv_w = 128, .box_w = 8, .box_h = 8, .ofs_x = 0, .ofs_y = 0},
    {.bitmap_index = 3600, .adv_w = 128, .box_w = 8, .box_h = 8, .ofs_x = 0, .ofs_y = 0},
    {.bitmap_index = 3608, .adv_w = 128, .box_w = 8, .box_h = 8, .ofs_x = 0, .ofs_y = 0},
    {.bitmap_index = 3616, .adv_w = 128, .box_w = 8, .box_h = 8, .ofs_x = 0, .ofs_y = 0},
    {.bitmap_index = 3624, .adv_w = 128, .box_w = 8, .box_h = 8, .ofs_x = 0, .ofs_y = 0},
    {.bitmap_index = 3632, .adv_w = 128, .box_w = 8, .box_h = 8, .ofs_x = 0, .ofs_y = 0},
    {.bitmap_index = 3640, .adv_w = 128, .box_w = 8, .box_h = 8, .ofs_x = 0, .ofs_y = 0},
    {.bitmap_index = 3648, .adv_w = 128, .box_w = 8, .box_h = 8, .ofs_x = 0, .ofs_y = 0},
    {.bitmap_index = 3656, .adv_w = 128, .box_w = 8, .box_h = 8, .ofs_x = 0, .ofs_y = 0},
    {.bitmap_index = 3664, .adv_w = 128, .box_w = 8, .box_h = 8, .ofs_x = 0, .ofs_y = 0},
    {.bitmap_index = 3672, .adv_w = 128, .box_w = 8, .box_h = 8, .ofs_x = 0, .ofs_y = 0},
    {.bitmap_index = 3680, .adv_w = 128, .box_w = 8, .box_h = 8, .ofs_x = 0, .ofs_y = 0},
    {.bitmap_index = 3688, .adv_w = 128, .box_w = 8, .box_h = 8, .ofs_x = 0, .ofs_y = 0},
    {.bitmap_index = 3696, .adv_w = 128, .box_w = 8, .box_h = 8, .ofs_x = 0, .ofs_y = 0},
    {.bitmap_index = 3704, .adv_w = 128, .box_w = 8, .box_h = 8, .ofs_x = 0, .ofs_y = 0},
    {.bitmap_index = 3712, .adv_w = 128, .box_w = 8, .box_h = 8, .ofs_x = 0, .ofs_y = 0},
    {.bitmap_index = 3720, .adv_w = 128, .box_w = 8, .box_h = 8, .ofs_x = 0, .ofs_y = 0},
    {.bitmap_index = 3728, .adv_w = 128, .box_w = 8, .box_h = 8, .ofs_x = 0, .ofs_y = 0},
    {.bitmap_index = 3736, .adv_w = 128, .box_w = 8, .box_h = 8, .ofs_x = 0, .ofs_y = 0},
    {.bitmap_index = 3744, .adv_w = 128, .box_w = 8, .box_h = 8, .ofs_x = 0, .ofs_y = 0},
    {.bitmap_index = 3752, .adv_w = 128, .box_w = 8, .box_h = 8, .ofs_x = 0, .ofs_y = 0},
    {.bitmap_index = 3760, .adv_w = 128, .box_w = 8, .box_h = 8, .ofs_x = 0, .ofs_y = 0},
    {.bitmap_index = 3768, .adv_w = 128, .box_w = 8, .box_h = 8, .ofs_x = 0, .ofs_y = 0},
    {.bitmap_index = 3776, .adv_w = 128, .box_w = 8, .box_h = 8, .ofs_x = 0, .ofs_y = 0},
    {.bitmap_index = 3784, .adv_w = 128, .box_w = 8, .box_h = 8, .ofs_x = 0, .ofs_y = 0},
    {.bitmap_index = 3792, .adv_w = 128, .box_w = 8, .box_h = 8, .ofs_x = 0, .ofs_y = 0},
    {.bitmap_index = 3800, .adv_w = 128, .box_w = 8, .box_h = 8, .ofs_x = 0, .ofs_y = 0},
    {.bitmap_index = 3808, .adv_w = 128, .box_w = 8, .box_h = 8, .ofs_x = 0, .ofs_y = 0},
    {.bitmap_index = 3816, .adv_w = 128, .box_w = 8, .box_h = 8, .ofs_x = 0, .ofs_y = 0},
    {.bitmap_index = 3824, .adv_w = 128, .box_w = 8, .box_h = 8, .ofs_x = 0, .ofs_y = 0},
    {.bitmap_index = 3832, .adv_w = 128, .box_w = 8, .box_h = 8, .ofs_x = 0, .ofs_y = 0},
    {.bitmap_index = 3840, .adv_w = 128, .box_w = 8, .box_h = 8, .ofs_x = 0, .ofs_y = 0},
};

static const lv_font_fmt_txt_cmap_t cmaps_8x8[] = {
    {.range_start = 0x20, .range_length = 96, .glyph_id_start = 1, .unicode_list = NULL, .glyph_id_ofs_list = NULL, .list_length = 0, .type = LV_FONT_FMT_TXT_CMAP_FORMAT0_TINY},
    {.range_start = 0x2500, .range_length = 128, .glyph_id_start = 97, .unicode_list = NULL, .glyph_id_ofs_list = NULL, .list_length = 0, .type = LV_FONT_FMT_TXT_CMAP_FORMAT0_TINY},
    {.range_start = 0x2600, .range_length = 256, .glyph_id_start = 225, .unicode_list = NULL, .glyph_id_ofs_list = NULL, .list_length = 0, .type = LV_FONT_FMT_TXT_CMAP_FORMAT0_TINY},
};

static const lv_font_fmt_txt_dsc_t fdsc_8x8 = {
    .glyph_bitmap = bitmap_8x8,
    .glyph_dsc = dsc_8x8,
    .cmaps = cmaps_8x8,
    .kern_dsc = NULL,
    .kern_scale = 0,
    .cmap_num = 3,
    .bpp = 1,
    .kern_classes = 0,
    .bitmap_format = 0,
};

const lv_font_t lv_font_tui_8x8 = {
    .get_glyph_dsc = lv_font_get_glyph_dsc_fmt_txt,
    .get_glyph_bitmap = lv_font_get_bitmap_fmt_txt,
    .line_height = 8,
    .base_line = 0,
    .subpx = LV_FONT_SUBPX_NONE,
    .underline_position = 0,
    .underline_thickness = 0,
    .dsc = &fdsc_8x8,
};

const tui_font_cell_t tui_font_cells[] = {
    { .cell_w = 12, .cell_h = 24, .font = &lv_font_tui_12x24 },
    { .cell_w = 12, .cell_h = 20, .font = &lv_font_tui_12x20 },
    { .cell_w = 10, .cell_h = 16, .font = &lv_font_tui_10x16 },
    { .cell_w = 8, .cell_h = 12, .font = &lv_font_tui_8x12 },
    { .cell_w = 8, .cell_h = 8, .font = &lv_font_tui_8x8 },
};
const int tui_font_cell_count = (int)(sizeof(tui_font_cells) / sizeof(tui_font_cells[0]));
